// This file was generated by script from docs/assets/background-removed.png
// LVGL version: 8.3.11

#include "../ui.h"

#ifndef LV_ATTRIBUTE_MEM_ALIGN
#define LV_ATTRIBUTE_MEM_ALIGN
#endif

// IMAGE DATA: docs/assets/background-removed.png
const LV_ATTRIBUTE_MEM_ALIGN uint8_t ui_img_logo_png_data[] = {
    0x00, 0x00, 0x00, 0x00, 0x00, 0x00, 0x00, 0x00, 0x00, 0x00, 0x00, 0x00, 0x00, 0x00, 0x00, 0x00, 0x00, 0x00, 0x00, 0x00, 0x00, 0x00, 0x00, 0x00, 
    0x00, 0x00, 0x00, 0x00, 0x00, 0x00, 0x00, 0x00, 0x00, 0x00, 0x00, 0x00, 0x00, 0x00, 0x00, 0x00, 0x00, 0x00, 0x00, 0x00, 0x00, 0x00, 0x00, 0x00, 
    0x00, 0x00, 0x00, 0x00, 0x00, 0x00, 0x00, 0x00, 0x00, 0x00, 0x00, 0x00, 0x00, 0x00, 0x00, 0x00, 0x00, 0x00, 0x00, 0x00, 0x00, 0x00, 0x00, 0x00, 
    0x00, 0x00, 0x00, 0x00, 0x00, 0x00, 0x00, 0x00, 0x00, 0x00, 0x00, 0x00, 0x00, 0x00, 0x00, 0x00, 0x00, 0x00, 0x00, 0x00, 0x00, 0x00, 0x00, 0x00, 
    0x00, 0x00, 0x00, 0x00, 0x00, 0x00, 0x00, 0x00, 0x00, 0x00, 0x00, 0x00, 0x00, 0x00, 0x00, 0x00, 0x00, 0x00, 0x00, 0x00, 0x00, 0x00, 0x00, 0x00, 
    0x00, 0x00, 0x00, 0x00, 0x00, 0x00, 0x00, 0x00, 0x00, 0x00, 0x00, 0x00, 0x00, 0x00, 0x00, 0x00, 0x00, 0x00, 0x00, 0x00, 0x00, 0x00, 0x00, 0x00, 
    0x00, 0x00, 0x00, 0x00, 0x00, 0x00, 0x00, 0x00, 0x00, 0x00, 0x00, 0x00, 0x00, 0x00, 0x00, 0x00, 0x00, 0x00, 0x00, 0x00, 0x00, 0x00, 0x00, 0x00, 
    0x00, 0x00, 0x00, 0x00, 0x00, 0x00, 0x00, 0x00, 0x00, 0x00, 0x00, 0x00, 0x00, 0x00, 0x00, 0x00, 0x00, 0x00, 0x00, 0x00, 0x00, 0x00, 0x00, 0x00, 
    0x00, 0x00, 0x00, 0x00, 0x00, 0x00, 0x00, 0x00, 0x00, 0x00, 0x00, 0x00, 0x00, 0x00, 0x00, 0x00, 0x00, 0x00, 0x00, 0x00, 0x00, 0x00, 0x00, 0x00, 
    0x00, 0x00, 0x00, 0x00, 0x00, 0x00, 0x00, 0x00, 0x00, 0x00, 0x00, 0x00, 0x00, 0x00, 0x00, 0x00, 0x00, 0x00, 0x00, 0x00, 0x00, 0x00, 0x00, 0x00, 
    0x00, 0x00, 0x00, 0x00, 0x00, 0x00, 0x00, 0x00, 0x00, 0x00, 0x00, 0x00, 0x00, 0x00, 0x00, 0x00, 0x00, 0x00, 0x00, 0x00, 0x00, 0x00, 0x00, 0x00, 
    0x00, 0x00, 0x00, 0x00, 0x00, 0x00, 0x00, 0x00, 0x00, 0x00, 0x00, 0x00, 0x00, 0x00, 0x00, 0x00, 0x00, 0x00, 0x00, 0x00, 0x00, 0x00, 0x00, 0x00, 
    0x00, 0x00, 0x00, 0x00, 0x00, 0x00, 0x00, 0x00, 0x00, 0x00, 0x00, 0x00, 0x00, 0x00, 0x00, 0x00, 0x00, 0x00, 0x00, 0x00, 0x00, 0x00, 0x00, 0x00, 
    0x00, 0x00, 0x00, 0x00, 0x00, 0x00, 0x00, 0x00, 0x00, 0x00, 0x00, 0x00, 0x00, 0x00, 0x00, 0x00, 0x00, 0x00, 0x00, 0x00, 0x00, 0x00, 0x00, 0x00, 
    0x00, 0x00, 0x00, 0x00, 0x00, 0x00, 0x00, 0x00, 0x00, 0x00, 0x00, 0x00, 0x00, 0x00, 0x00, 0x00, 0x00, 0x00, 0x00, 0x00, 0x00, 0x00, 0x00, 0x00, 
    0x00, 0x00, 0x00, 0x00, 0x00, 0x00, 0x00, 0x00, 0x00, 0x00, 0x00, 0x00, 0x00, 0x00, 0x00, 0x00, 0x00, 0x00, 0x00, 0x00, 0x00, 0x00, 0x00, 0x00, 
    0x00, 0x00, 0x00, 0x00, 0x00, 0x00, 0x00, 0x00, 0x00, 0x00, 0x00, 0x00, 0x00, 0x00, 0x00, 0x00, 0x00, 0x00, 0x00, 0x00, 0x00, 0x00, 0x00, 0x00, 
    0x00, 0x00, 0x00, 0x00, 0x00, 0x00, 0x00, 0x00, 0x00, 0x00, 0x00, 0x00, 0x00, 0x00, 0x00, 0x00, 0x00, 0x00, 0x00, 0x00, 0x00, 0x00, 0x00, 0x00, 
    0x00, 0x00, 0x00, 0x00, 0x00, 0x00, 0x00, 0x00, 0x00, 0x00, 0x00, 0x00, 0x00, 0x00, 0x00, 0x00, 0x00, 0x00, 0x00, 0x00, 0x00, 0x00, 0x00, 0x00, 
    0x00, 0x00, 0x00, 0x00, 0x00, 0x00, 0x00, 0x00, 0x00, 0x00, 0x00, 0x00, 0x00, 0x00, 0x00, 0x00, 0x00, 0x00, 0x00, 0x00, 0x00, 0x00, 0x00, 0x00, 
    0x00, 0x00, 0x00, 0x00, 0x00, 0x00, 0x00, 0x00, 0x00, 0x00, 0x00, 0x00, 0x00, 0x00, 0x00, 0x00, 0x00, 0x00, 0x00, 0x00, 0x00, 0x00, 0x00, 0x00, 
    0x00, 0x00, 0x00, 0x00, 0x00, 0x00, 0x00, 0x00, 0x00, 0x00, 0x00, 0x00, 0x00, 0x00, 0x00, 0x00, 0x00, 0x00, 0x00, 0x00, 0x00, 0x00, 0x00, 0x00, 
    0x00, 0x00, 0x00, 0x00, 0x00, 0x00, 0x00, 0x00, 0x00, 0x00, 0x00, 0x00, 0x00, 0x00, 0x00, 0x00, 0x00, 0x00, 0x00, 0x00, 0x00, 0x00, 0x00, 0x00, 
    0x00, 0x00, 0x00, 0x00, 0x00, 0x00, 0x00, 0x00, 0x00, 0x00, 0x00, 0x00, 0x00, 0x00, 0x00, 0x00, 0x00, 0x00, 0x00, 0x00, 0x00, 0x00, 0x00, 0x00, 
    0x00, 0x00, 0x00, 0x00, 0x00, 0x00, 0x00, 0x00, 0x00, 0x00, 0x00, 0x00, 0x00, 0x00, 0x00, 0x00, 0x00, 0x00, 0x00, 0x00, 0x00, 0x00, 0x00, 0x00, 
    0x00, 0x00, 0x00, 0x00, 0x00, 0x00, 0x00, 0x00, 0x00, 0x00, 0x00, 0x00, 0x00, 0x00, 0x00, 0x00, 0x00, 0x00, 0x00, 0x00, 0x00, 0x00, 0x00, 0x00, 
    0x00, 0x00, 0x00, 0x00, 0x00, 0x00, 0x00, 0x00, 0x00, 0x00, 0x00, 0x00, 0x00, 0x00, 0x00, 0x00, 0x00, 0x00, 0x00, 0x00, 0x00, 0x00, 0x00, 0x00, 
    0x00, 0x00, 0x00, 0x00, 0x00, 0x00, 0x00, 0x00, 0x00, 0x00, 0x00, 0x00, 0x00, 0x00, 0x00, 0x00, 0x00, 0x00, 0x00, 0x00, 0x00, 0x00, 0x00, 0x00, 
    0x00, 0x00, 0x00, 0x00, 0x00, 0x00, 0x00, 0x00, 0x00, 0x00, 0x00, 0x00, 0x00, 0x00, 0x00, 0x00, 0x00, 0x00, 0x00, 0x00, 0x00, 0x00, 0x00, 0x00, 
    0x00, 0x00, 0x00, 0x00, 0x00, 0x00, 0x00, 0x00, 0x00, 0x00, 0x00, 0x00, 0x00, 0x00, 0x00, 0x00, 0x00, 0x00, 0x00, 0x00, 0x00, 0x00, 0x00, 0x00, 
    0x00, 0x00, 0x00, 0x00, 0x00, 0x00, 0x00, 0x00, 0x00, 0x00, 0x00, 0x00, 0x00, 0x00, 0x00, 0x00, 0x00, 0x00, 0x00, 0x00, 0x00, 0x00, 0x00, 0x00, 
    0x00, 0x00, 0x00, 0x00, 0x00, 0x00, 0x00, 0x00, 0x00, 0x00, 0x00, 0x00, 0x00, 0x00, 0x00, 0x00, 0x00, 0x00, 0x00, 0x00, 0x00, 0x00, 0x00, 0x00, 
    0x00, 0x00, 0x00, 0x00, 0xf8, 0x01, 0x00, 0x00, 0x00, 0x27, 0x7a, 0x12, 0xe5, 0x79, 0x58, 0x44, 0x6a, 0x07, 0x00, 0x00, 0x00, 0x00, 0x00, 0x00, 
    0x00, 0x00, 0x00, 0x00, 0x00, 0x00, 0x00, 0x00, 0x00, 0x00, 0x00, 0x00, 0x00, 0x00, 0x00, 0x00, 0x00, 0x00, 0x00, 0x00, 0x00, 0x00, 0x00, 0x00, 
    0x00, 0x00, 0x00, 0x00, 0x00, 0x00, 0x00, 0x00, 0x00, 0x00, 0x00, 0x00, 0x00, 0x00, 0x00, 0x00, 0x00, 0x00, 0x00, 0x00, 0x01, 0xaa, 0x52, 0x03, 
    0x00, 0x00, 0x01, 0x00, 0x00, 0x00, 0x07, 0x6a, 0x22, 0x66, 0x62, 0x14, 0x00, 0x00, 0x00, 0x00, 0x00, 0x01, 0x00, 0x00, 0x00, 0x00, 0x00, 0x00, 
    0x00, 0x00, 0x00, 0x00, 0x00, 0x00, 0x00, 0x00, 0x00, 0x00, 0x00, 0x00, 0x00, 0x00, 0x00, 0x00, 0x00, 0x00, 0x00, 0x00, 0x00, 0x00, 0x00, 0x00, 
    0x00, 0x00, 0x00, 0x00, 0x00, 0x00, 0x00, 0x00, 0x00, 0x00, 0x00, 0x00, 0x00, 0x00, 0x00, 0x00, 0x00, 0x00, 0x00, 0x00, 0x00, 0x00, 0x00, 0x00, 
    0x00, 0x00, 0x00, 0x00, 0x00, 0x00, 0x00, 0x00, 0x00, 0x00, 0x00, 0x00, 0x00, 0x00, 0x00, 0x00, 0x00, 0x00, 0x00, 0x00, 0x00, 0x00, 0x00, 0x00, 
    0x00, 0x00, 0x00, 0x00, 0x00, 0x00, 0x00, 0x00, 0x00, 0x00, 0x00, 0x00, 0x00, 0x00, 0x00, 0x00, 0x00, 0x00, 0x00, 0x00, 0x00, 0x00, 0x00, 0x00, 
    0x00, 0x00, 0x00, 0x00, 0x00, 0x00, 0x00, 0x00, 0x00, 0x00, 0x00, 0x00, 0x00, 0x00, 0x00, 0x00, 0x00, 0x00, 0x00, 0x00, 0x00, 0x00, 0x00, 0x00, 
    0x00, 0x00, 0x00, 0x00, 0x00, 0x00, 0x00, 0x00, 0x00, 0x00, 0x00, 0x00, 0x00, 0x00, 0x00, 0x00, 0x00, 0x00, 0x00, 0x00, 0x00, 0x00, 0x00, 0x00, 
    0x00, 0x00, 0x00, 0x00, 0x00, 0x00, 0x00, 0x00, 0x00, 0x00, 0x00, 0x00, 0x00, 0x00, 0x00, 0x00, 0x00, 0x00, 0x00, 0x00, 0x00, 0x00, 0x00, 0x00, 
    0x00, 0x00, 0x00, 0x00, 0x00, 0x00, 0x00, 0x00, 0x00, 0x00, 0x00, 0x00, 0x00, 0x00, 0x00, 0x00, 0x00, 0x00, 0x00, 0x00, 0x00, 0x00, 0x00, 0x00, 
    0x00, 0x00, 0x00, 0x00, 0x00, 0x00, 0x00, 0x00, 0x00, 0x00, 0x00, 0x00, 0x00, 0x00, 0x00, 0x00, 0x00, 0x00, 0x00, 0x00, 0x00, 0x00, 0x00, 0x00, 
    0x00, 0x00, 0x00, 0x00, 0x00, 0x00, 0x00, 0x00, 0x00, 0x00, 0x00, 0x00, 0x00, 0x00, 0x00, 0x00, 0x00, 0x00, 0x00, 0x00, 0x00, 0x00, 0x00, 0x00, 
    0x00, 0x00, 0x00, 0x00, 0x00, 0x00, 0x00, 0x00, 0x00, 0x00, 0x00, 0x00, 0x00, 0x00, 0x00, 0x00, 0x00, 0x00, 0x00, 0x00, 0x00, 0x00, 0x00, 0x00, 
    0x00, 0x00, 0x00, 0x00, 0x00, 0x00, 0x00, 0x00, 0x00, 0x00, 0x00, 0x00, 0x00, 0x00, 0x00, 0x00, 0x00, 0x00, 0x00, 0x00, 0x00, 0x00, 0x00, 0x00, 
    0x00, 0x00, 0x00, 0x00, 0x00, 0x00, 0x00, 0x00, 0x00, 0x00, 0x00, 0x00, 0x00, 0x00, 0x00, 0x00, 0x00, 0x00, 0x00, 0x00, 0x00, 0x00, 0x00, 0x00, 
    0x00, 0x00, 0x00, 0x00, 0x00, 0x00, 0x00, 0x00, 0x00, 0x00, 0x00, 0x00, 0x00, 0x00, 0x00, 0x00, 0x00, 0x00, 0x00, 0x00, 0x00, 0x00, 0x00, 0x00, 
    0x00, 0x00, 0x00, 0x00, 0x00, 0x00, 0x00, 0x00, 0x00, 0x00, 0x00, 0x00, 0x00, 0x00, 0x00, 0x00, 0x00, 0x00, 0x00, 0x00, 0x00, 0x00, 0x00, 0x00, 
    0x00, 0x00, 0x00, 0x00, 0x00, 0x00, 0x00, 0x00, 0x00, 0x00, 0x00, 0x00, 0x00, 0x00, 0x00, 0x00, 0x00, 0x00, 0x00, 0x00, 0x00, 0x00, 0x00, 0x00, 
    0x00, 0x00, 0x00, 0x00, 0x00, 0x00, 0x00, 0x00, 0x00, 0x00, 0x00, 0x00, 0x00, 0x00, 0x00, 0x00, 0x00, 0x00, 0x00, 0x00, 0x00, 0x00, 0x00, 0x00, 
    0x00, 0x00, 0x00, 0x00, 0x00, 0x00, 0x00, 0x00, 0x00, 0x00, 0x00, 0x00, 0x00, 0x00, 0x00, 0x00, 0x00, 0x00, 0x00, 0x00, 0x00, 0x00, 0x00, 0x00, 
    0x00, 0x00, 0x00, 0x00, 0x00, 0x00, 0x00, 0x00, 0x00, 0x00, 0x00, 0x00, 0x00, 0x00, 0x00, 0x00, 0x00, 0x00, 0x00, 0x00, 0x00, 0x00, 0x00, 0x00, 
    0x00, 0x00, 0x00, 0x00, 0x00, 0x00, 0x00, 0x00, 0x00, 0x00, 0x00, 0x00, 0x00, 0x00, 0x00, 0x00, 0x00, 0x00, 0x00, 0x00, 0x00, 0x00, 0x00, 0x00, 
    0x00, 0x00, 0x00, 0x00, 0x00, 0x00, 0x00, 0x00, 0x00, 0x00, 0x00, 0x00, 0x00, 0x00, 0x00, 0x00, 0x00, 0x00, 0x00, 0x00, 0x00, 0x00, 0x00, 0x00, 
    0x00, 0x00, 0x00, 0x00, 0x00, 0x00, 0x00, 0x00, 0x00, 0x00, 0x00, 0x00, 0x00, 0x00, 0x00, 0x00, 0x00, 0x00, 0x00, 0x00, 0x00, 0x00, 0x00, 0x00, 
    0x00, 0x00, 0x00, 0x00, 0x00, 0x00, 0x00, 0x00, 0x00, 0x00, 0x00, 0x00, 0x00, 0x00, 0x00, 0x00, 0x00, 0x00, 0x00, 0x00, 0x00, 0x00, 0x00, 0x00, 
    0x00, 0x00, 0x00, 0x00, 0x00, 0x00, 0x00, 0x00, 0x00, 0x00, 0x00, 0x00, 0x00, 0x00, 0x00, 0x00, 0x00, 0x00, 0x00, 0x00, 0x00, 0x00, 0x00, 0x00, 
    0x00, 0x00, 0x00, 0x00, 0x00, 0x00, 0x00, 0x00, 0x00, 0x00, 0x00, 0x00, 0x00, 0x00, 0x00, 0x00, 0x00, 0x00, 0x00, 0x00, 0x00, 0x00, 0x00, 0x00, 
    0x00, 0x00, 0x00, 0x00, 0x00, 0x00, 0x00, 0x00, 0x00, 0x00, 0x00, 0x00, 0x00, 0x00, 0x00, 0x00, 0x00, 0x00, 0x00, 0x00, 0x00, 0x00, 0x00, 0x00, 
    0x00, 0x00, 0x00, 0x00, 0x00, 0x00, 0x00, 0x00, 0x00, 0x00, 0x00, 0x00, 0x00, 0x00, 0x00, 0x00, 0x00, 0x00, 0x00, 0x00, 0x00, 0x00, 0x00, 0x00, 
    0x00, 0x00, 0x00, 0x00, 0x00, 0x00, 0x00, 0x00, 0x00, 0x00, 0x00, 0x00, 0x00, 0x00, 0x00, 0x00, 0x00, 0x00, 0x00, 0x00, 0x00, 0x00, 0x00, 0x00, 
    0x00, 0x00, 0x00, 0x00, 0x00, 0x00, 0x00, 0x00, 0x00, 0x00, 0x00, 0x00, 0x00, 0x00, 0x00, 0x00, 0x00, 0x00, 0x00, 0x00, 0x00, 0x00, 0x00, 0x00, 
    0x00, 0x00, 0x00, 0x00, 0x00, 0x00, 0x00, 0x00, 0x00, 0x00, 0x00, 0x00, 0x00, 0x00, 0x00, 0x00, 0x00, 0x00, 0x00, 0x00, 0x00, 0x00, 0x00, 0x00, 
    0x00, 0x00, 0x00, 0x00, 0x00, 0x00, 0x00, 0x00, 0x00, 0x00, 0x00, 0x00, 0x00, 0x00, 0x00, 0x00, 0x00, 0x00, 0x00, 0x00, 0x00, 0x00, 0x00, 0x00, 
    0x00, 0x00, 0x00, 0x00, 0x00, 0x00, 0x00, 0x00, 0x00, 0x00, 0x00, 0x00, 0x00, 0x00, 0x00, 0x00, 0x00, 0x00, 0x00, 0x00, 0x00, 0x00, 0x00, 0x00, 
    0x00, 0x00, 0x00, 0x00, 0x00, 0x00, 0x00, 0x00, 0x00, 0x00, 0x00, 0x00, 0x00, 0x00, 0x00, 0x00, 0x00, 0x00, 0x00, 0x00, 0x00, 0x00, 0x00, 0x00, 
    0x00, 0x00, 0x00, 0x00, 0x00, 0x00, 0x00, 0x00, 0x00, 0x00, 0x00, 0x00, 0x00, 0x00, 0x00, 0x00, 0x00, 0x00, 0x00, 0x00, 0x00, 0x00, 0x00, 0x00, 
    0x00, 0x00, 0x00, 0x00, 0x00, 0x00, 0x00, 0x00, 0x00, 0x00, 0x00, 0x00, 0x00, 0x00, 0x00, 0x00, 0x00, 0x00, 0x00, 0x00, 0x00, 0x00, 0x00, 0x00, 
    0x00, 0x00, 0x00, 0x00, 0x00, 0x00, 0x00, 0x00, 0x00, 0x00, 0x00, 0x00, 0x00, 0x00, 0x00, 0x00, 0x00, 0x00, 0x00, 0x00, 0x00, 0x00, 0x00, 0x00, 
    0x00, 0x00, 0x00, 0x00, 0x00, 0x00, 0x00, 0x00, 0x00, 0x00, 0x00, 0x00, 0x00, 0x00, 0x00, 0x00, 0x00, 0x00, 0x00, 0x00, 0x00, 0x00, 0x00, 0x00, 
    0x00, 0x00, 0x00, 0x00, 0x00, 0x00, 0x00, 0x00, 0x00, 0x00, 0x00, 0x00, 0x00, 0x00, 0x00, 0x00, 0x00, 0x00, 0x00, 0x00, 0x00, 0x00, 0x00, 0x00, 
    0x00, 0x00, 0x00, 0x00, 0x00, 0x00, 0x00, 0x00, 0x00, 0x00, 0x00, 0x00, 0x00, 0x00, 0x00, 0x00, 0x00, 0x00, 0x00, 0x00, 0x00, 0x00, 0x00, 0x00, 
    0x00, 0x00, 0x00, 0x00, 0x00, 0x00, 0x00, 0x00, 0x00, 0x00, 0x00, 0x00, 0x00, 0x00, 0x00, 0x00, 0x00, 0x00, 0x00, 0x00, 0x00, 0x00, 0x00, 0x00, 
    0x00, 0x00, 0x00, 0x00, 0x00, 0x00, 0x00, 0x00, 0x00, 0x00, 0x00, 0x00, 0x00, 0x00, 0x00, 0x00, 0x00, 0x00, 0x00, 0x00, 0x00, 0x00, 0x00, 0x00, 
    0x00, 0x00, 0x00, 0x00, 0x00, 0x00, 0x00, 0x00, 0x00, 0x00, 0x00, 0x00, 0x00, 0x00, 0x00, 0x00, 0x00, 0x00, 0x00, 0x00, 0x00, 0x00, 0x00, 0x00, 
    0x00, 0x00, 0x00, 0x00, 0x00, 0x00, 0x00, 0x00, 0x00, 0x00, 0x00, 0x00, 0x00, 0x00, 0x00, 0x00, 0x00, 0x00, 0x00, 0x00, 0x00, 0x00, 0x00, 0x00, 
    0x00, 0x00, 0x00, 0x00, 0x00, 0x00, 0x00, 0x00, 0x00, 0x00, 0x00, 0x00, 0x00, 0x00, 0x00, 0x00, 0x00, 0x00, 0x00, 0x00, 0x00, 0xe7, 0x9a, 0x08, 
    0x26, 0x82, 0x21, 0xe7, 0x79, 0x04, 0x00, 0x00, 0x00, 0x00, 0x00, 0x00, 0x00, 0x00, 0x00, 0x00, 0x00, 0x00, 0x00, 0x00, 0x00, 0x00, 0x00, 0x00, 
    0x00, 0x00, 0x00, 0x00, 0x00, 0x00, 0x00, 0x00, 0x00, 0x00, 0x00, 0x00, 0x00, 0x00, 0x00, 0x00, 0x00, 0x00, 0x00, 0x00, 0x00, 0x00, 0x00, 0x00, 
    0x00, 0x00, 0x00, 0x00, 0x00, 0x00, 0x00, 0x00, 0x00, 0x00, 0x00, 0x00, 0x00, 0x00, 0x00, 0x00, 0x00, 0x00, 0x00, 0x00, 0x01, 0x00, 0x00, 0x01, 
    0x00, 0x00, 0x00, 0x00, 0x00, 0x00, 0x00, 0x00, 0x00, 0x00, 0x00, 0x00, 0xc7, 0x71, 0x0d, 0x00, 0x78, 0x02, 0x00, 0x00, 0x00, 0x00, 0x00, 0x00, 
    0x00, 0x00, 0x00, 0x00, 0x00, 0x00, 0x00, 0x00, 0x00, 0x00, 0x00, 0x00, 0x00, 0x00, 0x00, 0x00, 0x00, 0x00, 0x00, 0x00, 0x00, 0x00, 0x00, 0x00, 
    0x00, 0x00, 0x00, 0x00, 0x00, 0x00, 0x00, 0x00, 0x00, 0x00, 0x00, 0x00, 0x00, 0x00, 0x00, 0x00, 0x00, 0x00, 0x00, 0x00, 0x00, 0x00, 0x00, 0x00, 
    0x00, 0x00, 0x00, 0x00, 0x00, 0x00, 0x00, 0x00, 0x00, 0x00, 0x00, 0x00, 0x00, 0x00, 0x00, 0x00, 0x00, 0x00, 0x00, 0x00, 0x00, 0x00, 0x00, 0x00, 
    0x00, 0x00, 0x00, 0x00, 0x00, 0x00, 0x00, 0x00, 0x00, 0x00, 0x00, 0x00, 0x00, 0x00, 0x00, 0x00, 0x00, 0x00, 0x00, 0x00, 0x00, 0x00, 0x00, 0x00, 
    0x00, 0x00, 0x00, 0x00, 0x00, 0x00, 0x00, 0x00, 0x00, 0x00, 0x00, 0x00, 0x00, 0x00, 0x00, 0x00, 0x00, 0x00, 0x00, 0x00, 0x00, 0x00, 0x00, 0x00, 
    0x00, 0x00, 0x00, 0x00, 0x00, 0x00, 0x00, 0x00, 0x00, 0x00, 0x00, 0x00, 0x00, 0x00, 0x00, 0x00, 0x00, 0x00, 0x00, 0x00, 0x00, 0x00, 0x00, 0x00, 
    0x00, 0x00, 0x00, 0x00, 0x00, 0x00, 0x00, 0x00, 0x00, 0x00, 0x00, 0x00, 0x00, 0x00, 0x00, 0x00, 0x00, 0x00, 0x00, 0x00, 0x00, 0x00, 0x00, 0x00, 
    0x00, 0x00, 0x00, 0x00, 0x00, 0x00, 0x00, 0x00, 0x00, 0x00, 0x00, 0x00, 0x00, 0x00, 0x00, 0x00, 0x00, 0x00, 0x00, 0x00, 0x00, 0x00, 0x00, 0x00, 
    0x00, 0x00, 0x00, 0x00, 0x00, 0x00, 0x00, 0x00, 0x00, 0x00, 0x00, 0x00, 0x00, 0x00, 0x00, 0x00, 0x00, 0x00, 0x00, 0x00, 0x00, 0x00, 0x00, 0x00, 
    0x00, 0x00, 0x00, 0x00, 0x00, 0x00, 0x00, 0x00, 0x00, 0x00, 0x00, 0x00, 0x00, 0x00, 0x00, 0x00, 0x00, 0x00, 0x49, 0xb2, 0x07, 0x00, 0xf8, 0x01, 
    0x00, 0x00, 0x00, 0x00, 0x00, 0x00, 0x00, 0x00, 0x00, 0x00, 0x00, 0x00, 0x00, 0x00, 0x00, 0x00, 0x00, 0x00, 0x00, 0x00, 0x00, 0x00, 0x00, 0x00, 
    0x00, 0x00, 0x00, 0x00, 0x00, 0x00, 0x00, 0x00, 0x00, 0x00, 0x00, 0x00, 0x00, 0x00, 0x00, 0x00, 0x00, 0x00, 0x00, 0x00, 0x00, 0x00, 0x00, 0x00, 
    0x00, 0x00, 0x00, 0x00, 0x00, 0x00, 0x00, 0x00, 0x00, 0x00, 0x00, 0x00, 0x00, 0x00, 0x00, 0x00, 0x00, 0x00, 0x00, 0x00, 0x00, 0x00, 0x00, 0x00, 
    0x00, 0x00, 0x00, 0x00, 0x00, 0x00, 0x00, 0x00, 0x00, 0x00, 0x00, 0x00, 0x00, 0x00, 0x00, 0x00, 0x00, 0x00, 0x00, 0x00, 0x00, 0x00, 0x00, 0x00, 
    0x00, 0x00, 0x00, 0x00, 0x00, 0x00, 0x00, 0x00, 0x00, 0x00, 0x00, 0x00, 0x00, 0x00, 0x00, 0x00, 0x00, 0x00, 0x00, 0x00, 0x00, 0x00, 0x00, 0x00, 
    0x00, 0x00, 0x00, 0x00, 0x00, 0x00, 0x00, 0x00, 0x00, 0x00, 0x00, 0x00, 0x00, 0x00, 0x00, 0x00, 0x00, 0x00, 0x00, 0x00, 0x00, 0x00, 0x00, 0x00, 
    0x00, 0x00, 0x00, 0x00, 0x00, 0x00, 0x00, 0x00, 0x00, 0x00, 0x00, 0x00, 0x00, 0x00, 0x00, 0x00, 0x00, 0x00, 0x00, 0x00, 0x00, 0x00, 0x00, 0x00, 
    0x00, 0x00, 0x00, 0x00, 0x00, 0x00, 0x00, 0x00, 0x00, 0x00, 0x00, 0x00, 0x00, 0x00, 0x00, 0x00, 0x00, 0x00, 0x00, 0x00, 0x00, 0x00, 0x00, 0x00, 
    0x00, 0x00, 0x00, 0x00, 0x00, 0x00, 0x00, 0x00, 0x00, 0x00, 0x00, 0x00, 0x00, 0x00, 0x00, 0x00, 0x00, 0x00, 0x00, 0x00, 0x00, 0x00, 0x00, 0x00, 
    0x00, 0x00, 0x00, 0x00, 0x00, 0x00, 0x00, 0x00, 0x00, 0x00, 0x00, 0x00, 0x00, 0x00, 0x00, 0x00, 0x00, 0x00, 0x00, 0x00, 0x00, 0x00, 0x00, 0x00, 
    0x00, 0x00, 0x00, 0x00, 0x00, 0x00, 0x00, 0x00, 0x00, 0x00, 0x00, 0x00, 0x00, 0x00, 0x00, 0x00, 0x00, 0x00, 0x00, 0x00, 0x00, 0x00, 0x00, 0x00, 
    0x00, 0x00, 0x00, 0x00, 0x00, 0x00, 0x00, 0x00, 0x00, 0x00, 0x00, 0x00, 0x00, 0x00, 0x00, 0x00, 0x00, 0x00, 0x00, 0x00, 0x00, 0x00, 0x00, 0x00, 
    0x00, 0x00, 0x00, 0x00, 0x00, 0x00, 0x00, 0x00, 0x00, 0x00, 0x00, 0x00, 0x00, 0x00, 0x00, 0x00, 0x00, 0x00, 0x00, 0x00, 0x00, 0x00, 0x00, 0x00, 
    0x00, 0x00, 0x00, 0x00, 0x00, 0x00, 0x00, 0x00, 0x00, 0x00, 0x00, 0x00, 0x00, 0x00, 0x00, 0x00, 0x00, 0x00, 0x00, 0x00, 0x00, 0x00, 0x00, 0x00, 
    0x00, 0x00, 0x00, 0x00, 0x00, 0x00, 0x00, 0x00, 0x00, 0x00, 0x00, 0x00, 0x00, 0x00, 0x00, 0x00, 0x00, 0x00, 0x00, 0x00, 0x00, 0x00, 0x00, 0x00, 
    0x00, 0x00, 0x00, 0x00, 0x00, 0x00, 0x00, 0x00, 0x00, 0x00, 0x00, 0x00, 0x00, 0x00, 0x00, 0x00, 0x00, 0x00, 0x00, 0x00, 0x00, 0x00, 0x00, 0x00, 
    0x00, 0x00, 0x00, 0x00, 0x00, 0x00, 0x00, 0x00, 0x00, 0x00, 0x00, 0x00, 0x00, 0x00, 0x00, 0x00, 0x00, 0x00, 0x00, 0x00, 0x00, 0x00, 0x00, 0x00, 
    0x00, 0x00, 0x00, 0x00, 0x00, 0x00, 0x00, 0x00, 0x00, 0x00, 0x00, 0x00, 0x00, 0x00, 0x00, 0x00, 0x00, 0x00, 0x00, 0x00, 0x00, 0x00, 0x00, 0x00, 
    0x00, 0x00, 0x00, 0x00, 0x00, 0x00, 0x00, 0x00, 0x00, 0x00, 0x00, 0x00, 0x00, 0x00, 0x00, 0x00, 0x00, 0x00, 0x00, 0x00, 0x00, 0x00, 0x00, 0x00, 
    0x00, 0x00, 0x00, 0x00, 0x00, 0x00, 0x00, 0x00, 0x00, 0x00, 0x00, 0x00, 0x00, 0x00, 0x00, 0x00, 0x00, 0x00, 0x00, 0x00, 0x00, 0x00, 0x00, 0x00, 
    0x00, 0x00, 0x00, 0x00, 0x00, 0x00, 0x00, 0x00, 0x00, 0x00, 0x00, 0x00, 0x00, 0x00, 0x00, 0x00, 0x00, 0x00, 0x00, 0x00, 0x00, 0x00, 0x00, 0x00, 
    0x00, 0x00, 0x00, 0x00, 0x00, 0x00, 0x00, 0x00, 0x00, 0x00, 0x00, 0x00, 0x00, 0x00, 0x00, 0x00, 0x00, 0x00, 0x00, 0x00, 0x00, 0x00, 0x00, 0x00, 
    0x00, 0x00, 0x00, 0x00, 0x00, 0x00, 0x00, 0x00, 0x00, 0x00, 0x00, 0x00, 0x00, 0x00, 0x00, 0x00, 0x00, 0x00, 0x00, 0x00, 0x00, 0x00, 0x00, 0x00, 
    0x00, 0x00, 0x00, 0x00, 0x00, 0x00, 0x00, 0x00, 0x00, 0x00, 0x00, 0x00, 0x00, 0x00, 0x00, 0x00, 0x00, 0x00, 0x00, 0x00, 0x00, 0x00, 0x00, 0x00, 
    0x00, 0x00, 0x00, 0x00, 0x00, 0x00, 0x00, 0x00, 0x00, 0x00, 0x00, 0x00, 0x00, 0x00, 0x00, 0x00, 0x00, 0x00, 0x00, 0x00, 0x00, 0x00, 0x00, 0x00, 
    0x00, 0x00, 0x00, 0x00, 0x00, 0x00, 0x00, 0x00, 0x00, 0x00, 0x00, 0x00, 0x00, 0x00, 0x00, 0x00, 0x00, 0x00, 0x00, 0x00, 0x00, 0x00, 0x00, 0x00, 
    0x00, 0x00, 0x00, 0x00, 0x00, 0x00, 0x00, 0x00, 0x00, 0x00, 0x00, 0x00, 0x00, 0x00, 0x00, 0x00, 0x00, 0x00, 0x00, 0x00, 0x00, 0x00, 0x00, 0x00, 
    0x00, 0x00, 0x00, 0x00, 0x00, 0x00, 0x00, 0x00, 0x00, 0x00, 0x00, 0x00, 0x00, 0x00, 0x00, 0x00, 0x00, 0x00, 0x00, 0x00, 0x00, 0x00, 0x00, 0x00, 
    0x00, 0x00, 0x00, 0x00, 0x00, 0x00, 0x00, 0x00, 0x00, 0x00, 0x00, 0x00, 0x00, 0x00, 0x00, 0x00, 0x00, 0x00, 0x00, 0x00, 0x00, 0x00, 0x00, 0x00, 
    0x00, 0x00, 0x00, 0x00, 0x00, 0x00, 0x00, 0x00, 0x00, 0x00, 0x00, 0x00, 0x00, 0x00, 0x00, 0x00, 0x00, 0x00, 0x00, 0x00, 0x00, 0x00, 0x00, 0x00, 
    0x00, 0x00, 0x00, 0x00, 0x00, 0x00, 0x00, 0x00, 0x00, 0x00, 0x00, 0x00, 0x00, 0x00, 0x00, 0x00, 0x00, 0x00, 0x00, 0x00, 0x00, 0x00, 0x00, 0x00, 
    0x00, 0x00, 0x00, 0x00, 0x00, 0x00, 0x00, 0x00, 0x00, 0x00, 0x00, 0x00, 0x00, 0x00, 0x00, 0x00, 0x00, 0x00, 0x00, 0x00, 0x00, 0x00, 0x00, 0x00, 
    0x00, 0x00, 0x00, 0x00, 0x00, 0x00, 0x00, 0x00, 0x00, 0x00, 0x00, 0x00, 0x00, 0x00, 0x00, 0x00, 0x00, 0x00, 0x00, 0x00, 0x00, 0x00, 0x00, 0x00, 
    0x00, 0x00, 0x00, 0xaa, 0xaa, 0x03, 0x00, 0x00, 0x01, 0x00, 0x00, 0x00, 0x00, 0x00, 0x00, 0x00, 0x78, 0x02, 0xaa, 0xaa, 0x03, 0x00, 0x00, 0x00, 
    0x00, 0x00, 0x00, 0x00, 0x00, 0x00, 0x00, 0x00, 0x00, 0x00, 0x00, 0x00, 0x00, 0x00, 0x00, 0x00, 0x00, 0x00, 0x00, 0x00, 0x00, 0x00, 0x00, 0x00, 
    0x00, 0x00, 0x00, 0x00, 0x00, 0x00, 0x00, 0x00, 0x00, 0x00, 0x00, 0x00, 0x00, 0x00, 0x01, 0x00, 0x00, 0x00, 0xe4, 0x69, 0x20, 0x06, 0x72, 0x4e, 
    0x00, 0x00, 0x00, 0x00, 0x00, 0x00, 0x00, 0x00, 0x00, 0x00, 0x00, 0x00, 0x00, 0x00, 0x00, 0x00, 0x00, 0x00, 0x00, 0x00, 0x00, 0xe7, 0x79, 0x04, 
    0xe5, 0x69, 0x61, 0x46, 0x6a, 0x0e, 0x00, 0x00, 0x00, 0x00, 0x00, 0x00, 0x00, 0x00, 0x00, 0x00, 0x00, 0x00, 0x00, 0x00, 0x00, 0x00, 0x00, 0x00, 
    0x00, 0x00, 0x00, 0x00, 0x00, 0x00, 0x00, 0x00, 0x00, 0x00, 0x00, 0x00, 0x00, 0x00, 0x00, 0x00, 0x00, 0x00, 0x00, 0x00, 0x00, 0x00, 0x00, 0x00, 
    0x00, 0x00, 0x00, 0x00, 0x00, 0x00, 0x00, 0x00, 0x00, 0x00, 0x00, 0x00, 0x00, 0x00, 0x00, 0x00, 0x00, 0x00, 0x00, 0x00, 0x00, 0x00, 0x00, 0x00, 
    0x00, 0x00, 0x00, 0x00, 0x00, 0x00, 0x00, 0x00, 0x00, 0x00, 0x00, 0x00, 0x00, 0x00, 0x00, 0x00, 0x00, 0x00, 0x00, 0x00, 0x00, 0x00, 0x00, 0x00, 
    0x00, 0x00, 0x00, 0x00, 0x00, 0x00, 0x00, 0x00, 0x00, 0x00, 0x00, 0x00, 0x00, 0x00, 0x00, 0x00, 0x00, 0x00, 0x00, 0x00, 0x00, 0x00, 0x00, 0x00, 
    0x00, 0x00, 0x00, 0x00, 0x00, 0x00, 0x00, 0x00, 0x00, 0x00, 0x00, 0x00, 0x00, 0x00, 0x00, 0x00, 0x00, 0x00, 0x00, 0x00, 0x00, 0x00, 0x00, 0x00, 
    0x00, 0x00, 0x00, 0x00, 0x00, 0x00, 0x00, 0x00, 0x00, 0x00, 0x00, 0x00, 0x00, 0x00, 0x00, 0x00, 0x00, 0x00, 0x00, 0x00, 0x00, 0x00, 0x00, 0x00, 
    0x00, 0x00, 0x00, 0x00, 0x00, 0x00, 0x00, 0x00, 0x00, 0x00, 0x00, 0x00, 0x00, 0x00, 0x00, 0x00, 0x00, 0x00, 0x00, 0x00, 0x00, 0x00, 0x00, 0x00, 
    0x00, 0x00, 0x00, 0x00, 0x00, 0x00, 0x00, 0x00, 0x00, 0x00, 0x00, 0x00, 0x00, 0x00, 0x00, 0x00, 0x00, 0x00, 0x00, 0x00, 0x00, 0x00, 0x00, 0x00, 
    0x00, 0x00, 0x00, 0x00, 0x00, 0x00, 0x00, 0x00, 0x00, 0x00, 0x00, 0x00, 0x00, 0x00, 0x00, 0x00, 0x00, 0x00, 0x00, 0x00, 0x00, 0x00, 0x00, 0x00, 
    0x00, 0x00, 0x00, 0x2c, 0x9b, 0x05, 0xa7, 0x92, 0x0c, 0xcb, 0xa2, 0x0e, 0xeb, 0xa2, 0x0b, 0x69, 0xb3, 0x07, 0xe8, 0xa2, 0x0b, 0x0f, 0x78, 0x02, 
    0xef, 0xfb, 0x02, 0xaa, 0x52, 0x03, 0x00, 0x00, 0x00, 0x00, 0x00, 0x00, 0x00, 0x00, 0x00, 0x00, 0x00, 0x00, 0x00, 0x00, 0x00, 0x00, 0x00, 0x00, 
    0x00, 0x00, 0x00, 0x00, 0x00, 0x00, 0x00, 0x00, 0x00, 0x00, 0x00, 0x00, 0x00, 0x00, 0x00, 0x00, 0x00, 0x00, 0x00, 0x00, 0x00, 0x00, 0x00, 0x00, 
    0x00, 0x00, 0x00, 0x00, 0x00, 0x00, 0x00, 0x00, 0x00, 0x00, 0x00, 0x00, 0x00, 0x00, 0x00, 0x00, 0x00, 0x00, 0x00, 0x00, 0x00, 0x00, 0x00, 0x00, 
    0x00, 0x00, 0x00, 0x00, 0x00, 0x00, 0x00, 0x00, 0x00, 0x00, 0x00, 0x00, 0x00, 0x00, 0x00, 0x00, 0x00, 0x00, 0x00, 0x00, 0x00, 0x00, 0x00, 0x00, 
    0x00, 0x00, 0x00, 0x00, 0x00, 0x00, 0x00, 0x00, 0x00, 0x00, 0x00, 0x00, 0x00, 0x00, 0x00, 0x00, 0x00, 0x00, 0x00, 0x00, 0x00, 0x00, 0x00, 0x00, 
    0x00, 0x00, 0x00, 0x00, 0x00, 0x00, 0x00, 0x00, 0x00, 0x00, 0x00, 0x00, 0x00, 0x00, 0x00, 0x00, 0x00, 0x00, 0x00, 0x00, 0x00, 0x00, 0x00, 0x00, 
    0x00, 0x00, 0x00, 0x00, 0x00, 0x00, 0x00, 0x00, 0x00, 0x00, 0x00, 0x00, 0x00, 0x00, 0x00, 0x00, 0x00, 0x00, 0x00, 0x00, 0x00, 0x00, 0x00, 0x00, 
    0x00, 0x00, 0x00, 0x00, 0x00, 0x00, 0x00, 0x00, 0x00, 0x00, 0x00, 0x00, 0x00, 0x00, 0x00, 0x00, 0x00, 0x00, 0x00, 0x00, 0x00, 0x00, 0x00, 0x00, 
    0x00, 0x00, 0x00, 0x00, 0x00, 0x00, 0x00, 0x00, 0x00, 0x00, 0x00, 0x00, 0x00, 0x00, 0x00, 0x00, 0x00, 0x00, 0x00, 0x00, 0x00, 0x00, 0x00, 0x00, 
    0x00, 0x00, 0x00, 0x00, 0x00, 0x00, 0x00, 0x00, 0x00, 0x00, 0x00, 0x00, 0x00, 0x00, 0x00, 0x00, 0x00, 0x00, 0x00, 0x00, 0x00, 0x00, 0x00, 0x00, 
    0x00, 0x00, 0x00, 0x00, 0x00, 0x00, 0x00, 0x00, 0x00, 0x00, 0x00, 0x00, 0x00, 0x00, 0x00, 0x00, 0x00, 0x00, 0x00, 0x00, 0x00, 0x00, 0x00, 0x00, 
    0x00, 0x00, 0x00, 0x00, 0x00, 0x00, 0x00, 0x00, 0x00, 0x00, 0x00, 0x00, 0x00, 0x00, 0x00, 0x00, 0x00, 0x00, 0x00, 0x00, 0x00, 0x00, 0x00, 0x00, 
    0x00, 0x00, 0x00, 0x00, 0x00, 0x00, 0x00, 0x00, 0x00, 0x00, 0x00, 0x00, 0x00, 0x00, 0x00, 0x00, 0x00, 0x00, 0x00, 0x00, 0x00, 0x00, 0x00, 0x00, 
    0x00, 0x00, 0x00, 0x00, 0x00, 0x00, 0x00, 0x00, 0x00, 0x00, 0x00, 0x00, 0x00, 0x00, 0x00, 0x00, 0x00, 0x00, 0x00, 0x00, 0x00, 0x00, 0x00, 0x00, 
    0x00, 0x00, 0x00, 0x00, 0x00, 0x00, 0x00, 0x00, 0x00, 0x00, 0x00, 0x00, 0x00, 0x00, 0x00, 0x00, 0x00, 0x00, 0x00, 0x00, 0x00, 0x00, 0x00, 0x00, 
    0x00, 0x00, 0x00, 0x00, 0x00, 0x00, 0x00, 0x00, 0x00, 0x00, 0x00, 0x00, 0x00, 0x00, 0x00, 0x00, 0x00, 0x00, 0x00, 0x00, 0x00, 0x00, 0x00, 0x00, 
    0x00, 0x00, 0x00, 0x00, 0x00, 0x00, 0x00, 0x00, 0x00, 0x00, 0x00, 0x00, 0x00, 0x00, 0x00, 0x00, 0x00, 0x00, 0x00, 0x00, 0x00, 0x00, 0x00, 0x00, 
    0x00, 0x00, 0x00, 0x00, 0x00, 0x00, 0x00, 0x00, 0x00, 0x00, 0x00, 0x00, 0x00, 0x00, 0x00, 0x00, 0x00, 0x00, 0x00, 0x00, 0x00, 0x00, 0x00, 0x00, 
    0x00, 0x00, 0x00, 0x00, 0x00, 0x00, 0x00, 0x00, 0x00, 0x00, 0x00, 0x00, 0x00, 0x00, 0x00, 0x00, 0x00, 0x00, 0x00, 0x00, 0x00, 0x00, 0x00, 0x00, 
    0x00, 0x00, 0x00, 0x00, 0x00, 0x00, 0x00, 0x00, 0x00, 0x00, 0x00, 0x00, 0x00, 0x00, 0x00, 0x00, 0x00, 0x00, 0x00, 0x00, 0x00, 0x00, 0x00, 0x00, 
    0x00, 0x00, 0x00, 0x00, 0x00, 0x00, 0x00, 0x00, 0x00, 0x00, 0x00, 0x00, 0x00, 0x00, 0x00, 0x00, 0x00, 0x00, 0x00, 0x00, 0x00, 0x00, 0x00, 0x00, 
    0x00, 0x00, 0x00, 0x00, 0x00, 0x00, 0x00, 0x00, 0x00, 0x00, 0x00, 0x00, 0x00, 0x00, 0x00, 0x00, 0x00, 0x00, 0x00, 0x00, 0x00, 0x00, 0x00, 0x00, 
    0x00, 0x00, 0x00, 0x00, 0x00, 0x00, 0x00, 0x00, 0x00, 0x00, 0x00, 0x00, 0x00, 0x00, 0x00, 0x00, 0x00, 0x00, 0x00, 0x00, 0x00, 0x00, 0x00, 0x00, 
    0x00, 0x00, 0x00, 0x00, 0x00, 0x00, 0x00, 0x00, 0x00, 0x00, 0x00, 0x00, 0x00, 0x00, 0x00, 0x00, 0x00, 0x00, 0x00, 0x00, 0x00, 0x00, 0x00, 0x00, 
    0x00, 0x00, 0x00, 0x00, 0x00, 0x00, 0x00, 0x00, 0x00, 0x00, 0x00, 0x00, 0x00, 0x00, 0x00, 0x00, 0x00, 0x00, 0x00, 0x00, 0x00, 0x00, 0x00, 0x00, 
    0x00, 0x00, 0x00, 0x00, 0x00, 0x00, 0x00, 0x00, 0x00, 0x00, 0x00, 0x00, 0x00, 0x00, 0x00, 0x00, 0x00, 0x00, 0x00, 0x00, 0x00, 0x00, 0x00, 0x00, 
    0x00, 0x00, 0x00, 0x00, 0x00, 0x00, 0x00, 0x00, 0x00, 0x00, 0x00, 0x00, 0x00, 0x00, 0x00, 0x00, 0x00, 0x00, 0x00, 0x00, 0x00, 0x00, 0x00, 0x00, 
    0x00, 0x00, 0x00, 0x00, 0x00, 0x00, 0x00, 0x00, 0x00, 0x00, 0x00, 0x00, 0x00, 0x00, 0x00, 0x00, 0x00, 0x00, 0x00, 0x00, 0x00, 0x00, 0x00, 0x00, 
    0x00, 0x00, 0x00, 0x00, 0x00, 0x00, 0x00, 0x00, 0x00, 0x00, 0x00, 0x00, 0x00, 0x00, 0x00, 0x00, 0x00, 0x00, 0x00, 0x00, 0x00, 0x00, 0x00, 0x00, 
    0x00, 0x00, 0x00, 0x00, 0x00, 0x00, 0x00, 0x00, 0x00, 0x00, 0x00, 0x00, 0x00, 0x00, 0x00, 0x00, 0x00, 0x00, 0x00, 0x00, 0x00, 0x00, 0x00, 0x00, 
    0x00, 0x00, 0x00, 0x00, 0x00, 0x00, 0x00, 0x00, 0x00, 0x00, 0x00, 0x00, 0x00, 0x00, 0x00, 0x00, 0x00, 0x00, 0x00, 0x00, 0x00, 0x00, 0x00, 0x00, 
    0x00, 0x00, 0x00, 0x00, 0x00, 0x00, 0x00, 0x00, 0x00, 0x00, 0x00, 0x00, 0x00, 0x00, 0x00, 0x00, 0x00, 0x00, 0x00, 0x00, 0x00, 0x00, 0x00, 0x00, 
    0x00, 0x00, 0x00, 0x00, 0x00, 0x00, 0x00, 0x00, 0x00, 0x00, 0x00, 0x00, 0x00, 0x00, 0x00, 0x26, 0x9b, 0x05, 0x00, 0x00, 0x00, 0x00, 0xf8, 0x01, 
    0x1f, 0xf8, 0x01, 0xaa, 0x7a, 0x06, 0x67, 0x8a, 0x1e, 0xef, 0x7b, 0x02, 0x00, 0x78, 0x02, 0x00, 0x00, 0x00, 0x00, 0x00, 0x00, 0x00, 0x00, 0x00, 
    0x00, 0x00, 0x00, 0x00, 0x00, 0x00, 0x00, 0x00, 0x00, 0x00, 0x00, 0x00, 0x00, 0x00, 0x00, 0x00, 0x00, 0x00, 0x00, 0x00, 0x00, 0x00, 0x00, 0x00, 
    0xe0, 0x7b, 0x02, 0x00, 0x00, 0x00, 0xe5, 0x71, 0x3c, 0x06, 0x7a, 0x93, 0xff, 0xff, 0x01, 0x00, 0x00, 0x00, 0x00, 0x00, 0x00, 0x00, 0x00, 0x00, 
    0x00, 0x00, 0x00, 0x00, 0x00, 0x00, 0x00, 0x00, 0x00, 0x00, 0x00, 0x00, 0x26, 0x9b, 0x05, 0x00, 0x00, 0x01, 0x00, 0x00, 0x00, 0x00, 0x00, 0x00, 
    0x00, 0x00, 0x00, 0x00, 0x00, 0x00, 0x00, 0x00, 0x00, 0x00, 0x00, 0x00, 0x00, 0x00, 0x00, 0x00, 0x00, 0x00, 0x00, 0x00, 0x00, 0x00, 0x00, 0x00, 
    0x00, 0x00, 0x00, 0x00, 0x00, 0x00, 0x00, 0x00, 0x00, 0x00, 0x00, 0x00, 0x00, 0x00, 0x00, 0x00, 0x00, 0x00, 0x00, 0x00, 0x00, 0x00, 0x00, 0x00, 
    0x00, 0x00, 0x00, 0x00, 0x00, 0x00, 0x00, 0x00, 0x00, 0x00, 0x00, 0x00, 0x00, 0x00, 0x00, 0x00, 0x00, 0x00, 0x00, 0x00, 0x00, 0x00, 0x00, 0x00, 
    0x00, 0x00, 0x00, 0x00, 0x00, 0x00, 0x00, 0x00, 0x00, 0x00, 0x00, 0x00, 0x00, 0x00, 0x00, 0x00, 0x00, 0x00, 0x00, 0x00, 0x00, 0x00, 0x00, 0x00, 
    0x00, 0x00, 0x00, 0x00, 0x00, 0x00, 0x00, 0x00, 0x00, 0x00, 0x00, 0x00, 0x00, 0x00, 0x00, 0x00, 0x00, 0x00, 0x00, 0x00, 0x00, 0x00, 0x00, 0x01, 
    0x00, 0x00, 0x00, 0x00, 0x00, 0x00, 0x00, 0x00, 0x00, 0x00, 0x00, 0x00, 0x00, 0x00, 0x00, 0x00, 0x00, 0x00, 0x00, 0x00, 0x00, 0x00, 0x00, 0x00, 
    0x00, 0x00, 0x00, 0x00, 0x00, 0x00, 0x00, 0x00, 0x00, 0x00, 0x00, 0x00, 0x00, 0x00, 0x00, 0x00, 0x00, 0x00, 0x00, 0x00, 0x00, 0x00, 0x00, 0x00, 
    0x00, 0x00, 0x00, 0x00, 0x00, 0x00, 0x00, 0x00, 0x00, 0x00, 0x00, 0x00, 0x00, 0x00, 0x00, 0x00, 0x00, 0x00, 0x00, 0x00, 0x00, 0x00, 0x00, 0x00, 
    0x00, 0x00, 0x00, 0x00, 0x00, 0x00, 0x00, 0x00, 0x00, 0x00, 0x00, 0x00, 0x00, 0x00, 0x00, 0x00, 0x00, 0x00, 0x00, 0x00, 0x00, 0x00, 0x00, 0x00, 
    0x00, 0x00, 0x00, 0x00, 0x00, 0x00, 0x00, 0x00, 0x00, 0x00, 0x00, 0x00, 0xeb, 0xa2, 0x0b, 0x8a, 0xa2, 0x19, 0xca, 0xaa, 0x38, 0xc9, 0xa2, 0x31, 
    0xa9, 0xa2, 0x44, 0xc9, 0xa2, 0x22, 0xea, 0xa2, 0x26, 0xa8, 0x9a, 0x12, 0x69, 0x9a, 0x0a, 0xa9, 0x92, 0x18, 0x00, 0x00, 0x01, 0x00, 0x00, 0x00, 
    0x00, 0x00, 0x00, 0x00, 0x00, 0x00, 0x00, 0x00, 0x00, 0x00, 0x00, 0x00, 0x00, 0x00, 0x00, 0x00, 0x00, 0x00, 0x00, 0x00, 0x00, 0x00, 0x00, 0x00, 
    0x00, 0x00, 0x00, 0x00, 0x00, 0x00, 0x00, 0x00, 0x00, 0x00, 0x00, 0x00, 0x00, 0x00, 0x00, 0x00, 0x00, 0x00, 0x00, 0x00, 0x00, 0x00, 0x00, 0x00, 
    0x00, 0x00, 0x00, 0x00, 0x00, 0x00, 0x00, 0x00, 0x00, 0x00, 0x00, 0x00, 0x00, 0x00, 0x00, 0x00, 0x00, 0x00, 0x00, 0x00, 0x00, 0x00, 0x00, 0x00, 
    0x00, 0x00, 0x00, 0x00, 0x00, 0x00, 0x00, 0x00, 0x00, 0x00, 0x00, 0x00, 0x00, 0x00, 0x00, 0x00, 0x00, 0x00, 0x00, 0x00, 0x00, 0x00, 0x00, 0x00, 
    0x00, 0x00, 0x00, 0x00, 0x00, 0x00, 0x00, 0x00, 0x00, 0x00, 0x00, 0x00, 0x00, 0x00, 0x00, 0x00, 0x00, 0x00, 0x00, 0x00, 0x00, 0x00, 0x00, 0x00, 
    0x00, 0x00, 0x00, 0x00, 0x00, 0x00, 0x00, 0x00, 0x00, 0x00, 0x00, 0x00, 0x00, 0x00, 0x00, 0x00, 0x00, 0x00, 0x00, 0x00, 0x00, 0x00, 0x00, 0x00, 
    0x00, 0x00, 0x00, 0x00, 0x00, 0x00, 0x00, 0x00, 0x00, 0x00, 0x00, 0x00, 0x00, 0x00, 0x00, 0x00, 0x00, 0x00, 0x00, 0x00, 0x00, 0x00, 0x00, 0x00, 
    0x00, 0x00, 0x00, 0x00, 0x00, 0x00, 0x00, 0x00, 0x00, 0x00, 0x00, 0x00, 0x00, 0x00, 0x00, 0x00, 0x00, 0x00, 0x00, 0x00, 0x00, 0x00, 0x00, 0x00, 
    0x00, 0x00, 0x00, 0x00, 0x00, 0x00, 0x00, 0x00, 0x00, 0x00, 0x00, 0x00, 0x00, 0x00, 0x00, 0x00, 0x00, 0x00, 0x00, 0x00, 0x00, 0x00, 0x00, 0x00, 
    0x00, 0x00, 0x00, 0x00, 0x00, 0x00, 0x00, 0x00, 0x00, 0x00, 0x00, 0x00, 0x00, 0x00, 0x00, 0x00, 0x00, 0x00, 0x00, 0x00, 0x00, 0x00, 0x00, 0x00, 
    0x00, 0x00, 0x00, 0x00, 0x00, 0x00, 0x00, 0x00, 0x00, 0x00, 0x00, 0x00, 0x00, 0x00, 0x00, 0x00, 0x00, 0x00, 0x00, 0x00, 0x00, 0x00, 0x00, 0x00, 
    0x00, 0x00, 0x00, 0x00, 0x00, 0x00, 0x00, 0x00, 0x00, 0x00, 0x00, 0x00, 0x00, 0x00, 0x00, 0x00, 0x00, 0x00, 0x00, 0x00, 0x00, 0x00, 0x00, 0x00, 
    0x00, 0x00, 0x00, 0x00, 0x00, 0x00, 0x00, 0x00, 0x00, 0x00, 0x00, 0x00, 0x00, 0x00, 0x00, 0x00, 0x00, 0x00, 0x00, 0x00, 0x00, 0x00, 0x00, 0x00, 
    0x00, 0x00, 0x00, 0x00, 0x00, 0x00, 0x00, 0x00, 0x00, 0x00, 0x00, 0x00, 0x00, 0x00, 0x00, 0x00, 0x00, 0x00, 0x00, 0x00, 0x00, 0x00, 0x00, 0x00, 
    0x00, 0x00, 0x00, 0x00, 0x00, 0x00, 0x00, 0x00, 0x00, 0x00, 0x00, 0x00, 0x00, 0x00, 0x00, 0x00, 0x00, 0x00, 0x00, 0x00, 0x00, 0x00, 0x00, 0x00, 
    0x00, 0x00, 0x00, 0x00, 0x00, 0x00, 0x00, 0x00, 0x00, 0x00, 0x00, 0x00, 0x00, 0x00, 0x00, 0x00, 0x00, 0x00, 0x00, 0x00, 0x00, 0x00, 0x00, 0x00, 
    0x00, 0x00, 0x00, 0x00, 0x00, 0x00, 0x00, 0x00, 0x00, 0x00, 0x00, 0x00, 0x00, 0x00, 0x00, 0x00, 0x00, 0x00, 0x00, 0x00, 0x00, 0x00, 0x00, 0x00, 
    0x00, 0x00, 0x00, 0x00, 0x00, 0x00, 0x00, 0x00, 0x00, 0x00, 0x00, 0x00, 0x00, 0x00, 0x00, 0x00, 0x00, 0x00, 0x00, 0x00, 0x00, 0x00, 0x00, 0x00, 
    0x00, 0x00, 0x00, 0x00, 0x00, 0x00, 0x00, 0x00, 0x00, 0x00, 0x00, 0x00, 0x00, 0x00, 0x00, 0x00, 0x00, 0x00, 0x00, 0x00, 0x00, 0x00, 0x00, 0x00, 
    0x00, 0x00, 0x00, 0x00, 0x00, 0x00, 0x00, 0x00, 0x00, 0x00, 0x00, 0x00, 0x00, 0x00, 0x00, 0x00, 0x00, 0x00, 0x00, 0x00, 0x00, 0x00, 0x00, 0x00, 
    0x00, 0x00, 0x00, 0x00, 0x00, 0x00, 0x00, 0x00, 0x00, 0x00, 0x00, 0x00, 0x00, 0x00, 0x00, 0x00, 0x00, 0x00, 0x00, 0x00, 0x00, 0x00, 0x00, 0x00, 
    0x00, 0x00, 0x00, 0x00, 0x00, 0x00, 0x00, 0x00, 0x00, 0x00, 0x00, 0x00, 0x00, 0x00, 0x00, 0x00, 0x00, 0x00, 0x00, 0x00, 0x00, 0x00, 0x00, 0x00, 
    0x00, 0x00, 0x00, 0x00, 0x00, 0x00, 0x00, 0x00, 0x00, 0x00, 0x00, 0x00, 0x00, 0x00, 0x00, 0x00, 0x00, 0x00, 0x00, 0x00, 0x00, 0x00, 0x00, 0x00, 
    0x00, 0x00, 0x00, 0x00, 0x00, 0x00, 0x00, 0x00, 0x00, 0x00, 0x00, 0x00, 0x00, 0x00, 0x00, 0x00, 0x00, 0x00, 0x00, 0x00, 0x00, 0x00, 0x00, 0x00, 
    0x00, 0x00, 0x00, 0x00, 0x00, 0x00, 0x00, 0x00, 0x00, 0x00, 0x00, 0x00, 0x00, 0x00, 0x00, 0x00, 0x00, 0x00, 0x00, 0x00, 0x00, 0x00, 0x00, 0x00, 
    0x00, 0x00, 0x00, 0x00, 0x00, 0x00, 0x00, 0x00, 0x00, 0x00, 0x00, 0x00, 0x00, 0x00, 0x00, 0x00, 0x00, 0x00, 0x00, 0x00, 0x00, 0x00, 0x00, 0x00, 
    0x00, 0x00, 0x00, 0x00, 0x00, 0x00, 0x00, 0x00, 0x00, 0x00, 0x00, 0x00, 0x00, 0x00, 0x00, 0x00, 0x00, 0x00, 0x00, 0x00, 0x00, 0x00, 0x00, 0x00, 
    0x00, 0x00, 0x00, 0x00, 0x00, 0x00, 0x00, 0x00, 0x00, 0x00, 0x00, 0x00, 0x00, 0x00, 0x00, 0x00, 0x00, 0x00, 0x00, 0x00, 0x00, 0x00, 0x00, 0x00, 
    0x00, 0x00, 0x00, 0x00, 0x00, 0x00, 0x00, 0x00, 0x00, 0x00, 0x00, 0x00, 0x00, 0x00, 0x00, 0x00, 0x00, 0x00, 0x00, 0x00, 0x00, 0x00, 0x00, 0x00, 
    0x00, 0x00, 0x00, 0x00, 0x00, 0x00, 0x00, 0x00, 0x00, 0x00, 0x00, 0x00, 0x00, 0x00, 0x00, 0x00, 0x00, 0x00, 0x00, 0x00, 0x00, 0x00, 0x00, 0x00, 
    0x00, 0x00, 0x00, 0x00, 0x00, 0x00, 0x00, 0x00, 0x00, 0x00, 0x00, 0x00, 0x00, 0x00, 0x00, 0x00, 0x00, 0x00, 0x00, 0x00, 0x00, 0x00, 0x00, 0x00, 
    0x00, 0x00, 0x00, 0x00, 0x00, 0x00, 0x00, 0x00, 0x00, 0x00, 0x00, 0x00, 0x00, 0x00, 0x00, 0x00, 0x00, 0x00, 0x00, 0x00, 0x00, 0x00, 0x00, 0x00, 
    0x00, 0x00, 0x01, 0x1f, 0x00, 0x01, 0xa8, 0x8a, 0x0f, 0x2c, 0x9b, 0x05, 0xa5, 0x7a, 0x06, 0x68, 0x8a, 0x21, 0xaa, 0x52, 0x03, 0x00, 0x00, 0x00, 
    0x00, 0x00, 0x00, 0x00, 0x00, 0x00, 0x00, 0x00, 0x00, 0x00, 0x00, 0x00, 0x00, 0x00, 0x01, 0x00, 0x00, 0x00, 0x00, 0x00, 0x00, 0x00, 0x00, 0x00, 
    0x00, 0x00, 0x00, 0x00, 0x00, 0x00, 0x00, 0x00, 0x00, 0x00, 0x00, 0x00, 0x00, 0x00, 0x00, 0x00, 0x00, 0x00, 0x00, 0x00, 0x00, 0x00, 0x00, 0x00, 
    0x00, 0xf8, 0x01, 0x00, 0x00, 0x00, 0x00, 0x00, 0x00, 0x00, 0x00, 0x00, 0x00, 0x00, 0x00, 0x00, 0x00, 0x00, 0x00, 0x00, 0x00, 0x00, 0x00, 0x00, 
    0x00, 0x00, 0x00, 0x00, 0x00, 0x00, 0x00, 0x00, 0x00, 0x00, 0x00, 0x00, 0x00, 0x00, 0x00, 0x00, 0x00, 0x00, 0x00, 0x00, 0x00, 0x00, 0x00, 0x00, 
    0x00, 0x00, 0x00, 0x00, 0x00, 0x00, 0x00, 0x00, 0x00, 0x00, 0x00, 0x00, 0x00, 0x00, 0x00, 0x00, 0x00, 0x00, 0x00, 0x00, 0x00, 0x00, 0x00, 0x00, 
    0x00, 0x00, 0x00, 0x00, 0x00, 0x00, 0x00, 0x00, 0x00, 0x00, 0x00, 0x00, 0x00, 0x00, 0x00, 0x00, 0x00, 0x00, 0x00, 0x00, 0x00, 0x00, 0x00, 0x00, 
    0x00, 0x00, 0x00, 0x00, 0x00, 0x00, 0x00, 0x00, 0x00, 0x00, 0x00, 0x00, 0x00, 0x00, 0x00, 0x00, 0x00, 0x00, 0x00, 0x00, 0x00, 0x00, 0x00, 0x00, 
    0x00, 0x00, 0x00, 0x00, 0x00, 0x00, 0x00, 0x00, 0x00, 0x00, 0x00, 0x00, 0x00, 0x00, 0x00, 0x00, 0x00, 0x00, 0x00, 0x00, 0x00, 0x00, 0x00, 0x00, 
    0x00, 0x00, 0x00, 0x00, 0x00, 0x00, 0x00, 0x00, 0x00, 0x00, 0x00, 0x00, 0x00, 0x00, 0x00, 0x00, 0x00, 0x00, 0x00, 0x00, 0x00, 0x00, 0x00, 0x00, 
    0x00, 0x00, 0x00, 0x00, 0x00, 0x00, 0x00, 0x00, 0x00, 0x00, 0x00, 0x00, 0x00, 0x00, 0x00, 0x00, 0x00, 0x00, 0x00, 0x00, 0x00, 0x00, 0x00, 0x00, 
    0x00, 0x00, 0x00, 0x00, 0x00, 0x00, 0x00, 0x00, 0x00, 0x00, 0x00, 0x00, 0x00, 0x00, 0x00, 0x00, 0x00, 0x00, 0x00, 0x00, 0x00, 0x00, 0x00, 0x00, 
    0x00, 0x00, 0x00, 0x00, 0x00, 0x00, 0x00, 0x00, 0x00, 0x00, 0x00, 0x00, 0x00, 0x00, 0x00, 0x00, 0x00, 0x00, 0x00, 0x00, 0x00, 0x00, 0x00, 0x00, 
    0x00, 0x00, 0x00, 0x00, 0x00, 0x00, 0x00, 0x00, 0x00, 0x00, 0x00, 0x00, 0x00, 0x00, 0x00, 0x00, 0x00, 0x01, 0x00, 0x00, 0x00, 0x69, 0x9a, 0x0d, 
    0xc9, 0xa2, 0x25, 0xa9, 0xaa, 0x3e, 0xea, 0xb2, 0x62, 0x0a, 0xb3, 0x65, 0x4a, 0xbb, 0x61, 0x0a, 0xb3, 0x52, 0xe9, 0xaa, 0x3c, 0xe9, 0xa2, 0x3a, 
    0x09, 0x9b, 0x0d, 0xa8, 0x9a, 0x0f, 0xef, 0xfb, 0x02, 0x00, 0x00, 0x00, 0x00, 0x00, 0x00, 0x00, 0x00, 0x00, 0x00, 0x00, 0x00, 0x00, 0x00, 0x00, 
    0x00, 0x00, 0x00, 0x00, 0x00, 0x00, 0x00, 0x00, 0x00, 0x00, 0x00, 0x00, 0x00, 0x00, 0x00, 0x00, 0x00, 0x00, 0x00, 0x00, 0x00, 0x00, 0x00, 0x00, 
    0x00, 0x00, 0x00, 0x00, 0x00, 0x00, 0x00, 0x00, 0x00, 0x00, 0x00, 0x00, 0x00, 0x00, 0x00, 0x00, 0x00, 0x00, 0x00, 0x00, 0x00, 0x00, 0x00, 0x00, 
    0x00, 0x00, 0x00, 0x00, 0x00, 0x00, 0x00, 0x00, 0x00, 0x00, 0x00, 0x00, 0x00, 0x00, 0x00, 0x00, 0x00, 0x00, 0x00, 0x00, 0x00, 0x00, 0x00, 0x00, 
    0x00, 0x00, 0x00, 0x00, 0x00, 0x00, 0x00, 0x00, 0x00, 0x00, 0x00, 0x00, 0x00, 0x00, 0x00, 0x00, 0x00, 0x00, 0x00, 0x00, 0x00, 0x00, 0x00, 0x00, 
    0x00, 0x00, 0x00, 0x00, 0x00, 0x00, 0x00, 0x00, 0x00, 0x00, 0x00, 0x00, 0x00, 0x00, 0x00, 0x00, 0x00, 0x00, 0x00, 0x00, 0x00, 0x00, 0x00, 0x00, 
    0x00, 0x00, 0x00, 0x00, 0x00, 0x00, 0x00, 0x00, 0x00, 0x00, 0x00, 0x00, 0x00, 0x00, 0x00, 0x00, 0x00, 0x00, 0x00, 0x00, 0x00, 0x00, 0x00, 0x00, 
    0x00, 0x00, 0x00, 0x00, 0x00, 0x00, 0x00, 0x00, 0x00, 0x00, 0x00, 0x00, 0x00, 0x00, 0x00, 0x00, 0x00, 0x00, 0x00, 0x00, 0x00, 0x00, 0x00, 0x00, 
    0x00, 0x00, 0x00, 0x00, 0x00, 0x00, 0x00, 0x00, 0x00, 0x00, 0x00, 0x00, 0x00, 0x00, 0x00, 0x00, 0x00, 0x00, 0x00, 0x00, 0x00, 0x00, 0x00, 0x00, 
    0x00, 0x00, 0x00, 0x00, 0x00, 0x00, 0x00, 0x00, 0x00, 0x00, 0x00, 0x00, 0x00, 0x00, 0x00, 0x00, 0x00, 0x00, 0x00, 0x00, 0x00, 0x00, 0x00, 0x00, 
    0x00, 0x00, 0x00, 0x00, 0x00, 0x00, 0x00, 0x00, 0x00, 0x00, 0x00, 0x00, 0x00, 0x00, 0x00, 0x00, 0x00, 0x00, 0x00, 0x00, 0x00, 0x00, 0x00, 0x00, 
    0x00, 0x00, 0x00, 0x00, 0x00, 0x00, 0x00, 0x00, 0x00, 0x00, 0x00, 0x00, 0x00, 0x00, 0x00, 0x00, 0x00, 0x00, 0x00, 0x00, 0x00, 0x00, 0x00, 0x00, 
    0x00, 0x00, 0x00, 0x00, 0x00, 0x00, 0x00, 0x00, 0x00, 0x00, 0x00, 0x00, 0x00, 0x00, 0x00, 0x00, 0x00, 0x00, 0x00, 0x00, 0x00, 0x00, 0x00, 0x00, 
    0x00, 0x00, 0x00, 0x00, 0x00, 0x00, 0x00, 0x00, 0x00, 0x00, 0x00, 0x00, 0x00, 0x00, 0x00, 0x00, 0x00, 0x00, 0x00, 0x00, 0x00, 0x00, 0x00, 0x00, 
    0x00, 0x00, 0x00, 0x00, 0x00, 0x00, 0x00, 0x00, 0x00, 0x00, 0x00, 0x00, 0x00, 0x00, 0x00, 0x00, 0x00, 0x00, 0x00, 0x00, 0x00, 0x00, 0x00, 0x00, 
    0x00, 0x00, 0x00, 0x00, 0x00, 0x00, 0x00, 0x00, 0x00, 0x00, 0x00, 0x00, 0x00, 0x00, 0x00, 0x00, 0x00, 0x00, 0x00, 0x00, 0x00, 0x00, 0x00, 0x00, 
    0x00, 0x00, 0x00, 0x00, 0x00, 0x00, 0x00, 0x00, 0x00, 0x00, 0x00, 0x00, 0x00, 0x00, 0x00, 0x00, 0x00, 0x00, 0x00, 0x00, 0x00, 0x00, 0x00, 0x00, 
    0x00, 0x00, 0x00, 0x00, 0x00, 0x00, 0x00, 0x00, 0x00, 0x00, 0x00, 0x00, 0x00, 0x00, 0x00, 0x00, 0x00, 0x00, 0x00, 0x00, 0x00, 0x00, 0x00, 0x00, 
    0x00, 0x00, 0x00, 0x00, 0x00, 0x00, 0x00, 0x00, 0x00, 0x00, 0x00, 0x00, 0x00, 0x00, 0x00, 0x00, 0x00, 0x00, 0x00, 0x00, 0x00, 0x00, 0x00, 0x00, 
    0x00, 0x00, 0x00, 0x00, 0x00, 0x00, 0x00, 0x00, 0x00, 0x00, 0x00, 0x00, 0x00, 0x00, 0x00, 0x00, 0x00, 0x00, 0x00, 0x00, 0x00, 0x00, 0x00, 0x00, 
    0x00, 0x00, 0x00, 0x00, 0x00, 0x00, 0x00, 0x00, 0x00, 0x00, 0x00, 0x00, 0x00, 0x00, 0x00, 0x00, 0x00, 0x00, 0x00, 0x00, 0x00, 0x00, 0x00, 0x00, 
    0x00, 0x00, 0x00, 0x00, 0x00, 0x00, 0x00, 0x00, 0x00, 0x00, 0x00, 0x00, 0x00, 0x00, 0x00, 0x00, 0x00, 0x00, 0x00, 0x00, 0x00, 0x00, 0x00, 0x00, 
    0x00, 0x00, 0x00, 0x00, 0x00, 0x00, 0x00, 0x00, 0x00, 0x00, 0x00, 0x00, 0x00, 0x00, 0x00, 0x00, 0x00, 0x00, 0x00, 0x00, 0x00, 0x00, 0x00, 0x00, 
    0x00, 0x00, 0x00, 0x00, 0x00, 0x00, 0x00, 0x00, 0x00, 0x00, 0x00, 0x00, 0x00, 0x00, 0x00, 0x00, 0x00, 0x00, 0x00, 0x00, 0x00, 0x00, 0x00, 0x00, 
    0x00, 0x00, 0x00, 0x00, 0x00, 0x00, 0x00, 0x00, 0x00, 0x00, 0x00, 0x00, 0x00, 0x00, 0x00, 0x00, 0x00, 0x00, 0x00, 0x00, 0x00, 0x00, 0x00, 0x00, 
    0x00, 0x00, 0x00, 0x00, 0x00, 0x00, 0x00, 0x00, 0x00, 0x00, 0x00, 0x00, 0x00, 0x00, 0x00, 0x00, 0x00, 0x00, 0x00, 0x00, 0x00, 0x00, 0x00, 0x00, 
    0x00, 0x00, 0x00, 0x00, 0x00, 0x00, 0x00, 0x00, 0x00, 0x00, 0x00, 0x00, 0x00, 0x00, 0x00, 0x00, 0x00, 0x00, 0x00, 0x00, 0x00, 0x00, 0x00, 0x00, 
    0x00, 0x00, 0x00, 0x00, 0x00, 0x00, 0x00, 0x00, 0x00, 0x00, 0x00, 0x00, 0x00, 0x00, 0x00, 0x00, 0x00, 0x00, 0x00, 0x00, 0x00, 0x00, 0x00, 0x00, 
    0x00, 0x00, 0x00, 0x00, 0x00, 0x00, 0x00, 0x00, 0x00, 0x00, 0x00, 0x00, 0x00, 0x00, 0x00, 0x00, 0x00, 0x00, 0x00, 0x00, 0x00, 0x00, 0x00, 0x00, 
    0x00, 0x00, 0x00, 0x00, 0x00, 0x00, 0x00, 0x00, 0x00, 0x00, 0x00, 0x00, 0x00, 0x00, 0x00, 0x00, 0x00, 0x00, 0x00, 0x00, 0x00, 0x00, 0x00, 0x00, 
    0x00, 0x00, 0x00, 0x00, 0x00, 0x00, 0x00, 0x00, 0x00, 0x00, 0x00, 0x00, 0x00, 0x78, 0x02, 0x00, 0x00, 0x00, 0x00, 0x00, 0x00, 0x00, 0x00, 0x00, 
    0x00, 0x00, 0x00, 0x00, 0x00, 0x00, 0x00, 0x00, 0x00, 0x00, 0x00, 0x00, 0x00, 0x00, 0x00, 0x00, 0x00, 0x00, 0x00, 0x00, 0x00, 0x00, 0xf8, 0x01, 
    0xe0, 0xff, 0x01, 0xaa, 0xaa, 0x03, 0x00, 0x00, 0x00, 0x67, 0x8a, 0x1a, 0x66, 0x9a, 0x0a, 0x67, 0x8a, 0x10, 0x67, 0x8a, 0x1d, 0x67, 0x8a, 0x0d, 
    0x49, 0x92, 0x07, 0x47, 0x92, 0x11, 0xaa, 0xaa, 0x09, 0x47, 0x92, 0x4d, 0x47, 0x9a, 0x23, 0x00, 0x00, 0x00, 0xaa, 0x7a, 0x06, 0xef, 0x7b, 0x02, 
    0x00, 0x00, 0x00, 0x00, 0x00, 0x00, 0x00, 0x00, 0x00, 0x00, 0x00, 0x00, 0x00, 0x00, 0x00, 0x00, 0x00, 0x00, 0x00, 0x00, 0x00, 0x00, 0x00, 0x00, 
    0x00, 0x00, 0x00, 0x00, 0x00, 0x00, 0x00, 0xf8, 0x01, 0x00, 0x78, 0x02, 0x00, 0x00, 0x00, 0x00, 0x00, 0x00, 0x00, 0x00, 0x00, 0x00, 0x00, 0x00, 
    0x00, 0x00, 0x00, 0x00, 0x00, 0x00, 0x00, 0x00, 0x00, 0x00, 0x00, 0x00, 0x00, 0x00, 0x00, 0x00, 0x00, 0x00, 0x00, 0x00, 0x00, 0x00, 0x00, 0x00, 
    0x00, 0x00, 0x00, 0x00, 0x00, 0x00, 0x00, 0x00, 0x00, 0x00, 0x00, 0x00, 0x00, 0x00, 0x00, 0x00, 0x00, 0x00, 0x00, 0x00, 0x00, 0x00, 0x00, 0x00, 
    0x00, 0x00, 0x00, 0x00, 0x00, 0x00, 0x00, 0x00, 0x00, 0x00, 0x00, 0x00, 0x00, 0x00, 0x00, 0x00, 0x00, 0x00, 0x00, 0x00, 0x00, 0x00, 0x00, 0x00, 
    0x00, 0x00, 0x00, 0x00, 0x00, 0x00, 0x00, 0x00, 0x00, 0x00, 0x00, 0x00, 0x00, 0x00, 0x00, 0x00, 0x00, 0x00, 0x00, 0x00, 0x00, 0x00, 0x00, 0x00, 
    0x00, 0x00, 0x00, 0x00, 0x00, 0x00, 0x00, 0x00, 0x00, 0x00, 0x00, 0x00, 0x00, 0x00, 0x00, 0x00, 0x00, 0x00, 0x00, 0x00, 0x00, 0x00, 0x00, 0x00, 
    0x00, 0x00, 0x00, 0x00, 0x00, 0x00, 0x00, 0x00, 0x00, 0x00, 0x00, 0x00, 0x00, 0x00, 0x00, 0x00, 0x00, 0x00, 0x00, 0x00, 0x00, 0x67, 0x72, 0x28, 
    0x2c, 0x9b, 0x05, 0x00, 0x00, 0x00, 0x00, 0x00, 0x00, 0x00, 0x00, 0x00, 0x00, 0x00, 0x00, 0x00, 0x00, 0x00, 0x00, 0x00, 0x00, 0x00, 0x00, 0x00, 
    0x00, 0x00, 0x00, 0x00, 0x00, 0x00, 0x00, 0x00, 0x00, 0x00, 0x00, 0x00, 0x00, 0x00, 0x00, 0x00, 0x00, 0x00, 0x00, 0x00, 0x00, 0x00, 0x00, 0x00, 
    0x00, 0x00, 0x00, 0x00, 0x00, 0x00, 0x00, 0x00, 0x00, 0x00, 0x00, 0x00, 0x00, 0x00, 0x00, 0x00, 0x00, 0x00, 0x00, 0x00, 0x00, 0x00, 0x00, 0x00, 
    0x00, 0x00, 0x00, 0x00, 0x00, 0x00, 0x00, 0x00, 0x00, 0x00, 0x00, 0x00, 0x00, 0x00, 0x00, 0x00, 0x00, 0x00, 0x00, 0x00, 0x00, 0x00, 0x00, 0x00, 
    0x00, 0x00, 0x00, 0x00, 0x00, 0x01, 0xaa, 0xaa, 0x03, 0x89, 0xa2, 0x1c, 0xe9, 0xb2, 0x4f, 0x0a, 0xbb, 0x8a, 0xe9, 0xc2, 0xa6, 0xa8, 0xba, 0xd2, 
    0xc8, 0xc2, 0xd4, 0xe8, 0xba, 0xde, 0x2a, 0xc3, 0x9d, 0xe9, 0xaa, 0x4d, 0xa8, 0x92, 0x1b, 0xc8, 0x9a, 0x17, 0xaa, 0xaa, 0x03, 0x00, 0x78, 0x02, 
    0x00, 0x00, 0x00, 0x00, 0x00, 0x00, 0x00, 0x00, 0x00, 0x00, 0x00, 0x00, 0x00, 0x00, 0x00, 0x00, 0x00, 0x00, 0x00, 0x00, 0x00, 0x00, 0x00, 0x00, 
    0x00, 0x00, 0x00, 0x00, 0x00, 0x00, 0x00, 0x00, 0x00, 0x00, 0x00, 0x00, 0x00, 0x00, 0x00, 0x00, 0x00, 0x00, 0x00, 0x00, 0x00, 0x00, 0x00, 0x00, 
    0x00, 0x00, 0x00, 0x00, 0x00, 0x00, 0x00, 0x00, 0x00, 0x00, 0x00, 0x00, 0x00, 0x00, 0x00, 0x00, 0x00, 0x00, 0x00, 0x00, 0x00, 0x00, 0x00, 0x00, 
    0x00, 0x00, 0x00, 0x00, 0x00, 0x00, 0x00, 0x00, 0x00, 0x00, 0x00, 0x00, 0x00, 0x00, 0x00, 0x00, 0x00, 0x00, 0x00, 0x00, 0x00, 0x00, 0x00, 0x00, 
    0x00, 0x00, 0x00, 0x00, 0x00, 0x00, 0x00, 0x00, 0x00, 0x00, 0x00, 0x00, 0x00, 0x00, 0x00, 0x00, 0x00, 0x00, 0x00, 0x00, 0x00, 0x00, 0x00, 0x00, 
    0x00, 0x00, 0x00, 0x00, 0x00, 0x00, 0x00, 0x00, 0x00, 0x00, 0x00, 0x00, 0x00, 0x00, 0x00, 0x00, 0x00, 0x00, 0x00, 0x00, 0x00, 0x00, 0x00, 0x00, 
    0x00, 0x00, 0x00, 0x00, 0x00, 0x00, 0x00, 0x00, 0x00, 0x00, 0x00, 0x00, 0x00, 0x00, 0x00, 0x00, 0x00, 0x00, 0x00, 0x00, 0x00, 0x00, 0x00, 0x00, 
    0x00, 0x00, 0x00, 0x00, 0x00, 0x00, 0x00, 0x00, 0x00, 0x00, 0x00, 0x00, 0x00, 0x00, 0x00, 0x00, 0x00, 0x00, 0x00, 0x00, 0x00, 0x00, 0x00, 0x00, 
    0x00, 0x00, 0x00, 0x00, 0x00, 0x00, 0x00, 0x00, 0x00, 0x00, 0x00, 0x00, 0x00, 0x00, 0x00, 0x00, 0x00, 0x00, 0x00, 0x00, 0x00, 0x00, 0x00, 0x00, 
    0x00, 0x00, 0x00, 0x00, 0x00, 0x00, 0x00, 0x00, 0x00, 0x00, 0x00, 0x00, 0x00, 0x00, 0x00, 0x00, 0x00, 0x00, 0x00, 0x00, 0x00, 0x00, 0x00, 0x00, 
    0x00, 0x00, 0x00, 0x00, 0x00, 0x00, 0x00, 0x00, 0x00, 0x00, 0x00, 0x00, 0x00, 0x00, 0x00, 0x00, 0x00, 0x00, 0x00, 0x00, 0x00, 0x00, 0x00, 0x00, 
    0x00, 0x00, 0x00, 0x00, 0x00, 0x00, 0x00, 0x00, 0x00, 0x00, 0x00, 0x00, 0x00, 0x00, 0x00, 0x00, 0x00, 0x00, 0x00, 0x00, 0x00, 0x00, 0x00, 0x00, 
    0x00, 0x00, 0x00, 0x00, 0x00, 0x00, 0x00, 0x00, 0x00, 0x00, 0x00, 0x00, 0x00, 0x00, 0x00, 0x00, 0x00, 0x00, 0x00, 0x00, 0x00, 0x00, 0x00, 0x00, 
    0x00, 0x00, 0x00, 0x00, 0x00, 0x00, 0x00, 0x00, 0x00, 0x00, 0x00, 0x00, 0x00, 0x00, 0x00, 0x00, 0x00, 0x00, 0x00, 0x00, 0x00, 0x00, 0x00, 0x00, 
    0x00, 0x00, 0x00, 0x00, 0x00, 0x00, 0x00, 0x00, 0x00, 0x00, 0x00, 0x00, 0x00, 0x00, 0x00, 0x00, 0x00, 0x00, 0x00, 0x00, 0x00, 0x00, 0x00, 0x00, 
    0x00, 0x00, 0x00, 0x00, 0x00, 0x00, 0x00, 0x00, 0x00, 0x00, 0x00, 0x00, 0x00, 0x00, 0x00, 0x00, 0x00, 0x00, 0x00, 0x00, 0x00, 0x00, 0x00, 0x00, 
    0x00, 0x00, 0x00, 0x00, 0x00, 0x00, 0x00, 0x00, 0x00, 0x00, 0x00, 0x00, 0x00, 0x00, 0x00, 0x00, 0x00, 0x00, 0x00, 0x00, 0x00, 0x00, 0x00, 0x00, 
    0x00, 0x00, 0x00, 0x00, 0x00, 0x00, 0x00, 0x00, 0x00, 0x00, 0x00, 0x00, 0x00, 0x00, 0x00, 0x00, 0x00, 0x00, 0x00, 0x00, 0x00, 0x00, 0x00, 0x00, 
    0x00, 0x00, 0x00, 0x00, 0x00, 0x00, 0x00, 0x00, 0x00, 0x00, 0x00, 0x00, 0x00, 0x00, 0x00, 0x00, 0x00, 0x00, 0x00, 0x00, 0x00, 0x00, 0x00, 0x00, 
    0x00, 0x00, 0x00, 0x00, 0x00, 0x00, 0x00, 0x00, 0x00, 0x00, 0x00, 0x00, 0x00, 0x00, 0x00, 0x00, 0x00, 0x00, 0x00, 0x00, 0x00, 0x00, 0x00, 0x00, 
    0x00, 0x00, 0x00, 0x00, 0x00, 0x00, 0x00, 0x00, 0x00, 0x00, 0x00, 0x00, 0x00, 0x00, 0x00, 0x00, 0x00, 0x00, 0x00, 0x00, 0x00, 0x00, 0x00, 0x00, 
    0x00, 0x00, 0x00, 0x00, 0x00, 0x00, 0x00, 0x00, 0x00, 0x00, 0x00, 0x00, 0x00, 0x00, 0x00, 0x00, 0x00, 0x00, 0x00, 0x00, 0x00, 0x00, 0x00, 0x00, 
    0x00, 0x00, 0x00, 0x00, 0x00, 0x00, 0x00, 0x00, 0x00, 0x00, 0x00, 0x00, 0x00, 0x00, 0x00, 0x00, 0x00, 0x00, 0x00, 0x00, 0x00, 0x00, 0x00, 0x00, 
    0x00, 0x00, 0x00, 0x00, 0x00, 0x00, 0x00, 0x00, 0x00, 0x00, 0x00, 0x00, 0x00, 0x00, 0x00, 0x00, 0x00, 0x00, 0x00, 0x00, 0x00, 0x00, 0x00, 0x00, 
    0x00, 0x00, 0x00, 0x00, 0x00, 0x00, 0x00, 0x00, 0x00, 0x00, 0x00, 0x00, 0x00, 0x00, 0x00, 0x00, 0x00, 0x00, 0x00, 0x00, 0x00, 0x00, 0x00, 0x00, 
    0x00, 0x00, 0x00, 0x00, 0x00, 0x00, 0x00, 0x00, 0x00, 0x00, 0x00, 0x00, 0x00, 0x00, 0x00, 0x00, 0x00, 0x00, 0x00, 0x00, 0x00, 0x00, 0x00, 0x00, 
    0x00, 0x00, 0x00, 0x00, 0x00, 0x00, 0x00, 0x00, 0x00, 0x00, 0x00, 0x00, 0x00, 0x00, 0x00, 0x00, 0x00, 0x00, 0x00, 0x00, 0x00, 0x00, 0x00, 0x00, 
    0x00, 0x00, 0x00, 0x00, 0x00, 0x00, 0x00, 0x00, 0x00, 0x00, 0x00, 0x00, 0x00, 0x00, 0x00, 0x00, 0x00, 0x00, 0x00, 0x00, 0x00, 0x00, 0x00, 0x00, 
    0x00, 0x00, 0x00, 0x00, 0x00, 0x00, 0x00, 0x00, 0x00, 0x00, 0x00, 0x00, 0x00, 0x00, 0x00, 0x00, 0x00, 0x00, 0x00, 0x00, 0x00, 0x00, 0x00, 0x00, 
    0x00, 0x00, 0x00, 0x00, 0x00, 0x00, 0x00, 0x00, 0x00, 0x00, 0x00, 0x00, 0x00, 0x00, 0x00, 0x00, 0x00, 0x00, 0x00, 0x00, 0x00, 0x00, 0x00, 0x00, 
    0x00, 0x00, 0x00, 0x00, 0xf8, 0x01, 0x66, 0x7a, 0x0a, 0x00, 0x00, 0x00, 0x00, 0x00, 0x00, 0x00, 0x00, 0x00, 0x00, 0x00, 0x00, 0x00, 0x00, 0x00, 
    0x00, 0x00, 0x00, 0x00, 0x00, 0x00, 0x00, 0x00, 0x00, 0xaa, 0xaa, 0x03, 0xc5, 0x81, 0x6a, 0xc5, 0x81, 0x1b, 0x00, 0xf8, 0x01, 0xe8, 0x8a, 0x0b, 
    0x27, 0x8a, 0x12, 0x2c, 0xcb, 0x05, 0x0f, 0x78, 0x02, 0x00, 0x00, 0x00, 0x00, 0x00, 0x00, 0x49, 0x92, 0x07, 0x47, 0x92, 0x2c, 0x26, 0x8a, 0xcb, 
    0x67, 0x9a, 0x48, 0x29, 0x9b, 0x0a, 0x25, 0x8a, 0x0b, 0xaa, 0xaa, 0x06, 0xa8, 0x9a, 0x12, 0x00, 0x00, 0x00, 0x00, 0x00, 0x00, 0x00, 0x00, 0x00, 
    0x00, 0x00, 0x00, 0x00, 0x00, 0x00, 0x00, 0x00, 0x00, 0x00, 0x00, 0x00, 0x00, 0x00, 0x00, 0x00, 0x00, 0x00, 0x00, 0x00, 0x00, 0x00, 0x00, 0x00, 
    0x00, 0x00, 0x00, 0x00, 0x00, 0x00, 0x00, 0x00, 0x00, 0x00, 0x00, 0x00, 0x00, 0x00, 0x00, 0x00, 0x00, 0x00, 0x00, 0x00, 0x00, 0x00, 0x00, 0x00, 
    0x00, 0x00, 0x00, 0x00, 0x00, 0x00, 0x00, 0x00, 0x00, 0x00, 0x00, 0x00, 0x00, 0x00, 0x00, 0x00, 0x00, 0x00, 0x00, 0x00, 0x00, 0x00, 0x00, 0x00, 
    0x00, 0x00, 0x00, 0x00, 0x00, 0x00, 0x00, 0x00, 0x00, 0x00, 0x00, 0x00, 0x00, 0x00, 0x00, 0x00, 0x00, 0x00, 0x00, 0x00, 0x00, 0x00, 0x00, 0x00, 
    0x00, 0x00, 0x00, 0x00, 0x00, 0x00, 0x00, 0x00, 0x00, 0x00, 0x00, 0x00, 0x00, 0x00, 0x00, 0x00, 0x00, 0x00, 0x00, 0x00, 0x00, 0x00, 0x00, 0x00, 
    0x00, 0x00, 0x00, 0x00, 0x00, 0x00, 0x00, 0x00, 0x00, 0x00, 0x00, 0x00, 0x00, 0x00, 0x00, 0x00, 0x00, 0x00, 0x00, 0x00, 0x00, 0x00, 0x00, 0x00, 
    0x00, 0x00, 0x00, 0x00, 0x00, 0x00, 0x00, 0x00, 0x00, 0x00, 0x00, 0x00, 0x00, 0x00, 0x00, 0x00, 0x00, 0x00, 0x00, 0x00, 0x00, 0x00, 0x00, 0x00, 
    0x00, 0x00, 0x00, 0x00, 0x00, 0x01, 0x00, 0x00, 0x01, 0xa7, 0x7a, 0x15, 0xaa, 0xaa, 0x03, 0x00, 0x00, 0x00, 0x00, 0x00, 0x00, 0x00, 0x00, 0x00, 
    0x00, 0x00, 0x00, 0x00, 0x00, 0x00, 0x00, 0x00, 0x00, 0x00, 0x00, 0x00, 0x00, 0x00, 0x00, 0x00, 0x00, 0x00, 0x00, 0x00, 0x00, 0x00, 0x00, 0x00, 
    0x00, 0x00, 0x00, 0x00, 0x00, 0x00, 0x00, 0x00, 0x00, 0x00, 0x00, 0x00, 0x00, 0x00, 0x00, 0x00, 0x00, 0x00, 0x00, 0x00, 0x00, 0x00, 0x00, 0x00, 
    0x00, 0x00, 0x00, 0x00, 0x00, 0x00, 0x00, 0x00, 0x00, 0x00, 0x00, 0x00, 0x00, 0x00, 0x00, 0x00, 0x00, 0x00, 0x00, 0x00, 0x00, 0x00, 0x00, 0x00, 
    0x00, 0x00, 0x00, 0x00, 0x00, 0x00, 0x00, 0x00, 0x00, 0x00, 0x00, 0x00, 0x00, 0xf8, 0x01, 0xe7, 0xb9, 0x04, 0x24, 0x91, 0x07, 0xe9, 0xba, 0x40, 
    0xe9, 0xc2, 0xb2, 0x87, 0xc2, 0xe4, 0x25, 0xba, 0xff, 0xc4, 0xb9, 0xff, 0xe4, 0xb9, 0xff, 0x05, 0xba, 0xff, 0x46, 0xba, 0xf9, 0xa8, 0xb2, 0x95, 
    0xea, 0xaa, 0x2f, 0x89, 0xa2, 0x2e, 0xa7, 0x8a, 0x09, 0x26, 0x9b, 0x05, 0x00, 0x00, 0x00, 0x00, 0x00, 0x00, 0x00, 0x00, 0x00, 0x00, 0x00, 0x00, 
    0x00, 0x00, 0x00, 0x00, 0x00, 0x00, 0x00, 0x00, 0x00, 0x00, 0x00, 0x00, 0x00, 0x00, 0x00, 0x00, 0x00, 0x00, 0x00, 0x00, 0x00, 0x00, 0x00, 0x00, 
    0x00, 0x00, 0x00, 0x00, 0x00, 0x00, 0x00, 0x00, 0x00, 0x00, 0x00, 0x00, 0x00, 0x00, 0x00, 0x00, 0x00, 0x00, 0x00, 0x00, 0x00, 0x00, 0x00, 0x00, 
    0x00, 0x00, 0x00, 0x00, 0x00, 0x00, 0x00, 0x00, 0x00, 0x00, 0x00, 0x00, 0x00, 0x00, 0x00, 0x00, 0x00, 0x00, 0x00, 0x00, 0x00, 0x00, 0x00, 0x00, 
    0x00, 0x00, 0x00, 0x00, 0x00, 0x00, 0x00, 0x00, 0x00, 0x00, 0x00, 0x00, 0x00, 0x00, 0x00, 0x00, 0x00, 0x00, 0x00, 0x00, 0x00, 0x00, 0x00, 0x00, 
    0x00, 0x00, 0x00, 0x00, 0x00, 0x00, 0x00, 0x00, 0x00, 0x00, 0x00, 0x00, 0x00, 0x00, 0x00, 0x00, 0x00, 0x00, 0x00, 0x00, 0x00, 0x00, 0x00, 0x00, 
    0x00, 0x00, 0x00, 0x00, 0x00, 0x00, 0x00, 0x00, 0x00, 0x00, 0x00, 0x00, 0x00, 0x00, 0x00, 0x00, 0x00, 0x00, 0x00, 0x00, 0x00, 0x00, 0x00, 0x00, 
    0x00, 0x00, 0x00, 0x00, 0x00, 0x00, 0x00, 0x00, 0x00, 0x00, 0x00, 0x00, 0x00, 0x00, 0x00, 0x00, 0x00, 0x00, 0x00, 0x00, 0x00, 0x00, 0x00, 0x00, 
    0x00, 0x00, 0x00, 0x00, 0x00, 0x00, 0x00, 0x00, 0x00, 0x00, 0x00, 0x00, 0x00, 0x00, 0x00, 0x00, 0x00, 0x00, 0x00, 0x00, 0x00, 0x00, 0x00, 0x00, 
    0x00, 0x00, 0x00, 0x00, 0x00, 0x00, 0x00, 0x00, 0x00, 0x00, 0x00, 0x00, 0x00, 0x00, 0x00, 0x00, 0x00, 0x00, 0x00, 0x00, 0x00, 0x00, 0x00, 0x00, 
    0x00, 0x00, 0x00, 0x00, 0x00, 0x00, 0x00, 0x00, 0x00, 0x00, 0x00, 0x00, 0x00, 0x00, 0x00, 0x00, 0x00, 0x00, 0x00, 0x00, 0x00, 0x00, 0x00, 0x00, 
    0x00, 0x00, 0x00, 0x00, 0x00, 0x00, 0x00, 0x00, 0x00, 0x00, 0x00, 0x00, 0x00, 0x00, 0x00, 0x00, 0x00, 0x00, 0x00, 0x00, 0x00, 0x00, 0x00, 0x00, 
    0x00, 0x00, 0x00, 0x00, 0x00, 0x00, 0x00, 0x00, 0x00, 0x00, 0x00, 0x00, 0x00, 0x00, 0x00, 0x00, 0x00, 0x00, 0x00, 0x00, 0x00, 0x00, 0x00, 0x00, 
    0x00, 0x00, 0x00, 0x00, 0x00, 0x00, 0x00, 0x00, 0x00, 0x00, 0x00, 0x00, 0x00, 0x00, 0x00, 0x00, 0x00, 0x00, 0x00, 0x00, 0x00, 0x00, 0x00, 0x00, 
    0x00, 0x00, 0x00, 0x00, 0x00, 0x00, 0x00, 0x00, 0x00, 0x00, 0x00, 0x00, 0x00, 0x00, 0x00, 0x00, 0x00, 0x00, 0x00, 0x00, 0x00, 0x00, 0x00, 0x00, 
    0x00, 0x00, 0x00, 0x00, 0x00, 0x00, 0x00, 0x00, 0x00, 0x00, 0x00, 0x00, 0x00, 0x00, 0x00, 0x00, 0x00, 0x00, 0x00, 0x00, 0x00, 0x00, 0x00, 0x00, 
    0x00, 0x00, 0x00, 0x00, 0x00, 0x00, 0x00, 0x00, 0x00, 0x00, 0x00, 0x00, 0x00, 0x00, 0x00, 0x00, 0x00, 0x00, 0x00, 0x00, 0x00, 0x00, 0x00, 0x00, 
    0x00, 0x00, 0x00, 0x00, 0x00, 0x00, 0x00, 0x00, 0x00, 0x00, 0x00, 0x00, 0x00, 0x00, 0x00, 0x00, 0x00, 0x00, 0x00, 0x00, 0x00, 0x00, 0x00, 0x00, 
    0x00, 0x00, 0x00, 0x00, 0x00, 0x00, 0x00, 0x00, 0x00, 0x00, 0x00, 0x00, 0x00, 0x00, 0x00, 0x00, 0x00, 0x00, 0x00, 0x00, 0x00, 0x00, 0x00, 0x00, 
    0x00, 0x00, 0x00, 0x00, 0x00, 0x00, 0x00, 0x00, 0x00, 0x00, 0x00, 0x00, 0x00, 0x00, 0x00, 0x00, 0x00, 0x00, 0x00, 0x00, 0x00, 0x00, 0x00, 0x00, 
    0x00, 0x00, 0x00, 0x00, 0x00, 0x00, 0x00, 0x00, 0x00, 0x00, 0x00, 0x00, 0x00, 0x00, 0x00, 0x00, 0x00, 0x00, 0x00, 0x00, 0x00, 0x00, 0x00, 0x00, 
    0x00, 0x00, 0x00, 0x00, 0x00, 0x00, 0x00, 0x00, 0x00, 0x00, 0x00, 0x00, 0x00, 0x00, 0x00, 0x00, 0x00, 0x00, 0x00, 0x00, 0x00, 0x00, 0x00, 0x00, 
    0x00, 0x00, 0x00, 0x00, 0x00, 0x00, 0x00, 0x00, 0x00, 0x00, 0x00, 0x00, 0x00, 0x00, 0x00, 0x00, 0x00, 0x00, 0x00, 0x00, 0x00, 0x00, 0x00, 0x00, 
    0x00, 0x00, 0x00, 0x00, 0x00, 0x00, 0x00, 0x00, 0x00, 0x00, 0x00, 0x00, 0x00, 0x00, 0x00, 0x00, 0x00, 0x00, 0x00, 0x00, 0x00, 0x00, 0x00, 0x00, 
    0x00, 0x00, 0x00, 0x00, 0x00, 0x00, 0x00, 0x00, 0x00, 0x00, 0x00, 0x00, 0x00, 0x00, 0x00, 0x00, 0x00, 0x00, 0x00, 0x00, 0x00, 0x00, 0x00, 0x00, 
    0x00, 0x00, 0x00, 0x00, 0x00, 0x00, 0x00, 0x00, 0x00, 0x00, 0x00, 0x00, 0x00, 0x00, 0x00, 0x00, 0x00, 0x00, 0x00, 0x00, 0x00, 0x00, 0x00, 0x00, 
    0x00, 0x00, 0x00, 0x00, 0x00, 0x00, 0x00, 0x00, 0x00, 0x00, 0x00, 0x00, 0x00, 0x00, 0x00, 0x00, 0x00, 0x00, 0x00, 0x00, 0x00, 0x00, 0x00, 0x00, 
    0x00, 0x00, 0x00, 0x00, 0x00, 0x00, 0x00, 0x00, 0x00, 0x00, 0x00, 0x00, 0x00, 0x00, 0x00, 0x00, 0x00, 0x00, 0x00, 0x00, 0x00, 0x00, 0x00, 0x00, 
    0x00, 0x00, 0x00, 0x00, 0x00, 0x00, 0x00, 0x00, 0x00, 0x00, 0x00, 0x00, 0x00, 0x00, 0x00, 0x00, 0x00, 0x00, 0x00, 0x00, 0x00, 0x00, 0x00, 0x00, 
    0x00, 0x00, 0x00, 0x00, 0x00, 0x00, 0x00, 0x00, 0x00, 0x00, 0x00, 0x00, 0x00, 0x00, 0x00, 0x00, 0x00, 0x00, 0x00, 0x00, 0x00, 0x00, 0x00, 0x00, 
    0x00, 0x00, 0x00, 0x00, 0x00, 0x00, 0x00, 0x00, 0x00, 0x00, 0xf8, 0x01, 0x05, 0x72, 0x2b, 0x06, 0x7a, 0x39, 0x26, 0x7a, 0x46, 0x00, 0x00, 0x00, 
    0xe0, 0x7b, 0x02, 0x00, 0x00, 0x00, 0x00, 0x00, 0x00, 0x00, 0x00, 0x00, 0x00, 0x00, 0x00, 0xe7, 0x79, 0x04, 0xaa, 0x52, 0x03, 0x46, 0x92, 0x0e, 
    0x26, 0x92, 0x2b, 0xe7, 0x79, 0x08, 0x00, 0x00, 0x00, 0x47, 0x92, 0x22, 0x68, 0x92, 0x27, 0x48, 0x92, 0x26, 0x67, 0x9a, 0x10, 0x67, 0x8a, 0x32, 
    0x67, 0x8a, 0x38, 0xc9, 0xa2, 0x11, 0x88, 0x9a, 0x26, 0x88, 0x92, 0x3f, 0xa8, 0x92, 0x36, 0x88, 0x92, 0x22, 0x47, 0x92, 0x11, 0x27, 0x82, 0x3f, 
    0x47, 0x82, 0x1f, 0x00, 0x00, 0x00, 0xe0, 0x7b, 0x02, 0x00, 0x00, 0x00, 0x00, 0x00, 0x00, 0x00, 0x00, 0x00, 0x00, 0x00, 0x00, 0x00, 0x00, 0x00, 
    0x00, 0x00, 0x00, 0x00, 0x00, 0x00, 0xe5, 0x71, 0x1d, 0xa5, 0x71, 0x18, 0x00, 0x00, 0x00, 0x00, 0x00, 0x01, 0x00, 0x00, 0x00, 0x00, 0x00, 0x00, 
    0x00, 0x00, 0x00, 0x00, 0x00, 0x00, 0x00, 0x00, 0x00, 0x00, 0x00, 0x00, 0x00, 0x00, 0x00, 0x00, 0x00, 0x00, 0x00, 0x00, 0x00, 0x00, 0x00, 0x00, 
    0x00, 0x00, 0x00, 0x00, 0x00, 0x00, 0x00, 0x00, 0x00, 0x00, 0x00, 0x00, 0x00, 0x00, 0x00, 0x00, 0x00, 0x00, 0x00, 0x00, 0x00, 0x00, 0x00, 0x00, 
    0x00, 0x00, 0x00, 0x00, 0x00, 0x00, 0x00, 0x00, 0x00, 0x00, 0x00, 0x00, 0x00, 0x00, 0x00, 0x00, 0x00, 0x00, 0x00, 0x00, 0x00, 0x00, 0x00, 0x00, 
    0x00, 0x00, 0x00, 0x00, 0x00, 0x00, 0x00, 0x00, 0x00, 0x00, 0x00, 0x00, 0x00, 0x00, 0x00, 0x00, 0x00, 0x00, 0x00, 0x00, 0x00, 0x00, 0x00, 0x00, 
    0x00, 0x00, 0x00, 0x00, 0x00, 0x00, 0x00, 0x00, 0x00, 0x00, 0x00, 0x00, 0x00, 0x00, 0x00, 0x00, 0x00, 0x00, 0x00, 0x00, 0x00, 0x00, 0x00, 0x00, 
    0x00, 0x00, 0x00, 0x00, 0x00, 0x00, 0x00, 0x00, 0x00, 0x00, 0x00, 0x00, 0x00, 0x00, 0x00, 0x00, 0x00, 0x00, 0x00, 0x00, 0x00, 0x00, 0x00, 0x00, 
    0x00, 0x00, 0x00, 0x00, 0x00, 0x00, 0x00, 0x00, 0x00, 0x00, 0x00, 0x00, 0x00, 0x00, 0x00, 0x00, 0x00, 0x00, 0x00, 0x00, 0x00, 0x00, 0x00, 0x00, 
    0x00, 0x00, 0x00, 0x00, 0x00, 0x00, 0x00, 0x00, 0x00, 0x00, 0x00, 0x00, 0x00, 0x00, 0x00, 0x00, 0x00, 0x00, 0x00, 0x00, 0x00, 0x00, 0x00, 0x00, 
    0x00, 0x00, 0x00, 0x00, 0x00, 0x00, 0x00, 0x00, 0x00, 0x00, 0x00, 0x00, 0x00, 0x00, 0x00, 0x00, 0x00, 0x00, 0x00, 0x00, 0x00, 0x00, 0x00, 0x00, 
    0x00, 0x00, 0x00, 0x00, 0x00, 0x00, 0x00, 0x00, 0x00, 0x00, 0x00, 0x00, 0x00, 0x00, 0x00, 0x00, 0x00, 0x00, 0x00, 0x00, 0x00, 0x00, 0x00, 0x00, 
    0x00, 0x78, 0x02, 0xa7, 0xaa, 0x0c, 0x8b, 0xcb, 0x19, 0x46, 0xaa, 0x98, 0xc4, 0xa9, 0xff, 0xa3, 0xb1, 0xff, 0xa3, 0xb9, 0xfe, 0xa3, 0xb9, 0xfe, 
    0xa3, 0xb1, 0xfe, 0xa3, 0xb1, 0xfd, 0xa3, 0xb9, 0xff, 0x26, 0xb2, 0xeb, 0x09, 0xb3, 0x61, 0xa8, 0x9a, 0x36, 0x69, 0x9a, 0x0a, 0xe7, 0x7b, 0x04, 
    0x00, 0x00, 0x00, 0x00, 0x00, 0x00, 0x00, 0x00, 0x00, 0x00, 0x00, 0x00, 0x00, 0x00, 0x00, 0x00, 0x00, 0x00, 0x00, 0x00, 0x00, 0x00, 0x00, 0x00, 
    0x00, 0x00, 0x00, 0x00, 0x00, 0x00, 0x00, 0x00, 0x00, 0x00, 0x00, 0x00, 0x00, 0x00, 0x00, 0x00, 0x00, 0x00, 0x00, 0x00, 0x00, 0x00, 0x00, 0x00, 
    0x00, 0x00, 0x00, 0x00, 0x00, 0x00, 0x00, 0x00, 0x00, 0x00, 0x00, 0x00, 0x00, 0x00, 0x00, 0x00, 0x00, 0x00, 0x00, 0x00, 0x00, 0x00, 0x00, 0x00, 
    0x00, 0x00, 0x00, 0x00, 0x00, 0x00, 0x00, 0x00, 0x00, 0x00, 0x00, 0x00, 0x00, 0x00, 0x00, 0x00, 0x00, 0x00, 0x00, 0x00, 0x00, 0x00, 0x00, 0x00, 
    0x00, 0x00, 0x00, 0x00, 0x00, 0x00, 0x00, 0x00, 0x00, 0x00, 0x00, 0x00, 0x00, 0x00, 0x00, 0x00, 0x00, 0x00, 0x00, 0x00, 0x00, 0x00, 0x00, 0x00, 
    0x00, 0x00, 0x00, 0x00, 0x00, 0x00, 0x00, 0x00, 0x00, 0x00, 0x00, 0x00, 0x00, 0x00, 0x00, 0x00, 0x00, 0x00, 0x00, 0x00, 0x00, 0x00, 0x00, 0x00, 
    0x00, 0x00, 0x00, 0x00, 0x00, 0x00, 0x00, 0x00, 0x00, 0x00, 0x00, 0x00, 0x00, 0x00, 0x00, 0x00, 0x00, 0x00, 0x00, 0x00, 0x00, 0x00, 0x00, 0x00, 
    0x00, 0x00, 0x00, 0x00, 0x00, 0x00, 0x00, 0x00, 0x00, 0x00, 0x00, 0x00, 0x00, 0x00, 0x00, 0x00, 0x00, 0x00, 0x00, 0x00, 0x00, 0x00, 0x00, 0x00, 
    0x00, 0x00, 0x00, 0x00, 0x00, 0x00, 0x00, 0x00, 0x00, 0x00, 0x00, 0x00, 0x00, 0x00, 0x00, 0x00, 0x00, 0x00, 0x00, 0x00, 0x00, 0x00, 0x00, 0x00, 
    0x00, 0x00, 0x00, 0x00, 0x00, 0x00, 0x00, 0x00, 0x00, 0x00, 0x00, 0x00, 0x00, 0x00, 0x00, 0x00, 0x00, 0x00, 0x00, 0x00, 0x00, 0x00, 0x00, 0x00, 
    0x00, 0x00, 0x00, 0x00, 0x00, 0x00, 0x00, 0x00, 0x00, 0x00, 0x00, 0x00, 0x00, 0x00, 0x00, 0x00, 0x00, 0x00, 0x00, 0x00, 0x00, 0x00, 0x00, 0x00, 
    0x00, 0x00, 0x00, 0x00, 0x00, 0x00, 0x00, 0x00, 0x00, 0x00, 0x00, 0x00, 0x00, 0x00, 0x00, 0x00, 0x00, 0x00, 0x00, 0x00, 0x00, 0x00, 0x00, 0x00, 
    0x00, 0x00, 0x00, 0x00, 0x00, 0x00, 0x00, 0x00, 0x00, 0x00, 0x00, 0x00, 0x00, 0x00, 0x00, 0x00, 0x00, 0x00, 0x00, 0x00, 0x00, 0x00, 0x00, 0x00, 
    0x00, 0x00, 0x00, 0x00, 0x00, 0x00, 0x00, 0x00, 0x00, 0x00, 0x00, 0x00, 0x00, 0x00, 0x00, 0x00, 0x00, 0x00, 0x00, 0x00, 0x00, 0x00, 0x00, 0x00, 
    0x00, 0x00, 0x00, 0x00, 0x00, 0x00, 0x00, 0x00, 0x00, 0x00, 0x00, 0x00, 0x00, 0x00, 0x00, 0x00, 0x00, 0x00, 0x00, 0x00, 0x00, 0x00, 0x00, 0x00, 
    0x00, 0x00, 0x00, 0x00, 0x00, 0x00, 0x00, 0x00, 0x00, 0x00, 0x00, 0x00, 0x00, 0x00, 0x00, 0x00, 0x00, 0x00, 0x00, 0x00, 0x00, 0x00, 0x00, 0x00, 
    0x00, 0x00, 0x00, 0x00, 0x00, 0x00, 0x00, 0x00, 0x00, 0x00, 0x00, 0x00, 0x00, 0x00, 0x00, 0x00, 0x00, 0x00, 0x00, 0x00, 0x00, 0x00, 0x00, 0x00, 
    0x00, 0x00, 0x00, 0x00, 0x00, 0x00, 0x00, 0x00, 0x00, 0x00, 0x00, 0x00, 0x00, 0x00, 0x00, 0x00, 0x00, 0x00, 0x00, 0x00, 0x00, 0x00, 0x00, 0x00, 
    0x00, 0x00, 0x00, 0x00, 0x00, 0x00, 0x00, 0x00, 0x00, 0x00, 0x00, 0x00, 0x00, 0x00, 0x00, 0x00, 0x00, 0x00, 0x00, 0x00, 0x00, 0x00, 0x00, 0x00, 
    0x00, 0x00, 0x00, 0x00, 0x00, 0x00, 0x00, 0x00, 0x00, 0x00, 0x00, 0x00, 0x00, 0x00, 0x00, 0x00, 0x00, 0x00, 0x00, 0x00, 0x00, 0x00, 0x00, 0x00, 
    0x00, 0x00, 0x00, 0x00, 0x00, 0x00, 0x00, 0x00, 0x00, 0x00, 0x00, 0x00, 0x00, 0x00, 0x00, 0x00, 0x00, 0x00, 0x00, 0x00, 0x00, 0x00, 0x00, 0x00, 
    0x00, 0x00, 0x00, 0x00, 0x00, 0x00, 0x00, 0x00, 0x00, 0x00, 0x00, 0x00, 0x00, 0x00, 0x00, 0x00, 0x00, 0x00, 0x00, 0x00, 0x00, 0x00, 0x00, 0x00, 
    0x00, 0x00, 0x00, 0x00, 0x00, 0x00, 0x00, 0x00, 0x00, 0x00, 0x00, 0x00, 0x00, 0x00, 0x00, 0x00, 0x00, 0x00, 0x00, 0x00, 0x00, 0x00, 0x00, 0x00, 
    0x00, 0x00, 0x00, 0x00, 0x00, 0x00, 0x00, 0x00, 0x00, 0x00, 0x00, 0x00, 0x00, 0x00, 0x00, 0x00, 0x00, 0x00, 0x00, 0x00, 0x00, 0x00, 0x00, 0x00, 
    0x00, 0x00, 0x00, 0x00, 0x00, 0x00, 0x00, 0x00, 0x00, 0x00, 0x00, 0x00, 0x00, 0x00, 0x01, 0x00, 0x00, 0x00, 0x00, 0x00, 0x00, 0x00, 0x00, 0x00, 
    0x00, 0x00, 0x00, 0x00, 0x00, 0x00, 0x00, 0x00, 0x00, 0x00, 0x00, 0x00, 0x00, 0x00, 0x00, 0x00, 0x00, 0x00, 0x00, 0x00, 0x00, 0x00, 0x00, 0x00, 
    0x00, 0x00, 0x00, 0x00, 0x00, 0x00, 0x00, 0x00, 0x00, 0x00, 0x00, 0x00, 0x00, 0x00, 0x00, 0x00, 0x00, 0x00, 0x00, 0x00, 0x00, 0x00, 0x00, 0x00, 
    0x00, 0x00, 0x00, 0x00, 0x00, 0x00, 0x00, 0x00, 0x00, 0x00, 0x00, 0x00, 0x00, 0x00, 0x00, 0x00, 0x00, 0x00, 0x00, 0x00, 0x00, 0x00, 0x00, 0x00, 
    0x00, 0x00, 0x00, 0x00, 0x00, 0x00, 0x00, 0x00, 0x00, 0x00, 0x00, 0x00, 0x00, 0x00, 0x00, 0x00, 0x00, 0x00, 0x00, 0x00, 0x00, 0x00, 0x00, 0x00, 
    0x00, 0x00, 0x00, 0x00, 0x00, 0x00, 0x00, 0x00, 0x00, 0x00, 0x00, 0x00, 0x00, 0x00, 0x00, 0x00, 0x00, 0x00, 0x00, 0x00, 0x00, 0xaa, 0xaa, 0x06, 
    0xe5, 0x79, 0xb8, 0x05, 0x7a, 0x5b, 0x1f, 0xf8, 0x01, 0x00, 0x78, 0x02, 0x00, 0x00, 0x00, 0x00, 0x00, 0x00, 0x00, 0x00, 0x00, 0x00, 0x00, 0x00, 
    0x00, 0x00, 0x00, 0xe7, 0x79, 0x08, 0x47, 0x92, 0x15, 0x67, 0x92, 0x1a, 0xa8, 0x9a, 0x1e, 0x88, 0x92, 0x16, 0x88, 0x92, 0x26, 0x68, 0x9a, 0x21, 
    0xa8, 0x9a, 0x21, 0x47, 0x92, 0x65, 0x88, 0x9a, 0x4d, 0x67, 0x8a, 0x28, 0x27, 0x8a, 0x24, 0xc8, 0x9a, 0x2b, 0x88, 0x9a, 0x37, 0xa8, 0x92, 0x2d, 
    0xa8, 0x9a, 0x44, 0xc8, 0xa2, 0x44, 0x88, 0x9a, 0x51, 0x26, 0x82, 0x95, 0x27, 0x82, 0x32, 0xef, 0xbb, 0x04, 0x26, 0x9b, 0x05, 0x00, 0x00, 0x00, 
    0x00, 0x00, 0x01, 0x00, 0x00, 0x00, 0x00, 0x00, 0x00, 0x00, 0x00, 0x00, 0x00, 0x50, 0x03, 0x00, 0x00, 0x00, 0xa5, 0x71, 0x68, 0x84, 0x69, 0x55, 
    0x00, 0x00, 0x00, 0xe0, 0x7b, 0x02, 0x00, 0x00, 0x00, 0x00, 0x00, 0x00, 0x00, 0x00, 0x00, 0x00, 0x00, 0x00, 0x00, 0x00, 0x00, 0x00, 0x00, 0x00, 
    0xe0, 0xff, 0x01, 0xe0, 0xff, 0x01, 0x00, 0x00, 0x00, 0x00, 0x00, 0x00, 0x00, 0x00, 0x00, 0x00, 0x00, 0x00, 0x00, 0x00, 0x00, 0x00, 0x00, 0x00, 
    0x00, 0x00, 0x00, 0x00, 0x00, 0x00, 0x00, 0x00, 0x00, 0x00, 0x00, 0x00, 0x00, 0x00, 0x00, 0x00, 0x00, 0x00, 0x00, 0x00, 0x00, 0x00, 0x00, 0x00, 
    0x00, 0x00, 0x00, 0x00, 0x00, 0x00, 0x00, 0x00, 0x00, 0x00, 0x00, 0x00, 0x00, 0x00, 0x00, 0x00, 0x00, 0x00, 0x00, 0x00, 0x00, 0x00, 0x00, 0x00, 
    0x00, 0x00, 0x00, 0x00, 0x00, 0x00, 0x00, 0x00, 0x00, 0x00, 0x00, 0x00, 0x00, 0x00, 0x00, 0x00, 0x00, 0x00, 0x00, 0x00, 0x00, 0x00, 0x00, 0x00, 
    0x00, 0x00, 0x00, 0x00, 0x00, 0x00, 0x00, 0x00, 0x00, 0x00, 0x00, 0x00, 0x00, 0x00, 0x00, 0x00, 0x00, 0x00, 0x00, 0x00, 0x00, 0x00, 0x00, 0x00, 
    0x00, 0x00, 0x00, 0x27, 0x7a, 0x1d, 0x67, 0x7a, 0x10, 0x00, 0x00, 0x01, 0x00, 0x00, 0x01, 0x00, 0x00, 0x00, 0x00, 0x00, 0x00, 0x00, 0x00, 0x00, 
    0x00, 0x00, 0x00, 0x00, 0x00, 0x00, 0x00, 0x00, 0x00, 0x00, 0x00, 0x00, 0x00, 0x00, 0x00, 0x00, 0x00, 0x00, 0x00, 0x00, 0x00, 0x00, 0x00, 0x00, 
    0x00, 0x00, 0x00, 0x00, 0x00, 0x00, 0x00, 0x00, 0x00, 0x00, 0x00, 0x00, 0x00, 0x00, 0x00, 0x00, 0x00, 0x00, 0x00, 0x00, 0x00, 0x00, 0x00, 0x00, 
    0x00, 0x00, 0x00, 0x00, 0x00, 0x00, 0x00, 0x00, 0x00, 0x00, 0x00, 0x00, 0x00, 0x00, 0x00, 0x00, 0x00, 0x00, 0x00, 0x00, 0x00, 0x00, 0x00, 0x00, 
    0x00, 0x00, 0x00, 0x00, 0x00, 0x00, 0x00, 0x00, 0x00, 0x00, 0x00, 0x00, 0x00, 0xf8, 0x01, 0xc9, 0xb2, 0x1f, 0xa8, 0xba, 0x6d, 0x05, 0xb2, 0xf2, 
    0x62, 0xa9, 0xfe, 0xa3, 0xb1, 0xfd, 0xa3, 0xb9, 0xff, 0xa3, 0xb9, 0xff, 0xa3, 0xb1, 0xff, 0xa3, 0xb1, 0xff, 0xa3, 0xb1, 0xfe, 0xe4, 0xb1, 0xff, 
    0xc9, 0xba, 0xac, 0x0a, 0xb3, 0x3c, 0x49, 0xa2, 0x11, 0x26, 0x9b, 0x05, 0x00, 0x00, 0x00, 0x00, 0x00, 0x00, 0x00, 0x00, 0x00, 0x00, 0x00, 0x00, 
    0x00, 0x00, 0x00, 0x00, 0x00, 0x00, 0x00, 0x00, 0x00, 0x00, 0x00, 0x00, 0x00, 0x00, 0x00, 0x00, 0x00, 0x00, 0x00, 0x00, 0x00, 0x00, 0x00, 0x00, 
    0x00, 0x00, 0x00, 0x00, 0x00, 0x00, 0x00, 0x00, 0x00, 0x00, 0x00, 0x00, 0x00, 0x00, 0x00, 0x00, 0x00, 0x00, 0x00, 0x00, 0x00, 0x00, 0x00, 0x00, 
    0x00, 0x00, 0x00, 0x00, 0x00, 0x00, 0x00, 0x00, 0x00, 0x00, 0x00, 0x00, 0x00, 0x00, 0x00, 0x00, 0x00, 0x00, 0x00, 0x00, 0x00, 0x00, 0x00, 0x00, 
    0x00, 0x00, 0x00, 0x00, 0x00, 0x00, 0x00, 0x00, 0x00, 0x00, 0x00, 0x00, 0x00, 0x00, 0x00, 0x00, 0x00, 0x00, 0x00, 0x00, 0x00, 0x00, 0x00, 0x00, 
    0x00, 0x00, 0x00, 0x00, 0x00, 0x00, 0x00, 0x00, 0x00, 0x00, 0x00, 0x00, 0x00, 0x00, 0x00, 0x00, 0x00, 0x00, 0x00, 0x00, 0x00, 0x00, 0x00, 0x00, 
    0x00, 0x00, 0x00, 0x00, 0x00, 0x00, 0x00, 0x00, 0x00, 0x00, 0x00, 0x00, 0x00, 0x00, 0x00, 0x00, 0x00, 0x00, 0x00, 0x00, 0x00, 0x00, 0x00, 0x00, 
    0x00, 0x00, 0x00, 0x00, 0x00, 0x00, 0x00, 0x00, 0x00, 0x00, 0x00, 0x00, 0x00, 0x00, 0x00, 0x00, 0x00, 0x00, 0x00, 0x00, 0x00, 0x00, 0x00, 0x00, 
    0x00, 0x00, 0x00, 0x00, 0x00, 0x00, 0x00, 0x00, 0x00, 0x00, 0x00, 0x00, 0x00, 0x00, 0x00, 0x00, 0x00, 0x00, 0x00, 0x00, 0x00, 0x00, 0x00, 0x00, 
    0x00, 0x00, 0x00, 0x00, 0x00, 0x00, 0x00, 0x00, 0x00, 0x00, 0x00, 0x00, 0x00, 0x00, 0x00, 0x00, 0x00, 0x00, 0x00, 0x00, 0x00, 0x00, 0x00, 0x00, 
    0x00, 0x00, 0x00, 0x00, 0x00, 0x00, 0x00, 0x00, 0x00, 0x00, 0x00, 0x00, 0x00, 0x00, 0x00, 0x00, 0x00, 0x00, 0x00, 0x00, 0x00, 0x00, 0x00, 0x00, 
    0x00, 0x00, 0x00, 0x00, 0x00, 0x00, 0x00, 0x00, 0x00, 0x00, 0x00, 0x00, 0x00, 0x00, 0x00, 0x00, 0x00, 0x00, 0x00, 0x00, 0x00, 0x00, 0x00, 0x00, 
    0x00, 0x00, 0x00, 0x00, 0x00, 0x00, 0x00, 0x00, 0x00, 0x00, 0x00, 0x00, 0x00, 0x00, 0x00, 0x00, 0x00, 0x00, 0x00, 0x00, 0x00, 0x00, 0x00, 0x00, 
    0x00, 0x00, 0x00, 0x00, 0x00, 0x00, 0x00, 0x00, 0x00, 0x00, 0x00, 0x00, 0x00, 0x00, 0x00, 0x00, 0x00, 0x00, 0x00, 0x00, 0x00, 0x00, 0x00, 0x00, 
    0x00, 0x00, 0x00, 0x00, 0x00, 0x00, 0x00, 0x00, 0x00, 0x00, 0x00, 0x00, 0x00, 0x00, 0x00, 0x00, 0x00, 0x00, 0x00, 0x00, 0x00, 0x00, 0x00, 0x00, 
    0x00, 0x00, 0x00, 0x00, 0x00, 0x00, 0x00, 0x00, 0x00, 0x00, 0x00, 0x00, 0x00, 0x00, 0x00, 0x00, 0x00, 0x00, 0x00, 0x00, 0x00, 0x00, 0x00, 0x00, 
    0x00, 0x00, 0x00, 0x00, 0x00, 0x00, 0x00, 0x00, 0x00, 0x00, 0x00, 0x00, 0x00, 0x00, 0x00, 0x00, 0x00, 0x00, 0x00, 0x00, 0x00, 0x00, 0x00, 0x00, 
    0x00, 0x00, 0x00, 0x00, 0x00, 0x00, 0x00, 0x00, 0x00, 0x00, 0x00, 0x00, 0x00, 0x00, 0x00, 0x00, 0x00, 0x00, 0x00, 0x00, 0x00, 0x00, 0x00, 0x00, 
    0x00, 0x00, 0x00, 0x00, 0x00, 0x00, 0x00, 0x00, 0x00, 0x00, 0x00, 0x00, 0x00, 0x00, 0x00, 0x00, 0x00, 0x00, 0x00, 0x00, 0x00, 0x00, 0x00, 0x00, 
    0x00, 0x00, 0x00, 0x00, 0x00, 0x00, 0x00, 0x00, 0x00, 0x00, 0x00, 0x00, 0x00, 0x00, 0x00, 0x00, 0x00, 0x00, 0x00, 0x00, 0x00, 0x00, 0x00, 0x00, 
    0x00, 0x00, 0x00, 0x00, 0x00, 0x00, 0x00, 0x00, 0x00, 0x00, 0x00, 0x00, 0x00, 0x00, 0x00, 0x00, 0x00, 0x00, 0x00, 0x00, 0x00, 0x00, 0x00, 0x00, 
    0x00, 0x00, 0x00, 0x00, 0x00, 0x00, 0x00, 0x00, 0x00, 0x00, 0x00, 0x00, 0x00, 0x00, 0x00, 0x00, 0x00, 0x00, 0x00, 0x00, 0x00, 0x00, 0x00, 0x00, 
    0x00, 0x00, 0x00, 0x00, 0x00, 0x00, 0x00, 0x00, 0x00, 0x00, 0x00, 0x00, 0x00, 0x00, 0x00, 0x00, 0x00, 0x00, 0x00, 0x00, 0x00, 0x00, 0x00, 0x00, 
    0x00, 0x00, 0x00, 0x00, 0x00, 0x00, 0x00, 0x00, 0x00, 0x00, 0x00, 0x00, 0x00, 0x00, 0x00, 0x00, 0x00, 0x00, 0x00, 0x00, 0x00, 0x00, 0x00, 0x00, 
    0x00, 0x00, 0x00, 0x00, 0x00, 0x00, 0x00, 0x00, 0x00, 0x00, 0x00, 0x00, 0x00, 0x00, 0x00, 0x00, 0x00, 0x00, 0x00, 0x00, 0x00, 0x00, 0x00, 0x00, 
    0x00, 0x00, 0x00, 0x00, 0x00, 0x00, 0x00, 0x00, 0x00, 0x00, 0x00, 0x00, 0x00, 0x00, 0x00, 0x00, 0x00, 0x00, 0x00, 0x00, 0x00, 0x00, 0x00, 0x00, 
    0x00, 0x00, 0x00, 0x00, 0x00, 0x00, 0x00, 0x00, 0x00, 0x00, 0x00, 0x00, 0x00, 0x00, 0x00, 0x00, 0x00, 0x00, 0x00, 0x00, 0x00, 0x00, 0x00, 0x00, 
    0x00, 0x00, 0x00, 0x00, 0x00, 0x00, 0x00, 0x00, 0x00, 0x00, 0x00, 0x00, 0x00, 0x00, 0x00, 0x00, 0x00, 0x00, 0x00, 0x00, 0x00, 0x00, 0x00, 0x00, 
    0x00, 0x00, 0x00, 0x00, 0x00, 0x00, 0x00, 0x00, 0x00, 0x00, 0x00, 0x00, 0x00, 0x00, 0x00, 0x00, 0x00, 0x00, 0x00, 0x00, 0x00, 0x00, 0x00, 0x00, 
    0x00, 0x00, 0x00, 0x00, 0x00, 0x00, 0x00, 0x00, 0x00, 0x00, 0x00, 0x00, 0x00, 0x00, 0x00, 0x00, 0x00, 0x00, 0x00, 0x00, 0x00, 0x00, 0x00, 0x00, 
    0x46, 0x7a, 0x0e, 0xef, 0x7b, 0x02, 0x00, 0x00, 0x00, 0x00, 0x00, 0x00, 0x28, 0xa2, 0x0b, 0xe7, 0x99, 0x08, 0x00, 0x00, 0x00, 0x00, 0x78, 0x02, 
    0x00, 0xf8, 0x01, 0x00, 0x00, 0x00, 0x00, 0x00, 0x00, 0x00, 0x00, 0x00, 0x00, 0x00, 0x01, 0x00, 0x78, 0x02, 0x46, 0x92, 0x0e, 0x68, 0x92, 0x27, 
    0x68, 0x92, 0x3b, 0x67, 0x92, 0x73, 0xa8, 0xa2, 0x21, 0x88, 0x9a, 0x43, 0x88, 0xa2, 0x57, 0xe9, 0xb2, 0x2b, 0xa8, 0xa2, 0x5e, 0xe9, 0xa2, 0x2e, 
    0xc9, 0xa2, 0x5a, 0xc9, 0xa2, 0x4b, 0xa9, 0x9a, 0x1d, 0x88, 0x9a, 0x47, 0x87, 0x9a, 0x32, 0x26, 0x92, 0xcf, 0x67, 0xa2, 0x47, 0xff, 0xff, 0x01, 
    0x68, 0x8a, 0x3e, 0x67, 0x82, 0x44, 0xaa, 0xaa, 0x06, 0x8c, 0x99, 0x05, 0x00, 0x00, 0x00, 0x00, 0x00, 0x00, 0x00, 0x00, 0x00, 0x00, 0x00, 0x00, 
    0x00, 0x00, 0x00, 0x00, 0x00, 0x00, 0xe0, 0xfb, 0x02, 0x00, 0x00, 0x00, 0x00, 0x00, 0x00, 0x00, 0x00, 0x00, 0x00, 0x00, 0x00, 0x00, 0x00, 0x00, 
    0x00, 0x00, 0x00, 0x00, 0x00, 0x00, 0x00, 0x00, 0x01, 0x00, 0x00, 0x00, 0xe5, 0x71, 0x52, 0x06, 0x7a, 0x49, 0x00, 0x00, 0x00, 0x00, 0xf8, 0x01, 
    0x00, 0x00, 0x00, 0x00, 0x00, 0x00, 0x00, 0x00, 0x00, 0x00, 0x00, 0x00, 0x00, 0x00, 0x00, 0x00, 0x00, 0x00, 0x00, 0x00, 0x00, 0x00, 0x00, 0x00, 
    0x00, 0x00, 0x00, 0x00, 0x00, 0x00, 0x00, 0x00, 0x00, 0x00, 0x00, 0x00, 0x00, 0x00, 0x00, 0x00, 0x00, 0x00, 0x00, 0x00, 0x00, 0x00, 0x00, 0x00, 
    0x00, 0x00, 0x00, 0x00, 0x00, 0x00, 0x00, 0x00, 0x00, 0x00, 0x00, 0x00, 0x00, 0x00, 0x00, 0x00, 0x00, 0x00, 0x00, 0x00, 0x00, 0x00, 0x00, 0x00, 
    0x00, 0x00, 0x00, 0x00, 0x00, 0x00, 0x00, 0x00, 0x00, 0x00, 0x00, 0x00, 0x00, 0x00, 0x00, 0x00, 0x00, 0x00, 0x00, 0x00, 0x00, 0x00, 0x00, 0x00, 
    0x00, 0x00, 0x00, 0x00, 0x00, 0x00, 0x00, 0x00, 0x00, 0x00, 0x00, 0x02, 0xe0, 0xff, 0x01, 0x26, 0x6a, 0x3b, 0x66, 0x72, 0x20, 0x00, 0x00, 0x00, 
    0x00, 0xf8, 0x01, 0x00, 0x00, 0x00, 0x00, 0x00, 0x00, 0x00, 0x00, 0x00, 0x00, 0x00, 0x00, 0x00, 0x00, 0x00, 0x00, 0x00, 0x00, 0x00, 0x00, 0x00, 
    0x00, 0x00, 0x00, 0x00, 0x00, 0x00, 0x00, 0x00, 0x00, 0x00, 0x00, 0x00, 0x00, 0x00, 0x00, 0x00, 0x00, 0x00, 0x00, 0x00, 0x00, 0x00, 0x00, 0x00, 
    0x00, 0x00, 0x00, 0x00, 0x00, 0x00, 0x00, 0x00, 0x00, 0x00, 0x00, 0x00, 0x00, 0x00, 0x00, 0x00, 0x00, 0x00, 0x00, 0x00, 0x00, 0x00, 0x00, 0x00, 
    0x00, 0x00, 0x00, 0x00, 0x00, 0x00, 0x00, 0x00, 0x00, 0x00, 0x00, 0x00, 0x00, 0x00, 0x00, 0x00, 0x00, 0x00, 0x00, 0x00, 0x00, 0x00, 0x00, 0x01, 
    0x69, 0xb2, 0x0a, 0x88, 0xb2, 0x5c, 0xe5, 0xa9, 0xf1, 0xa3, 0xb1, 0xff, 0xa3, 0xb1, 0xfe, 0xa3, 0xb9, 0xff, 0xa3, 0xb9, 0xff, 0xa3, 0xb9, 0xff, 
    0xa3, 0xb1, 0xff, 0xa3, 0xb1, 0xff, 0xa3, 0xb9, 0xfe, 0xc4, 0xb9, 0xff, 0x87, 0xb2, 0xef, 0x2a, 0xbb, 0x62, 0x49, 0x9a, 0x15, 0xaa, 0xaa, 0x03, 
    0x00, 0x00, 0x00, 0x00, 0x00, 0x00, 0x00, 0x00, 0x00, 0x00, 0x00, 0x00, 0x00, 0x00, 0x00, 0x00, 0x00, 0x00, 0x00, 0x00, 0x00, 0x00, 0x00, 0x00, 
    0x00, 0x00, 0x00, 0x00, 0x00, 0x00, 0x00, 0x00, 0x00, 0x00, 0x00, 0x00, 0x00, 0x00, 0x00, 0x00, 0x00, 0x00, 0x00, 0x00, 0x00, 0x00, 0x00, 0x00, 
    0x00, 0x00, 0x00, 0x00, 0x00, 0x00, 0x00, 0x00, 0x00, 0x00, 0x00, 0x00, 0x00, 0x00, 0x00, 0x00, 0x00, 0x00, 0x00, 0x00, 0x00, 0x00, 0x00, 0x00, 
    0x00, 0x00, 0x00, 0x00, 0x00, 0x00, 0x00, 0x00, 0x00, 0x00, 0x00, 0x00, 0x00, 0x00, 0x00, 0x00, 0x00, 0x00, 0x00, 0x00, 0x00, 0x00, 0x00, 0x00, 
    0x00, 0x00, 0x00, 0x00, 0x00, 0x00, 0x00, 0x00, 0x00, 0x00, 0x00, 0x00, 0x00, 0x00, 0x00, 0x00, 0x00, 0x00, 0x00, 0x00, 0x00, 0x00, 0x00, 0x00, 
    0x00, 0x00, 0x00, 0x00, 0x00, 0x00, 0x00, 0x00, 0x00, 0x00, 0x00, 0x00, 0x00, 0x00, 0x00, 0x00, 0x00, 0x00, 0x00, 0x00, 0x00, 0x00, 0x00, 0x00, 
    0x00, 0x00, 0x00, 0x00, 0x00, 0x00, 0x00, 0x00, 0x00, 0x00, 0x00, 0x00, 0x00, 0x00, 0x00, 0x00, 0x00, 0x00, 0x00, 0x00, 0x00, 0x00, 0x00, 0x00, 
    0x00, 0x00, 0x00, 0x00, 0x00, 0x00, 0x00, 0x00, 0x00, 0x00, 0x00, 0x00, 0x00, 0x00, 0x00, 0x00, 0x00, 0x00, 0x00, 0x00, 0x00, 0x00, 0x00, 0x00, 
    0x00, 0x00, 0x00, 0x00, 0x00, 0x00, 0x00, 0x00, 0x00, 0x00, 0x00, 0x00, 0x00, 0x00, 0x00, 0x00, 0x00, 0x00, 0x00, 0x00, 0x00, 0x00, 0x00, 0x00, 
    0x00, 0x00, 0x00, 0x00, 0x00, 0x00, 0x00, 0x00, 0x00, 0x00, 0x00, 0x00, 0x00, 0x00, 0x00, 0x00, 0x00, 0x00, 0x00, 0x00, 0x00, 0x00, 0x00, 0x00, 
    0x00, 0x00, 0x00, 0x00, 0x00, 0x00, 0x00, 0x00, 0x00, 0x00, 0x00, 0x00, 0x00, 0x00, 0x00, 0x00, 0x00, 0x00, 0x00, 0x00, 0x00, 0x00, 0x00, 0x00, 
    0x00, 0x00, 0x00, 0x00, 0x00, 0x00, 0x00, 0x00, 0x00, 0x00, 0x00, 0x00, 0x00, 0x00, 0x00, 0x00, 0x00, 0x00, 0x00, 0x00, 0x00, 0x00, 0x00, 0x00, 
    0x00, 0x00, 0x00, 0x00, 0x00, 0x00, 0x00, 0x00, 0x00, 0x00, 0x00, 0x00, 0x00, 0x00, 0x00, 0x00, 0x00, 0x00, 0x00, 0x00, 0x00, 0x00, 0x00, 0x00, 
    0x00, 0x00, 0x00, 0x00, 0x00, 0x00, 0x00, 0x00, 0x00, 0x00, 0x00, 0x00, 0x00, 0x00, 0x00, 0x00, 0x00, 0x00, 0x00, 0x00, 0x00, 0x00, 0x00, 0x00, 
    0x00, 0x00, 0x00, 0x00, 0x00, 0x00, 0x00, 0x00, 0x00, 0x00, 0x00, 0x00, 0x00, 0x00, 0x00, 0x00, 0x00, 0x00, 0x00, 0x00, 0x00, 0x00, 0x00, 0x00, 
    0x00, 0x00, 0x00, 0x00, 0x00, 0x00, 0x00, 0x00, 0x00, 0x00, 0x00, 0x00, 0x00, 0x00, 0x00, 0x00, 0x00, 0x00, 0x00, 0x00, 0x00, 0x00, 0x00, 0x00, 
    0x00, 0x00, 0x00, 0x00, 0x00, 0x00, 0x00, 0x00, 0x00, 0x00, 0x00, 0x00, 0x00, 0x00, 0x00, 0x00, 0x00, 0x00, 0x00, 0x00, 0x00, 0x00, 0x00, 0x00, 
    0x00, 0x00, 0x00, 0x00, 0x00, 0x00, 0x00, 0x00, 0x00, 0x00, 0x00, 0x00, 0x00, 0x00, 0x00, 0x00, 0x00, 0x00, 0x00, 0x00, 0x00, 0x00, 0x00, 0x00, 
    0x00, 0x00, 0x00, 0x00, 0x00, 0x00, 0x00, 0x00, 0x00, 0x00, 0x00, 0x00, 0x00, 0x00, 0x00, 0x00, 0x00, 0x00, 0x00, 0x00, 0x00, 0x00, 0x00, 0x00, 
    0x00, 0x00, 0x00, 0x00, 0x00, 0x00, 0x00, 0x00, 0x00, 0x00, 0x00, 0x00, 0x00, 0x00, 0x00, 0x00, 0x00, 0x00, 0x00, 0x00, 0x00, 0x00, 0x00, 0x00, 
    0x00, 0x00, 0x00, 0x00, 0x00, 0x00, 0x00, 0x00, 0x00, 0x00, 0x00, 0x00, 0x00, 0x00, 0x00, 0x00, 0x00, 0x00, 0x00, 0x00, 0x00, 0x00, 0x00, 0x00, 
    0x00, 0x00, 0x00, 0x00, 0x00, 0x00, 0x00, 0x00, 0x00, 0x00, 0x00, 0x00, 0x00, 0x00, 0x00, 0x00, 0x00, 0x00, 0x00, 0x00, 0x00, 0x00, 0x00, 0x00, 
    0x00, 0x00, 0x00, 0x00, 0x00, 0x00, 0x00, 0x00, 0x00, 0x00, 0x00, 0x00, 0x00, 0x00, 0x00, 0x00, 0x00, 0x00, 0x00, 0x00, 0x00, 0x00, 0x00, 0x00, 
    0x00, 0x00, 0x00, 0x00, 0x00, 0x00, 0x00, 0x00, 0x00, 0x00, 0x00, 0x00, 0x00, 0x00, 0x00, 0x00, 0x00, 0x00, 0x00, 0x00, 0x00, 0x00, 0x00, 0x00, 
    0x00, 0x00, 0x00, 0x00, 0x00, 0x00, 0x00, 0x00, 0x00, 0x00, 0x00, 0x00, 0x8d, 0x94, 0x07, 0x00, 0x00, 0x00, 0x00, 0x00, 0x00, 0x00, 0x00, 0x00, 
    0x00, 0x00, 0x00, 0x00, 0x00, 0x00, 0x00, 0x00, 0x00, 0x00, 0x00, 0x00, 0x00, 0x00, 0x00, 0x00, 0x00, 0x00, 0x00, 0x00, 0x00, 0x00, 0x00, 0x00, 
    0x00, 0x00, 0x00, 0x00, 0x00, 0x00, 0x00, 0x00, 0x00, 0x00, 0x00, 0x00, 0x00, 0x00, 0x00, 0x00, 0x00, 0x00, 0x00, 0x00, 0x00, 0x00, 0x00, 0x00, 
    0x00, 0x00, 0x00, 0x00, 0x00, 0x00, 0x00, 0x00, 0x00, 0x00, 0x00, 0x00, 0x00, 0x00, 0x00, 0x00, 0x00, 0x00, 0x00, 0x00, 0x00, 0x00, 0x00, 0x00, 
    0x00, 0x00, 0x00, 0x00, 0x00, 0x00, 0x00, 0x00, 0x00, 0x00, 0x00, 0x00, 0x00, 0x00, 0x00, 0x00, 0x00, 0x00, 0x00, 0x00, 0x00, 0x00, 0x00, 0x00, 
    0x00, 0x00, 0x00, 0x00, 0x00, 0x00, 0x00, 0x00, 0x00, 0x00, 0x00, 0x00, 0xa7, 0x8a, 0x09, 0x00, 0x78, 0x02, 0x00, 0x00, 0x00, 0x00, 0x00, 0x00, 
    0x00, 0x00, 0x00, 0x00, 0x00, 0x00, 0x00, 0x00, 0x00, 0xa8, 0x8a, 0x0f, 0xe8, 0x8a, 0x0b, 0x00, 0x00, 0x00, 0x00, 0x00, 0x01, 0x00, 0x00, 0x00, 
    0xef, 0xb9, 0x04, 0xe7, 0x79, 0x04, 0x87, 0x92, 0x25, 0x88, 0x92, 0x51, 0x88, 0x92, 0x47, 0x87, 0x9a, 0x5c, 0xa8, 0xaa, 0x32, 0xa8, 0xa2, 0x59, 
    0xa8, 0xaa, 0x6a, 0x67, 0xaa, 0x8d, 0x09, 0xbb, 0x7f, 0xe9, 0xaa, 0x93, 0x09, 0xb3, 0x82, 0xa8, 0xaa, 0x91, 0xa8, 0xaa, 0x67, 0xc9, 0xa2, 0x5a, 
    0x09, 0xab, 0x57, 0x47, 0x9a, 0x8a, 0x87, 0x9a, 0x31, 0xa8, 0x9a, 0x35, 0x88, 0x92, 0x36, 0x67, 0x8a, 0x28, 0x67, 0x8a, 0x20, 0x88, 0x8a, 0x2f, 
    0xe8, 0x8a, 0x0b, 0xaa, 0xaa, 0x03, 0x00, 0x00, 0x00, 0x00, 0x00, 0x00, 0x00, 0x00, 0x01, 0xe7, 0x79, 0x04, 0x00, 0x00, 0x02, 0x00, 0x00, 0x00, 
    0x00, 0x00, 0x00, 0x00, 0x00, 0x00, 0x00, 0x00, 0x00, 0x00, 0x00, 0x00, 0x00, 0x00, 0x00, 0x00, 0x00, 0x00, 0x00, 0x00, 0x00, 0x00, 0x00, 0x00, 
    0xc5, 0x71, 0x12, 0xe6, 0x79, 0x14, 0x00, 0x00, 0x00, 0x00, 0x00, 0x00, 0x00, 0x00, 0x00, 0x00, 0x00, 0x00, 0x00, 0x00, 0x00, 0x00, 0x00, 0x00, 
    0x00, 0x00, 0x00, 0x00, 0x00, 0x00, 0x00, 0x00, 0x00, 0x00, 0x00, 0x00, 0x00, 0x00, 0x00, 0x00, 0x00, 0x00, 0x00, 0x00, 0x00, 0x00, 0x00, 0x00, 
    0x00, 0x00, 0x00, 0x00, 0x00, 0x00, 0x00, 0x00, 0x00, 0x00, 0x00, 0x00, 0x00, 0x00, 0x00, 0x00, 0x00, 0x00, 0x00, 0x00, 0x00, 0x00, 0x00, 0x00, 
    0x00, 0x00, 0x00, 0x00, 0x00, 0x00, 0x00, 0x00, 0x00, 0x00, 0x00, 0x00, 0x00, 0x00, 0x00, 0x00, 0x00, 0x00, 0x00, 0x00, 0x00, 0x00, 0x00, 0x00, 
    0x00, 0x00, 0x00, 0x00, 0x00, 0x00, 0x00, 0x00, 0x00, 0x00, 0x00, 0x00, 0x00, 0x00, 0x00, 0x00, 0x00, 0x00, 0xe0, 0xff, 0x01, 0xef, 0x7b, 0x02, 
    0xaa, 0x52, 0x03, 0x00, 0x00, 0x00, 0x00, 0x00, 0x00, 0x00, 0x00, 0x00, 0x00, 0x00, 0x00, 0x00, 0x00, 0x00, 0x00, 0x00, 0x00, 0x00, 0x00, 0x00, 
    0x00, 0x00, 0x00, 0x00, 0x00, 0x00, 0x00, 0x00, 0x00, 0x00, 0x00, 0x00, 0x00, 0x00, 0x00, 0x00, 0x00, 0x00, 0x00, 0x00, 0x00, 0x00, 0x00, 0x00, 
    0x00, 0x00, 0x00, 0x00, 0x00, 0x00, 0x00, 0x00, 0x00, 0x00, 0x00, 0x00, 0x00, 0x00, 0x00, 0x00, 0x00, 0x00, 0x00, 0x00, 0x00, 0x00, 0x00, 0x00, 
    0x00, 0x00, 0x00, 0x00, 0x00, 0x00, 0x00, 0x00, 0x00, 0x00, 0x00, 0x00, 0x00, 0x00, 0x00, 0x00, 0x00, 0x00, 0x00, 0x00, 0x00, 0x00, 0x00, 0x00, 
    0x00, 0x00, 0x00, 0x00, 0x00, 0x00, 0x00, 0x00, 0x01, 0x00, 0x50, 0x03, 0xc9, 0xb2, 0x2e, 0x67, 0xb2, 0xa8, 0xc3, 0xb9, 0xff, 0xa3, 0xb9, 0xfc, 
    0xa3, 0xb9, 0xff, 0xa3, 0xb9, 0xff, 0xa3, 0xb9, 0xff, 0xa3, 0xb9, 0xff, 0xa3, 0xb9, 0xff, 0xa3, 0xb9, 0xff, 0xa3, 0xb9, 0xfe, 0xa3, 0xb9, 0xff, 
    0x87, 0xc2, 0xf1, 0xea, 0xb2, 0x7d, 0x88, 0x9a, 0x19, 0x00, 0xf8, 0x01, 0x00, 0x00, 0x00, 0x00, 0x00, 0x00, 0x00, 0x00, 0x00, 0x00, 0x00, 0x00, 
    0x00, 0x00, 0x00, 0x00, 0x00, 0x00, 0x00, 0x00, 0x00, 0x00, 0x00, 0x00, 0x00, 0x00, 0x00, 0x00, 0x00, 0x00, 0x00, 0x00, 0x00, 0x00, 0x00, 0x00, 
    0x00, 0x00, 0x00, 0x00, 0x00, 0x00, 0x00, 0x00, 0x00, 0x00, 0x00, 0x00, 0x00, 0x00, 0x00, 0x00, 0x00, 0x00, 0x00, 0x00, 0x00, 0x00, 0x00, 0x00, 
    0x00, 0x00, 0x00, 0x00, 0x00, 0x00, 0x00, 0x00, 0x00, 0x00, 0x00, 0x00, 0x00, 0x00, 0x00, 0x00, 0x00, 0x00, 0x00, 0x00, 0x00, 0x00, 0x00, 0x00, 
    0x00, 0x00, 0x00, 0x00, 0x00, 0x00, 0x00, 0x00, 0x00, 0x00, 0x00, 0x00, 0x00, 0x00, 0x00, 0x00, 0x00, 0x00, 0x00, 0x00, 0x00, 0x00, 0x00, 0x00, 
    0x00, 0x00, 0x00, 0x00, 0x00, 0x00, 0x00, 0x00, 0x00, 0x00, 0x00, 0x00, 0x00, 0x00, 0x00, 0x00, 0x00, 0x00, 0x00, 0x00, 0x00, 0x00, 0x00, 0x00, 
    0x00, 0x00, 0x00, 0x00, 0x00, 0x00, 0x00, 0x00, 0x00, 0x00, 0x00, 0x00, 0x00, 0x00, 0x00, 0x00, 0x00, 0x00, 0x00, 0x00, 0x00, 0x00, 0x00, 0x00, 
    0x00, 0x00, 0x00, 0x00, 0x00, 0x00, 0x00, 0x00, 0x00, 0x00, 0x00, 0x00, 0x00, 0x00, 0x00, 0x00, 0x00, 0x00, 0x00, 0x00, 0x00, 0x00, 0x00, 0x00, 
    0x00, 0x00, 0x00, 0x00, 0x00, 0x00, 0x00, 0x00, 0x00, 0x00, 0x00, 0x00, 0x00, 0x00, 0x00, 0x00, 0x00, 0x00, 0x00, 0x00, 0x00, 0x00, 0x00, 0x00, 
    0x00, 0x00, 0x00, 0x00, 0x00, 0x00, 0x00, 0x00, 0x00, 0x00, 0x00, 0x00, 0x00, 0x00, 0x00, 0x00, 0x00, 0x00, 0x00, 0x00, 0x00, 0x00, 0x00, 0x00, 
    0x00, 0x00, 0x00, 0x00, 0x00, 0x00, 0x00, 0x00, 0x00, 0x00, 0x00, 0x00, 0x00, 0x00, 0x00, 0x00, 0x00, 0x00, 0x00, 0x00, 0x00, 0x00, 0x00, 0x00, 
    0x00, 0x00, 0x00, 0x00, 0x00, 0x00, 0x00, 0x00, 0x00, 0x00, 0x00, 0x00, 0x00, 0x00, 0x00, 0x00, 0x00, 0x00, 0x00, 0x00, 0x00, 0x00, 0x00, 0x00, 
    0x00, 0x00, 0x00, 0x00, 0x00, 0x00, 0x00, 0x00, 0x00, 0x00, 0x00, 0x00, 0x00, 0x00, 0x00, 0x00, 0x00, 0x00, 0x00, 0x00, 0x00, 0x00, 0x00, 0x00, 
    0x00, 0x00, 0x00, 0x00, 0x00, 0x00, 0x00, 0x00, 0x00, 0x00, 0x00, 0x00, 0x00, 0x00, 0x00, 0x00, 0x00, 0x00, 0x00, 0x00, 0x00, 0x00, 0x00, 0x00, 
    0x00, 0x00, 0x00, 0x00, 0x00, 0x00, 0x00, 0x00, 0x00, 0x00, 0x00, 0x00, 0x00, 0x00, 0x00, 0x00, 0x00, 0x00, 0x00, 0x00, 0x00, 0x00, 0x00, 0x00, 
    0x00, 0x00, 0x00, 0x00, 0x00, 0x00, 0x00, 0x00, 0x00, 0x00, 0x00, 0x00, 0x00, 0x00, 0x00, 0x00, 0x00, 0x00, 0x00, 0x00, 0x00, 0x00, 0x00, 0x00, 
    0x00, 0x00, 0x00, 0x00, 0x00, 0x00, 0x00, 0x00, 0x00, 0x00, 0x00, 0x00, 0x00, 0x00, 0x00, 0x00, 0x00, 0x00, 0x00, 0x00, 0x00, 0x00, 0x00, 0x00, 
    0x00, 0x00, 0x00, 0x00, 0x00, 0x00, 0x00, 0x00, 0x00, 0x00, 0x00, 0x00, 0x00, 0x00, 0x00, 0x00, 0x00, 0x00, 0x00, 0x00, 0x00, 0x00, 0x00, 0x00, 
    0x00, 0x00, 0x00, 0x00, 0x00, 0x00, 0x00, 0x00, 0x00, 0x00, 0x00, 0x00, 0x00, 0x00, 0x00, 0x00, 0x00, 0x00, 0x00, 0x00, 0x00, 0x00, 0x00, 0x00, 
    0x00, 0x00, 0x00, 0x00, 0x00, 0x00, 0x00, 0x00, 0x00, 0x00, 0x00, 0x00, 0x00, 0x00, 0x00, 0x00, 0x00, 0x00, 0x00, 0x00, 0x00, 0x00, 0x00, 0x00, 
    0x00, 0x00, 0x00, 0x00, 0x00, 0x00, 0x00, 0x00, 0x00, 0x00, 0x00, 0x00, 0x00, 0x00, 0x00, 0x00, 0x00, 0x00, 0x00, 0x00, 0x00, 0x00, 0x00, 0x00, 
    0x00, 0x00, 0x00, 0x00, 0x00, 0x00, 0x00, 0x00, 0x00, 0x00, 0x00, 0x00, 0x00, 0x00, 0x00, 0x00, 0x00, 0x00, 0x00, 0x00, 0x00, 0x00, 0x00, 0x00, 
    0x00, 0x00, 0x00, 0x00, 0x00, 0x00, 0x00, 0x00, 0x00, 0x00, 0x00, 0x00, 0x00, 0x00, 0x00, 0x00, 0x00, 0x00, 0x00, 0x00, 0x00, 0x00, 0x00, 0x00, 
    0x00, 0x00, 0x00, 0x00, 0x00, 0x00, 0x00, 0x00, 0x00, 0x00, 0x00, 0x00, 0x00, 0x00, 0x00, 0x00, 0x00, 0x00, 0x00, 0x00, 0x00, 0x00, 0x00, 0x00, 
    0x00, 0x00, 0x00, 0x00, 0x00, 0x00, 0x00, 0x00, 0x00, 0x00, 0x00, 0x00, 0x00, 0x00, 0x00, 0x00, 0x00, 0x00, 0x00, 0xf8, 0x01, 0x00, 0x00, 0x00, 
    0xe5, 0x89, 0xac, 0xc4, 0x81, 0xa0, 0x00, 0x00, 0x00, 0x00, 0xf8, 0x01, 0x00, 0x00, 0x00, 0x00, 0x00, 0x00, 0x00, 0x00, 0x00, 0x00, 0x00, 0x00, 
    0x00, 0x00, 0x00, 0x00, 0x00, 0x00, 0x00, 0x00, 0x00, 0x00, 0x00, 0x00, 0x00, 0x00, 0x00, 0x00, 0x00, 0x00, 0x00, 0x00, 0x00, 0x00, 0x00, 0x00, 
    0x00, 0x00, 0x00, 0x00, 0x00, 0x00, 0x00, 0x00, 0x00, 0x00, 0x00, 0x00, 0x00, 0x00, 0x00, 0x00, 0x00, 0x00, 0xef, 0x7b, 0x02, 0x00, 0x00, 0x00, 
    0x00, 0x00, 0x00, 0x00, 0x00, 0x00, 0x00, 0x00, 0x00, 0x00, 0x00, 0x00, 0x00, 0x00, 0x00, 0x00, 0x00, 0x00, 0x00, 0x00, 0x00, 0x00, 0x00, 0x00, 
    0x00, 0x00, 0x00, 0x00, 0x00, 0x00, 0x00, 0x00, 0x00, 0x00, 0x00, 0x00, 0x00, 0x00, 0x00, 0x00, 0x00, 0x00, 0x00, 0x00, 0x00, 0x00, 0x00, 0x00, 
    0x00, 0x00, 0x00, 0x00, 0x00, 0x00, 0x00, 0x00, 0x01, 0x00, 0x00, 0x00, 0xe6, 0x79, 0x18, 0x07, 0x7a, 0x22, 0x00, 0x00, 0x00, 0x00, 0x00, 0x01, 
    0x67, 0x8a, 0x0d, 0xa7, 0x8a, 0x09, 0x00, 0x00, 0x00, 0x87, 0x8a, 0x19, 0x47, 0x82, 0x15, 0xa8, 0x9a, 0x23, 0x67, 0x92, 0x8e, 0x88, 0x9a, 0x72, 
    0xc8, 0xa2, 0x7c, 0xa8, 0xa2, 0x5b, 0x88, 0xa2, 0x72, 0xe9, 0xaa, 0x69, 0x26, 0xaa, 0x9c, 0xc4, 0xa9, 0xff, 0x67, 0xb2, 0xc0, 0x2a, 0xbb, 0x9b, 
    0x29, 0xbb, 0x9f, 0xc8, 0xb2, 0xd5, 0xe5, 0x99, 0xf2, 0xe9, 0xb2, 0x90, 0x26, 0xa2, 0xe7, 0x09, 0xbb, 0x9e, 0x09, 0xab, 0x62, 0xc8, 0xa2, 0x51, 
    0xa8, 0x9a, 0x79, 0xa8, 0x92, 0x2c, 0x88, 0x9a, 0x22, 0x88, 0x92, 0x6f, 0x88, 0x92, 0x54, 0x49, 0x92, 0x07, 0x69, 0xb3, 0x07, 0x45, 0x79, 0x06, 
    0x67, 0x7a, 0x10, 0x47, 0x8a, 0x41, 0x48, 0x8a, 0x1f, 0x00, 0x00, 0x00, 0x00, 0xf8, 0x01, 0x00, 0x00, 0x00, 0x00, 0x00, 0x00, 0x00, 0x00, 0x01, 
    0x00, 0x00, 0x00, 0x00, 0x00, 0x00, 0x00, 0x00, 0x00, 0x00, 0x00, 0x00, 0x00, 0x00, 0x00, 0x00, 0x00, 0x00, 0x00, 0x00, 0x00, 0x00, 0x00, 0x00, 
    0x00, 0x00, 0x00, 0x00, 0x00, 0x00, 0x00, 0x00, 0x00, 0x00, 0x00, 0x00, 0x00, 0x00, 0x00, 0x00, 0x00, 0x00, 0x00, 0x00, 0x00, 0x00, 0x00, 0x00, 
    0x00, 0x00, 0x00, 0x00, 0x00, 0x00, 0x00, 0x00, 0x00, 0x00, 0x00, 0x00, 0x00, 0x00, 0x00, 0x00, 0x00, 0x00, 0x00, 0x00, 0x00, 0x00, 0x00, 0x00, 
    0x00, 0x00, 0x00, 0x00, 0x00, 0x00, 0x00, 0x00, 0x00, 0x00, 0x00, 0x00, 0x00, 0x00, 0x00, 0x00, 0x00, 0x00, 0x00, 0x00, 0x00, 0x00, 0x00, 0x00, 
    0x00, 0x00, 0x00, 0x00, 0x00, 0x00, 0x00, 0x00, 0x00, 0x00, 0x00, 0x00, 0x00, 0x00, 0x00, 0x00, 0x00, 0x00, 0x00, 0x00, 0x00, 0x00, 0x00, 0x00, 
    0x00, 0x00, 0x00, 0x00, 0x00, 0x01, 0xa0, 0xaa, 0x03, 0xef, 0x7b, 0x02, 0xef, 0x7b, 0x02, 0x27, 0x7a, 0x28, 0x44, 0x6a, 0x07, 0x00, 0x00, 0x00, 
    0x00, 0x00, 0x00, 0x00, 0xf8, 0x01, 0x00, 0x00, 0x00, 0x00, 0x00, 0x00, 0x00, 0x00, 0x00, 0x00, 0x00, 0x00, 0x00, 0x00, 0x00, 0x00, 0x00, 0x00, 
    0x00, 0x00, 0x00, 0x00, 0x00, 0x00, 0x00, 0x00, 0x00, 0x00, 0x00, 0x00, 0x00, 0x00, 0x00, 0x00, 0x00, 0x00, 0x00, 0x00, 0x00, 0x00, 0x00, 0x00, 
    0x00, 0x00, 0x00, 0x00, 0x00, 0x00, 0x00, 0x00, 0x00, 0x00, 0x00, 0x00, 0x00, 0x00, 0x00, 0x00, 0x00, 0x00, 0x00, 0x00, 0x00, 0x00, 0x00, 0x00, 
    0x00, 0x00, 0x00, 0x00, 0x00, 0x00, 0x00, 0x00, 0x00, 0x00, 0x00, 0x00, 0x00, 0x00, 0x00, 0x00, 0x00, 0x00, 0x00, 0x00, 0x00, 0xc8, 0xba, 0x1a, 
    0x87, 0xb2, 0x62, 0xe4, 0xb1, 0xe9, 0xa3, 0xb9, 0xfe, 0xa3, 0xb9, 0xfe, 0xa3, 0xb9, 0xff, 0xa3, 0xb9, 0xff, 0xa3, 0xb9, 0xff, 0xa3, 0xb9, 0xff, 
    0xa3, 0xb9, 0xff, 0xa3, 0xb9, 0xff, 0xa3, 0xb9, 0xfe, 0xc4, 0xb9, 0xff, 0xa8, 0xba, 0xda, 0x0a, 0xb3, 0x4a, 0x88, 0x9a, 0x23, 0x66, 0x9a, 0x0a, 
    0x00, 0x00, 0x00, 0x00, 0x00, 0x00, 0x00, 0x00, 0x00, 0x00, 0x00, 0x00, 0x00, 0x00, 0x00, 0x00, 0x00, 0x00, 0x00, 0x00, 0x00, 0x00, 0x00, 0x00, 
    0x00, 0x00, 0x00, 0x00, 0x00, 0x00, 0x00, 0x00, 0x00, 0x00, 0x00, 0x00, 0x00, 0x00, 0x00, 0x00, 0x00, 0x00, 0x00, 0x00, 0x00, 0x00, 0x00, 0x00, 
    0x00, 0x00, 0x00, 0x00, 0x00, 0x00, 0x00, 0x00, 0x00, 0x00, 0x00, 0x00, 0x00, 0x00, 0x00, 0x00, 0x00, 0x00, 0x00, 0x00, 0x00, 0x00, 0x00, 0x00, 
    0x00, 0x00, 0x00, 0x00, 0x00, 0x00, 0x00, 0x00, 0x00, 0x00, 0x00, 0x00, 0x00, 0x00, 0x00, 0x00, 0x00, 0x00, 0x00, 0x00, 0x00, 0x00, 0x00, 0x00, 
    0x00, 0x00, 0x00, 0x00, 0x00, 0x00, 0x00, 0x00, 0x00, 0x00, 0x00, 0x00, 0x00, 0x00, 0x00, 0x00, 0x00, 0x00, 0x00, 0x00, 0x00, 0x00, 0x00, 0x00, 
    0x00, 0x00, 0x00, 0x00, 0x00, 0x00, 0x00, 0x00, 0x00, 0x00, 0x00, 0x00, 0x00, 0x00, 0x00, 0x00, 0x00, 0x00, 0x00, 0x00, 0x00, 0x00, 0x00, 0x00, 
    0x00, 0x00, 0x00, 0x00, 0x00, 0x00, 0x00, 0x00, 0x00, 0x00, 0x00, 0x00, 0x00, 0x00, 0x00, 0x00, 0x00, 0x00, 0x00, 0x00, 0x00, 0x00, 0x00, 0x00, 
    0x00, 0x00, 0x00, 0x00, 0x00, 0x00, 0x00, 0x00, 0x00, 0x00, 0x00, 0x00, 0x00, 0x00, 0x00, 0x00, 0x00, 0x00, 0x00, 0x00, 0x00, 0x00, 0x00, 0x00, 
    0x00, 0x00, 0x00, 0x00, 0x00, 0x00, 0x00, 0x00, 0x00, 0x00, 0x00, 0x00, 0x00, 0x00, 0x00, 0x00, 0x00, 0x00, 0x00, 0x00, 0x00, 0x00, 0x00, 0x00, 
    0x00, 0x00, 0x00, 0x00, 0x00, 0x00, 0x00, 0x00, 0x00, 0x00, 0x00, 0x00, 0x00, 0x00, 0x00, 0x00, 0x00, 0x00, 0x00, 0x00, 0x00, 0x00, 0x00, 0x00, 
    0x00, 0x00, 0x00, 0x00, 0x00, 0x00, 0x00, 0x00, 0x00, 0x00, 0x00, 0x00, 0x00, 0x00, 0x00, 0x00, 0x00, 0x00, 0x00, 0x00, 0x00, 0x00, 0x00, 0x00, 
    0x00, 0x00, 0x00, 0x00, 0x00, 0x00, 0x00, 0x00, 0x00, 0x00, 0x00, 0x00, 0x00, 0x00, 0x00, 0x00, 0x00, 0x00, 0x00, 0x00, 0x00, 0x00, 0x00, 0x00, 
    0x00, 0x00, 0x00, 0x00, 0x00, 0x00, 0x00, 0x00, 0x00, 0x00, 0x00, 0x00, 0x00, 0x00, 0x00, 0x00, 0x00, 0x00, 0x00, 0x00, 0x00, 0x00, 0x00, 0x00, 
    0x00, 0x00, 0x00, 0x00, 0x00, 0x00, 0x00, 0x00, 0x00, 0x00, 0x00, 0x00, 0x00, 0x00, 0x00, 0x00, 0x00, 0x00, 0x00, 0x00, 0x00, 0x00, 0x00, 0x00, 
    0x00, 0x00, 0x00, 0x00, 0x00, 0x00, 0x00, 0x00, 0x00, 0x00, 0x00, 0x00, 0x00, 0x00, 0x00, 0x00, 0x00, 0x00, 0x00, 0x00, 0x00, 0x00, 0x00, 0x00, 
    0x00, 0x00, 0x00, 0x00, 0x00, 0x00, 0x00, 0x00, 0x00, 0x00, 0x00, 0x00, 0x00, 0x00, 0x00, 0x00, 0x00, 0x00, 0x00, 0x00, 0x00, 0x00, 0x00, 0x00, 
    0x00, 0x00, 0x00, 0x00, 0x00, 0x00, 0x00, 0x00, 0x00, 0x00, 0x00, 0x00, 0x00, 0x00, 0x00, 0x00, 0x00, 0x00, 0x00, 0x00, 0x00, 0x00, 0x00, 0x00, 
    0x00, 0x00, 0x00, 0x00, 0x00, 0x00, 0x00, 0x00, 0x00, 0x00, 0x00, 0x00, 0x00, 0x00, 0x00, 0x00, 0x00, 0x00, 0x00, 0x00, 0x00, 0x00, 0x00, 0x00, 
    0x00, 0x00, 0x00, 0x00, 0x00, 0x00, 0x00, 0x00, 0x00, 0x00, 0x00, 0x00, 0x00, 0x00, 0x00, 0x00, 0x00, 0x00, 0x00, 0x00, 0x00, 0x00, 0x00, 0x00, 
    0x00, 0x00, 0x00, 0x00, 0x00, 0x00, 0x00, 0x00, 0x00, 0x00, 0x00, 0x00, 0x00, 0x00, 0x00, 0x00, 0x00, 0x00, 0x00, 0x00, 0x00, 0x00, 0x00, 0x00, 
    0x00, 0x00, 0x00, 0x00, 0x00, 0x00, 0x00, 0x00, 0x00, 0x00, 0x00, 0x00, 0x00, 0x00, 0x00, 0x00, 0x00, 0x00, 0x00, 0x00, 0x00, 0x00, 0x00, 0x00, 
    0x00, 0x00, 0x00, 0x00, 0x00, 0x00, 0x00, 0x00, 0x00, 0x00, 0x00, 0x00, 0x00, 0x00, 0x00, 0x00, 0x00, 0x00, 0x00, 0x00, 0x00, 0x00, 0x00, 0x00, 
    0x00, 0x00, 0x00, 0x00, 0x00, 0x00, 0x00, 0x00, 0x00, 0x00, 0x00, 0x00, 0x00, 0x00, 0x00, 0x00, 0x00, 0x00, 0x00, 0x00, 0x00, 0x00, 0x00, 0x00, 
    0x00, 0x00, 0x00, 0x00, 0x00, 0x00, 0x00, 0x00, 0x00, 0x00, 0x00, 0x00, 0x00, 0x00, 0x00, 0x00, 0x00, 0x00, 0x00, 0x00, 0x00, 0x00, 0x00, 0x00, 
    0x00, 0x00, 0x00, 0x00, 0x00, 0x00, 0x00, 0x00, 0x01, 0x00, 0x00, 0x00, 0xe5, 0x89, 0xb0, 0xc5, 0x81, 0xa1, 0x00, 0x00, 0x00, 0xe0, 0x7b, 0x02, 
    0x00, 0x00, 0x00, 0x00, 0x00, 0x00, 0x00, 0x00, 0x00, 0x00, 0x00, 0x00, 0x00, 0x00, 0x00, 0x00, 0x00, 0x00, 0x00, 0x00, 0x00, 0x00, 0x00, 0x00, 
    0x00, 0x00, 0x00, 0x00, 0x00, 0x00, 0x00, 0x00, 0x00, 0x00, 0x00, 0x00, 0x00, 0x00, 0x00, 0x00, 0x00, 0x00, 0x00, 0x00, 0x00, 0x00, 0x00, 0x00, 
    0xff, 0xff, 0x01, 0xef, 0xfb, 0x02, 0xaa, 0xaa, 0x09, 0x2c, 0x9b, 0x05, 0x00, 0xf8, 0x01, 0x00, 0x00, 0x00, 0x00, 0x00, 0x00, 0x00, 0x00, 0x00, 
    0x00, 0x00, 0x00, 0x00, 0x00, 0x00, 0x00, 0x00, 0x00, 0x00, 0x00, 0x00, 0x00, 0x00, 0x00, 0x00, 0x00, 0x00, 0x00, 0x00, 0x00, 0x00, 0x00, 0x00, 
    0x00, 0x00, 0x00, 0x00, 0x00, 0x00, 0x00, 0x00, 0x00, 0x00, 0x00, 0x00, 0x00, 0x00, 0x00, 0x00, 0x00, 0x00, 0x00, 0xf8, 0x01, 0x00, 0x00, 0x00, 
    0x26, 0x7a, 0x1e, 0x27, 0x8a, 0x2b, 0xef, 0x7b, 0x02, 0xa5, 0x7a, 0x06, 0x00, 0xf8, 0x01, 0x2c, 0x9b, 0x05, 0x26, 0x9b, 0x05, 0x67, 0x8a, 0x10, 
    0xa8, 0x8a, 0x29, 0xa8, 0x9a, 0x49, 0xa8, 0x9a, 0x47, 0xa8, 0xaa, 0x69, 0xe9, 0xb2, 0xa6, 0x09, 0xbb, 0x88, 0xc8, 0xb2, 0x9d, 0xe9, 0xba, 0x8c, 
    0xa8, 0xba, 0xc2, 0x26, 0xb2, 0xe9, 0x09, 0xc3, 0xd9, 0x2a, 0xc3, 0xbe, 0x29, 0xbb, 0xc1, 0xc8, 0xc2, 0xd7, 0xa8, 0xc2, 0xfc, 0x09, 0xc3, 0xd1, 
    0xc8, 0xba, 0xa9, 0x87, 0xba, 0xd8, 0xe8, 0xba, 0xb5, 0x09, 0xb3, 0x7c, 0x88, 0xa2, 0x7a, 0x88, 0x9a, 0x56, 0x88, 0x9a, 0x2e, 0x88, 0x9a, 0x39, 
    0x68, 0x92, 0x50, 0x67, 0x92, 0x20, 0x8b, 0xbb, 0x0b, 0x26, 0x8a, 0x73, 0x46, 0x92, 0x86, 0xe8, 0xa2, 0x1b, 0xa9, 0x92, 0x15, 0x00, 0x00, 0x00, 
    0x00, 0x00, 0x00, 0x00, 0x00, 0x00, 0x00, 0x00, 0x00, 0x00, 0x00, 0x00, 0x00, 0x00, 0x00, 0x00, 0x00, 0x00, 0x00, 0x00, 0x00, 0x00, 0x00, 0x00, 
    0x00, 0x00, 0x00, 0x00, 0x00, 0x00, 0x00, 0x00, 0x00, 0x00, 0x00, 0x00, 0x00, 0x00, 0x00, 0x00, 0x00, 0x00, 0x00, 0x00, 0x00, 0x00, 0x00, 0x00, 
    0x00, 0x00, 0x00, 0x00, 0x00, 0x00, 0x00, 0x00, 0x00, 0x00, 0x00, 0x00, 0x00, 0x00, 0x01, 0x00, 0x00, 0x00, 0x00, 0x00, 0x00, 0x00, 0x00, 0x00, 
    0x00, 0x00, 0x00, 0x00, 0x00, 0x00, 0x00, 0x00, 0x00, 0x00, 0x00, 0x00, 0x00, 0x00, 0x00, 0x00, 0x00, 0x00, 0x00, 0x00, 0x00, 0x00, 0x00, 0x00, 
    0x00, 0x00, 0x00, 0x00, 0x00, 0x00, 0x00, 0x00, 0x00, 0x00, 0x00, 0x00, 0x00, 0x00, 0x00, 0x00, 0x00, 0x00, 0x00, 0x00, 0x00, 0x00, 0x00, 0x00, 
    0x00, 0x00, 0x00, 0x00, 0x00, 0x00, 0x00, 0x00, 0x00, 0x00, 0x00, 0x00, 0x00, 0x00, 0x00, 0x86, 0x61, 0x05, 0xa4, 0x69, 0x0e, 0x00, 0x00, 0x00, 
    0x00, 0x00, 0x01, 0x67, 0x72, 0x14, 0xa0, 0x52, 0x03, 0x00, 0x00, 0x00, 0x00, 0x00, 0x00, 0x00, 0x00, 0x00, 0x00, 0x00, 0x00, 0x00, 0x00, 0x00, 
    0x00, 0x00, 0x00, 0x00, 0x00, 0x00, 0x00, 0x00, 0x00, 0xa8, 0x8a, 0x0f, 0x67, 0x82, 0x31, 0x00, 0x00, 0x00, 0x00, 0x00, 0x00, 0x00, 0x00, 0x00, 
    0x00, 0x00, 0x00, 0x00, 0x00, 0x00, 0x00, 0x00, 0x00, 0x00, 0x00, 0x00, 0x00, 0x00, 0x00, 0x00, 0x00, 0x00, 0x00, 0x00, 0x00, 0x00, 0x00, 0x00, 
    0x00, 0x00, 0x00, 0x00, 0x00, 0x00, 0x00, 0x00, 0x00, 0x00, 0x00, 0x00, 0x00, 0x00, 0x00, 0x00, 0x00, 0x00, 0x00, 0x00, 0x00, 0x00, 0x00, 0x00, 
    0x00, 0x00, 0x00, 0x00, 0xf8, 0x01, 0xc7, 0xa9, 0x09, 0xc8, 0xb2, 0x39, 0x67, 0xba, 0xcd, 0xa3, 0xb1, 0xff, 0xa3, 0xb9, 0xfe, 0xa3, 0xb9, 0xff, 
    0xa3, 0xb9, 0xff, 0xa3, 0xb9, 0xff, 0xa3, 0xb9, 0xff, 0xa3, 0xb9, 0xff, 0xa3, 0xb9, 0xff, 0xa3, 0xb9, 0xff, 0xa3, 0xb9, 0xff, 0x05, 0xba, 0xf3, 
    0xe9, 0xba, 0x9e, 0xe9, 0xaa, 0x45, 0x47, 0x92, 0x26, 0x67, 0x9a, 0x0d, 0x00, 0x00, 0x00, 0x00, 0x00, 0x00, 0x00, 0x00, 0x00, 0x00, 0x00, 0x00, 
    0x00, 0x00, 0x00, 0x00, 0x00, 0x00, 0x00, 0x00, 0x00, 0x00, 0x00, 0x00, 0x00, 0x00, 0x00, 0x00, 0x00, 0x00, 0x00, 0x00, 0x00, 0x00, 0x00, 0x00, 
    0x00, 0x00, 0x00, 0x00, 0x00, 0x00, 0x00, 0x00, 0x00, 0x00, 0x00, 0x00, 0x00, 0x00, 0x00, 0x00, 0x00, 0x00, 0x00, 0x00, 0x00, 0x00, 0x00, 0x00, 
    0x00, 0x00, 0x00, 0x00, 0x00, 0x00, 0x00, 0x00, 0x00, 0x00, 0x00, 0x00, 0x00, 0x00, 0x00, 0x00, 0x00, 0x00, 0x00, 0x00, 0x00, 0x00, 0x00, 0x00, 
    0x00, 0x00, 0x00, 0x00, 0x00, 0x00, 0x00, 0x00, 0x00, 0x00, 0x00, 0x00, 0x00, 0x00, 0x00, 0x00, 0x00, 0x00, 0x00, 0x00, 0x00, 0x00, 0x00, 0x00, 
    0x00, 0x00, 0x00, 0x00, 0x00, 0x00, 0x00, 0x00, 0x00, 0x00, 0x00, 0x00, 0x00, 0x00, 0x00, 0x00, 0x00, 0x00, 0x00, 0x00, 0x00, 0x00, 0x00, 0x00, 
    0x00, 0x00, 0x00, 0x00, 0x00, 0x00, 0x00, 0x00, 0x00, 0x00, 0x00, 0x00, 0x00, 0x00, 0x00, 0x00, 0x00, 0x00, 0x00, 0x00, 0x00, 0x00, 0x00, 0x00, 
    0x00, 0x00, 0x00, 0x00, 0x00, 0x00, 0x00, 0x00, 0x00, 0x00, 0x00, 0x00, 0x00, 0x00, 0x00, 0x00, 0x00, 0x00, 0x00, 0x00, 0x00, 0x00, 0x00, 0x00, 
    0x00, 0x00, 0x00, 0x00, 0x00, 0x00, 0x00, 0x00, 0x00, 0x00, 0x00, 0x00, 0x00, 0x00, 0x00, 0x00, 0x00, 0x00, 0x00, 0x00, 0x00, 0x00, 0x00, 0x00, 
    0x00, 0x00, 0x00, 0x00, 0x00, 0x00, 0x00, 0x00, 0x00, 0x00, 0x00, 0x00, 0x00, 0x00, 0x00, 0x00, 0x00, 0x00, 0x00, 0x00, 0x00, 0x00, 0x00, 0x00, 
    0x00, 0x00, 0x00, 0x00, 0x00, 0x00, 0x00, 0x00, 0x00, 0x00, 0x00, 0x00, 0x00, 0x00, 0x00, 0x00, 0x00, 0x00, 0x00, 0x00, 0x00, 0x00, 0x00, 0x00, 
    0x00, 0x00, 0x00, 0x00, 0x00, 0x00, 0x00, 0x00, 0x00, 0x00, 0x00, 0x00, 0x00, 0x00, 0x00, 0x00, 0x00, 0x00, 0x00, 0x00, 0x00, 0x00, 0x00, 0x00, 
    0x00, 0x00, 0x00, 0x00, 0x00, 0x00, 0x00, 0x00, 0x00, 0x00, 0x00, 0x00, 0x00, 0x00, 0x00, 0x00, 0x00, 0x00, 0x00, 0x00, 0x00, 0x00, 0x00, 0x00, 
    0x00, 0x00, 0x00, 0x00, 0x00, 0x00, 0x00, 0x00, 0x00, 0x00, 0x00, 0x00, 0x00, 0x00, 0x00, 0x00, 0x00, 0x00, 0x00, 0x00, 0x00, 0x00, 0x00, 0x00, 
    0x00, 0x00, 0x00, 0x00, 0x00, 0x00, 0x00, 0x00, 0x00, 0x00, 0x00, 0x00, 0x00, 0x00, 0x00, 0x00, 0x00, 0x00, 0x00, 0x00, 0x00, 0x00, 0x00, 0x00, 
    0x00, 0x00, 0x00, 0x00, 0x00, 0x00, 0x00, 0x00, 0x00, 0x00, 0x00, 0x00, 0x00, 0x00, 0x00, 0x00, 0x00, 0x00, 0x00, 0x00, 0x00, 0x00, 0x00, 0x00, 
    0x00, 0x00, 0x00, 0x00, 0x00, 0x00, 0x00, 0x00, 0x00, 0x00, 0x00, 0x00, 0x00, 0x00, 0x00, 0x00, 0x00, 0x00, 0x00, 0x00, 0x00, 0x00, 0x00, 0x00, 
    0x00, 0x00, 0x00, 0x00, 0x00, 0x00, 0x00, 0x00, 0x00, 0x00, 0x00, 0x00, 0x00, 0x00, 0x00, 0x00, 0x00, 0x00, 0x00, 0x00, 0x00, 0x00, 0x00, 0x00, 
    0x00, 0x00, 0x00, 0x00, 0x00, 0x00, 0x00, 0x00, 0x00, 0x00, 0x00, 0x00, 0x00, 0x00, 0x00, 0x00, 0x00, 0x00, 0x00, 0x00, 0x00, 0x00, 0x00, 0x00, 
    0x00, 0x00, 0x00, 0x00, 0x00, 0x00, 0x00, 0x00, 0x00, 0x00, 0x00, 0x00, 0x00, 0x00, 0x00, 0x00, 0x00, 0x00, 0x00, 0x00, 0x00, 0x00, 0x00, 0x00, 
    0x00, 0x00, 0x00, 0x00, 0x00, 0x00, 0x00, 0x00, 0x00, 0x00, 0x00, 0x00, 0x00, 0x00, 0x00, 0x00, 0x00, 0x00, 0x00, 0x00, 0x00, 0x00, 0x00, 0x00, 
    0x00, 0x00, 0x00, 0x00, 0x00, 0x00, 0x00, 0x00, 0x00, 0x00, 0x00, 0x00, 0x00, 0x00, 0x00, 0x00, 0x00, 0x00, 0x00, 0x00, 0x00, 0x00, 0x00, 0x00, 
    0x00, 0x00, 0x00, 0x00, 0x00, 0x00, 0x00, 0x00, 0x00, 0x00, 0x00, 0x00, 0x00, 0x00, 0x00, 0x00, 0x00, 0x00, 0x00, 0x00, 0x00, 0x00, 0x00, 0x00, 
    0x00, 0x00, 0x00, 0x00, 0x00, 0x00, 0x00, 0x00, 0x00, 0x00, 0x00, 0x00, 0x00, 0x00, 0x00, 0x00, 0x00, 0x00, 0x00, 0x00, 0x00, 0x00, 0x00, 0x00, 
    0x00, 0x00, 0x00, 0x00, 0x00, 0x00, 0x00, 0x00, 0x00, 0x00, 0x00, 0x00, 0x00, 0x00, 0x00, 0x00, 0x00, 0x00, 0x00, 0x00, 0x00, 0x00, 0x00, 0x00, 
    0xea, 0x7b, 0x06, 0x00, 0x00, 0x00, 0x00, 0x00, 0x00, 0x00, 0x00, 0x00, 0x00, 0x00, 0x00, 0x00, 0x00, 0x00, 0x00, 0x00, 0x00, 0x00, 0x00, 0x00, 
    0x00, 0x00, 0x00, 0x00, 0x00, 0x00, 0x00, 0x00, 0x00, 0x00, 0x00, 0x00, 0x00, 0x00, 0x00, 0x00, 0x00, 0x00, 0x00, 0x00, 0x00, 0x00, 0x00, 0x00, 
    0x00, 0x00, 0x00, 0x00, 0x00, 0x00, 0x00, 0x00, 0x00, 0x00, 0x00, 0x00, 0xe7, 0xbb, 0x04, 0xea, 0xaa, 0x13, 0x69, 0xb3, 0x07, 0x09, 0x9b, 0x1a, 
    0x69, 0xb2, 0x0a, 0xe7, 0xbb, 0x04, 0x00, 0x00, 0x00, 0x00, 0x00, 0x00, 0x00, 0x00, 0x00, 0x00, 0x00, 0x00, 0x00, 0x00, 0x00, 0x00, 0x00, 0x00, 
    0x00, 0x00, 0x00, 0x00, 0x00, 0x00, 0x00, 0x00, 0x00, 0x00, 0x00, 0x00, 0x00, 0x00, 0x00, 0x00, 0x00, 0x00, 0x00, 0x00, 0x00, 0x00, 0x00, 0x00, 
    0x00, 0x00, 0x00, 0x00, 0x00, 0x00, 0x00, 0x00, 0x00, 0x00, 0x00, 0x00, 0x00, 0x00, 0x00, 0x00, 0x00, 0x00, 0xaa, 0x8a, 0x09, 0x67, 0x8a, 0x10, 
    0x00, 0x00, 0x00, 0xe7, 0x79, 0x0c, 0xaa, 0x8a, 0x09, 0xa8, 0x8a, 0x12, 0xa8, 0x9a, 0x46, 0xc9, 0xa2, 0x4a, 0xe9, 0xb2, 0x4e, 0xe9, 0xb2, 0x7b, 
    0xe9, 0xba, 0x9d, 0x09, 0xc3, 0xde, 0xe9, 0xc2, 0xd8, 0x46, 0xba, 0xe1, 0x67, 0xba, 0xe8, 0xc8, 0xc2, 0xde, 0xa7, 0xc2, 0xf5, 0x66, 0xba, 0xf2, 
    0x67, 0xba, 0xee, 0xe4, 0xb1, 0xfe, 0xc4, 0xb9, 0xff, 0x25, 0xb2, 0xf3, 0xc8, 0xc2, 0xc4, 0x05, 0xb2, 0xfa, 0xc8, 0xc2, 0xe8, 0xc8, 0xc2, 0xc5, 
    0xc9, 0xba, 0xb1, 0xa8, 0xb2, 0x9c, 0xc8, 0xaa, 0x82, 0xa8, 0xaa, 0x4a, 0x88, 0xa2, 0x85, 0x88, 0x9a, 0x54, 0x8b, 0xa3, 0x0b, 0x26, 0x92, 0x8f, 
    0x67, 0xa2, 0x79, 0x00, 0x00, 0x00, 0xff, 0xff, 0x01, 0x00, 0x78, 0x02, 0x00, 0x00, 0x00, 0x00, 0x00, 0x00, 0xe7, 0x79, 0x04, 0x84, 0x71, 0x0f, 
    0x00, 0x00, 0x00, 0x00, 0x00, 0x01, 0x00, 0x00, 0x00, 0x67, 0xb2, 0x0d, 0x06, 0x82, 0x92, 0x26, 0x82, 0x33, 0x00, 0x00, 0x00, 0xe0, 0x7b, 0x02, 
    0x00, 0x00, 0x00, 0x00, 0x00, 0x00, 0x00, 0x00, 0x00, 0x00, 0x00, 0x00, 0x00, 0x00, 0x00, 0x00, 0x00, 0x00, 0x00, 0x00, 0x00, 0xe7, 0x79, 0x04, 
    0x00, 0x00, 0x00, 0x00, 0x00, 0x00, 0x00, 0x00, 0x00, 0x00, 0x00, 0x01, 0x00, 0x00, 0x01, 0x00, 0x00, 0x00, 0x00, 0x00, 0x00, 0x00, 0x00, 0x00, 
    0x00, 0x00, 0x00, 0x00, 0x00, 0x00, 0x00, 0x00, 0x00, 0x00, 0x00, 0x00, 0x00, 0x00, 0x00, 0x00, 0x00, 0x00, 0x00, 0x00, 0x00, 0x00, 0x00, 0x00, 
    0x00, 0x00, 0x00, 0x00, 0x00, 0x00, 0x00, 0x00, 0x00, 0x00, 0x00, 0x00, 0x00, 0x00, 0x00, 0x00, 0x00, 0x00, 0x00, 0x00, 0x00, 0x00, 0x00, 0x00, 
    0x00, 0x00, 0x00, 0x00, 0x00, 0x00, 0x00, 0x00, 0x00, 0x00, 0x00, 0x00, 0x00, 0x00, 0x00, 0x00, 0x00, 0x00, 0x00, 0x00, 0x00, 0x00, 0x00, 0x00, 
    0xc7, 0x89, 0x09, 0x06, 0x7a, 0x22, 0x00, 0x00, 0x00, 0x00, 0x00, 0x00, 0xef, 0x7b, 0x02, 0xef, 0x7b, 0x02, 0x2c, 0x9b, 0x05, 0xaa, 0x92, 0x0c, 
    0xaa, 0x8a, 0x09, 0xaa, 0xaa, 0x03, 0xaa, 0xaa, 0x03, 0x00, 0x00, 0x00, 0x00, 0xf8, 0x01, 0xaa, 0x7a, 0x06, 0x00, 0x00, 0x00, 0x00, 0x00, 0x00, 
    0x00, 0x00, 0x00, 0x00, 0x00, 0x00, 0x00, 0x00, 0x00, 0x00, 0x00, 0x00, 0x00, 0x00, 0x00, 0x00, 0x00, 0x00, 0x00, 0x00, 0x00, 0x00, 0x00, 0x00, 
    0x00, 0x00, 0x00, 0x00, 0x00, 0x00, 0x00, 0x00, 0x00, 0x00, 0x00, 0x00, 0x00, 0x00, 0x00, 0x00, 0x00, 0x00, 0xe7, 0xa9, 0x10, 0xa9, 0xb2, 0x46, 
    0x66, 0xba, 0xd9, 0xa3, 0xb1, 0xfe, 0xa3, 0xb9, 0xfe, 0xa3, 0xb9, 0xff, 0xa3, 0xb9, 0xff, 0xa3, 0xb9, 0xff, 0xa3, 0xb9, 0xff, 0xa3, 0xb9, 0xff, 
    0xa3, 0xb9, 0xff, 0xa3, 0xb1, 0xfe, 0xa3, 0xb9, 0xff, 0x25, 0xb2, 0xed, 0x0a, 0xbb, 0x77, 0xa8, 0x9a, 0x42, 0xe0, 0xff, 0x01, 0x00, 0x00, 0x00, 
    0x00, 0x00, 0x00, 0x00, 0x00, 0x00, 0x00, 0x00, 0x00, 0x00, 0x00, 0x00, 0x00, 0x00, 0x00, 0x00, 0x00, 0x00, 0x00, 0x00, 0x00, 0x00, 0x00, 0x00, 
    0x00, 0x00, 0x00, 0x00, 0x00, 0x00, 0x00, 0x00, 0x00, 0x00, 0x00, 0x00, 0x00, 0x00, 0x00, 0x00, 0x00, 0x00, 0x00, 0x00, 0x00, 0x00, 0x00, 0x00, 
    0x00, 0x00, 0x00, 0x00, 0x00, 0x00, 0x00, 0x00, 0x00, 0x00, 0x00, 0x00, 0x00, 0x00, 0x00, 0x00, 0x00, 0x00, 0x00, 0x00, 0x00, 0x00, 0x00, 0x00, 
    0x00, 0x00, 0x00, 0x00, 0x00, 0x00, 0x00, 0x00, 0x00, 0x00, 0x00, 0x00, 0x00, 0x00, 0x00, 0x00, 0x00, 0x00, 0x00, 0x00, 0x00, 0x00, 0x00, 0x00, 
    0x00, 0x00, 0x00, 0x00, 0x00, 0x00, 0x00, 0x00, 0x00, 0x00, 0x00, 0x00, 0x00, 0x00, 0x00, 0x00, 0x00, 0x00, 0x00, 0x00, 0x00, 0x00, 0x00, 0x00, 
    0x00, 0x00, 0x00, 0x00, 0x00, 0x00, 0x00, 0x00, 0x00, 0x00, 0x00, 0x00, 0x00, 0x00, 0x00, 0x00, 0x00, 0x00, 0x00, 0x00, 0x00, 0x00, 0x00, 0x00, 
    0x00, 0x00, 0x00, 0x00, 0x00, 0x00, 0x00, 0x00, 0x00, 0x00, 0x00, 0x00, 0x00, 0x00, 0x00, 0x00, 0x00, 0x00, 0x00, 0x00, 0x00, 0x00, 0x00, 0x00, 
    0x00, 0x00, 0x00, 0x00, 0x00, 0x00, 0x00, 0x00, 0x00, 0x00, 0x00, 0x00, 0x00, 0x00, 0x00, 0x00, 0x00, 0x00, 0x00, 0x00, 0x00, 0x00, 0x00, 0x00, 
    0x00, 0x00, 0x00, 0x00, 0x00, 0x00, 0x00, 0x00, 0x00, 0x00, 0x00, 0x00, 0x00, 0x00, 0x00, 0x00, 0x00, 0x00, 0x00, 0x00, 0x00, 0x00, 0x00, 0x00, 
    0x00, 0x00, 0x00, 0x00, 0x00, 0x00, 0x00, 0x00, 0x00, 0x00, 0x00, 0x00, 0x00, 0x00, 0x00, 0x00, 0x00, 0x00, 0x00, 0x00, 0x00, 0x00, 0x00, 0x00, 
    0x00, 0x00, 0x00, 0x00, 0x00, 0x00, 0x00, 0x00, 0x00, 0x00, 0x00, 0x00, 0x00, 0x00, 0x00, 0x00, 0x00, 0x00, 0x00, 0x00, 0x00, 0x00, 0x00, 0x00, 
    0x00, 0x00, 0x00, 0x00, 0x00, 0x00, 0x00, 0x00, 0x00, 0x00, 0x00, 0x00, 0x00, 0x00, 0x00, 0x00, 0x00, 0x00, 0x00, 0x00, 0x00, 0x00, 0x00, 0x00, 
    0x00, 0x00, 0x00, 0x00, 0x00, 0x00, 0x00, 0x00, 0x00, 0x00, 0x00, 0x00, 0x00, 0x00, 0x00, 0x00, 0x00, 0x00, 0x00, 0x00, 0x00, 0x00, 0x00, 0x00, 
    0x00, 0x00, 0x00, 0x00, 0x00, 0x00, 0x00, 0x00, 0x00, 0x00, 0x00, 0x00, 0x00, 0x00, 0x00, 0x00, 0x00, 0x00, 0x00, 0x00, 0x00, 0x00, 0x00, 0x00, 
    0x00, 0x00, 0x00, 0x00, 0x00, 0x00, 0x00, 0x00, 0x00, 0x00, 0x00, 0x00, 0x00, 0x00, 0x00, 0x00, 0x00, 0x00, 0x00, 0x00, 0x00, 0x00, 0x00, 0x00, 
    0x00, 0x00, 0x00, 0x00, 0x00, 0x00, 0x00, 0x00, 0x00, 0x00, 0x00, 0x00, 0x00, 0x00, 0x00, 0x00, 0x00, 0x00, 0x00, 0x00, 0x00, 0x00, 0x00, 0x00, 
    0x00, 0x00, 0x00, 0x00, 0x00, 0x00, 0x00, 0x00, 0x00, 0x00, 0x00, 0x00, 0x00, 0x00, 0x00, 0x00, 0x00, 0x00, 0x00, 0x00, 0x00, 0x00, 0x00, 0x00, 
    0x00, 0x00, 0x00, 0x00, 0x00, 0x00, 0x00, 0x00, 0x00, 0x00, 0x00, 0x00, 0x00, 0x00, 0x00, 0x00, 0x00, 0x00, 0x00, 0x00, 0x00, 0x00, 0x00, 0x00, 
    0x00, 0x00, 0x00, 0x00, 0x00, 0x00, 0x00, 0x00, 0x00, 0x00, 0x00, 0x00, 0x00, 0x00, 0x00, 0x00, 0x00, 0x00, 0x00, 0x00, 0x00, 0x00, 0x00, 0x00, 
    0x00, 0x00, 0x00, 0x00, 0x00, 0x00, 0x00, 0x00, 0x00, 0x00, 0x00, 0x00, 0x00, 0x00, 0x00, 0x00, 0x00, 0x00, 0x00, 0x00, 0x00, 0x00, 0x00, 0x00, 
    0x00, 0x00, 0x00, 0x00, 0x00, 0x00, 0x00, 0x00, 0x00, 0x00, 0x00, 0x00, 0x00, 0x00, 0x00, 0x00, 0x00, 0x00, 0x00, 0x00, 0x00, 0x00, 0x00, 0x00, 
    0x00, 0x00, 0x00, 0x00, 0x00, 0x00, 0x00, 0x00, 0x00, 0x00, 0x00, 0x00, 0x00, 0x00, 0x00, 0x00, 0x00, 0x00, 0x00, 0x00, 0x00, 0x00, 0x00, 0x00, 
    0x00, 0x00, 0x00, 0x00, 0x00, 0x00, 0x00, 0x00, 0x00, 0x00, 0x00, 0x00, 0x00, 0x00, 0x00, 0x00, 0x00, 0x00, 0x00, 0x00, 0x00, 0x00, 0x00, 0x00, 
    0x00, 0x00, 0x00, 0x00, 0x00, 0x00, 0x00, 0x00, 0x00, 0x00, 0x00, 0x00, 0x00, 0x00, 0x00, 0x00, 0x00, 0x00, 0x00, 0x00, 0x00, 0x00, 0x00, 0x00, 
    0x00, 0x00, 0x00, 0x00, 0x00, 0x00, 0x00, 0x00, 0x00, 0x00, 0x00, 0x00, 0x00, 0x00, 0x00, 0x00, 0x00, 0x01, 0x45, 0x79, 0x06, 0xc3, 0x61, 0x12, 
    0x00, 0x00, 0x00, 0x00, 0x00, 0x00, 0x00, 0x00, 0x00, 0x00, 0x00, 0x00, 0x00, 0x00, 0x00, 0x00, 0x00, 0x00, 0x00, 0x00, 0x00, 0x00, 0x00, 0x00, 
    0x00, 0x00, 0x00, 0x00, 0x00, 0x00, 0x00, 0x00, 0x00, 0x00, 0x00, 0x00, 0x26, 0x9b, 0x05, 0xaa, 0x7a, 0x06, 0xef, 0xfb, 0x02, 0xe7, 0x79, 0x04, 
    0x49, 0xb2, 0x07, 0xe9, 0xaa, 0x10, 0xea, 0xa2, 0x13, 0xe9, 0xa2, 0x24, 0xea, 0xaa, 0x16, 0xe8, 0xa2, 0x0b, 0x00, 0xf8, 0x01, 0x00, 0x00, 0x00, 
    0x00, 0x00, 0x00, 0x00, 0x00, 0x00, 0x00, 0x00, 0x00, 0x00, 0x00, 0x00, 0x00, 0x00, 0x00, 0x00, 0x00, 0x00, 0x00, 0x00, 0x00, 0x00, 0x00, 0x00, 
    0x00, 0x00, 0x00, 0x00, 0x00, 0x00, 0x00, 0x00, 0x00, 0x00, 0x00, 0x00, 0x00, 0x00, 0x00, 0x00, 0x00, 0x00, 0x00, 0x00, 0x00, 0x00, 0x00, 0x00, 
    0x00, 0x78, 0x02, 0x00, 0xf8, 0x01, 0x87, 0x82, 0x19, 0x47, 0x7a, 0x23, 0x00, 0x00, 0x00, 0x67, 0x8a, 0x14, 0x29, 0x9b, 0x0a, 0x67, 0x8a, 0x48, 
    0x88, 0x92, 0x47, 0xe9, 0xaa, 0x8e, 0xc9, 0xb2, 0xce, 0x09, 0xc3, 0xb4, 0xc8, 0xc2, 0xe1, 0xa7, 0xc2, 0xf9, 0x46, 0xc2, 0xff, 0xc4, 0xb9, 0xff, 
    0xc4, 0xb9, 0xff, 0xc4, 0xb9, 0xff, 0xa3, 0xb1, 0xff, 0xa3, 0xb1, 0xff, 0xa3, 0xb1, 0xff, 0xa3, 0xb1, 0xff, 0x83, 0xb1, 0xff, 0xc4, 0xb9, 0xff, 
    0xe4, 0xb9, 0xff, 0xc4, 0xb9, 0xff, 0xe4, 0xb9, 0xfc, 0x25, 0xba, 0xff, 0xc8, 0xc2, 0xf9, 0x87, 0xba, 0xd5, 0xe9, 0xba, 0xb0, 0x09, 0xbb, 0x96, 
    0xe9, 0xba, 0xaa, 0xe9, 0xb2, 0xa8, 0xc9, 0xb2, 0x83, 0xa8, 0xaa, 0x74, 0xa8, 0xa2, 0x5a, 0xa8, 0x92, 0x27, 0x87, 0x8a, 0x26, 0xe7, 0x99, 0x08, 
    0xaa, 0xaa, 0x03, 0x00, 0x00, 0x00, 0x05, 0x82, 0x1b, 0xa5, 0x71, 0x7c, 0xaa, 0xaa, 0x03, 0x00, 0x00, 0x00, 0x00, 0x00, 0x00, 0xeb, 0xba, 0x08, 
    0xe6, 0x79, 0xb7, 0x26, 0x7a, 0x56, 0x00, 0x00, 0x00, 0x00, 0x00, 0x01, 0x00, 0x00, 0x00, 0x00, 0x00, 0x00, 0x00, 0x00, 0x00, 0x00, 0x00, 0x00, 
    0x00, 0x00, 0x00, 0x00, 0x00, 0x01, 0x00, 0x00, 0x00, 0xe7, 0x9a, 0x10, 0x87, 0x9a, 0x2c, 0x28, 0x9a, 0x0f, 0xa5, 0x7a, 0x06, 0xe7, 0x89, 0x10, 
    0x00, 0xf8, 0x01, 0xaa, 0xaa, 0x03, 0x00, 0x00, 0x01, 0x00, 0x00, 0x00, 0x00, 0x00, 0x00, 0x00, 0x00, 0x00, 0x00, 0x00, 0x00, 0x00, 0x00, 0x00, 
    0x00, 0x00, 0x00, 0x00, 0x00, 0x00, 0x00, 0x00, 0x00, 0x00, 0x00, 0x00, 0x00, 0x00, 0x00, 0x00, 0x00, 0x00, 0x00, 0x00, 0x00, 0x00, 0x00, 0x00, 
    0x00, 0x00, 0x00, 0x00, 0x00, 0x00, 0x00, 0x00, 0x00, 0x00, 0x00, 0x00, 0x00, 0x00, 0x00, 0x00, 0x00, 0x00, 0x00, 0x00, 0x00, 0x00, 0x00, 0x00, 
    0x00, 0x00, 0x00, 0x00, 0x00, 0x01, 0x00, 0xf8, 0x01, 0x00, 0x00, 0x00, 0x27, 0x82, 0x1d, 0x27, 0x7a, 0x63, 0x29, 0x9b, 0x0a, 0x49, 0x92, 0x07, 
    0x49, 0x92, 0x07, 0x69, 0x8a, 0x10, 0x29, 0xb3, 0x0a, 0xaa, 0x8a, 0x12, 0x2c, 0x9b, 0x05, 0x69, 0x7a, 0x0a, 0x49, 0xb2, 0x07, 0x00, 0x78, 0x02, 
    0x69, 0x8a, 0x10, 0xaa, 0x8a, 0x12, 0xe0, 0x7b, 0x02, 0x00, 0x00, 0x01, 0x00, 0x00, 0x00, 0x00, 0x00, 0x00, 0x00, 0x00, 0x00, 0x00, 0x00, 0x00, 
    0x00, 0x00, 0x00, 0x00, 0x00, 0x00, 0x00, 0x00, 0x00, 0x00, 0x00, 0x00, 0x00, 0x00, 0x00, 0x00, 0x00, 0x00, 0x00, 0x00, 0x00, 0x00, 0x00, 0x01, 
    0x00, 0x00, 0x00, 0x67, 0xb2, 0x0d, 0x46, 0xa2, 0x1c, 0xc9, 0xba, 0x5d, 0x05, 0xb2, 0xea, 0xa3, 0xb1, 0xff, 0xa3, 0xb9, 0xfe, 0xa3, 0xb9, 0xff, 
    0xa3, 0xb9, 0xff, 0xa3, 0xb9, 0xff, 0xa3, 0xb9, 0xff, 0xa3, 0xb9, 0xff, 0xa3, 0xb9, 0xff, 0xa3, 0xb1, 0xfe, 0xc4, 0xb9, 0xff, 0x87, 0xba, 0xf2, 
    0x09, 0xbb, 0x71, 0xc9, 0xa2, 0x28, 0xe7, 0x79, 0x08, 0x00, 0x00, 0x00, 0x00, 0x00, 0x00, 0x00, 0x00, 0x00, 0x00, 0x00, 0x00, 0x00, 0x00, 0x00, 
    0x00, 0x00, 0x00, 0x00, 0x00, 0x00, 0x00, 0x00, 0x00, 0x00, 0x00, 0x00, 0x00, 0x00, 0x00, 0x00, 0x00, 0x00, 0x00, 0x00, 0x00, 0x00, 0x00, 0x00, 
    0x00, 0x00, 0x00, 0x00, 0x00, 0x00, 0x00, 0x00, 0x00, 0x00, 0x00, 0x00, 0x00, 0x00, 0x00, 0x00, 0x00, 0x00, 0x00, 0x00, 0x00, 0x00, 0x00, 0x00, 
    0x00, 0x00, 0x00, 0x00, 0x00, 0x00, 0x00, 0x00, 0x00, 0x00, 0x00, 0x00, 0x00, 0x00, 0x00, 0x00, 0x00, 0x00, 0x00, 0x00, 0x00, 0x00, 0x00, 0x00, 
    0x00, 0x00, 0x00, 0x00, 0x00, 0x00, 0x00, 0x00, 0x00, 0x00, 0x00, 0x00, 0x00, 0x00, 0x00, 0x00, 0x00, 0x00, 0x00, 0x00, 0x00, 0x00, 0x00, 0x00, 
    0x00, 0x00, 0x00, 0x00, 0x00, 0x00, 0x00, 0x00, 0x00, 0x00, 0x00, 0x00, 0x00, 0x00, 0x00, 0x00, 0x00, 0x00, 0x00, 0x00, 0x00, 0x00, 0x00, 0x00, 
    0x00, 0x00, 0x00, 0x00, 0x00, 0x00, 0x00, 0x00, 0x00, 0x00, 0x00, 0x00, 0x00, 0x00, 0x00, 0x00, 0x00, 0x00, 0x00, 0x00, 0x00, 0x00, 0x00, 0x00, 
    0x00, 0x00, 0x00, 0x00, 0x00, 0x00, 0x00, 0x00, 0x00, 0x00, 0x00, 0x00, 0x00, 0x00, 0x00, 0x00, 0x00, 0x00, 0x00, 0x00, 0x00, 0x00, 0x00, 0x00, 
    0x00, 0x00, 0x00, 0x00, 0x00, 0x00, 0x00, 0x00, 0x00, 0x00, 0x00, 0x00, 0x00, 0x00, 0x00, 0x00, 0x00, 0x00, 0x00, 0x00, 0x00, 0x00, 0x00, 0x00, 
    0x00, 0x00, 0x00, 0x00, 0x00, 0x00, 0x00, 0x00, 0x00, 0x00, 0x00, 0x00, 0x00, 0x00, 0x00, 0x00, 0x00, 0x00, 0x00, 0x00, 0x00, 0x00, 0x00, 0x00, 
    0x00, 0x00, 0x00, 0x00, 0x00, 0x00, 0x00, 0x00, 0x00, 0x00, 0x00, 0x00, 0x00, 0x00, 0x00, 0x00, 0x00, 0x00, 0x00, 0x00, 0x00, 0x00, 0x00, 0x00, 
    0x00, 0x00, 0x00, 0x00, 0x00, 0x00, 0x00, 0x00, 0x00, 0x00, 0x00, 0x00, 0x00, 0x00, 0x00, 0x00, 0x00, 0x00, 0x00, 0x00, 0x00, 0x00, 0x00, 0x00, 
    0x00, 0x00, 0x00, 0x00, 0x00, 0x00, 0x00, 0x00, 0x00, 0x00, 0x00, 0x00, 0x00, 0x00, 0x00, 0x00, 0x00, 0x00, 0x00, 0x00, 0x00, 0x00, 0x00, 0x00, 
    0x00, 0x00, 0x00, 0x00, 0x00, 0x00, 0x00, 0x00, 0x00, 0x00, 0x00, 0x00, 0x00, 0x00, 0x00, 0x00, 0x00, 0x00, 0x00, 0x00, 0x00, 0x00, 0x00, 0x00, 
    0x00, 0x00, 0x00, 0x00, 0x00, 0x00, 0x00, 0x00, 0x00, 0x00, 0x00, 0x00, 0x00, 0x00, 0x00, 0x00, 0x00, 0x00, 0x00, 0x00, 0x00, 0x00, 0x00, 0x00, 
    0x00, 0x00, 0x00, 0x00, 0x00, 0x00, 0x00, 0x00, 0x00, 0x00, 0x00, 0x00, 0x00, 0x00, 0x00, 0x00, 0x00, 0x00, 0x00, 0x00, 0x00, 0x00, 0x00, 0x00, 
    0x00, 0x00, 0x00, 0x00, 0x00, 0x00, 0x00, 0x00, 0x00, 0x00, 0x00, 0x00, 0x00, 0x00, 0x00, 0x00, 0x00, 0x00, 0x00, 0x00, 0x00, 0x00, 0x00, 0x00, 
    0x00, 0x00, 0x00, 0x00, 0x00, 0x00, 0x00, 0x00, 0x00, 0x00, 0x00, 0x00, 0x00, 0x00, 0x00, 0x00, 0x00, 0x00, 0x00, 0x00, 0x00, 0x00, 0x00, 0x00, 
    0x00, 0x00, 0x00, 0x00, 0x00, 0x00, 0x00, 0x00, 0x00, 0x00, 0x00, 0x00, 0x00, 0x00, 0x00, 0x00, 0x00, 0x00, 0x00, 0x00, 0x00, 0x00, 0x00, 0x00, 
    0x00, 0x00, 0x00, 0x00, 0x00, 0x00, 0x00, 0x00, 0x00, 0x00, 0x00, 0x00, 0x00, 0x00, 0x00, 0x00, 0x00, 0x00, 0x00, 0x00, 0x00, 0x00, 0x00, 0x00, 
    0x00, 0x00, 0x00, 0x00, 0x00, 0x00, 0x00, 0x00, 0x00, 0x00, 0x00, 0x00, 0x00, 0x00, 0x00, 0x00, 0x00, 0x00, 0x00, 0x00, 0x00, 0x00, 0x00, 0x00, 
    0x00, 0x00, 0x00, 0x00, 0x00, 0x00, 0x00, 0x00, 0x00, 0x00, 0x00, 0x00, 0x00, 0x00, 0x00, 0x00, 0x00, 0x00, 0x00, 0x00, 0x00, 0x00, 0x00, 0x00, 
    0x00, 0x00, 0x00, 0x00, 0x00, 0x00, 0x00, 0x00, 0x00, 0x00, 0x00, 0x00, 0x00, 0x00, 0x00, 0x00, 0x00, 0x00, 0x00, 0x00, 0x00, 0x00, 0x00, 0x00, 
    0x00, 0x00, 0x00, 0x00, 0x00, 0x00, 0x00, 0x00, 0x00, 0x00, 0x00, 0x00, 0x00, 0x00, 0x00, 0x00, 0x00, 0x00, 0x00, 0x00, 0x00, 0x00, 0x00, 0x00, 
    0x00, 0x00, 0x00, 0x00, 0x00, 0x00, 0x00, 0x00, 0x00, 0x00, 0x00, 0x00, 0x00, 0x00, 0x00, 0x00, 0x00, 0x00, 0x00, 0x00, 0x00, 0x00, 0x00, 0x00, 
    0x00, 0x00, 0x01, 0x00, 0x00, 0x00, 0x24, 0x69, 0x07, 0xa5, 0x71, 0x18, 0x00, 0x00, 0x00, 0x00, 0x00, 0x01, 0x00, 0x00, 0x00, 0x00, 0x00, 0x00, 
    0x00, 0x00, 0x00, 0x00, 0x00, 0x00, 0x00, 0x00, 0x00, 0x00, 0x00, 0x00, 0x00, 0x00, 0x00, 0x00, 0x00, 0x00, 0x00, 0x78, 0x02, 0x49, 0xb2, 0x07, 
    0xc8, 0x9a, 0x22, 0xa9, 0x9a, 0x2a, 0xe9, 0xaa, 0x18, 0xc8, 0xa2, 0x19, 0xe8, 0xa2, 0x24, 0xe9, 0xa2, 0x31, 0xea, 0xaa, 0x13, 0x2a, 0xab, 0x1c, 
    0x0a, 0xab, 0x2f, 0xe9, 0xa2, 0x24, 0x00, 0xf8, 0x01, 0xaa, 0xaa, 0x03, 0x00, 0x00, 0x00, 0x00, 0x00, 0x00, 0x00, 0x00, 0x00, 0x00, 0x00, 0x00, 
    0x00, 0x00, 0x00, 0x00, 0x00, 0x00, 0x00, 0x00, 0x00, 0x00, 0x00, 0x00, 0x00, 0x00, 0x00, 0x00, 0x00, 0x00, 0x00, 0x00, 0x00, 0x00, 0x00, 0x00, 
    0x00, 0x00, 0x00, 0x00, 0x00, 0x00, 0x00, 0x00, 0x00, 0x00, 0x00, 0x00, 0x00, 0x00, 0x00, 0x00, 0x00, 0x00, 0x00, 0x78, 0x02, 0xa8, 0x8a, 0x12, 
    0xe7, 0xb9, 0x04, 0x00, 0x00, 0x00, 0xc9, 0x92, 0x0e, 0xc9, 0x9a, 0x37, 0xc9, 0x9a, 0x30, 0xe9, 0xb2, 0x86, 0x2a, 0xc3, 0xbf, 0x09, 0xc3, 0xde, 
    0x25, 0xba, 0xff, 0xa3, 0xb1, 0xff, 0xa3, 0xb1, 0xfe, 0x83, 0xb1, 0xfe, 0xa3, 0xb1, 0xfe, 0xa3, 0xb1, 0xfe, 0xa3, 0xb1, 0xff, 0xa3, 0xb1, 0xfe, 
    0xa3, 0xb1, 0xfe, 0xa3, 0xb1, 0xff, 0xa3, 0xb1, 0xff, 0xa3, 0xb1, 0xff, 0xa3, 0xb1, 0xfd, 0xa3, 0xb1, 0xff, 0x83, 0xb1, 0xff, 0xa3, 0xb1, 0xfe, 
    0xa4, 0xb1, 0xff, 0xa4, 0xb1, 0xff, 0xe5, 0xb1, 0xfc, 0x66, 0xba, 0xdd, 0x87, 0xc2, 0xed, 0xa8, 0xc2, 0xe5, 0xa7, 0xba, 0xf1, 0x29, 0xc3, 0xc4, 
    0xe9, 0xb2, 0x9a, 0xa8, 0xa2, 0x5e, 0x47, 0x92, 0x85, 0xa9, 0xa2, 0x55, 0x68, 0x9a, 0x1a, 0x29, 0x9b, 0x0a, 0xc9, 0x92, 0x11, 0x88, 0x8a, 0x32, 
    0x00, 0x00, 0x00, 0xef, 0x7b, 0x02, 0x00, 0xf8, 0x01, 0x00, 0x00, 0x00, 0x00, 0x00, 0x00, 0x66, 0x8a, 0x2b, 0xc5, 0x71, 0xb8, 0x28, 0x9a, 0x0f, 
    0x00, 0x00, 0x00, 0x00, 0x00, 0x01, 0x00, 0x00, 0x00, 0x00, 0x00, 0x00, 0x00, 0x00, 0x00, 0xaa, 0xaa, 0x03, 0x49, 0x92, 0x07, 0x68, 0x9a, 0x35, 
    0x68, 0x9a, 0x3e, 0x68, 0x9a, 0x27, 0xc9, 0xa2, 0x2a, 0xa8, 0xa2, 0x2f, 0xe6, 0x89, 0x18, 0x86, 0x61, 0x05, 0x86, 0x99, 0x05, 0x00, 0x00, 0x01, 
    0x00, 0x00, 0x00, 0x00, 0xf8, 0x01, 0x00, 0x00, 0x00, 0x00, 0x00, 0x00, 0x00, 0x00, 0x01, 0x00, 0x00, 0x00, 0x00, 0x00, 0x00, 0x00, 0x00, 0x00, 
    0x00, 0x00, 0x00, 0x00, 0x00, 0x00, 0x00, 0x00, 0x00, 0x00, 0x00, 0x00, 0x00, 0x00, 0x00, 0x00, 0x00, 0x00, 0x00, 0x00, 0x00, 0x00, 0x00, 0x00, 
    0x00, 0x00, 0x00, 0x00, 0x00, 0x00, 0x00, 0x00, 0x00, 0x00, 0x00, 0x00, 0x00, 0x00, 0x00, 0x00, 0x00, 0x00, 0x00, 0x00, 0x00, 0xe7, 0xb9, 0x04, 
    0xaa, 0xaa, 0x03, 0x4a, 0xfd, 0x03, 0xca, 0x9a, 0x19, 0xa9, 0x92, 0x2f, 0xc9, 0x92, 0x25, 0xc9, 0x9a, 0x34, 0xaa, 0x9a, 0x0f, 0xca, 0x9a, 0x19, 
    0x8a, 0x92, 0x13, 0xaa, 0xaa, 0x06, 0xe9, 0x92, 0x3a, 0x29, 0x8b, 0x14, 0xe7, 0x8a, 0x10, 0x67, 0x7a, 0x3c, 0x26, 0x9b, 0x05, 0x00, 0x00, 0x00, 
    0x00, 0x78, 0x02, 0x00, 0x00, 0x00, 0x00, 0x00, 0x00, 0x00, 0x00, 0x00, 0x00, 0x00, 0x00, 0x00, 0x00, 0x00, 0x00, 0x00, 0x00, 0x00, 0x00, 0x00, 
    0x00, 0x00, 0x00, 0x00, 0x00, 0x00, 0x00, 0x00, 0x00, 0x00, 0x00, 0x00, 0x00, 0x00, 0x01, 0x49, 0xb2, 0x07, 0x68, 0xaa, 0x28, 0x87, 0xba, 0xa2, 
    0xe4, 0xb9, 0xff, 0x83, 0xb1, 0xfe, 0xa3, 0xb9, 0xff, 0xa3, 0xb9, 0xff, 0xa3, 0xb9, 0xff, 0xa3, 0xb9, 0xff, 0xa3, 0xb9, 0xff, 0xa3, 0xb9, 0xff, 
    0xa3, 0xb9, 0xff, 0x82, 0xb1, 0xfe, 0x46, 0xc2, 0xff, 0x29, 0xcb, 0xd0, 0xea, 0xb2, 0x5c, 0x88, 0xa2, 0x1f, 0x00, 0x78, 0x02, 0x00, 0x00, 0x00, 
    0x00, 0x00, 0x00, 0x00, 0x00, 0x00, 0x00, 0x00, 0x00, 0x00, 0x00, 0x00, 0x00, 0x00, 0x00, 0x00, 0x00, 0x00, 0x00, 0x00, 0x00, 0x00, 0x00, 0x00, 
    0x00, 0x00, 0x00, 0x00, 0x00, 0x00, 0x00, 0x00, 0x00, 0x00, 0x00, 0x00, 0x00, 0x00, 0x00, 0x00, 0x00, 0x00, 0x00, 0x00, 0x00, 0x00, 0x00, 0x00, 
    0x00, 0x00, 0x00, 0x00, 0x00, 0x00, 0x00, 0x00, 0x00, 0x00, 0x00, 0x00, 0x00, 0x00, 0x00, 0x00, 0x00, 0x00, 0x00, 0x00, 0x00, 0x00, 0x00, 0x00, 
    0x00, 0x00, 0x00, 0x00, 0x00, 0x00, 0x00, 0x00, 0x00, 0x00, 0x00, 0x00, 0x00, 0x00, 0x00, 0x00, 0x00, 0x00, 0x00, 0x00, 0x00, 0x00, 0x00, 0x00, 
    0x00, 0x00, 0x00, 0x00, 0x00, 0x00, 0x00, 0x00, 0x00, 0x00, 0x00, 0x00, 0x00, 0x00, 0x00, 0x00, 0x00, 0x00, 0x00, 0x00, 0x00, 0x00, 0x00, 0x00, 
    0x00, 0x00, 0x00, 0x00, 0x00, 0x00, 0x00, 0x00, 0x00, 0x00, 0x00, 0x00, 0x00, 0x00, 0x00, 0x00, 0x00, 0x00, 0x00, 0x00, 0x00, 0x00, 0x00, 0x00, 
    0x00, 0x00, 0x00, 0x00, 0x00, 0x00, 0x00, 0x00, 0x00, 0x00, 0x00, 0x00, 0x00, 0x00, 0x00, 0x00, 0x00, 0x00, 0x00, 0x00, 0x00, 0x00, 0x00, 0x00, 
    0x00, 0x00, 0x00, 0x00, 0x00, 0x00, 0x00, 0x00, 0x00, 0x00, 0x00, 0x00, 0x00, 0x00, 0x00, 0x00, 0x00, 0x00, 0x00, 0x00, 0x00, 0x00, 0x00, 0x00, 
    0x00, 0x00, 0x00, 0x00, 0x00, 0x00, 0x00, 0x00, 0x00, 0x00, 0x00, 0x00, 0x00, 0x00, 0x00, 0x00, 0x00, 0x00, 0x00, 0x00, 0x00, 0x00, 0x00, 0x00, 
    0x00, 0x00, 0x00, 0x00, 0x00, 0x00, 0x00, 0x00, 0x00, 0x00, 0x00, 0x00, 0x00, 0x00, 0x00, 0x00, 0x00, 0x00, 0x00, 0x00, 0x00, 0x00, 0x00, 0x00, 
    0x00, 0x00, 0x00, 0x00, 0x00, 0x00, 0x00, 0x00, 0x00, 0x00, 0x00, 0x00, 0x00, 0x00, 0x00, 0x00, 0x00, 0x00, 0x00, 0x00, 0x00, 0x00, 0x00, 0x00, 
    0x00, 0x00, 0x00, 0x00, 0x00, 0x00, 0x00, 0x00, 0x00, 0x00, 0x00, 0x00, 0x00, 0x00, 0x00, 0x00, 0x00, 0x00, 0x00, 0x00, 0x00, 0x00, 0x00, 0x00, 
    0x00, 0x00, 0x00, 0x00, 0x00, 0x00, 0x00, 0x00, 0x00, 0x00, 0x00, 0x00, 0x00, 0x00, 0x00, 0x00, 0x00, 0x00, 0x00, 0x00, 0x00, 0x00, 0x00, 0x00, 
    0x00, 0x00, 0x00, 0x00, 0x00, 0x00, 0x00, 0x00, 0x00, 0x00, 0x00, 0x00, 0x00, 0x00, 0x00, 0x00, 0x00, 0x00, 0x00, 0x00, 0x00, 0x00, 0x00, 0x00, 
    0x00, 0x00, 0x00, 0x00, 0x00, 0x00, 0x00, 0x00, 0x00, 0x00, 0x00, 0x00, 0x00, 0x00, 0x00, 0x00, 0x00, 0x00, 0x00, 0x00, 0x00, 0x00, 0x00, 0x00, 
    0x00, 0x00, 0x00, 0x00, 0x00, 0x00, 0x00, 0x00, 0x00, 0x00, 0x00, 0x00, 0x00, 0x00, 0x00, 0x00, 0x00, 0x00, 0x00, 0x00, 0x00, 0x00, 0x00, 0x00, 
    0x00, 0x00, 0x00, 0x00, 0x00, 0x00, 0x00, 0x00, 0x00, 0x00, 0x00, 0x00, 0x00, 0x00, 0x00, 0x00, 0x00, 0x00, 0x00, 0x00, 0x00, 0x00, 0x00, 0x00, 
    0x00, 0x00, 0x00, 0x00, 0x00, 0x00, 0x00, 0x00, 0x00, 0x00, 0x00, 0x00, 0x00, 0x00, 0x00, 0x00, 0x00, 0x00, 0x00, 0x00, 0x00, 0x00, 0x00, 0x00, 
    0x00, 0x00, 0x00, 0x00, 0x00, 0x00, 0x00, 0x00, 0x00, 0x00, 0x00, 0x00, 0x00, 0x00, 0x00, 0x00, 0x00, 0x00, 0x00, 0x00, 0x00, 0x00, 0x00, 0x00, 
    0x00, 0x00, 0x00, 0x00, 0x00, 0x00, 0x00, 0x00, 0x00, 0x00, 0x00, 0x00, 0x00, 0x00, 0x00, 0x00, 0x00, 0x00, 0x00, 0x00, 0x00, 0x00, 0x00, 0x00, 
    0x00, 0x00, 0x00, 0x00, 0x00, 0x00, 0x00, 0x00, 0x00, 0x00, 0x00, 0x00, 0x00, 0x00, 0x00, 0x00, 0x00, 0x00, 0x00, 0x00, 0x00, 0x00, 0x00, 0x00, 
    0x00, 0x00, 0x00, 0x00, 0x00, 0x00, 0x00, 0x00, 0x00, 0x00, 0x00, 0x00, 0x00, 0x00, 0x00, 0x00, 0x00, 0x00, 0x00, 0x00, 0x00, 0x00, 0x00, 0x00, 
    0x00, 0x00, 0x00, 0x00, 0x00, 0x00, 0x00, 0x00, 0x00, 0x00, 0x00, 0x00, 0x00, 0x00, 0x00, 0x00, 0x00, 0x00, 0x00, 0x00, 0x00, 0x00, 0x00, 0x00, 
    0x00, 0x00, 0x00, 0x00, 0x00, 0x00, 0x00, 0x00, 0x00, 0x00, 0x00, 0x00, 0x00, 0x00, 0x00, 0x00, 0x00, 0x00, 0x00, 0x00, 0x00, 0x00, 0x00, 0x00, 
    0x00, 0x00, 0x00, 0x00, 0x00, 0x00, 0x00, 0x00, 0x00, 0x00, 0x00, 0x00, 0x00, 0x00, 0x00, 0x00, 0x00, 0x00, 0x00, 0x00, 0x00, 0x00, 0x00, 0x00, 
    0x00, 0x00, 0x00, 0x00, 0x00, 0x00, 0x00, 0x00, 0x00, 0x00, 0x00, 0x00, 0x00, 0x00, 0x00, 0x00, 0x00, 0x00, 0x00, 0x00, 0x00, 0x00, 0x00, 0x00, 
    0x00, 0x00, 0x00, 0x00, 0x00, 0x01, 0x00, 0x00, 0x00, 0x67, 0x9a, 0x10, 0xa8, 0xa2, 0x2c, 0xa8, 0xa2, 0x2c, 0xc8, 0xa2, 0x25, 0xe9, 0xaa, 0x48, 
    0xe9, 0xaa, 0x50, 0xc9, 0xaa, 0x6a, 0xe9, 0xaa, 0x4d, 0xe9, 0xaa, 0x56, 0x0a, 0xab, 0x48, 0x2a, 0xb3, 0x2b, 0xcb, 0xa2, 0x0e, 0xaa, 0x92, 0x0c, 
    0xe8, 0x8a, 0x0b, 0x00, 0x00, 0x00, 0x00, 0x00, 0x00, 0x00, 0x00, 0x00, 0x00, 0x00, 0x00, 0x00, 0x00, 0x00, 0x00, 0x00, 0x00, 0x00, 0x00, 0x00, 
    0x00, 0x00, 0x00, 0x00, 0x00, 0x00, 0x00, 0x00, 0x00, 0x00, 0x00, 0x00, 0x00, 0x00, 0x00, 0x00, 0x00, 0x00, 0xa7, 0x8a, 0x09, 0xef, 0x7b, 0x02, 
    0x00, 0x00, 0x00, 0x00, 0x00, 0x00, 0x00, 0x00, 0x00, 0xe7, 0x9a, 0x08, 0x86, 0x99, 0x05, 0x00, 0x78, 0x02, 0xa7, 0x92, 0x0c, 0xc9, 0x9a, 0x25, 
    0xc9, 0xa2, 0x3b, 0x09, 0xb3, 0x69, 0x2a, 0xc3, 0xc9, 0xa8, 0xc2, 0xee, 0xa4, 0xb1, 0xff, 0xa3, 0xb1, 0xfe, 0xa3, 0xb1, 0xff, 0xa3, 0xb1, 0xff, 
    0xa3, 0xb1, 0xff, 0xa3, 0xb1, 0xff, 0xa3, 0xb1, 0xff, 0xa3, 0xb9, 0xff, 0xa3, 0xb9, 0xff, 0xa3, 0xb9, 0xff, 0xa3, 0xb9, 0xff, 0xa3, 0xb9, 0xff, 
    0xa3, 0xb9, 0xff, 0xa3, 0xb9, 0xff, 0xa3, 0xb1, 0xff, 0xa3, 0xb1, 0xff, 0xa3, 0xb1, 0xff, 0xa3, 0xb9, 0xff, 0xa3, 0xb9, 0xff, 0xa3, 0xb9, 0xff, 
    0xc4, 0xb9, 0xff, 0xc4, 0xb9, 0xff, 0xe4, 0xb9, 0xff, 0x26, 0xba, 0xff, 0x87, 0xba, 0xf8, 0xe9, 0xba, 0xa6, 0xe9, 0xba, 0x4b, 0xa9, 0xaa, 0x89, 
    0xc9, 0xa2, 0x5f, 0xe9, 0xa2, 0x3a, 0xa8, 0x92, 0x4f, 0xc9, 0x92, 0x30, 0x49, 0x92, 0x0e, 0xaa, 0xaa, 0x03, 0xef, 0x7b, 0x02, 0xef, 0x7b, 0x02, 
    0x00, 0xf8, 0x01, 0xc7, 0x89, 0x09, 0xc5, 0x71, 0x48, 0x26, 0x8a, 0x2f, 0x26, 0x9b, 0x05, 0x00, 0x00, 0x01, 0x00, 0x00, 0x00, 0x00, 0x00, 0x01, 
    0xe7, 0x99, 0x08, 0x67, 0x9a, 0x24, 0x48, 0x9a, 0x23, 0x67, 0xa2, 0x44, 0xc9, 0xb2, 0x65, 0xe8, 0xba, 0x8a, 0xa7, 0xb2, 0xb1, 0xc8, 0xba, 0xb2, 
    0x09, 0xbb, 0x8d, 0xc8, 0xb2, 0x5b, 0xc9, 0xa2, 0x31, 0x88, 0x9a, 0x29, 0x00, 0x78, 0x02, 0x00, 0x00, 0x00, 0xe0, 0x7b, 0x02, 0x00, 0x78, 0x02, 
    0x00, 0x00, 0x00, 0x00, 0x00, 0x00, 0x00, 0x00, 0x00, 0x00, 0x00, 0x01, 0x00, 0x00, 0x00, 0x00, 0x00, 0x01, 0x00, 0x00, 0x00, 0x00, 0x00, 0x00, 
    0x00, 0x00, 0x00, 0x00, 0x00, 0x00, 0x00, 0x00, 0x00, 0x00, 0x00, 0x00, 0x00, 0x00, 0x00, 0x00, 0x00, 0x00, 0x00, 0xf8, 0x01, 0x00, 0x00, 0x00, 
    0x00, 0xf8, 0x01, 0xe0, 0x7b, 0x02, 0x00, 0xf8, 0x01, 0x69, 0x9a, 0x10, 0xaa, 0xaa, 0x06, 0x29, 0x9b, 0x0a, 0x88, 0x9a, 0x19, 0xa9, 0xa2, 0x33, 
    0xc9, 0x9a, 0x32, 0xa9, 0x92, 0x18, 0xa9, 0x9a, 0x2a, 0xc9, 0x9a, 0x39, 0x09, 0xa3, 0x1f, 0xa8, 0x9a, 0x20, 0xe9, 0x92, 0x4d, 0xc9, 0x9a, 0x1c, 
    0xa5, 0x7a, 0x06, 0x68, 0x82, 0x45, 0x28, 0x8a, 0x0b, 0x00, 0x00, 0x01, 0x00, 0x00, 0x00, 0x00, 0x00, 0x00, 0x00, 0x00, 0x00, 0x00, 0x00, 0x00, 
    0x00, 0x00, 0x00, 0x00, 0x00, 0x00, 0x00, 0x00, 0x00, 0x00, 0x00, 0x00, 0x00, 0x00, 0x00, 0x00, 0x00, 0x00, 0x00, 0x00, 0x00, 0x00, 0x00, 0x01, 
    0x00, 0x00, 0x00, 0x67, 0x9a, 0x1d, 0x88, 0xb2, 0x71, 0x05, 0xb2, 0xef, 0xc4, 0xb9, 0xff, 0xa3, 0xb1, 0xfe, 0xa3, 0xb9, 0xff, 0xa3, 0xb9, 0xff, 
    0xa3, 0xb9, 0xff, 0xa3, 0xb9, 0xff, 0xa3, 0xb9, 0xff, 0xa3, 0xb9, 0xff, 0xa3, 0xb9, 0xff, 0xa3, 0xb1, 0xfe, 0x67, 0xba, 0xfc, 0x2a, 0xc3, 0x8c, 
    0xa9, 0xa2, 0x23, 0x00, 0x00, 0x00, 0x00, 0x00, 0x00, 0x00, 0x00, 0x00, 0x00, 0x00, 0x00, 0x00, 0x00, 0x00, 0x00, 0x00, 0x00, 0x00, 0x00, 0x00, 
    0x00, 0x00, 0x00, 0x00, 0x00, 0x00, 0x00, 0x00, 0x00, 0x00, 0x00, 0x00, 0x00, 0x00, 0x00, 0x00, 0x00, 0x00, 0x00, 0x00, 0x00, 0x00, 0x00, 0x00, 
    0x00, 0x00, 0x00, 0x00, 0x00, 0x00, 0x00, 0x00, 0x00, 0x00, 0x00, 0x00, 0x00, 0x00, 0x00, 0x00, 0x00, 0x00, 0x00, 0x00, 0x00, 0x00, 0x00, 0x00, 
    0x00, 0x00, 0x00, 0x00, 0x00, 0x00, 0x00, 0x00, 0x00, 0x00, 0x00, 0x00, 0x00, 0x00, 0x00, 0x00, 0x00, 0x00, 0x00, 0x00, 0x00, 0x00, 0x00, 0x00, 
    0x00, 0x00, 0x00, 0x00, 0x00, 0x00, 0x00, 0x00, 0x00, 0x00, 0x00, 0x00, 0x00, 0x00, 0x00, 0x00, 0x00, 0x00, 0x00, 0x00, 0x00, 0x00, 0x00, 0x00, 
    0x00, 0x00, 0x00, 0x00, 0x00, 0x00, 0x00, 0x00, 0x00, 0x00, 0x00, 0x00, 0x00, 0x00, 0x00, 0x00, 0x00, 0x00, 0x00, 0x00, 0x00, 0x00, 0x00, 0x00, 
    0x00, 0x00, 0x00, 0x00, 0x00, 0x00, 0x00, 0x00, 0x00, 0x00, 0x00, 0x00, 0x00, 0x00, 0x00, 0x00, 0x00, 0x00, 0x00, 0x00, 0x00, 0x00, 0x00, 0x00, 
    0x00, 0x00, 0x00, 0x00, 0x00, 0x00, 0x00, 0x00, 0x00, 0x00, 0x00, 0x00, 0x00, 0x00, 0x00, 0x00, 0x00, 0x00, 0x00, 0x00, 0x00, 0x00, 0x00, 0x00, 
    0x00, 0x00, 0x00, 0x00, 0x00, 0x00, 0x00, 0x00, 0x00, 0x00, 0x00, 0x00, 0x00, 0x00, 0x00, 0x00, 0x00, 0x00, 0x00, 0x00, 0x00, 0x00, 0x00, 0x00, 
    0x00, 0x00, 0x00, 0x00, 0x00, 0x00, 0x00, 0x00, 0x00, 0x00, 0x00, 0x00, 0x00, 0x00, 0x00, 0x00, 0x00, 0x00, 0x00, 0x00, 0x00, 0x00, 0x00, 0x00, 
    0x00, 0x00, 0x00, 0x00, 0x00, 0x00, 0x00, 0x00, 0x00, 0x00, 0x00, 0x00, 0x00, 0x00, 0x00, 0x00, 0x00, 0x00, 0x00, 0x00, 0x00, 0x00, 0x00, 0x00, 
    0x00, 0x00, 0x00, 0x00, 0x00, 0x00, 0x00, 0x00, 0x00, 0x00, 0x00, 0x00, 0x00, 0x00, 0x00, 0x00, 0x00, 0x00, 0x00, 0x00, 0x00, 0x00, 0x00, 0x00, 
    0x00, 0x00, 0x00, 0x00, 0x00, 0x00, 0x00, 0x00, 0x00, 0x00, 0x00, 0x00, 0x00, 0x00, 0x00, 0x00, 0x00, 0x00, 0x00, 0x00, 0x00, 0x00, 0x00, 0x00, 
    0x00, 0x00, 0x00, 0x00, 0x00, 0x00, 0x00, 0x00, 0x00, 0x00, 0x00, 0x00, 0x00, 0x00, 0x00, 0x00, 0x00, 0x00, 0x00, 0x00, 0x00, 0x00, 0x00, 0x00, 
    0x00, 0x00, 0x00, 0x00, 0x00, 0x00, 0x00, 0x00, 0x00, 0x00, 0x00, 0x00, 0x00, 0x00, 0x00, 0x00, 0x00, 0x00, 0x00, 0x00, 0x00, 0x00, 0x00, 0x00, 
    0x00, 0x00, 0x00, 0x00, 0x00, 0x00, 0x00, 0x00, 0x00, 0x00, 0x00, 0x00, 0x00, 0x00, 0x00, 0x00, 0x00, 0x00, 0x00, 0x00, 0x00, 0x00, 0x00, 0x00, 
    0x00, 0x00, 0x00, 0x00, 0x00, 0x00, 0x00, 0x00, 0x00, 0x00, 0x00, 0x00, 0x00, 0x00, 0x00, 0x00, 0x00, 0x00, 0x00, 0x00, 0x00, 0x00, 0x00, 0x00, 
    0x00, 0x00, 0x00, 0x00, 0x00, 0x00, 0x00, 0x00, 0x00, 0x00, 0x00, 0x00, 0x00, 0x00, 0x00, 0x00, 0x00, 0x00, 0x00, 0x00, 0x00, 0x00, 0x00, 0x00, 
    0x00, 0x00, 0x00, 0x00, 0x00, 0x00, 0x00, 0x00, 0x00, 0x00, 0x00, 0x00, 0x00, 0x00, 0x00, 0x00, 0x00, 0x00, 0x00, 0x00, 0x00, 0x00, 0x00, 0x00, 
    0x00, 0x00, 0x00, 0x00, 0x00, 0x00, 0x00, 0x00, 0x00, 0x00, 0x00, 0x00, 0x00, 0x00, 0x00, 0x00, 0x00, 0x00, 0x00, 0x00, 0x00, 0x00, 0x00, 0x00, 
    0x00, 0x00, 0x00, 0x00, 0x00, 0x00, 0x00, 0x00, 0x00, 0x00, 0x00, 0x00, 0x00, 0x00, 0x00, 0x00, 0x00, 0x00, 0x00, 0x00, 0x00, 0x00, 0x00, 0x00, 
    0x00, 0x00, 0x00, 0x00, 0x00, 0x00, 0x00, 0x00, 0x00, 0x00, 0x00, 0x00, 0x00, 0x00, 0x00, 0x00, 0x00, 0x00, 0x00, 0x00, 0x00, 0x00, 0x00, 0x00, 
    0x00, 0x00, 0x00, 0x00, 0x00, 0x00, 0x00, 0x00, 0x00, 0x00, 0x00, 0x00, 0x00, 0x00, 0x00, 0x00, 0x00, 0x00, 0x00, 0x00, 0x00, 0x00, 0x00, 0x00, 
    0x00, 0x00, 0x00, 0x00, 0x00, 0x00, 0x00, 0x00, 0x00, 0x00, 0x00, 0x00, 0x00, 0x00, 0x00, 0x00, 0x00, 0x00, 0x00, 0x00, 0x00, 0x00, 0x00, 0x00, 
    0x00, 0x00, 0x00, 0x00, 0x00, 0x00, 0x00, 0x78, 0x02, 0xe0, 0x7b, 0x02, 0x00, 0x00, 0x00, 0x00, 0x00, 0x00, 0x00, 0x00, 0x00, 0x00, 0x00, 0x00, 
    0x00, 0x00, 0x00, 0x00, 0x00, 0x00, 0x00, 0x00, 0x00, 0x00, 0x00, 0x01, 0x00, 0x00, 0x00, 0x00, 0x00, 0x00, 0x00, 0x00, 0x00, 0x00, 0x00, 0x00, 
    0x00, 0x00, 0x00, 0x00, 0x00, 0x00, 0x00, 0x00, 0x00, 0x00, 0x00, 0x00, 0x00, 0xf8, 0x01, 0x00, 0xf8, 0x01, 0xa9, 0x9a, 0x15, 0xc8, 0xa2, 0x34, 
    0xc8, 0xa2, 0x40, 0xc9, 0xaa, 0x3b, 0xc8, 0xaa, 0x3b, 0x09, 0xb3, 0x71, 0x09, 0xbb, 0x92, 0xe9, 0xba, 0x7d, 0x0a, 0xbb, 0x8e, 0x2a, 0xbb, 0xa1, 
    0x09, 0xbb, 0x8a, 0x0a, 0xb3, 0x71, 0x2a, 0xab, 0x47, 0xe9, 0xa2, 0x20, 0xe8, 0xa2, 0x24, 0x2c, 0x9b, 0x05, 0x00, 0x00, 0x00, 0x00, 0x00, 0x00, 
    0x00, 0x00, 0x00, 0x00, 0x00, 0x00, 0x00, 0x00, 0x00, 0x00, 0x00, 0x00, 0x00, 0x00, 0x00, 0x00, 0x00, 0x00, 0x00, 0x00, 0x00, 0x00, 0x00, 0x00, 
    0xa7, 0x8a, 0x09, 0x00, 0xf8, 0x01, 0x06, 0x82, 0x5b, 0x26, 0x8a, 0x19, 0x00, 0x00, 0x00, 0x00, 0x00, 0x01, 0xaa, 0xaa, 0x03, 0xe7, 0x9a, 0x08, 
    0x00, 0xf8, 0x01, 0xe7, 0x9a, 0x08, 0xa9, 0x9a, 0x1d, 0xa9, 0xa2, 0x26, 0xe9, 0xaa, 0x4c, 0x4a, 0xc3, 0x9f, 0x09, 0xcb, 0xd9, 0xa7, 0xca, 0xf6, 
    0xc4, 0xb1, 0xfe, 0xa3, 0xb9, 0xff, 0xa3, 0xb9, 0xff, 0xa3, 0xb9, 0xff, 0xa3, 0xb9, 0xff, 0xa3, 0xb9, 0xff, 0xa3, 0xb9, 0xff, 0xa3, 0xb9, 0xff, 
    0xa3, 0xb9, 0xff, 0xa3, 0xb9, 0xff, 0xa4, 0xb9, 0xff, 0xa4, 0xb9, 0xff, 0xa3, 0xb9, 0xff, 0xa3, 0xb9, 0xff, 0xa3, 0xb9, 0xff, 0xa3, 0xb9, 0xff, 
    0xa3, 0xb9, 0xff, 0xa3, 0xb9, 0xff, 0xa3, 0xb9, 0xff, 0xa3, 0xb9, 0xfe, 0xa3, 0xb9, 0xfe, 0xa3, 0xb9, 0xfe, 0xa3, 0xb9, 0xfe, 0xa3, 0xb9, 0xff, 
    0xe4, 0xb9, 0xff, 0x25, 0xba, 0xff, 0x67, 0xba, 0xdf, 0xe9, 0xc2, 0xb4, 0xe9, 0xba, 0xa5, 0xc9, 0xb2, 0x89, 0xe9, 0xa2, 0x6e, 0xc9, 0xa2, 0x43, 
    0xc9, 0x92, 0x2e, 0x49, 0x92, 0x07, 0xaa, 0xaa, 0x03, 0xaa, 0xaa, 0x03, 0x00, 0x78, 0x02, 0x00, 0x78, 0x02, 0x00, 0x00, 0x00, 0xc5, 0x79, 0xbe, 
    0xc5, 0x81, 0x4d, 0x00, 0xf8, 0x01, 0xa0, 0x52, 0x03, 0x69, 0x9a, 0x0a, 0xe7, 0x91, 0x0c, 0x47, 0x9a, 0x2c, 0x88, 0xaa, 0x51, 0xc8, 0xba, 0x93, 
    0xa7, 0xba, 0xc8, 0x05, 0xb2, 0xfc, 0xe4, 0xb9, 0xff, 0xe4, 0xb9, 0xff, 0x25, 0xba, 0xfd, 0x25, 0xb2, 0xf5, 0x46, 0xb2, 0xb5, 0xa8, 0xba, 0x9e, 
    0xa8, 0xb2, 0x88, 0xe9, 0xb2, 0x3c, 0x87, 0x9a, 0x2c, 0x87, 0x9a, 0x3c, 0x69, 0x9a, 0x0a, 0x86, 0x99, 0x05, 0x69, 0xb2, 0x0d, 0x00, 0x00, 0x00, 
    0x00, 0xf8, 0x01, 0x00, 0x00, 0x00, 0x00, 0x00, 0x00, 0x00, 0x00, 0x00, 0x00, 0x00, 0x00, 0x00, 0x00, 0x00, 0x00, 0x00, 0x00, 0x00, 0x00, 0x00, 
    0x00, 0x00, 0x00, 0x00, 0x00, 0x00, 0x00, 0x00, 0x00, 0x00, 0x00, 0x00, 0x00, 0x00, 0x01, 0x69, 0x93, 0x07, 0xe7, 0xb9, 0x04, 0xe7, 0xba, 0x08, 
    0x88, 0xa2, 0x2c, 0xa9, 0xa2, 0x3a, 0xc9, 0xa2, 0x37, 0xa8, 0xa2, 0x6f, 0xc8, 0xa2, 0x60, 0xc9, 0xa2, 0x43, 0xe9, 0xa2, 0x63, 0xe9, 0xa2, 0x71, 
    0xe9, 0xa2, 0x66, 0xe9, 0xa2, 0x45, 0xc9, 0x9a, 0x49, 0xea, 0xa2, 0x33, 0xc9, 0x9a, 0x30, 0x29, 0xa3, 0x1e, 0xaa, 0x7a, 0x06, 0x26, 0x9b, 0x05, 
    0x26, 0x7a, 0x34, 0xa7, 0x72, 0x09, 0x00, 0x00, 0x00, 0x00, 0x00, 0x00, 0x00, 0x00, 0x00, 0x00, 0x00, 0x00, 0x00, 0x00, 0x00, 0x00, 0x00, 0x00, 
    0x00, 0x00, 0x00, 0x00, 0x00, 0x00, 0x00, 0x00, 0x00, 0x00, 0x00, 0x00, 0x66, 0xb2, 0x0a, 0x27, 0xa2, 0x2b, 0xa8, 0xba, 0x92, 0x05, 0xb2, 0xfd, 
    0xa3, 0xb9, 0xff, 0xa3, 0xb1, 0xfe, 0xa3, 0xb9, 0xff, 0xa3, 0xb9, 0xff, 0xa3, 0xb9, 0xff, 0xa3, 0xb9, 0xff, 0xa4, 0xb9, 0xff, 0xa4, 0xb9, 0xff, 
    0x83, 0xb1, 0xfe, 0xe4, 0xb9, 0xff, 0xe9, 0xc2, 0xad, 0xea, 0xb2, 0x33, 0xe7, 0x99, 0x08, 0xe0, 0x7b, 0x02, 0x00, 0x00, 0x00, 0x00, 0x00, 0x00, 
    0x00, 0x00, 0x00, 0x00, 0x00, 0x00, 0x00, 0x00, 0x00, 0x00, 0x00, 0x00, 0x00, 0x00, 0x00, 0x00, 0x00, 0x00, 0x00, 0x00, 0x00, 0x00, 0x00, 0x00, 
    0x00, 0x00, 0x00, 0x00, 0x00, 0x00, 0x00, 0x00, 0x00, 0x00, 0x00, 0x00, 0x00, 0x00, 0x00, 0x00, 0x00, 0x00, 0x00, 0x00, 0x00, 0x00, 0x00, 0x00, 
    0x00, 0x00, 0x00, 0x00, 0x00, 0x00, 0x00, 0x00, 0x00, 0x00, 0x00, 0x00, 0x00, 0x00, 0x00, 0x00, 0x00, 0x00, 0x00, 0x00, 0x00, 0x00, 0x00, 0x00, 
    0x00, 0x00, 0x00, 0x00, 0x00, 0x00, 0x00, 0x00, 0x00, 0x00, 0x00, 0x00, 0x00, 0x00, 0x00, 0x00, 0x00, 0x00, 0x00, 0x00, 0x00, 0x00, 0x00, 0x00, 
    0x00, 0x00, 0x00, 0x00, 0x00, 0x00, 0x00, 0x00, 0x00, 0x00, 0x00, 0x00, 0x00, 0x00, 0x00, 0x00, 0x00, 0x00, 0x00, 0x00, 0x00, 0x00, 0x00, 0x00, 
    0x00, 0x00, 0x00, 0x00, 0x00, 0x00, 0x00, 0x00, 0x00, 0x00, 0x00, 0x00, 0x00, 0x00, 0x00, 0x00, 0x00, 0x00, 0x00, 0x00, 0x00, 0x00, 0x00, 0x00, 
    0x00, 0x00, 0x00, 0x00, 0x00, 0x00, 0x00, 0x00, 0x00, 0x00, 0x00, 0x00, 0x00, 0x00, 0x00, 0x00, 0x00, 0x00, 0x00, 0x00, 0x00, 0x00, 0x00, 0x00, 
    0x00, 0x00, 0x00, 0x00, 0x00, 0x00, 0x00, 0x00, 0x00, 0x00, 0x00, 0x00, 0x00, 0x00, 0x00, 0x00, 0x00, 0x00, 0x00, 0x00, 0x00, 0x00, 0x00, 0x00, 
    0x00, 0x00, 0x00, 0x00, 0x00, 0x00, 0x00, 0x00, 0x00, 0x00, 0x00, 0x00, 0x00, 0x00, 0x00, 0x00, 0x00, 0x00, 0x00, 0x00, 0x00, 0x00, 0x00, 0x00, 
    0x00, 0x00, 0x00, 0x00, 0x00, 0x00, 0x00, 0x00, 0x00, 0x00, 0x00, 0x00, 0x00, 0x00, 0x00, 0x00, 0x00, 0x00, 0x00, 0x00, 0x00, 0x00, 0x00, 0x00, 
    0x00, 0x00, 0x00, 0x00, 0x00, 0x00, 0x00, 0x00, 0x00, 0x00, 0x00, 0x00, 0x00, 0x00, 0x00, 0x00, 0x00, 0x00, 0x00, 0x00, 0x00, 0x00, 0x00, 0x00, 
    0x00, 0x00, 0x00, 0x00, 0x00, 0x00, 0x00, 0x00, 0x00, 0x00, 0x00, 0x00, 0x00, 0x00, 0x00, 0x00, 0x00, 0x00, 0x00, 0x00, 0x00, 0x00, 0x00, 0x00, 
    0x00, 0x00, 0x00, 0x00, 0x00, 0x00, 0x00, 0x00, 0x00, 0x00, 0x00, 0x00, 0x00, 0x00, 0x00, 0x00, 0x00, 0x00, 0x00, 0x00, 0x00, 0x00, 0x00, 0x00, 
    0x00, 0x00, 0x00, 0x00, 0x00, 0x00, 0x00, 0x00, 0x00, 0x00, 0x00, 0x00, 0x00, 0x00, 0x00, 0x00, 0x00, 0x00, 0x00, 0x00, 0x00, 0x00, 0x00, 0x00, 
    0x00, 0x00, 0x00, 0x00, 0x00, 0x00, 0x00, 0x00, 0x00, 0x00, 0x00, 0x00, 0x00, 0x00, 0x00, 0x00, 0x00, 0x00, 0x00, 0x00, 0x00, 0x00, 0x00, 0x00, 
    0x00, 0x00, 0x00, 0x00, 0x00, 0x00, 0x00, 0x00, 0x00, 0x00, 0x00, 0x00, 0x00, 0x00, 0x00, 0x00, 0x00, 0x00, 0x00, 0x00, 0x00, 0x00, 0x00, 0x00, 
    0x00, 0x00, 0x00, 0x00, 0x00, 0x00, 0x00, 0x00, 0x00, 0x00, 0x00, 0x00, 0x00, 0x00, 0x00, 0x00, 0x00, 0x00, 0x00, 0x00, 0x00, 0x00, 0x00, 0x00, 
    0x00, 0x00, 0x00, 0x00, 0x00, 0x00, 0x00, 0x00, 0x00, 0x00, 0x00, 0x00, 0x00, 0x00, 0x00, 0x00, 0x00, 0x00, 0x00, 0x00, 0x00, 0x00, 0x00, 0x00, 
    0x00, 0x00, 0x00, 0x00, 0x00, 0x00, 0x00, 0x00, 0x00, 0x00, 0x00, 0x00, 0x00, 0x00, 0x00, 0x00, 0x00, 0x00, 0x00, 0x00, 0x00, 0x00, 0x00, 0x00, 
    0x00, 0x00, 0x00, 0x00, 0x00, 0x00, 0x00, 0x00, 0x00, 0x00, 0x00, 0x00, 0x00, 0x00, 0x00, 0x00, 0x00, 0x00, 0x00, 0x00, 0x00, 0x00, 0x00, 0x00, 
    0x00, 0x00, 0x00, 0x00, 0x00, 0x00, 0x00, 0x00, 0x00, 0x00, 0x00, 0x00, 0x00, 0x00, 0x00, 0x00, 0x00, 0x00, 0x00, 0x00, 0x00, 0x00, 0x00, 0x00, 
    0x00, 0x00, 0x00, 0x00, 0x00, 0x00, 0x00, 0x00, 0x00, 0x00, 0x00, 0x00, 0x00, 0x00, 0x00, 0x00, 0x00, 0x00, 0x00, 0x00, 0x00, 0x00, 0x00, 0x00, 
    0x00, 0x00, 0x00, 0x00, 0x00, 0x00, 0x00, 0x00, 0x00, 0x00, 0x00, 0x00, 0x00, 0x00, 0x00, 0x00, 0x00, 0x00, 0x00, 0x00, 0x00, 0x00, 0x00, 0x00, 
    0x00, 0x00, 0x00, 0x00, 0x00, 0x00, 0x00, 0x00, 0x00, 0x00, 0x00, 0x00, 0x00, 0x00, 0x00, 0x00, 0x00, 0x00, 0x00, 0x00, 0x00, 0x00, 0x00, 0x00, 
    0x00, 0x00, 0x00, 0x00, 0x00, 0x00, 0x00, 0x00, 0x00, 0x00, 0x00, 0x00, 0x00, 0x00, 0x00, 0x00, 0x00, 0x00, 0x00, 0x00, 0x00, 0x00, 0x00, 0x00, 
    0x00, 0x00, 0x00, 0x00, 0x00, 0x00, 0x00, 0x00, 0x00, 0x00, 0x00, 0x00, 0x00, 0x00, 0x00, 0x00, 0x00, 0x00, 0x00, 0x00, 0x00, 0x00, 0x00, 0x00, 
    0x00, 0x00, 0x00, 0xe0, 0xff, 0x01, 0xa8, 0x9a, 0x20, 0xc8, 0x9a, 0x54, 0xc8, 0xa2, 0x3e, 0xe9, 0xaa, 0x4e, 0x09, 0xbb, 0x79, 0xc8, 0xc2, 0xbb, 
    0xc8, 0xc2, 0xe0, 0x09, 0xcb, 0xd0, 0x09, 0xc3, 0xdf, 0x09, 0xcb, 0xdb, 0x2a, 0xc3, 0xc7, 0x2a, 0xbb, 0xa1, 0x2a, 0xb3, 0x81, 0xea, 0xaa, 0x4b, 
    0x09, 0xa3, 0x1d, 0xa9, 0x9a, 0x20, 0xe0, 0x7b, 0x02, 0x00, 0x78, 0x02, 0x00, 0x00, 0x00, 0x00, 0x00, 0x00, 0x00, 0x00, 0x01, 0x00, 0x00, 0x00, 
    0x00, 0x00, 0x00, 0x00, 0x00, 0x00, 0x00, 0x00, 0x00, 0x00, 0x00, 0x00, 0xa5, 0x7a, 0x06, 0xe7, 0xb9, 0x04, 0xa7, 0x92, 0x0c, 0x26, 0x9b, 0x05, 
    0x00, 0xf8, 0x01, 0x00, 0xf8, 0x01, 0x00, 0x00, 0x01, 0xe7, 0x79, 0x04, 0x2c, 0x9b, 0x05, 0x69, 0x7a, 0x0a, 0xa8, 0xa2, 0x1b, 0xc9, 0xa2, 0x17, 
    0xe9, 0xaa, 0x78, 0x2a, 0xcb, 0xd1, 0x46, 0xba, 0xfd, 0xc4, 0xb9, 0xff, 0xa3, 0xb9, 0xff, 0xa3, 0xb9, 0xff, 0xa3, 0xb9, 0xff, 0xa3, 0xb9, 0xff, 
    0xa3, 0xb9, 0xff, 0xa3, 0xb9, 0xff, 0xa3, 0xb9, 0xff, 0xa3, 0xb9, 0xff, 0xa3, 0xb9, 0xff, 0xa3, 0xb9, 0xff, 0xa3, 0xb9, 0xff, 0xa3, 0xb9, 0xff, 
    0xa3, 0xb9, 0xff, 0xa3, 0xb9, 0xff, 0xa3, 0xb9, 0xff, 0xa3, 0xb9, 0xff, 0xa3, 0xb9, 0xff, 0xa3, 0xb9, 0xff, 0xa3, 0xb9, 0xff, 0xa3, 0xb9, 0xff, 
    0xa3, 0xb9, 0xff, 0xa3, 0xb9, 0xff, 0xa4, 0xb9, 0xff, 0xa3, 0xb9, 0xff, 0xa3, 0xb9, 0xfe, 0x83, 0xb1, 0xfe, 0xc4, 0xb9, 0xff, 0x05, 0xba, 0xff, 
    0x05, 0xba, 0xff, 0x46, 0xba, 0xe5, 0x29, 0xcb, 0xaf, 0x0a, 0xbb, 0x93, 0xe9, 0xa2, 0x52, 0xc9, 0x9a, 0x48, 0xa8, 0x92, 0x4b, 0x28, 0x8a, 0x12, 
    0xe7, 0xb9, 0x04, 0x00, 0xf8, 0x02, 0xaa, 0x52, 0x03, 0x85, 0x79, 0x23, 0x46, 0x7a, 0x0e, 0x00, 0x00, 0x00, 0xaa, 0xaa, 0x03, 0x49, 0xb2, 0x07, 
    0x47, 0x9a, 0x15, 0x88, 0xaa, 0x69, 0x67, 0xb2, 0xa8, 0xe4, 0xb1, 0xf9, 0xa4, 0xb1, 0xff, 0x83, 0xb1, 0xff, 0x83, 0xb1, 0xfd, 0x83, 0xb1, 0xfe, 
    0x62, 0xb1, 0xff, 0x83, 0xb1, 0xff, 0xa3, 0xb1, 0xff, 0xa4, 0xb1, 0xff, 0xe4, 0xb1, 0xff, 0x26, 0xb2, 0xca, 0x09, 0xc3, 0x8f, 0x09, 0xbb, 0x80, 
    0xe9, 0xb2, 0x5e, 0xc8, 0xa2, 0x2b, 0xa9, 0xa2, 0x3c, 0x48, 0xa2, 0x1f, 0xe7, 0x99, 0x08, 0x49, 0x92, 0x0e, 0xaa, 0xaa, 0x03, 0x49, 0xb2, 0x07, 
    0x66, 0x9a, 0x0a, 0x00, 0x00, 0x00, 0x26, 0x9b, 0x05, 0xef, 0x7b, 0x02, 0x00, 0x00, 0x00, 0xa7, 0xaa, 0x09, 0x88, 0xa2, 0x13, 0xa7, 0xaa, 0x0c, 
    0xc7, 0xa2, 0x14, 0xa9, 0xaa, 0x18, 0x88, 0xa2, 0x46, 0xa8, 0xaa, 0x51, 0xc9, 0xaa, 0x36, 0xa8, 0xa2, 0x83, 0xa8, 0xaa, 0x81, 0xe9, 0xb2, 0x72, 
    0x09, 0xbb, 0x92, 0x2a, 0xbb, 0xbe, 0x4a, 0xc3, 0xad, 0x09, 0xb3, 0x9a, 0x2a, 0xbb, 0x9b, 0x09, 0xab, 0x81, 0xc9, 0xa2, 0x4e, 0xe9, 0xa2, 0x7e, 
    0xe9, 0x9a, 0x4a, 0x69, 0x9a, 0x0a, 0xa8, 0x9a, 0x0f, 0xe7, 0x9a, 0x08, 0x47, 0x82, 0x3e, 0x69, 0x7a, 0x0a, 0x00, 0x00, 0x00, 0x00, 0x00, 0x00, 
    0x00, 0x00, 0x00, 0x00, 0x00, 0x00, 0x00, 0x00, 0x00, 0x00, 0x00, 0x00, 0x00, 0x00, 0x00, 0x00, 0x00, 0x00, 0x00, 0x00, 0x01, 0x00, 0x00, 0x00, 
    0xa7, 0xaa, 0x09, 0x87, 0xaa, 0x44, 0xa8, 0xba, 0xbd, 0xe5, 0xb9, 0xfe, 0x83, 0xb9, 0xfe, 0xa3, 0xb1, 0xff, 0xa3, 0xb9, 0xff, 0xa3, 0xb9, 0xff, 
    0xa3, 0xb9, 0xff, 0xa3, 0xb9, 0xff, 0xa3, 0xb9, 0xff, 0xa3, 0xb9, 0xfe, 0xa3, 0xb9, 0xff, 0x05, 0xba, 0xe7, 0x0a, 0xc3, 0x7a, 0xa9, 0xa2, 0x26, 
    0x00, 0xf8, 0x01, 0x00, 0x00, 0x01, 0x00, 0x00, 0x00, 0x00, 0x00, 0x00, 0x00, 0x00, 0x00, 0x00, 0x00, 0x00, 0x00, 0x00, 0x00, 0x00, 0x00, 0x00, 
    0x00, 0x00, 0x00, 0x00, 0x00, 0x00, 0x00, 0x00, 0x00, 0x00, 0x00, 0x00, 0x00, 0x00, 0x00, 0x00, 0x00, 0x00, 0x00, 0x00, 0x00, 0x00, 0x00, 0x00, 
    0x00, 0x00, 0x00, 0x00, 0x00, 0x00, 0x00, 0x00, 0x00, 0x00, 0x00, 0x00, 0x00, 0x00, 0x00, 0x00, 0x00, 0x00, 0x00, 0x00, 0x00, 0x00, 0x00, 0x00, 
    0x00, 0x00, 0x00, 0x00, 0x00, 0x00, 0x00, 0x00, 0x00, 0x00, 0x00, 0x00, 0x00, 0x00, 0x00, 0x00, 0x00, 0x00, 0x00, 0x00, 0x00, 0x00, 0x00, 0x00, 
    0x00, 0x00, 0x00, 0x00, 0x00, 0x00, 0x00, 0x00, 0x00, 0x00, 0x00, 0x00, 0x00, 0x00, 0x00, 0x00, 0x00, 0x00, 0x00, 0x00, 0x00, 0x00, 0x00, 0x00, 
    0x00, 0x00, 0x00, 0x00, 0x00, 0x00, 0x00, 0x00, 0x00, 0x00, 0x00, 0x00, 0x00, 0x00, 0x00, 0x00, 0x00, 0x00, 0x00, 0x00, 0x00, 0x00, 0x00, 0x00, 
    0x00, 0x00, 0x00, 0x00, 0x00, 0x00, 0x00, 0x00, 0x00, 0x00, 0x00, 0x00, 0x00, 0x00, 0x00, 0x00, 0x00, 0x00, 0x00, 0x00, 0x00, 0x00, 0x00, 0x00, 
    0x00, 0x00, 0x00, 0x00, 0x00, 0x00, 0x00, 0x00, 0x00, 0x00, 0x00, 0x00, 0x00, 0x00, 0x00, 0x00, 0x00, 0x00, 0x00, 0x00, 0x00, 0x00, 0x00, 0x00, 
    0x00, 0x00, 0x00, 0x00, 0x00, 0x00, 0x00, 0x00, 0x00, 0x00, 0x00, 0x00, 0x00, 0x00, 0x00, 0x00, 0x00, 0x00, 0x00, 0x00, 0x00, 0x00, 0x00, 0x00, 
    0x00, 0x00, 0x00, 0x00, 0x00, 0x00, 0x00, 0x00, 0x00, 0x00, 0x00, 0x00, 0x00, 0x00, 0x00, 0x00, 0x00, 0x00, 0x00, 0x00, 0x00, 0x00, 0x00, 0x00, 
    0x00, 0x00, 0x00, 0x00, 0x00, 0x00, 0x00, 0x00, 0x00, 0x00, 0x00, 0x00, 0x00, 0x00, 0x00, 0x00, 0x00, 0x00, 0x00, 0x00, 0x00, 0x00, 0x00, 0x00, 
    0x00, 0x00, 0x00, 0x00, 0x00, 0x00, 0x00, 0x00, 0x00, 0x00, 0x00, 0x00, 0x00, 0x00, 0x00, 0x00, 0x00, 0x00, 0x00, 0x00, 0x00, 0x00, 0x00, 0x00, 
    0x00, 0x00, 0x00, 0x00, 0x00, 0x00, 0x00, 0x00, 0x00, 0x00, 0x00, 0x00, 0x00, 0x00, 0x00, 0x00, 0x00, 0x00, 0x00, 0x00, 0x00, 0x00, 0x00, 0x00, 
    0x00, 0x00, 0x00, 0x00, 0x00, 0x00, 0x00, 0x00, 0x00, 0x00, 0x00, 0x00, 0x00, 0x00, 0x00, 0x00, 0x00, 0x00, 0x00, 0x00, 0x00, 0x00, 0x00, 0x00, 
    0x00, 0x00, 0x00, 0x00, 0x00, 0x00, 0x00, 0x00, 0x00, 0x00, 0x00, 0x00, 0x00, 0x00, 0x00, 0x00, 0x00, 0x00, 0x00, 0x00, 0x00, 0x00, 0x00, 0x00, 
    0x00, 0x00, 0x00, 0x00, 0x00, 0x00, 0x00, 0x00, 0x00, 0x00, 0x00, 0x00, 0x00, 0x00, 0x00, 0x00, 0x00, 0x00, 0x00, 0x00, 0x00, 0x00, 0x00, 0x00, 
    0x00, 0x00, 0x00, 0x00, 0x00, 0x00, 0x00, 0x00, 0x00, 0x00, 0x00, 0x00, 0x00, 0x00, 0x00, 0x00, 0x00, 0x00, 0x00, 0x00, 0x00, 0x00, 0x00, 0x00, 
    0x00, 0x00, 0x00, 0x00, 0x00, 0x00, 0x00, 0x00, 0x00, 0x00, 0x00, 0x00, 0x00, 0x00, 0x00, 0x00, 0x00, 0x00, 0x00, 0x00, 0x00, 0x00, 0x00, 0x00, 
    0x00, 0x00, 0x00, 0x00, 0x00, 0x00, 0x00, 0x00, 0x00, 0x00, 0x00, 0x00, 0x00, 0x00, 0x00, 0x00, 0x00, 0x00, 0x00, 0x00, 0x00, 0x00, 0x00, 0x00, 
    0x00, 0x00, 0x00, 0x00, 0x00, 0x00, 0x00, 0x00, 0x00, 0x00, 0x00, 0x00, 0x00, 0x00, 0x00, 0x00, 0x00, 0x00, 0x00, 0x00, 0x00, 0x00, 0x00, 0x00, 
    0x00, 0x00, 0x00, 0x00, 0x00, 0x00, 0x00, 0x00, 0x00, 0x00, 0x00, 0x00, 0x00, 0x00, 0x00, 0x00, 0x00, 0x00, 0x00, 0x00, 0x00, 0x00, 0x00, 0x00, 
    0x00, 0x00, 0x00, 0x00, 0x00, 0x00, 0x00, 0x00, 0x00, 0x00, 0x00, 0x00, 0x00, 0x00, 0x00, 0x00, 0x00, 0x00, 0x00, 0x00, 0x00, 0x00, 0x00, 0x00, 
    0x00, 0x00, 0x00, 0x00, 0x00, 0x00, 0x00, 0x00, 0x00, 0x00, 0x00, 0x00, 0x00, 0x00, 0x00, 0x00, 0x00, 0x00, 0x00, 0x00, 0x00, 0x00, 0x00, 0x00, 
    0x00, 0x00, 0x00, 0x00, 0x00, 0x00, 0x00, 0x00, 0x00, 0x00, 0x00, 0x00, 0x00, 0x00, 0x00, 0x00, 0x00, 0x00, 0x00, 0x00, 0x00, 0x00, 0x00, 0x00, 
    0xe0, 0x7b, 0x02, 0x00, 0x00, 0x00, 0x26, 0x92, 0x60, 0x26, 0x8a, 0x64, 0x00, 0x00, 0x00, 0xe0, 0x7b, 0x02, 0x00, 0x00, 0x00, 0x00, 0x00, 0x00, 
    0x00, 0x00, 0x00, 0x00, 0x00, 0x00, 0x00, 0x00, 0x00, 0x00, 0x00, 0x00, 0x00, 0x00, 0x00, 0x00, 0x00, 0x00, 0x00, 0x00, 0x00, 0x00, 0x00, 0x00, 
    0x00, 0x00, 0x00, 0x00, 0x00, 0x00, 0x00, 0x00, 0x00, 0x00, 0x00, 0x00, 0x66, 0x9a, 0x0a, 0xeb, 0x9a, 0x08, 0x8a, 0xab, 0x09, 0xe9, 0xa2, 0x23, 
    0x09, 0xb3, 0x3f, 0x09, 0xb3, 0x6c, 0x09, 0xc3, 0xb3, 0x87, 0xc2, 0xf9, 0x66, 0xc2, 0xff, 0x67, 0xc2, 0xfe, 0x05, 0xba, 0xff, 0xc8, 0xca, 0xfe, 
    0x09, 0xcb, 0xf3, 0x2a, 0xcb, 0xce, 0x09, 0xbb, 0x7d, 0xea, 0xaa, 0x56, 0xea, 0xaa, 0x4b, 0xc9, 0xaa, 0x2d, 0x09, 0x9b, 0x0d, 0x8c, 0x99, 0x05, 
    0x00, 0x00, 0x00, 0x00, 0x00, 0x00, 0x00, 0x00, 0x00, 0x00, 0x00, 0x00, 0x00, 0x00, 0x00, 0x00, 0x00, 0x00, 0xff, 0xff, 0x01, 0x00, 0xf8, 0x01, 
    0x00, 0xf8, 0x01, 0x29, 0x9b, 0x0a, 0x00, 0x00, 0x00, 0x00, 0x00, 0x00, 0x00, 0x00, 0x00, 0x00, 0x00, 0x00, 0xaa, 0xaa, 0x03, 0x00, 0xf8, 0x01, 
    0xa8, 0xa2, 0x23, 0xa8, 0xa2, 0x92, 0xe9, 0xb2, 0x3c, 0xa9, 0x9a, 0x21, 0xea, 0xb2, 0x51, 0xc9, 0xba, 0xce, 0x26, 0xba, 0xff, 0xc3, 0xb9, 0xfe, 
    0xa3, 0xb9, 0xff, 0xa3, 0xb9, 0xff, 0xa3, 0xb9, 0xff, 0xa3, 0xb9, 0xff, 0xa3, 0xb9, 0xff, 0xa3, 0xb9, 0xff, 0xa3, 0xb9, 0xff, 0xa3, 0xb9, 0xff, 
    0xa3, 0xb9, 0xff, 0xa3, 0xb9, 0xff, 0xa3, 0xb9, 0xff, 0xa3, 0xb9, 0xff, 0xa3, 0xb9, 0xff, 0xa3, 0xb9, 0xff, 0xa3, 0xb9, 0xff, 0xa3, 0xb9, 0xff, 
    0xa3, 0xb9, 0xff, 0xa3, 0xb9, 0xff, 0xa3, 0xb9, 0xff, 0xa3, 0xb9, 0xff, 0xa3, 0xb9, 0xff, 0xa3, 0xb9, 0xff, 0xa3, 0xb9, 0xff, 0xa3, 0xb9, 0xff, 
    0xa3, 0xb9, 0xff, 0xa3, 0xb9, 0xff, 0xa3, 0xb9, 0xfe, 0xa3, 0xb1, 0xfe, 0xa3, 0xb9, 0xfe, 0xc4, 0xb9, 0xff, 0x05, 0xba, 0xff, 0x67, 0xba, 0xe8, 
    0x2a, 0xc3, 0xb5, 0xc8, 0xaa, 0x6b, 0xc9, 0xa2, 0x58, 0x88, 0x9a, 0x35, 0x00, 0x00, 0x01, 0xaa, 0xaa, 0x03, 0xe7, 0x79, 0x04, 0xff, 0xff, 0x01, 
    0x06, 0x92, 0x3e, 0x47, 0x92, 0x2d, 0xe7, 0xb9, 0x04, 0xe7, 0x91, 0x15, 0x68, 0xa2, 0x42, 0x88, 0xb2, 0x9d, 0x05, 0xb2, 0xf3, 0x83, 0xb1, 0xff, 
    0xa3, 0xb1, 0xfd, 0xa3, 0xb1, 0xff, 0xa3, 0xb1, 0xff, 0xa3, 0xb1, 0xff, 0xa3, 0xb9, 0xff, 0xa3, 0xb1, 0xfe, 0xa3, 0xb9, 0xfd, 0xa3, 0xb1, 0xfe, 
    0x83, 0xb1, 0xfe, 0xc4, 0xb9, 0xff, 0x05, 0xb2, 0xff, 0x26, 0xb2, 0xf5, 0xe9, 0xc2, 0xda, 0xa8, 0xba, 0xab, 0x09, 0xbb, 0x93, 0x0a, 0xbb, 0x67, 
    0xe9, 0xb2, 0x40, 0xc8, 0xaa, 0x4f, 0xc8, 0xaa, 0x3d, 0xc8, 0xaa, 0x2b, 0x87, 0xa2, 0x1c, 0x87, 0xa2, 0x2e, 0x46, 0x9a, 0x26, 0xe5, 0x89, 0x10, 
    0x47, 0x92, 0x15, 0x67, 0xa2, 0x1a, 0x68, 0xa2, 0x3d, 0x87, 0xa2, 0x39, 0x88, 0xa2, 0x45, 0xa8, 0xaa, 0x4e, 0x66, 0xb2, 0xd8, 0xa7, 0xba, 0xdd, 
    0x29, 0xc3, 0x70, 0xc8, 0xb2, 0x93, 0x29, 0xc3, 0xad, 0xe9, 0xba, 0xb9, 0x09, 0xcb, 0xdb, 0xe8, 0xba, 0xf2, 0x4b, 0xd3, 0xea, 0x2a, 0xcb, 0xe2, 
    0x2a, 0xc3, 0xce, 0x2a, 0xbb, 0xad, 0x2a, 0xbb, 0x7a, 0x0a, 0xab, 0x76, 0x0a, 0xa3, 0x4c, 0xe9, 0x9a, 0x31, 0xc9, 0x92, 0x1f, 0x2a, 0xab, 0x0f, 
    0x00, 0x00, 0x00, 0x00, 0x00, 0x00, 0x00, 0x00, 0x00, 0x00, 0x00, 0x00, 0x00, 0x00, 0x00, 0x00, 0x00, 0x00, 0x00, 0x00, 0x00, 0x00, 0x00, 0x00, 
    0x00, 0x00, 0x00, 0x00, 0x00, 0x00, 0x00, 0x00, 0x00, 0x00, 0x00, 0x00, 0xc4, 0x89, 0x0d, 0xa8, 0xba, 0x60, 0x26, 0xb2, 0xef, 0xa4, 0xb9, 0xff, 
    0xa3, 0xb9, 0xfe, 0xa3, 0xb9, 0xff, 0xa3, 0xb9, 0xff, 0xa3, 0xb9, 0xff, 0xa3, 0xb9, 0xff, 0xa3, 0xb9, 0xff, 0xa3, 0xb9, 0xff, 0xa3, 0xb9, 0xfd, 
    0xc4, 0xb9, 0xfe, 0xc8, 0xc2, 0xd4, 0x4a, 0xc3, 0x49, 0xc7, 0x89, 0x09, 0x00, 0x00, 0x00, 0x00, 0x00, 0x00, 0x00, 0x00, 0x00, 0x00, 0x00, 0x00, 
    0x00, 0x00, 0x00, 0x00, 0x00, 0x00, 0x00, 0x00, 0x00, 0x00, 0x00, 0x00, 0x00, 0x00, 0x00, 0x00, 0x00, 0x00, 0x00, 0x00, 0x00, 0x00, 0x00, 0x00, 
    0x00, 0x00, 0x00, 0x00, 0x00, 0x00, 0x00, 0x00, 0x00, 0x00, 0x00, 0x00, 0x00, 0x00, 0x00, 0x00, 0x00, 0x00, 0x00, 0x00, 0x00, 0x00, 0x00, 0x00, 
    0x00, 0x00, 0x00, 0x00, 0x00, 0x00, 0x00, 0x00, 0x00, 0x00, 0x00, 0x00, 0x00, 0x00, 0x00, 0x00, 0x00, 0x00, 0x00, 0x00, 0x00, 0x00, 0x00, 0x00, 
    0x00, 0x00, 0x00, 0x00, 0x00, 0x00, 0x00, 0x00, 0x00, 0x00, 0x00, 0x00, 0x00, 0x00, 0x00, 0x00, 0x00, 0x00, 0x00, 0x00, 0x00, 0x00, 0x00, 0x00, 
    0x00, 0x00, 0x00, 0x00, 0x00, 0x00, 0x00, 0x00, 0x00, 0x00, 0x00, 0x00, 0x00, 0x00, 0x00, 0x00, 0x00, 0x00, 0x00, 0x00, 0x00, 0x00, 0x00, 0x00, 
    0x00, 0x00, 0x00, 0x00, 0x00, 0x00, 0x00, 0x00, 0x00, 0x00, 0x00, 0x00, 0x00, 0x00, 0x00, 0x00, 0x00, 0x00, 0x00, 0x00, 0x00, 0x00, 0x00, 0x00, 
    0x00, 0x00, 0x00, 0x00, 0x00, 0x00, 0x00, 0x00, 0x00, 0x00, 0x00, 0x00, 0x00, 0x00, 0x00, 0x00, 0x00, 0x00, 0x00, 0x00, 0x00, 0x00, 0x00, 0x00, 
    0x00, 0x00, 0x00, 0x00, 0x00, 0x00, 0x00, 0x00, 0x00, 0x00, 0x00, 0x00, 0x00, 0x00, 0x00, 0x00, 0x00, 0x00, 0x00, 0x00, 0x00, 0x00, 0x00, 0x00, 
    0x00, 0x00, 0x00, 0x00, 0x00, 0x00, 0x00, 0x00, 0x00, 0x00, 0x00, 0x00, 0x00, 0x00, 0x00, 0x00, 0x00, 0x00, 0x00, 0x00, 0x00, 0x00, 0x00, 0x00, 
    0x00, 0x00, 0x00, 0x00, 0x00, 0x00, 0x00, 0x00, 0x00, 0x00, 0x00, 0x00, 0x00, 0x00, 0x00, 0x00, 0x00, 0x00, 0x00, 0x00, 0x00, 0x00, 0x00, 0x00, 
    0x00, 0x00, 0x00, 0x00, 0x00, 0x00, 0x00, 0x00, 0x00, 0x00, 0x00, 0x00, 0x00, 0x00, 0x00, 0x00, 0x00, 0x00, 0x00, 0x00, 0x00, 0x00, 0x00, 0x00, 
    0x00, 0x00, 0x00, 0x00, 0x00, 0x00, 0x00, 0x00, 0x00, 0x00, 0x00, 0x00, 0x00, 0x00, 0x00, 0x00, 0x00, 0x00, 0x00, 0x00, 0x00, 0x00, 0x00, 0x00, 
    0x00, 0x00, 0x00, 0x00, 0x00, 0x00, 0x00, 0x00, 0x00, 0x00, 0x00, 0x00, 0x00, 0x00, 0x00, 0x00, 0x00, 0x00, 0x00, 0x00, 0x00, 0x00, 0x00, 0x00, 
    0x00, 0x00, 0x00, 0x00, 0x00, 0x00, 0x00, 0x00, 0x00, 0x00, 0x00, 0x00, 0x00, 0x00, 0x00, 0x00, 0x00, 0x00, 0x00, 0x00, 0x00, 0x00, 0x00, 0x00, 
    0x00, 0x00, 0x00, 0x00, 0x00, 0x00, 0x00, 0x00, 0x00, 0x00, 0x00, 0x00, 0x00, 0x00, 0x00, 0x00, 0x00, 0x00, 0x00, 0x00, 0x00, 0x00, 0x00, 0x00, 
    0x00, 0x00, 0x00, 0x00, 0x00, 0x00, 0x00, 0x00, 0x00, 0x00, 0x00, 0x00, 0x00, 0x00, 0x00, 0x00, 0x00, 0x00, 0x00, 0x00, 0x00, 0x00, 0x00, 0x00, 
    0x00, 0x00, 0x00, 0x00, 0x00, 0x00, 0x00, 0x00, 0x00, 0x00, 0x00, 0x00, 0x00, 0x00, 0x00, 0x00, 0x00, 0x00, 0x00, 0x00, 0x00, 0x00, 0x00, 0x00, 
    0x00, 0x00, 0x00, 0x00, 0x00, 0x00, 0x00, 0x00, 0x00, 0x00, 0x00, 0x00, 0x00, 0x00, 0x00, 0x00, 0x00, 0x00, 0x00, 0x00, 0x00, 0x00, 0x00, 0x00, 
    0x00, 0x00, 0x00, 0x00, 0x00, 0x00, 0x00, 0x00, 0x00, 0x00, 0x00, 0x00, 0x00, 0x00, 0x00, 0x00, 0x00, 0x00, 0x00, 0x00, 0x00, 0x00, 0x00, 0x00, 
    0x00, 0x00, 0x00, 0x00, 0x00, 0x00, 0x00, 0x00, 0x00, 0x00, 0x00, 0x00, 0x00, 0x00, 0x00, 0x00, 0x00, 0x00, 0x00, 0x00, 0x00, 0x00, 0x00, 0x00, 
    0x00, 0x00, 0x00, 0x00, 0x00, 0x00, 0x00, 0x00, 0x00, 0x00, 0x00, 0x00, 0x00, 0x00, 0x00, 0x00, 0x00, 0x00, 0x00, 0x00, 0x00, 0x00, 0x00, 0x00, 
    0x00, 0x00, 0x00, 0x00, 0x00, 0x00, 0x00, 0x00, 0x00, 0x00, 0x00, 0x00, 0x00, 0x00, 0x00, 0x00, 0x00, 0x00, 0x00, 0x00, 0x00, 0x00, 0x00, 0x00, 
    0x00, 0x00, 0x00, 0x00, 0x00, 0x00, 0x00, 0x00, 0x00, 0x00, 0x00, 0x00, 0x00, 0x00, 0x00, 0x00, 0x00, 0x00, 0x00, 0x00, 0x00, 0x00, 0x00, 0x00, 
    0x00, 0x00, 0x00, 0x00, 0x00, 0x00, 0x00, 0x00, 0x00, 0x00, 0x00, 0x00, 0xaa, 0xaa, 0x03, 0x00, 0x00, 0x00, 0x06, 0x8a, 0xa0, 0x06, 0x8a, 0xb4, 
    0x00, 0x00, 0x00, 0xe0, 0x7b, 0x02, 0x00, 0x00, 0x00, 0x00, 0x00, 0x00, 0x00, 0x00, 0x00, 0x00, 0x00, 0x00, 0x00, 0x00, 0x00, 0x00, 0x00, 0x00, 
    0x00, 0x00, 0x00, 0x00, 0x00, 0x00, 0x00, 0x00, 0x00, 0x00, 0x00, 0x00, 0x00, 0x00, 0x00, 0x00, 0x00, 0x00, 0x00, 0x00, 0x00, 0x00, 0x00, 0x00, 
    0xe7, 0x79, 0x04, 0xeb, 0x9a, 0x08, 0xc9, 0xa2, 0x14, 0xe9, 0xaa, 0x6b, 0xe9, 0xaa, 0x7b, 0x09, 0xc3, 0x97, 0xe8, 0xc2, 0xdc, 0x25, 0xba, 0xfd, 
    0xa3, 0xb1, 0xfe, 0xa3, 0xb9, 0xff, 0xa3, 0xb9, 0xfe, 0xe4, 0xb9, 0xfe, 0x05, 0xba, 0xfd, 0xa7, 0xc2, 0xfd, 0xe9, 0xc2, 0xcf, 0x2a, 0xbb, 0x81, 
    0x0a, 0xb3, 0x60, 0xe9, 0xaa, 0x50, 0xe9, 0xa2, 0x40, 0xe7, 0x9a, 0x08, 0xaa, 0xaa, 0x03, 0xe0, 0xff, 0x01, 0x88, 0x92, 0x13, 0x69, 0x9a, 0x0a, 
    0xaa, 0xaa, 0x06, 0x09, 0xb3, 0x0d, 0xc8, 0x9a, 0x28, 0xa9, 0x9a, 0x15, 0xc9, 0xa2, 0x2a, 0xc9, 0xa2, 0x3e, 0xa8, 0xa2, 0x26, 0x89, 0x9a, 0x1c, 
    0x88, 0xa2, 0x22, 0xa8, 0xa2, 0x41, 0xa8, 0xa2, 0x27, 0x28, 0xa2, 0x0b, 0xa8, 0xa2, 0x23, 0x47, 0xa2, 0xd3, 0x88, 0xa2, 0x7d, 0x4b, 0xab, 0x1f, 
    0xa9, 0xb2, 0x66, 0x09, 0xc3, 0xdd, 0x86, 0xc2, 0xf5, 0xa3, 0xb9, 0xff, 0xa3, 0xb9, 0xff, 0xa3, 0xb9, 0xff, 0xa3, 0xb9, 0xff, 0xa3, 0xb9, 0xff, 
    0xa3, 0xb9, 0xff, 0xa3, 0xb9, 0xff, 0xa3, 0xb9, 0xff, 0xa3, 0xb9, 0xff, 0xa3, 0xb9, 0xff, 0xa3, 0xb9, 0xff, 0xa3, 0xb9, 0xff, 0xa3, 0xb9, 0xff, 
    0xa3, 0xb9, 0xff, 0xa3, 0xb9, 0xff, 0xa3, 0xb9, 0xff, 0xa3, 0xb9, 0xff, 0xa3, 0xb9, 0xff, 0xa3, 0xb9, 0xff, 0xa3, 0xb9, 0xff, 0xa3, 0xb9, 0xff, 
    0xa3, 0xb9, 0xff, 0xa3, 0xb9, 0xff, 0xa3, 0xb9, 0xff, 0xa3, 0xb9, 0xff, 0xa3, 0xb9, 0xff, 0xa4, 0xb9, 0xff, 0xa4, 0xb9, 0xff, 0xa4, 0xb9, 0xff, 
    0xa3, 0xb9, 0xff, 0xa3, 0xb9, 0xfe, 0xa3, 0xb1, 0xff, 0xc4, 0xb9, 0xff, 0x46, 0xba, 0xff, 0xa7, 0xba, 0xd0, 0xc8, 0xba, 0xb5, 0xe9, 0xba, 0x5b, 
    0xc9, 0xaa, 0x33, 0x67, 0x8a, 0x0d, 0xe8, 0xa2, 0x0b, 0x47, 0x92, 0x2e, 0xa5, 0x89, 0xe5, 0xc5, 0x91, 0xd4, 0xef, 0xbc, 0x08, 0x79, 0xfe, 0x05, 
    0xa8, 0xaa, 0x55, 0xa8, 0xc2, 0xb3, 0xc4, 0xb1, 0xff, 0xa3, 0xb9, 0xfe, 0xc4, 0xb9, 0xff, 0xa3, 0xb9, 0xff, 0xa3, 0xb9, 0xff, 0xa3, 0xb9, 0xff, 
    0xa3, 0xb9, 0xff, 0xa3, 0xb9, 0xff, 0xa3, 0xb9, 0xff, 0xc3, 0xb9, 0xff, 0xa3, 0xb9, 0xff, 0xa3, 0xb9, 0xfd, 0xa3, 0xb9, 0xfe, 0xa3, 0xb9, 0xff, 
    0xc4, 0xb9, 0xff, 0xe4, 0xb9, 0xff, 0x46, 0xba, 0xf9, 0x87, 0xc2, 0xe0, 0x87, 0xb2, 0xda, 0xc8, 0xc2, 0xc7, 0x87, 0xba, 0xe1, 0x87, 0xb2, 0xa5, 
    0xc8, 0xb2, 0x8d, 0xe9, 0xba, 0xa1, 0x09, 0xbb, 0x7e, 0x09, 0xbb, 0x6c, 0x09, 0xb3, 0x7a, 0xe9, 0xb2, 0x71, 0xe9, 0xba, 0x85, 0xe9, 0xc2, 0x9e, 
    0xe9, 0xc2, 0x8a, 0x09, 0xc3, 0xb1, 0x25, 0xba, 0xef, 0xe4, 0xb9, 0xff, 0x46, 0xba, 0xea, 0xc8, 0xc2, 0xbd, 0x87, 0xba, 0xef, 0x66, 0xba, 0xf8, 
    0x25, 0xc2, 0xff, 0xe4, 0xb9, 0xfe, 0x05, 0xba, 0xfd, 0xe5, 0xb1, 0xfe, 0x25, 0xba, 0xfa, 0xa7, 0xc2, 0xf1, 0xe8, 0xba, 0xee, 0x4a, 0xc3, 0x8f, 
    0x2a, 0xb3, 0x60, 0xea, 0xa2, 0x62, 0xc9, 0x9a, 0x30, 0xaa, 0xaa, 0x06, 0xa0, 0xaa, 0x03, 0x00, 0xf8, 0x01, 0x00, 0x00, 0x00, 0x00, 0x00, 0x00, 
    0x00, 0x00, 0x00, 0x00, 0x00, 0x00, 0x00, 0x00, 0x00, 0x00, 0x00, 0x00, 0x00, 0x00, 0x00, 0x00, 0x00, 0x00, 0x00, 0x00, 0x00, 0x00, 0xf8, 0x01, 
    0xe9, 0xb2, 0x18, 0x87, 0xba, 0x94, 0xc4, 0xb1, 0xff, 0x83, 0xb9, 0xfe, 0xa3, 0xb9, 0xff, 0xa3, 0xb9, 0xff, 0xa3, 0xb9, 0xff, 0xa3, 0xb9, 0xff, 
    0xa3, 0xb9, 0xff, 0xa3, 0xb9, 0xff, 0xa3, 0xb9, 0xff, 0xa3, 0xb1, 0xff, 0xe4, 0xb9, 0xff, 0xe9, 0xc2, 0xa2, 0x09, 0xab, 0x3a, 0x86, 0x99, 0x05, 
    0x00, 0x00, 0x00, 0x00, 0x00, 0x00, 0x00, 0x00, 0x00, 0x00, 0x00, 0x00, 0x00, 0x00, 0x00, 0x00, 0x00, 0x00, 0x00, 0x00, 0x00, 0x00, 0x00, 0x00, 
    0x00, 0x00, 0x00, 0x00, 0x00, 0x00, 0x00, 0x00, 0x00, 0x00, 0x00, 0x00, 0x00, 0x00, 0x00, 0x00, 0x00, 0x00, 0x00, 0x00, 0x00, 0x00, 0x00, 0x00, 
    0x00, 0x00, 0x00, 0x00, 0x00, 0x00, 0x00, 0x00, 0x00, 0x00, 0x00, 0x00, 0x00, 0x00, 0x00, 0x00, 0x00, 0x00, 0x00, 0x00, 0x00, 0x00, 0x00, 0x00, 
    0x00, 0x00, 0x00, 0x00, 0x00, 0x00, 0x00, 0x00, 0x00, 0x00, 0x00, 0x00, 0x00, 0x00, 0x00, 0x00, 0x00, 0x00, 0x00, 0x00, 0x00, 0x00, 0x00, 0x00, 
    0x00, 0x00, 0x00, 0x00, 0x00, 0x00, 0x00, 0x00, 0x00, 0x00, 0x00, 0x00, 0x00, 0x00, 0x00, 0x00, 0x00, 0x00, 0x00, 0x00, 0x00, 0x00, 0x00, 0x00, 
    0x00, 0x00, 0x00, 0x00, 0x00, 0x00, 0x00, 0x00, 0x00, 0x00, 0x00, 0x00, 0x00, 0x00, 0x00, 0x00, 0x00, 0x00, 0x00, 0x00, 0x00, 0x00, 0x00, 0x00, 
    0x00, 0x00, 0x00, 0x00, 0x00, 0x00, 0x00, 0x00, 0x00, 0x00, 0x00, 0x00, 0x00, 0x00, 0x00, 0x00, 0x00, 0x00, 0x00, 0x00, 0x00, 0x00, 0x00, 0x00, 
    0x00, 0x00, 0x00, 0x00, 0x00, 0x00, 0x00, 0x00, 0x00, 0x00, 0x00, 0x00, 0x00, 0x00, 0x00, 0x00, 0x00, 0x00, 0x00, 0x00, 0x00, 0x00, 0x00, 0x00, 
    0x00, 0x00, 0x00, 0x00, 0x00, 0x00, 0x00, 0x00, 0x00, 0x00, 0x00, 0x00, 0x00, 0x00, 0x00, 0x00, 0x00, 0x00, 0x00, 0x00, 0x00, 0x00, 0x00, 0x00, 
    0x00, 0x00, 0x00, 0x00, 0x00, 0x00, 0x00, 0x00, 0x00, 0x00, 0x00, 0x00, 0x00, 0x00, 0x00, 0x00, 0x00, 0x00, 0x00, 0x00, 0x00, 0x00, 0x00, 0x00, 
    0x00, 0x00, 0x00, 0x00, 0x00, 0x00, 0x00, 0x00, 0x00, 0x00, 0x00, 0x00, 0x00, 0x00, 0x00, 0x00, 0x00, 0x00, 0x00, 0x00, 0x00, 0x00, 0x00, 0x00, 
    0x00, 0x00, 0x00, 0x00, 0x00, 0x00, 0x00, 0x00, 0x00, 0x00, 0x00, 0x00, 0x00, 0x00, 0x00, 0x00, 0x00, 0x00, 0x00, 0x00, 0x00, 0x00, 0x00, 0x00, 
    0x00, 0x00, 0x00, 0x00, 0x00, 0x00, 0x00, 0x00, 0x00, 0x00, 0x00, 0x00, 0x00, 0x00, 0x00, 0x00, 0x00, 0x00, 0x00, 0x00, 0x00, 0x00, 0x00, 0x00, 
    0x00, 0x00, 0x00, 0x00, 0x00, 0x00, 0x00, 0x00, 0x00, 0x00, 0x00, 0x00, 0x00, 0x00, 0x00, 0x00, 0x00, 0x00, 0x00, 0x00, 0x00, 0x00, 0x00, 0x00, 
    0x00, 0x00, 0x00, 0x00, 0x00, 0x00, 0x00, 0x00, 0x00, 0x00, 0x00, 0x00, 0x00, 0x00, 0x00, 0x00, 0x00, 0x00, 0x00, 0x00, 0x00, 0x00, 0x00, 0x00, 
    0x00, 0x00, 0x00, 0x00, 0x00, 0x00, 0x00, 0x00, 0x00, 0x00, 0x00, 0x00, 0x00, 0x00, 0x00, 0x00, 0x00, 0x00, 0x00, 0x00, 0x00, 0x00, 0x00, 0x00, 
    0x00, 0x00, 0x00, 0x00, 0x00, 0x00, 0x00, 0x00, 0x00, 0x00, 0x00, 0x00, 0x00, 0x00, 0x00, 0x00, 0x00, 0x00, 0x00, 0x00, 0x00, 0x00, 0x00, 0x00, 
    0x00, 0x00, 0x00, 0x00, 0x00, 0x00, 0x00, 0x00, 0x00, 0x00, 0x00, 0x00, 0x00, 0x00, 0x00, 0x00, 0x00, 0x00, 0x00, 0x00, 0x00, 0x00, 0x00, 0x00, 
    0x00, 0x00, 0x00, 0x00, 0x00, 0x00, 0x00, 0x00, 0x00, 0x00, 0x00, 0x00, 0x00, 0x00, 0x00, 0x00, 0x00, 0x00, 0x00, 0x00, 0x00, 0x00, 0x00, 0x00, 
    0x00, 0x00, 0x00, 0x00, 0x00, 0x00, 0x00, 0x00, 0x00, 0x00, 0x00, 0x00, 0x00, 0x00, 0x00, 0x00, 0x00, 0x00, 0x00, 0x00, 0x00, 0x00, 0x00, 0x00, 
    0x00, 0x00, 0x00, 0x00, 0x00, 0x00, 0x00, 0x00, 0x00, 0x00, 0x00, 0x00, 0x00, 0x00, 0x00, 0x00, 0x00, 0x00, 0x00, 0x00, 0x00, 0x00, 0x00, 0x00, 
    0x00, 0x00, 0x00, 0x00, 0x00, 0x00, 0x00, 0x00, 0x00, 0x00, 0x00, 0x00, 0x00, 0x00, 0x00, 0x00, 0x00, 0x00, 0x00, 0x00, 0x00, 0x00, 0x00, 0x00, 
    0x00, 0x00, 0x00, 0x00, 0x00, 0x00, 0x00, 0x00, 0x00, 0x00, 0x00, 0x00, 0x00, 0x00, 0x00, 0x00, 0x00, 0x00, 0x00, 0x00, 0x00, 0x00, 0x00, 0x00, 
    0x00, 0x00, 0x00, 0x00, 0x00, 0x00, 0x00, 0x00, 0x00, 0x00, 0x00, 0x00, 0x00, 0x00, 0x00, 0x00, 0x00, 0x00, 0x00, 0x00, 0x00, 0x00, 0x00, 0x00, 
    0x00, 0x00, 0x00, 0x00, 0x00, 0x00, 0xa7, 0x8a, 0x09, 0xc6, 0x92, 0x0e, 0x00, 0x00, 0x00, 0x00, 0x00, 0x00, 0x00, 0x00, 0x00, 0x00, 0x00, 0x00, 
    0x00, 0x00, 0x00, 0x00, 0x00, 0x00, 0x00, 0x00, 0x00, 0x00, 0x00, 0x00, 0x00, 0x00, 0x00, 0x00, 0x00, 0x00, 0x00, 0x00, 0x00, 0x00, 0x00, 0x00, 
    0x00, 0x00, 0x00, 0x00, 0x00, 0x00, 0x00, 0x00, 0x00, 0x00, 0x00, 0x01, 0x00, 0x00, 0x00, 0xe7, 0x99, 0x08, 0xc9, 0x9a, 0x30, 0xe9, 0xaa, 0x6d, 
    0x0a, 0xbb, 0x88, 0xe9, 0xc2, 0xda, 0x26, 0xba, 0xfe, 0xa3, 0xb1, 0xff, 0xa3, 0xb9, 0xff, 0xa3, 0xb9, 0xff, 0xa3, 0xb9, 0xff, 0xa3, 0xb1, 0xff, 
    0xa3, 0xb1, 0xfe, 0xe4, 0xb9, 0xff, 0xa8, 0xc2, 0xf1, 0x4a, 0xcb, 0xb2, 0x09, 0xb3, 0x86, 0x09, 0xab, 0x5a, 0xe9, 0xa2, 0x55, 0x0a, 0xab, 0x2c, 
    0xa7, 0xba, 0x0c, 0x49, 0x92, 0x07, 0x68, 0x92, 0x4b, 0x88, 0x92, 0x25, 0xe9, 0xaa, 0x24, 0xc9, 0xa2, 0x41, 0xe9, 0xaa, 0x36, 0xe9, 0xaa, 0x4b, 
    0xc8, 0xaa, 0x56, 0x09, 0xbb, 0x78, 0x2a, 0xbb, 0x82, 0x09, 0xbb, 0x90, 0x29, 0xc3, 0xa3, 0x2a, 0xbb, 0xae, 0x2a, 0xbb, 0x62, 0xe9, 0xb2, 0x52, 
    0x0a, 0xb3, 0x5c, 0xa8, 0xaa, 0x79, 0xa8, 0xaa, 0x69, 0xe9, 0xb2, 0x6a, 0xe9, 0xb2, 0x61, 0x09, 0xc3, 0xbc, 0x67, 0xba, 0xf9, 0xa3, 0xb9, 0xff, 
    0xa3, 0xb9, 0xff, 0xa3, 0xb9, 0xff, 0xa3, 0xb9, 0xff, 0xa3, 0xb9, 0xff, 0xa3, 0xb9, 0xff, 0xa3, 0xb9, 0xff, 0xa3, 0xb9, 0xff, 0xa3, 0xb9, 0xff, 
    0xa3, 0xb9, 0xff, 0xa3, 0xb9, 0xff, 0xa3, 0xb9, 0xff, 0xa3, 0xb9, 0xff, 0xa3, 0xb9, 0xff, 0xa3, 0xb9, 0xff, 0xa3, 0xb9, 0xff, 0xa3, 0xb9, 0xff, 
    0xa3, 0xb9, 0xff, 0xa4, 0xb9, 0xff, 0xa3, 0xb9, 0xff, 0xa3, 0xb9, 0xff, 0xa3, 0xb9, 0xff, 0xa3, 0xb9, 0xff, 0xa3, 0xb9, 0xff, 0xa3, 0xb9, 0xff, 
    0xa3, 0xb9, 0xff, 0xa3, 0xb9, 0xff, 0xa4, 0xb9, 0xff, 0xa3, 0xb9, 0xff, 0xa3, 0xb9, 0xff, 0xa3, 0xb9, 0xff, 0xa3, 0xb9, 0xff, 0xa3, 0xb1, 0xfe, 
    0xc4, 0xb9, 0xfe, 0x05, 0xc2, 0xff, 0xe4, 0xb1, 0xff, 0x26, 0xba, 0xdf, 0xa8, 0xb2, 0xc2, 0xe9, 0xb2, 0x66, 0x67, 0x9a, 0x38, 0x87, 0x9a, 0x3b, 
    0x06, 0xa2, 0x39, 0x26, 0x9a, 0x42, 0xe5, 0x91, 0x4a, 0xa4, 0x91, 0xc2, 0x88, 0xb2, 0x74, 0x46, 0xb2, 0xe6, 0xa3, 0xb1, 0xff, 0xa3, 0xb9, 0xfe, 
    0xa3, 0xb9, 0xff, 0xa3, 0xb9, 0xff, 0xa3, 0xb9, 0xff, 0xa3, 0xb9, 0xff, 0xa3, 0xb9, 0xff, 0xa3, 0xb9, 0xff, 0xa3, 0xb9, 0xff, 0xa3, 0xb9, 0xff, 
    0xa3, 0xb9, 0xff, 0xa3, 0xb9, 0xff, 0xa3, 0xb9, 0xff, 0xa3, 0xb9, 0xfe, 0xa3, 0xb9, 0xfe, 0xa3, 0xb9, 0xfd, 0xa3, 0xb9, 0xff, 0xa3, 0xb9, 0xff, 
    0xc4, 0xb1, 0xff, 0xe4, 0xb9, 0xff, 0xe4, 0xb9, 0xff, 0xe4, 0xb1, 0xff, 0xe4, 0xb9, 0xff, 0x05, 0xb2, 0xf9, 0x66, 0xba, 0xf3, 0x87, 0xba, 0xf6, 
    0xa8, 0xc2, 0xec, 0xc8, 0xc2, 0xea, 0x87, 0xc2, 0xed, 0x67, 0xba, 0xf9, 0x66, 0xba, 0xfc, 0x66, 0xba, 0xf3, 0xe4, 0xb9, 0xfb, 0xa3, 0xb1, 0xfe, 
    0xc4, 0xb9, 0xff, 0xe5, 0xb9, 0xff, 0xa4, 0xb9, 0xff, 0xa4, 0xb9, 0xff, 0xa3, 0xb1, 0xfe, 0xa3, 0xb9, 0xff, 0xa3, 0xb9, 0xff, 0xa3, 0xb9, 0xff, 
    0xc4, 0xb9, 0xff, 0xc4, 0xb9, 0xff, 0x05, 0xba, 0xff, 0x29, 0xcb, 0xee, 0x2a, 0xbb, 0xba, 0x2a, 0xb3, 0x71, 0x0a, 0xa3, 0x46, 0x29, 0x9b, 0x0a, 
    0xea, 0xab, 0x06, 0x00, 0xf8, 0x01, 0xef, 0xfb, 0x02, 0xaa, 0xaa, 0x03, 0x00, 0x00, 0x00, 0x00, 0x00, 0x00, 0x00, 0x00, 0x00, 0x00, 0x00, 0x00, 
    0x00, 0x00, 0x00, 0x00, 0x00, 0x00, 0x00, 0xf8, 0x01, 0x00, 0x78, 0x02, 0xc8, 0xb2, 0x47, 0x26, 0xb2, 0xdd, 0xa3, 0xb9, 0xff, 0xa3, 0xb9, 0xfd, 
    0xa3, 0xb9, 0xff, 0xa3, 0xb9, 0xff, 0xa3, 0xb9, 0xff, 0xa3, 0xb9, 0xff, 0xa3, 0xb9, 0xff, 0xa3, 0xb9, 0xff, 0xa3, 0xb9, 0xfe, 0xe4, 0xb9, 0xff, 
    0x87, 0xc2, 0xda, 0x0a, 0xbb, 0x4c, 0x49, 0x9a, 0x15, 0x00, 0x00, 0x00, 0x00, 0x00, 0x00, 0x00, 0x00, 0x00, 0x00, 0x00, 0x00, 0x00, 0x00, 0x00, 
    0x00, 0x00, 0x00, 0x00, 0x00, 0x00, 0x00, 0x00, 0x00, 0x00, 0x00, 0x00, 0x00, 0x00, 0x00, 0x00, 0x00, 0x00, 0x00, 0x00, 0x00, 0x00, 0x00, 0x00, 
    0x00, 0x00, 0x00, 0x00, 0x00, 0x00, 0x00, 0x00, 0x00, 0x00, 0x00, 0x00, 0x00, 0x00, 0x00, 0x00, 0x00, 0x00, 0x00, 0x00, 0x00, 0x00, 0x00, 0x00, 
    0x00, 0x00, 0x00, 0x00, 0x00, 0x00, 0x00, 0x00, 0x00, 0x00, 0x00, 0x00, 0x00, 0x00, 0x00, 0x00, 0x00, 0x00, 0x00, 0x00, 0x00, 0x00, 0x00, 0x00, 
    0x00, 0x00, 0x00, 0x00, 0x00, 0x00, 0x00, 0x00, 0x00, 0x00, 0x00, 0x00, 0x00, 0x00, 0x00, 0x00, 0x00, 0x00, 0x00, 0x00, 0x00, 0x00, 0x00, 0x00, 
    0x00, 0x00, 0x00, 0x00, 0x00, 0x00, 0x00, 0x00, 0x00, 0x00, 0x00, 0x00, 0x00, 0x00, 0x00, 0x00, 0x00, 0x00, 0x00, 0x00, 0x00, 0x00, 0x00, 0x00, 
    0x00, 0x00, 0x00, 0x00, 0x00, 0x00, 0x00, 0x00, 0x00, 0x00, 0x00, 0x00, 0x00, 0x00, 0x00, 0x00, 0x00, 0x00, 0x00, 0x00, 0x00, 0x00, 0x00, 0x00, 
    0x00, 0x00, 0x00, 0x00, 0x00, 0x00, 0x00, 0x00, 0x00, 0x00, 0x00, 0x00, 0x00, 0x00, 0x00, 0x00, 0x00, 0x00, 0x00, 0x00, 0x00, 0x00, 0x00, 0x00, 
    0x00, 0x00, 0x00, 0x00, 0x00, 0x00, 0x00, 0x00, 0x00, 0x00, 0x00, 0x00, 0x00, 0x00, 0x00, 0x00, 0x00, 0x00, 0x00, 0x00, 0x00, 0x00, 0x00, 0x00, 
    0x00, 0x00, 0x00, 0x00, 0x00, 0x00, 0x00, 0x00, 0x00, 0x00, 0x00, 0x00, 0x00, 0x00, 0x00, 0x00, 0x00, 0x00, 0x00, 0x00, 0x00, 0x00, 0x00, 0x00, 
    0x00, 0x00, 0x00, 0x00, 0x00, 0x00, 0x00, 0x00, 0x00, 0x00, 0x00, 0x00, 0x00, 0x00, 0x00, 0x00, 0x00, 0x00, 0x00, 0x00, 0x00, 0x00, 0x00, 0x00, 
    0x00, 0x00, 0x00, 0x00, 0x00, 0x00, 0x00, 0x00, 0x00, 0x00, 0x00, 0x00, 0x00, 0x00, 0x00, 0x00, 0x00, 0x00, 0x00, 0x00, 0x00, 0x00, 0x00, 0x00, 
    0x00, 0x00, 0x00, 0x00, 0x00, 0x00, 0x00, 0x00, 0x00, 0x00, 0x00, 0x00, 0x00, 0x00, 0x00, 0x00, 0x00, 0x00, 0x00, 0x00, 0x00, 0x00, 0x00, 0x00, 
    0x00, 0x00, 0x00, 0x00, 0x00, 0x00, 0x00, 0x00, 0x00, 0x00, 0x00, 0x00, 0x00, 0x00, 0x00, 0x00, 0x00, 0x00, 0x00, 0x00, 0x00, 0x00, 0x00, 0x00, 
    0x00, 0x00, 0x00, 0x00, 0x00, 0x00, 0x00, 0x00, 0x00, 0x00, 0x00, 0x00, 0x00, 0x00, 0x00, 0x00, 0x00, 0x00, 0x00, 0x00, 0x00, 0x00, 0x00, 0x00, 
    0x00, 0x00, 0x00, 0x00, 0x00, 0x00, 0x00, 0x00, 0x00, 0x00, 0x00, 0x00, 0x00, 0x00, 0x00, 0x00, 0x00, 0x00, 0x00, 0x00, 0x00, 0x00, 0x00, 0x00, 
    0x00, 0x00, 0x00, 0x00, 0x00, 0x00, 0x00, 0x00, 0x00, 0x00, 0x00, 0x00, 0x00, 0x00, 0x00, 0x00, 0x00, 0x00, 0x00, 0x00, 0x00, 0x00, 0x00, 0x00, 
    0x00, 0x00, 0x00, 0x00, 0x00, 0x00, 0x00, 0x00, 0x00, 0x00, 0x00, 0x00, 0x00, 0x00, 0x00, 0x00, 0x00, 0x00, 0x00, 0x00, 0x00, 0x00, 0x00, 0x00, 
    0x00, 0x00, 0x00, 0x00, 0x00, 0x00, 0x00, 0x00, 0x00, 0x00, 0x00, 0x00, 0x00, 0x00, 0x00, 0x00, 0x00, 0x00, 0x00, 0x00, 0x00, 0x00, 0x00, 0x00, 
    0x00, 0x00, 0x00, 0x00, 0x00, 0x00, 0x00, 0x00, 0x00, 0x00, 0x00, 0x00, 0x00, 0x00, 0x00, 0x00, 0x00, 0x00, 0x00, 0x00, 0x00, 0x00, 0x00, 0x00, 
    0x00, 0x00, 0x00, 0x00, 0x00, 0x00, 0x00, 0x00, 0x00, 0x00, 0x00, 0x00, 0x00, 0x00, 0x00, 0x00, 0x00, 0x00, 0x00, 0x00, 0x00, 0x00, 0x00, 0x00, 
    0x00, 0x00, 0x00, 0x00, 0x00, 0x00, 0x00, 0x00, 0x00, 0x00, 0x00, 0x00, 0x00, 0x00, 0x00, 0x00, 0x00, 0x00, 0x00, 0x00, 0x00, 0x00, 0x00, 0x00, 
    0x00, 0x00, 0x00, 0x00, 0x00, 0x00, 0x00, 0x00, 0x00, 0x00, 0x00, 0x00, 0x00, 0x00, 0x00, 0x00, 0x00, 0x00, 0x00, 0x00, 0x00, 0x00, 0x00, 0x00, 
    0x00, 0x00, 0x00, 0x00, 0x00, 0x00, 0x00, 0x00, 0x00, 0x00, 0x00, 0x00, 0x00, 0x00, 0x00, 0x00, 0x00, 0x00, 0x00, 0x00, 0x00, 0x00, 0x00, 0x00, 
    0x00, 0x00, 0x00, 0x00, 0x00, 0x00, 0x00, 0x00, 0x00, 0x00, 0x00, 0x00, 0x00, 0x00, 0x00, 0x00, 0x00, 0x00, 0x00, 0x00, 0x00, 0x00, 0x00, 0x00, 
    0x00, 0x00, 0x00, 0x00, 0x00, 0x00, 0x00, 0x00, 0x00, 0x00, 0x00, 0x00, 0x00, 0x00, 0x00, 0x00, 0x00, 0x00, 0x00, 0x00, 0x00, 0x00, 0x00, 0x00, 
    0x00, 0x00, 0x00, 0x00, 0x00, 0x00, 0x00, 0x00, 0x00, 0x00, 0x00, 0x00, 0x00, 0x00, 0x00, 0x00, 0x00, 0x00, 0x00, 0x00, 0x00, 0x00, 0x00, 0x00, 
    0x49, 0x92, 0x07, 0xc9, 0xa2, 0x1c, 0xe9, 0x9a, 0x53, 0x0a, 0xb3, 0x5f, 0x09, 0xbb, 0xa3, 0xc8, 0xc2, 0xf1, 0x05, 0xba, 0xff, 0xa3, 0xb1, 0xfe, 
    0xa3, 0xb9, 0xff, 0xa3, 0xb9, 0xff, 0xa3, 0xb9, 0xff, 0xa3, 0xb1, 0xff, 0x83, 0xb1, 0xff, 0x82, 0xb1, 0xff, 0xe4, 0xb1, 0xfe, 0x09, 0xcb, 0xdd, 
    0x2a, 0xc3, 0x96, 0xe9, 0xb2, 0x73, 0xe9, 0xb2, 0x44, 0xc9, 0xaa, 0x4b, 0xe9, 0xaa, 0x3f, 0x09, 0xbb, 0x57, 0x2a, 0xbb, 0x77, 0x4a, 0xc3, 0x81, 
    0xe9, 0xba, 0xab, 0x09, 0xc3, 0xa7, 0xc8, 0xba, 0xca, 0xc8, 0xc2, 0xe5, 0x87, 0xba, 0xf2, 0xa7, 0xc2, 0xe5, 0x66, 0xba, 0xed, 0x46, 0xba, 0xf9, 
    0x66, 0xba, 0xfa, 0x87, 0xba, 0xef, 0xa8, 0xba, 0xc4, 0xc8, 0xba, 0xce, 0xe9, 0xc2, 0xeb, 0xe9, 0xc2, 0xcb, 0x2a, 0xcb, 0xa1, 0xe9, 0xc2, 0xda, 
    0xe9, 0xc2, 0xba, 0x0a, 0xcb, 0xc7, 0x09, 0xcb, 0xee, 0x66, 0xc2, 0xf1, 0xa3, 0xb1, 0xff, 0xa3, 0xb9, 0xfe, 0xa3, 0xb9, 0xff, 0xa3, 0xb9, 0xff, 
    0xa3, 0xb9, 0xff, 0xa3, 0xb9, 0xff, 0xa3, 0xb9, 0xff, 0xa3, 0xb9, 0xff, 0xa3, 0xb9, 0xff, 0xa3, 0xb9, 0xff, 0xa3, 0xb9, 0xff, 0xa3, 0xb9, 0xff, 
    0xa3, 0xb9, 0xff, 0xa3, 0xb9, 0xff, 0xa3, 0xb9, 0xff, 0xa3, 0xb9, 0xff, 0xa3, 0xb9, 0xff, 0xa3, 0xb9, 0xff, 0xa3, 0xb9, 0xff, 0xa3, 0xb9, 0xff, 
    0xa3, 0xb9, 0xff, 0xa3, 0xb9, 0xff, 0xa3, 0xb9, 0xff, 0xa4, 0xb9, 0xff, 0xa4, 0xb9, 0xff, 0xa3, 0xb9, 0xff, 0xa3, 0xb9, 0xff, 0xa3, 0xb9, 0xff, 
    0xa3, 0xb9, 0xff, 0xa3, 0xb9, 0xff, 0xa3, 0xb1, 0xff, 0xa3, 0xb1, 0xff, 0xa3, 0xb1, 0xff, 0x83, 0xb1, 0xfd, 0x83, 0xb1, 0xff, 0x83, 0xb1, 0xff, 
    0xc4, 0xb1, 0xff, 0x87, 0xba, 0xe5, 0xe9, 0xba, 0xa3, 0x88, 0xaa, 0x83, 0x47, 0x9a, 0x72, 0xff, 0xff, 0x01, 0x84, 0x89, 0x3c, 0x84, 0x91, 0xcc, 
    0x88, 0xba, 0xbd, 0x46, 0xba, 0xeb, 0x83, 0xb1, 0xff, 0xa3, 0xb9, 0xff, 0xa3, 0xb9, 0xff, 0xa3, 0xb9, 0xff, 0xa3, 0xb9, 0xff, 0xa3, 0xb9, 0xff, 
    0xa3, 0xb9, 0xff, 0xa3, 0xb9, 0xff, 0xa3, 0xb9, 0xff, 0xa3, 0xb9, 0xff, 0xa3, 0xb9, 0xff, 0xa3, 0xb9, 0xff, 0xa3, 0xb9, 0xff, 0xa3, 0xb9, 0xff, 
    0xa3, 0xb9, 0xff, 0xa3, 0xb1, 0xff, 0x83, 0xb1, 0xfe, 0x83, 0xb1, 0xfe, 0x83, 0xb1, 0xfe, 0x83, 0xb1, 0xfe, 0x83, 0xb1, 0xfd, 0x83, 0xb1, 0xfe, 
    0x83, 0xb1, 0xfe, 0x82, 0xb1, 0xff, 0x62, 0xb1, 0xff, 0x83, 0xb1, 0xff, 0x83, 0xb1, 0xff, 0xa3, 0xb1, 0xff, 0x83, 0xb1, 0xff, 0x83, 0xb1, 0xff, 
    0x83, 0xb1, 0xff, 0x83, 0xb1, 0xff, 0x83, 0xb1, 0xff, 0xa3, 0xb1, 0xff, 0xa3, 0xb1, 0xfe, 0x83, 0xb1, 0xfe, 0xa3, 0xb1, 0xfe, 0xa3, 0xb9, 0xff, 
    0xa3, 0xb1, 0xff, 0xa3, 0xb1, 0xff, 0xa3, 0xb1, 0xff, 0xa3, 0xb1, 0xff, 0xa3, 0xb1, 0xff, 0x83, 0xb1, 0xfe, 0xc4, 0xb9, 0xfd, 0x66, 0xc2, 0xff, 
    0x09, 0xc3, 0xda, 0x2a, 0xbb, 0x99, 0xe9, 0x9a, 0x48, 0xc9, 0x9a, 0x30, 0xc9, 0x92, 0x1a, 0x00, 0x00, 0x00, 0x26, 0x82, 0x7b, 0x46, 0x92, 0x2e, 
    0x00, 0x00, 0x00, 0x00, 0xf8, 0x01, 0x00, 0x00, 0x00, 0x00, 0x00, 0x00, 0x00, 0x00, 0x00, 0x00, 0x00, 0x00, 0xe7, 0xb9, 0x04, 0x66, 0x9a, 0x0a, 
    0xa8, 0xba, 0x77, 0xc4, 0xb1, 0xff, 0x83, 0xb1, 0xfe, 0xa3, 0xb9, 0xff, 0xa3, 0xb9, 0xff, 0xa3, 0xb9, 0xff, 0xa3, 0xb9, 0xff, 0xa3, 0xb9, 0xff, 
    0xa3, 0xb9, 0xff, 0xa3, 0xb9, 0xff, 0x83, 0xb1, 0xfe, 0x05, 0xba, 0xff, 0x09, 0xc3, 0x9a, 0xc9, 0xb2, 0x28, 0xeb, 0x99, 0x08, 0x00, 0x00, 0x00, 
    0x00, 0x00, 0x00, 0x00, 0x00, 0x00, 0x00, 0x00, 0x00, 0x00, 0x00, 0x00, 0x00, 0x00, 0x00, 0x00, 0x00, 0x00, 0x00, 0x00, 0x00, 0x00, 0x00, 0x00, 
    0x00, 0x00, 0x00, 0x00, 0x00, 0x00, 0x00, 0x00, 0x00, 0x00, 0x00, 0x00, 0x00, 0x00, 0x00, 0x00, 0x00, 0x00, 0x00, 0x00, 0x00, 0x00, 0x00, 0x00, 
    0x00, 0x00, 0x00, 0x00, 0x00, 0x00, 0x00, 0x00, 0x00, 0x00, 0x00, 0x00, 0x00, 0x00, 0x00, 0x00, 0x00, 0x00, 0x00, 0x00, 0x00, 0x00, 0x00, 0x00, 
    0x00, 0x00, 0x00, 0x00, 0x00, 0x00, 0x00, 0x00, 0x00, 0x00, 0x00, 0x00, 0x00, 0x00, 0x00, 0x00, 0x00, 0x00, 0x00, 0x00, 0x00, 0x00, 0x00, 0x00, 
    0x00, 0x00, 0x00, 0x00, 0x00, 0x00, 0x00, 0x00, 0x00, 0x00, 0x00, 0x00, 0x00, 0x00, 0x00, 0x00, 0x00, 0x00, 0x00, 0x00, 0x00, 0x00, 0x00, 0x00, 
    0x00, 0x00, 0x00, 0x00, 0x00, 0x00, 0x00, 0x00, 0x00, 0x00, 0x00, 0x00, 0x00, 0x00, 0x00, 0x00, 0x00, 0x00, 0x00, 0x00, 0x00, 0x00, 0x00, 0x00, 
    0x00, 0x00, 0x00, 0x00, 0x00, 0x00, 0x00, 0x00, 0x00, 0x00, 0x00, 0x00, 0x00, 0x00, 0x00, 0x00, 0x00, 0x00, 0x00, 0x00, 0x00, 0x00, 0x00, 0x00, 
    0x00, 0x00, 0x00, 0x00, 0x00, 0x00, 0x00, 0x00, 0x00, 0x00, 0x00, 0x00, 0x00, 0x00, 0x00, 0x00, 0x00, 0x00, 0x00, 0x00, 0x00, 0x00, 0x00, 0x00, 
    0x00, 0x00, 0x00, 0x00, 0x00, 0x00, 0x00, 0x00, 0x00, 0x00, 0x00, 0x00, 0x00, 0x00, 0x00, 0x00, 0x00, 0x00, 0x00, 0x00, 0x00, 0x00, 0x00, 0x00, 
    0x00, 0x00, 0x00, 0x00, 0x00, 0x00, 0x00, 0x00, 0x00, 0x00, 0x00, 0x00, 0x00, 0x00, 0x00, 0x00, 0x00, 0x00, 0x00, 0x00, 0x00, 0x00, 0x00, 0x00, 
    0x00, 0x00, 0x00, 0x00, 0x00, 0x00, 0x00, 0x00, 0x00, 0x00, 0x00, 0x00, 0x00, 0x00, 0x00, 0x00, 0x00, 0x00, 0x00, 0x00, 0x00, 0x00, 0x00, 0x00, 
    0x00, 0x00, 0x00, 0x00, 0x00, 0x00, 0x00, 0x00, 0x00, 0x00, 0x00, 0x00, 0x00, 0x00, 0x00, 0x00, 0x00, 0x00, 0x00, 0x00, 0x00, 0x00, 0x00, 0x00, 
    0x00, 0x00, 0x00, 0x00, 0x00, 0x00, 0x00, 0x00, 0x00, 0x00, 0x00, 0x00, 0x00, 0x00, 0x00, 0x00, 0x00, 0x00, 0x00, 0x00, 0x00, 0x00, 0x00, 0x00, 
    0x00, 0x00, 0x00, 0x00, 0x00, 0x00, 0x00, 0x00, 0x00, 0x00, 0x00, 0x00, 0x00, 0x00, 0x00, 0x00, 0x00, 0x00, 0x00, 0x00, 0x00, 0x00, 0x00, 0x00, 
    0x00, 0x00, 0x00, 0x00, 0x00, 0x00, 0x00, 0x00, 0x00, 0x00, 0x00, 0x00, 0x00, 0x00, 0x00, 0x00, 0x00, 0x00, 0x00, 0x00, 0x00, 0x00, 0x00, 0x00, 
    0x00, 0x00, 0x00, 0x00, 0x00, 0x00, 0x00, 0x00, 0x00, 0x00, 0x00, 0x00, 0x00, 0x00, 0x00, 0x00, 0x00, 0x00, 0x00, 0x00, 0x00, 0x00, 0x00, 0x00, 
    0x00, 0x00, 0x00, 0x00, 0x00, 0x00, 0x00, 0x00, 0x00, 0x00, 0x00, 0x00, 0x00, 0x00, 0x00, 0x00, 0x00, 0x00, 0x00, 0x00, 0x00, 0x00, 0x00, 0x00, 
    0x00, 0x00, 0x00, 0x00, 0x00, 0x00, 0x00, 0x00, 0x00, 0x00, 0x00, 0x00, 0x00, 0x00, 0x00, 0x00, 0x00, 0x00, 0x00, 0x00, 0x00, 0x00, 0x00, 0x00, 
    0x00, 0x00, 0x00, 0x00, 0x00, 0x00, 0x00, 0x00, 0x00, 0x00, 0x00, 0x00, 0x00, 0x00, 0x00, 0x00, 0x00, 0x00, 0x00, 0x00, 0x00, 0x00, 0x00, 0x00, 
    0x00, 0x00, 0x00, 0x00, 0x00, 0x00, 0x00, 0x00, 0x00, 0x00, 0x00, 0x00, 0x00, 0x00, 0x00, 0x00, 0x00, 0x00, 0x00, 0x00, 0x00, 0x00, 0x00, 0x00, 
    0x00, 0x00, 0x00, 0x00, 0x00, 0x00, 0x00, 0x00, 0x00, 0x00, 0x00, 0x00, 0x00, 0x00, 0x00, 0x00, 0x00, 0x00, 0x00, 0x00, 0x00, 0x00, 0x00, 0x00, 
    0x00, 0x00, 0x00, 0x00, 0x00, 0x00, 0x00, 0x00, 0x00, 0x00, 0x00, 0x00, 0x00, 0x00, 0x00, 0x00, 0x00, 0x00, 0x00, 0x00, 0x00, 0x00, 0x00, 0x00, 
    0x00, 0x00, 0x00, 0x00, 0x00, 0x00, 0x00, 0x00, 0x00, 0x00, 0x00, 0x00, 0x00, 0x00, 0x00, 0x00, 0x00, 0x00, 0x00, 0x00, 0x00, 0x00, 0x00, 0x00, 
    0x00, 0x00, 0x00, 0x00, 0x00, 0x00, 0x00, 0x00, 0x00, 0x00, 0x00, 0x00, 0x00, 0x00, 0x00, 0x00, 0x00, 0x00, 0x00, 0x00, 0x00, 0x00, 0x00, 0x00, 
    0x00, 0x00, 0x00, 0x00, 0x00, 0x00, 0x00, 0x00, 0x01, 0x00, 0xf8, 0x01, 0x00, 0x00, 0x00, 0x00, 0x00, 0x00, 0x00, 0x00, 0x00, 0x00, 0x00, 0x00, 
    0x00, 0x00, 0x00, 0x00, 0x00, 0x00, 0x00, 0x00, 0x00, 0x00, 0x00, 0x00, 0x00, 0x00, 0x00, 0x00, 0x00, 0x00, 0x00, 0x00, 0x00, 0x00, 0x00, 0x00, 
    0x00, 0x00, 0x00, 0x00, 0x00, 0x00, 0x00, 0x00, 0x00, 0x00, 0x00, 0x01, 0x00, 0x00, 0x00, 0xe8, 0xa2, 0x13, 0xc9, 0xa2, 0x31, 0xe9, 0xaa, 0x6d, 
    0x4a, 0xc3, 0xad, 0xe9, 0xca, 0xe2, 0xc4, 0xb1, 0xff, 0xa3, 0xb1, 0xfe, 0xa3, 0xb9, 0xff, 0xa3, 0xb9, 0xff, 0xa3, 0xb9, 0xff, 0xa3, 0xb9, 0xff, 
    0xa3, 0xb9, 0xff, 0xa3, 0xb9, 0xff, 0xa3, 0xb1, 0xff, 0x87, 0xc2, 0xfd, 0x09, 0xc3, 0xe7, 0x2a, 0xc3, 0xa8, 0x2a, 0xc3, 0x90, 0x2a, 0xc3, 0xb2, 
    0x4a, 0xcb, 0xad, 0xc8, 0xc2, 0xd1, 0xe8, 0xc2, 0xee, 0xa7, 0xc2, 0xf0, 0x46, 0xba, 0xff, 0x25, 0xc2, 0xff, 0xe4, 0xb9, 0xff, 0xc4, 0xb9, 0xff, 
    0xc4, 0xb9, 0xff, 0xa4, 0xb9, 0xff, 0x83, 0xb1, 0xff, 0x83, 0xb1, 0xff, 0x83, 0xb1, 0xff, 0xa3, 0xb1, 0xff, 0xa3, 0xb9, 0xff, 0xe4, 0xb9, 0xff, 
    0xc4, 0xb1, 0xff, 0x25, 0xc2, 0xff, 0x46, 0xba, 0xff, 0x46, 0xc2, 0xfe, 0xc8, 0xca, 0xff, 0xe9, 0xca, 0xf7, 0x67, 0xba, 0xfb, 0x09, 0xd3, 0xdd, 
    0x46, 0xc2, 0xf7, 0xa3, 0xb1, 0xff, 0xa3, 0xb1, 0xff, 0xa3, 0xb9, 0xff, 0xa3, 0xb9, 0xff, 0xa3, 0xb9, 0xfe, 0x83, 0xb9, 0xff, 0xa3, 0xb9, 0xff, 
    0x83, 0xb9, 0xff, 0x83, 0xb1, 0xff, 0xc4, 0xb9, 0xff, 0xc3, 0xb9, 0xff, 0xa3, 0xb9, 0xff, 0xa3, 0xb9, 0xff, 0xc4, 0xb9, 0xff, 0xe4, 0xb9, 0xff, 
    0xa3, 0xb9, 0xff, 0xa3, 0xb9, 0xff, 0xa3, 0xb9, 0xff, 0xa3, 0xb9, 0xff, 0xa3, 0xb9, 0xff, 0xa3, 0xb9, 0xff, 0xa3, 0xb9, 0xff, 0xa3, 0xb9, 0xff, 
    0xa3, 0xb9, 0xff, 0xa3, 0xb9, 0xff, 0xa3, 0xb9, 0xff, 0xa3, 0xb9, 0xff, 0xa3, 0xb9, 0xff, 0xa3, 0xb9, 0xff, 0xa3, 0xb9, 0xff, 0xa3, 0xb9, 0xff, 
    0xa3, 0xb9, 0xff, 0xa3, 0xb9, 0xff, 0xa3, 0xb9, 0xff, 0xa3, 0xb1, 0xfe, 0xa3, 0xb9, 0xfd, 0xa4, 0xb9, 0xff, 0x26, 0xba, 0xe2, 0x67, 0xb2, 0xb6, 
    0x47, 0x9a, 0x73, 0x06, 0x92, 0x17, 0x00, 0x00, 0x00, 0x55, 0xfd, 0x06, 0x88, 0xb2, 0x81, 0xe4, 0xb1, 0xf6, 0xa3, 0xb1, 0xff, 0xa3, 0xb1, 0xfe, 
    0xa3, 0xb9, 0xff, 0xa3, 0xb9, 0xff, 0xa3, 0xb9, 0xff, 0xa3, 0xb9, 0xff, 0xa3, 0xb9, 0xff, 0xa3, 0xb9, 0xff, 0xa3, 0xb9, 0xff, 0xa4, 0xb9, 0xff, 
    0xa3, 0xb9, 0xff, 0xa3, 0xb9, 0xff, 0xa3, 0xb9, 0xff, 0xa3, 0xb9, 0xff, 0xa3, 0xb9, 0xff, 0xa3, 0xb9, 0xff, 0xa3, 0xb9, 0xff, 0xa3, 0xb9, 0xff, 
    0xa3, 0xb9, 0xff, 0xa3, 0xb9, 0xff, 0xa3, 0xb9, 0xff, 0xa3, 0xb9, 0xff, 0xa3, 0xb9, 0xff, 0xa3, 0xb9, 0xff, 0xa3, 0xb9, 0xfe, 0xa3, 0xb9, 0xfe, 
    0xa3, 0xb9, 0xfe, 0xa3, 0xb9, 0xfe, 0xa3, 0xb9, 0xfe, 0xa3, 0xb9, 0xfe, 0xa3, 0xb9, 0xff, 0xa3, 0xb9, 0xfe, 0xa3, 0xb1, 0xff, 0xa3, 0xb9, 0xff, 
    0xa3, 0xb9, 0xff, 0xa3, 0xb9, 0xff, 0xa3, 0xb9, 0xff, 0xa3, 0xb9, 0xff, 0xa3, 0xb9, 0xff, 0xa3, 0xb9, 0xff, 0xa3, 0xb9, 0xff, 0xa3, 0xb9, 0xff, 
    0xa3, 0xb9, 0xff, 0xa4, 0xb9, 0xff, 0xa3, 0xb9, 0xfe, 0xa3, 0xb1, 0xfe, 0xe8, 0xc2, 0xe0, 0x4a, 0xc3, 0x97, 0xe9, 0xa2, 0x3f, 0xc9, 0x9a, 0x2a, 
    0xc9, 0x92, 0x11, 0x09, 0x9b, 0x0d, 0x47, 0x8a, 0x2d, 0x66, 0x9a, 0x0a, 0x00, 0x00, 0x00, 0x00, 0x00, 0x00, 0x00, 0x00, 0x00, 0x00, 0x00, 0x00, 
    0x00, 0x00, 0x00, 0xef, 0xfb, 0x02, 0x88, 0xa2, 0x16, 0xa8, 0xaa, 0x32, 0xa8, 0xba, 0x92, 0xa4, 0xb1, 0xfc, 0x83, 0xb9, 0xfe, 0xa3, 0xb9, 0xff, 
    0xa3, 0xb9, 0xff, 0xa3, 0xb9, 0xff, 0xa3, 0xb9, 0xff, 0xa3, 0xb9, 0xff, 0xa3, 0xb9, 0xff, 0xa3, 0xb9, 0xfe, 0xa3, 0xb9, 0xff, 0x66, 0xba, 0xe5, 
    0x2a, 0xc3, 0x49, 0x48, 0x9a, 0x1f, 0x66, 0xb2, 0x0a, 0x00, 0x00, 0x00, 0x00, 0x00, 0x00, 0x00, 0x00, 0x00, 0x00, 0x00, 0x00, 0x00, 0x00, 0x00, 
    0x00, 0x00, 0x00, 0x00, 0x00, 0x00, 0x00, 0x00, 0x00, 0x00, 0x00, 0x00, 0x00, 0x00, 0x00, 0x00, 0x00, 0x00, 0x00, 0x00, 0x00, 0x00, 0x00, 0x00, 
    0x00, 0x00, 0x00, 0x00, 0x00, 0x00, 0x00, 0x00, 0x00, 0x00, 0x00, 0x00, 0x00, 0x00, 0x00, 0x00, 0x00, 0x00, 0x00, 0x00, 0x00, 0x00, 0x00, 0x00, 
    0x00, 0x00, 0x00, 0x00, 0x00, 0x00, 0x00, 0x00, 0x00, 0x00, 0x00, 0x00, 0x00, 0x00, 0x00, 0x00, 0x00, 0x00, 0x00, 0x00, 0x00, 0x00, 0x00, 0x00, 
    0x00, 0x00, 0x00, 0x00, 0x00, 0x00, 0x00, 0x00, 0x00, 0x00, 0x00, 0x00, 0x00, 0x00, 0x00, 0x00, 0x00, 0x00, 0x00, 0x00, 0x00, 0x00, 0x00, 0x00, 
    0x00, 0x00, 0x00, 0x00, 0x00, 0x00, 0x00, 0x00, 0x00, 0x00, 0x00, 0x00, 0x00, 0x00, 0x00, 0x00, 0x00, 0x00, 0x00, 0x00, 0x00, 0x00, 0x00, 0x00, 
    0x00, 0x00, 0x00, 0x00, 0x00, 0x00, 0x00, 0x00, 0x00, 0x00, 0x00, 0x00, 0x00, 0x00, 0x00, 0x00, 0x00, 0x00, 0x00, 0x00, 0x00, 0x00, 0x00, 0x00, 
    0x00, 0x00, 0x00, 0x00, 0x00, 0x00, 0x00, 0x00, 0x00, 0x00, 0x00, 0x00, 0x00, 0x00, 0x00, 0x00, 0x00, 0x00, 0x00, 0x00, 0x00, 0x00, 0x00, 0x00, 
    0x00, 0x00, 0x00, 0x00, 0x00, 0x00, 0x00, 0x00, 0x00, 0x00, 0x00, 0x00, 0x00, 0x00, 0x00, 0x00, 0x00, 0x00, 0x00, 0x00, 0x00, 0x00, 0x00, 0x00, 
    0x00, 0x00, 0x00, 0x00, 0x00, 0x00, 0x00, 0x00, 0x00, 0x00, 0x00, 0x00, 0x00, 0x00, 0x00, 0x00, 0x00, 0x00, 0x00, 0x00, 0x00, 0x00, 0x00, 0x00, 
    0x00, 0x00, 0x00, 0x00, 0x00, 0x00, 0x00, 0x00, 0x00, 0x00, 0x00, 0x00, 0x00, 0x00, 0x00, 0x00, 0x00, 0x00, 0x00, 0x00, 0x00, 0x00, 0x00, 0x00, 
    0x00, 0x00, 0x00, 0x00, 0x00, 0x00, 0x00, 0x00, 0x00, 0x00, 0x00, 0x00, 0x00, 0x00, 0x00, 0x00, 0x00, 0x00, 0x00, 0x00, 0x00, 0x00, 0x00, 0x00, 
    0x00, 0x00, 0x00, 0x00, 0x00, 0x00, 0x00, 0x00, 0x00, 0x00, 0x00, 0x00, 0x00, 0x00, 0x00, 0x00, 0x00, 0x00, 0x00, 0x00, 0x00, 0x00, 0x00, 0x00, 
    0x00, 0x00, 0x00, 0x00, 0x00, 0x00, 0x00, 0x00, 0x00, 0x00, 0x00, 0x00, 0x00, 0x00, 0x00, 0x00, 0x00, 0x00, 0x00, 0x00, 0x00, 0x00, 0x00, 0x00, 
    0x00, 0x00, 0x00, 0x00, 0x00, 0x00, 0x00, 0x00, 0x00, 0x00, 0x00, 0x00, 0x00, 0x00, 0x00, 0x00, 0x00, 0x00, 0x00, 0x00, 0x00, 0x00, 0x00, 0x00, 
    0x00, 0x00, 0x00, 0x00, 0x00, 0x00, 0x00, 0x00, 0x00, 0x00, 0x00, 0x00, 0x00, 0x00, 0x00, 0x00, 0x00, 0x00, 0x00, 0x00, 0x00, 0x00, 0x00, 0x00, 
    0x00, 0x00, 0x00, 0x00, 0x00, 0x00, 0x00, 0x00, 0x00, 0x00, 0x00, 0x00, 0x00, 0x00, 0x00, 0x00, 0x00, 0x00, 0x00, 0x00, 0x00, 0x00, 0x00, 0x00, 
    0x00, 0x00, 0x00, 0x00, 0x00, 0x00, 0x00, 0x00, 0x00, 0x00, 0x00, 0x00, 0x00, 0x00, 0x00, 0x00, 0x00, 0x00, 0x00, 0x00, 0x00, 0x00, 0x00, 0x00, 
    0x00, 0x00, 0x00, 0x00, 0x00, 0x00, 0x00, 0x00, 0x00, 0x00, 0x00, 0x00, 0x00, 0x00, 0x00, 0x00, 0x00, 0x00, 0x00, 0x00, 0x00, 0x00, 0x00, 0x00, 
    0x00, 0x00, 0x00, 0x00, 0x00, 0x00, 0x00, 0x00, 0x00, 0x00, 0x00, 0x00, 0x00, 0x00, 0x00, 0x00, 0x00, 0x00, 0x00, 0x00, 0x00, 0x00, 0x00, 0x00, 
    0x00, 0x00, 0x00, 0x00, 0x00, 0x00, 0x00, 0x00, 0x00, 0x00, 0x00, 0x00, 0x00, 0x00, 0x00, 0x00, 0x00, 0x00, 0x00, 0x00, 0x00, 0x00, 0x00, 0x00, 
    0x00, 0x00, 0x00, 0x00, 0x00, 0x00, 0x00, 0x00, 0x00, 0x00, 0x00, 0x00, 0x00, 0x00, 0x00, 0x00, 0x00, 0x00, 0x00, 0x00, 0x00, 0x00, 0x00, 0x00, 
    0x00, 0x00, 0x00, 0x00, 0x00, 0x00, 0x00, 0x00, 0x00, 0x00, 0x00, 0x00, 0x00, 0x00, 0x00, 0x00, 0x00, 0x00, 0x00, 0x00, 0x00, 0x00, 0x00, 0x00, 
    0x00, 0x00, 0x00, 0x00, 0x00, 0x00, 0x00, 0x00, 0x00, 0x00, 0x00, 0x00, 0x00, 0x00, 0x00, 0x00, 0x00, 0x00, 0x00, 0x00, 0x00, 0x00, 0x00, 0x00, 
    0x00, 0x00, 0x00, 0x00, 0x00, 0x00, 0x00, 0x00, 0x00, 0x00, 0x00, 0x00, 0x00, 0x00, 0x00, 0x00, 0x00, 0x00, 0x00, 0x00, 0x00, 0x00, 0x00, 0x00, 
    0x00, 0x00, 0x00, 0x00, 0x00, 0x00, 0x00, 0x00, 0x00, 0x00, 0x00, 0x00, 0x00, 0x00, 0x00, 0x00, 0x00, 0x00, 0x00, 0x00, 0x00, 0x00, 0x00, 0x00, 
    0x00, 0x00, 0x00, 0x00, 0x00, 0x00, 0x00, 0x00, 0x00, 0x00, 0x00, 0x00, 0x00, 0x00, 0x00, 0x00, 0x00, 0x00, 0x00, 0xf8, 0x01, 0x00, 0x00, 0x00, 
    0xa8, 0x9a, 0x12, 0xa8, 0x92, 0x27, 0xc9, 0xa2, 0x31, 0xc9, 0xaa, 0x5c, 0x29, 0xc3, 0xb3, 0xc8, 0xc2, 0xf2, 0xc4, 0xb1, 0xff, 0xa3, 0xb1, 0xff, 
    0xa3, 0xb9, 0xff, 0xa3, 0xb9, 0xff, 0xa3, 0xb9, 0xff, 0xa3, 0xb9, 0xff, 0xa3, 0xb9, 0xff, 0xa3, 0xb9, 0xff, 0xa3, 0xb9, 0xff, 0xc4, 0xb9, 0xff, 
    0x87, 0xc2, 0xf4, 0x87, 0xc2, 0xe1, 0x67, 0xba, 0xf0, 0x87, 0xc2, 0xfb, 0x25, 0xba, 0xfe, 0xc4, 0xb1, 0xff, 0xa3, 0xb9, 0xff, 0x83, 0xb1, 0xff, 
    0x83, 0xb1, 0xfe, 0x83, 0xb1, 0xfd, 0x83, 0xb1, 0xfe, 0x83, 0xb1, 0xfe, 0x83, 0xb1, 0xfe, 0xa3, 0xb1, 0xfe, 0xa3, 0xb9, 0xfe, 0xa3, 0xb9, 0xfe, 
    0xa3, 0xb9, 0xff, 0xa3, 0xb9, 0xfe, 0xa3, 0xb9, 0xfd, 0xa3, 0xb1, 0xfe, 0x83, 0xb1, 0xfe, 0xa3, 0xb9, 0xfe, 0x83, 0xb1, 0xff, 0xa3, 0xb9, 0xff, 
    0xe4, 0xb9, 0xfd, 0x46, 0xc2, 0xfa, 0xa8, 0xc2, 0xfb, 0xe8, 0xca, 0xf6, 0x87, 0xba, 0xfa, 0xe8, 0xca, 0xea, 0x25, 0xba, 0xfb, 0xa3, 0xb1, 0xff, 
    0xc4, 0xb9, 0xff, 0xe4, 0xb9, 0xff, 0xe5, 0xb9, 0xfe, 0xc4, 0xb9, 0xfc, 0x05, 0xba, 0xfd, 0xe4, 0xb9, 0xff, 0x05, 0xba, 0xff, 0x05, 0xba, 0xff, 
    0x05, 0xba, 0xff, 0x46, 0xc2, 0xff, 0x05, 0xc2, 0xff, 0xe4, 0xb9, 0xff, 0xe4, 0xb9, 0xff, 0xe4, 0xb9, 0xff, 0xa3, 0xb9, 0xff, 0xa3, 0xb9, 0xff, 
    0xa3, 0xb9, 0xff, 0xa3, 0xb9, 0xff, 0xa3, 0xb9, 0xff, 0xa3, 0xb9, 0xff, 0xa3, 0xb9, 0xff, 0xa3, 0xb9, 0xff, 0xa3, 0xb9, 0xff, 0xa3, 0xb9, 0xff, 
    0xa3, 0xb9, 0xff, 0xa4, 0xb9, 0xff, 0xa3, 0xb9, 0xff, 0xa3, 0xb9, 0xff, 0xa3, 0xb9, 0xff, 0xa3, 0xb9, 0xff, 0xa3, 0xb9, 0xff, 0xa3, 0xb9, 0xff, 
    0xa4, 0xb9, 0xff, 0xa3, 0xb9, 0xfe, 0xa3, 0xb9, 0xff, 0xa4, 0xa9, 0xf7, 0x67, 0xba, 0xab, 0xe9, 0xba, 0x6e, 0x67, 0x9a, 0x20, 0x27, 0x92, 0x1d, 
    0xa9, 0xaa, 0x5a, 0x46, 0xba, 0xc4, 0xa3, 0xb1, 0xff, 0xa3, 0xb9, 0xfd, 0xa3, 0xb9, 0xff, 0xa3, 0xb9, 0xff, 0xa3, 0xb9, 0xff, 0xa3, 0xb9, 0xff, 
    0xa3, 0xb9, 0xff, 0xa3, 0xb9, 0xff, 0xa3, 0xb9, 0xff, 0xa3, 0xb9, 0xff, 0xa3, 0xb9, 0xff, 0xa3, 0xb9, 0xff, 0xa3, 0xb9, 0xff, 0xa3, 0xb9, 0xff, 
    0xa3, 0xb9, 0xff, 0xa3, 0xb9, 0xff, 0xa3, 0xb9, 0xff, 0xa3, 0xb9, 0xff, 0xa3, 0xb9, 0xff, 0xa3, 0xb9, 0xff, 0xa3, 0xb9, 0xff, 0xa3, 0xb9, 0xff, 
    0xa3, 0xb9, 0xff, 0xa3, 0xb9, 0xff, 0xa3, 0xb9, 0xff, 0xa3, 0xb9, 0xff, 0xa3, 0xb9, 0xff, 0xa3, 0xb9, 0xff, 0xa3, 0xb9, 0xff, 0xa3, 0xb9, 0xff, 
    0xa3, 0xb9, 0xff, 0xa3, 0xb9, 0xff, 0xa3, 0xb9, 0xff, 0xa3, 0xb9, 0xff, 0xa3, 0xb9, 0xff, 0xa3, 0xb9, 0xff, 0xa3, 0xb9, 0xff, 0xa3, 0xb9, 0xff, 
    0xa3, 0xb9, 0xff, 0xa3, 0xb9, 0xff, 0xa3, 0xb9, 0xff, 0xa3, 0xb9, 0xff, 0xa3, 0xb9, 0xff, 0xa3, 0xb9, 0xff, 0xa3, 0xb9, 0xff, 0xa4, 0xb9, 0xff, 
    0x66, 0xba, 0xff, 0x4a, 0xc3, 0xb5, 0x09, 0xab, 0x71, 0x69, 0xa3, 0x0e, 0xe9, 0x9a, 0x1e, 0x09, 0x9b, 0x0d, 0x00, 0x00, 0x00, 0x00, 0x00, 0x00, 
    0x00, 0x00, 0x00, 0x00, 0x00, 0x00, 0x00, 0x00, 0x00, 0x00, 0x00, 0x00, 0x00, 0x00, 0x00, 0xef, 0xb9, 0x04, 0xc7, 0x89, 0x09, 0xc8, 0xb2, 0x58, 
    0x26, 0xb2, 0xd9, 0x83, 0xb1, 0xff, 0xa3, 0xb1, 0xfe, 0xa3, 0xb9, 0xff, 0xa3, 0xb9, 0xff, 0xa3, 0xb9, 0xff, 0xa3, 0xb9, 0xff, 0xa3, 0xb9, 0xff, 
    0xa3, 0xb9, 0xff, 0xa3, 0xb9, 0xfe, 0xc4, 0xb1, 0xff, 0xa7, 0xba, 0xaa, 0x0a, 0xb3, 0x34, 0xe7, 0x99, 0x08, 0x00, 0x00, 0x00, 0x00, 0x00, 0x00, 
    0x00, 0x00, 0x00, 0x00, 0x00, 0x00, 0x00, 0x00, 0x00, 0x00, 0x00, 0x00, 0x00, 0x00, 0x00, 0x00, 0x00, 0x00, 0x00, 0x00, 0x00, 0x00, 0x00, 0x00, 
    0x00, 0x00, 0x00, 0x00, 0x00, 0x00, 0x00, 0x00, 0x00, 0x00, 0x00, 0x00, 0x00, 0x00, 0x00, 0x00, 0x00, 0x00, 0x00, 0x00, 0x00, 0x00, 0x00, 0x00, 
    0x00, 0x00, 0x00, 0x00, 0x00, 0x00, 0x00, 0x00, 0x00, 0x00, 0x00, 0x00, 0x00, 0x00, 0x00, 0x00, 0x00, 0x00, 0x00, 0x00, 0x00, 0x00, 0x00, 0x00, 
    0x00, 0x00, 0x00, 0x00, 0x00, 0x00, 0x00, 0x00, 0x00, 0x00, 0x00, 0x00, 0x00, 0x00, 0x00, 0x00, 0x00, 0x00, 0x00, 0x00, 0x00, 0x00, 0x00, 0x00, 
    0x00, 0x00, 0x00, 0x00, 0x00, 0x00, 0x00, 0x00, 0x00, 0x00, 0x00, 0x00, 0x00, 0x00, 0x00, 0x00, 0x00, 0x00, 0x00, 0x00, 0x00, 0x00, 0x00, 0x00, 
    0x00, 0x00, 0x00, 0x00, 0x00, 0x00, 0x00, 0x00, 0x00, 0x00, 0x00, 0x00, 0x00, 0x00, 0x00, 0x00, 0x00, 0x00, 0x00, 0x00, 0x00, 0x00, 0x00, 0x00, 
    0x00, 0x00, 0x00, 0x00, 0x00, 0x00, 0x00, 0x00, 0x00, 0x00, 0x00, 0x00, 0x00, 0x00, 0x00, 0x00, 0x00, 0x00, 0x00, 0x00, 0x00, 0x00, 0x00, 0x00, 
    0x00, 0x00, 0x00, 0x00, 0x00, 0x00, 0x00, 0x00, 0x00, 0x00, 0x00, 0x00, 0x00, 0x00, 0x00, 0x00, 0x00, 0x00, 0x00, 0x00, 0x00, 0x00, 0x00, 0x00, 
    0x00, 0x00, 0x00, 0x00, 0x00, 0x00, 0x00, 0x00, 0x00, 0x00, 0x00, 0x00, 0x00, 0x00, 0x00, 0x00, 0x00, 0x00, 0x00, 0x00, 0x00, 0x00, 0x00, 0x00, 
    0x00, 0x00, 0x00, 0x00, 0x00, 0x00, 0x00, 0x00, 0x00, 0x00, 0x00, 0x00, 0x00, 0x00, 0x00, 0x00, 0x00, 0x00, 0x00, 0x00, 0x00, 0x00, 0x00, 0x00, 
    0x00, 0x00, 0x00, 0x00, 0x00, 0x00, 0x00, 0x00, 0x00, 0x00, 0x00, 0x00, 0x00, 0x00, 0x00, 0x00, 0x00, 0x00, 0x00, 0x00, 0x00, 0x00, 0x00, 0x00, 
    0x00, 0x00, 0x00, 0x00, 0x00, 0x00, 0x00, 0x00, 0x00, 0x00, 0x00, 0x00, 0x00, 0x00, 0x00, 0x00, 0x00, 0x00, 0x00, 0x00, 0x00, 0x00, 0x00, 0x00, 
    0x00, 0x00, 0x00, 0x00, 0x00, 0x00, 0x00, 0x00, 0x00, 0x00, 0x00, 0x00, 0x00, 0x00, 0x00, 0x00, 0x00, 0x00, 0x00, 0x00, 0x00, 0x00, 0x00, 0x00, 
    0x00, 0x00, 0x00, 0x00, 0x00, 0x00, 0x00, 0x00, 0x00, 0x00, 0x00, 0x00, 0x00, 0x00, 0x00, 0x00, 0x00, 0x00, 0x00, 0x00, 0x00, 0x00, 0x00, 0x00, 
    0x00, 0x00, 0x00, 0x00, 0x00, 0x00, 0x00, 0x00, 0x00, 0x00, 0x00, 0x00, 0x00, 0x00, 0x00, 0x00, 0x00, 0x00, 0x00, 0x00, 0x00, 0x00, 0x00, 0x00, 
    0x00, 0x00, 0x00, 0x00, 0x00, 0x00, 0x00, 0x00, 0x00, 0x00, 0x00, 0x00, 0x00, 0x00, 0x00, 0x00, 0x00, 0x00, 0x00, 0x00, 0x00, 0x00, 0x00, 0x00, 
    0x00, 0x00, 0x00, 0x00, 0x00, 0x00, 0x00, 0x00, 0x00, 0x00, 0x00, 0x00, 0x00, 0x00, 0x00, 0x00, 0x00, 0x00, 0x00, 0x00, 0x00, 0x00, 0x00, 0x00, 
    0x00, 0x00, 0x00, 0x00, 0x00, 0x00, 0x00, 0x00, 0x00, 0x00, 0x00, 0x00, 0x00, 0x00, 0x00, 0x00, 0x00, 0x00, 0x00, 0x00, 0x00, 0x00, 0x00, 0x00, 
    0x00, 0x00, 0x00, 0x00, 0x00, 0x00, 0x00, 0x00, 0x00, 0x00, 0x00, 0x00, 0x00, 0x00, 0x00, 0x00, 0x00, 0x00, 0x00, 0x00, 0x00, 0x00, 0x00, 0x00, 
    0x00, 0x00, 0x00, 0x00, 0x00, 0x00, 0x00, 0x00, 0x00, 0x00, 0x00, 0x00, 0x00, 0x00, 0x00, 0x00, 0x00, 0x00, 0x00, 0x00, 0x00, 0x00, 0x00, 0x00, 
    0x00, 0x00, 0x00, 0x00, 0x00, 0x00, 0x00, 0x00, 0x00, 0x00, 0x00, 0x00, 0x00, 0x00, 0x00, 0x00, 0x00, 0x00, 0x00, 0x00, 0x00, 0x00, 0x00, 0x00, 
    0x00, 0x00, 0x00, 0x00, 0x00, 0x00, 0x00, 0x00, 0x00, 0x00, 0x00, 0x00, 0x00, 0x00, 0x00, 0x00, 0x00, 0x00, 0x00, 0x00, 0x00, 0x00, 0x00, 0x00, 
    0x00, 0x00, 0x00, 0x00, 0x00, 0x00, 0x00, 0x00, 0x00, 0x00, 0x00, 0x00, 0x00, 0x00, 0x00, 0x00, 0x00, 0x00, 0x00, 0x00, 0x00, 0x00, 0x00, 0x00, 
    0x00, 0x00, 0x00, 0x00, 0x00, 0x00, 0x00, 0x00, 0x00, 0x00, 0x00, 0x00, 0x00, 0x00, 0x00, 0x00, 0x00, 0x00, 0x00, 0x00, 0x00, 0x00, 0x00, 0x00, 
    0x00, 0x00, 0x00, 0x00, 0x00, 0x00, 0x00, 0x00, 0x00, 0x00, 0x00, 0x00, 0x00, 0x00, 0x00, 0x00, 0x00, 0x00, 0x00, 0x00, 0x00, 0x00, 0x00, 0x00, 
    0x00, 0x00, 0x00, 0x00, 0x00, 0x00, 0x00, 0x00, 0x00, 0x00, 0x00, 0x00, 0x00, 0x00, 0x00, 0x00, 0x00, 0x00, 0x00, 0x00, 0x00, 0x00, 0x00, 0x00, 
    0x00, 0x00, 0x00, 0x00, 0x00, 0x00, 0x00, 0x00, 0x00, 0x00, 0x00, 0x00, 0xaa, 0xaa, 0x06, 0xca, 0x9a, 0x19, 0xc9, 0x9a, 0x2b, 0xe9, 0xaa, 0x5e, 
    0x2a, 0xc3, 0xa6, 0xc8, 0xc2, 0xe7, 0xe4, 0xb9, 0xff, 0xa3, 0xb1, 0xfe, 0xa3, 0xb9, 0xff, 0xa3, 0xb9, 0xff, 0xa3, 0xb9, 0xff, 0xa3, 0xb9, 0xff, 
    0xa3, 0xb9, 0xff, 0xa3, 0xb9, 0xff, 0xa3, 0xb9, 0xff, 0xa3, 0xb9, 0xff, 0xa3, 0xb9, 0xff, 0xa3, 0xb1, 0xff, 0xa3, 0xb1, 0xff, 0x83, 0xb1, 0xff, 
    0x83, 0xb1, 0xff, 0x83, 0xb1, 0xfe, 0xa3, 0xb1, 0xfe, 0xa3, 0xb9, 0xfe, 0xa3, 0xb9, 0xff, 0xa3, 0xb9, 0xff, 0xa3, 0xb9, 0xff, 0xa3, 0xb9, 0xff, 
    0xa3, 0xb9, 0xff, 0xa3, 0xb1, 0xff, 0xa3, 0xb9, 0xff, 0xa3, 0xb1, 0xff, 0xa3, 0xb9, 0xff, 0xa3, 0xb9, 0xff, 0xa3, 0xb9, 0xff, 0xa3, 0xb9, 0xff, 
    0xa3, 0xb9, 0xff, 0xa3, 0xb9, 0xff, 0xa3, 0xb9, 0xff, 0xa3, 0xb9, 0xff, 0xa3, 0xb9, 0xff, 0xa3, 0xb9, 0xff, 0x25, 0xc2, 0xfe, 0xc8, 0xca, 0xe6, 
    0x29, 0xcb, 0xd0, 0x09, 0xc3, 0xe1, 0xe9, 0xca, 0xef, 0x66, 0xc2, 0xf8, 0x87, 0xc2, 0xe5, 0xa7, 0xc2, 0xe5, 0x09, 0xcb, 0xda, 0x66, 0xba, 0xfe, 
    0x67, 0xc2, 0xfb, 0xa8, 0xca, 0xe5, 0x66, 0xc2, 0xf6, 0x46, 0xc2, 0xfe, 0x25, 0xc2, 0xff, 0xe4, 0xb9, 0xff, 0x05, 0xc2, 0xff, 0xc3, 0xb9, 0xff, 
    0x05, 0xc2, 0xff, 0x66, 0xc2, 0xff, 0x25, 0xc2, 0xfe, 0xe4, 0xb9, 0xff, 0xc3, 0xb9, 0xff, 0xc3, 0xb9, 0xff, 0xa3, 0xb9, 0xff, 0xa3, 0xb9, 0xff, 
    0xa3, 0xb9, 0xff, 0xa3, 0xb9, 0xfe, 0xa3, 0xb9, 0xff, 0xa3, 0xb9, 0xff, 0xa3, 0xb9, 0xff, 0xa3, 0xb9, 0xff, 0xa3, 0xb9, 0xff, 0xa3, 0xb9, 0xff, 
    0xa3, 0xb9, 0xff, 0xa3, 0xb9, 0xff, 0xa3, 0xb9, 0xff, 0xa3, 0xb9, 0xff, 0xa3, 0xb9, 0xff, 0xa3, 0xb9, 0xff, 0xa3, 0xb9, 0xfe, 0xa3, 0xb9, 0xff, 
    0xe4, 0xb9, 0xff, 0x46, 0xba, 0xee, 0xc9, 0xba, 0x78, 0x48, 0xa2, 0x36, 0x89, 0xaa, 0x54, 0xa8, 0xc2, 0xc0, 0xc3, 0xb1, 0xfe, 0xa3, 0xb9, 0xff, 
    0xa3, 0xb9, 0xff, 0xa3, 0xb9, 0xff, 0xa3, 0xb9, 0xff, 0xa3, 0xb9, 0xff, 0xa3, 0xb9, 0xff, 0xa3, 0xb9, 0xff, 0xa4, 0xb9, 0xff, 0xa3, 0xb9, 0xff, 
    0xa3, 0xb9, 0xff, 0xa3, 0xb9, 0xff, 0xa3, 0xb9, 0xff, 0xa3, 0xb9, 0xff, 0xa3, 0xb9, 0xff, 0xa3, 0xb9, 0xff, 0xa3, 0xb9, 0xff, 0xa3, 0xb9, 0xff, 
    0xa3, 0xb9, 0xff, 0xa3, 0xb9, 0xff, 0xa3, 0xb9, 0xff, 0xa3, 0xb9, 0xff, 0xa3, 0xb9, 0xff, 0xa3, 0xb9, 0xff, 0xa3, 0xb9, 0xff, 0xa3, 0xb9, 0xff, 
    0xa3, 0xb9, 0xff, 0xa3, 0xb9, 0xff, 0xa3, 0xb9, 0xff, 0xa3, 0xb9, 0xff, 0xa3, 0xb9, 0xff, 0xa3, 0xb9, 0xff, 0xa3, 0xb9, 0xff, 0xa3, 0xb9, 0xff, 
    0xa3, 0xb9, 0xff, 0xa3, 0xb9, 0xff, 0xa3, 0xb9, 0xff, 0xa3, 0xb9, 0xff, 0xa3, 0xb9, 0xff, 0xa3, 0xb9, 0xff, 0xa3, 0xb9, 0xff, 0xa3, 0xb9, 0xff, 
    0xa3, 0xb9, 0xff, 0xa3, 0xb9, 0xff, 0xa3, 0xb9, 0xfe, 0xc4, 0xb9, 0xff, 0xa8, 0xc2, 0xe7, 0x4a, 0xc3, 0xa0, 0xa8, 0xa2, 0xd5, 0xc8, 0xa2, 0x7c, 
    0x09, 0x9b, 0x2d, 0xe9, 0x9a, 0x21, 0xe7, 0x7a, 0x08, 0x00, 0x00, 0x01, 0x00, 0x00, 0x00, 0x00, 0x00, 0x00, 0x00, 0x00, 0x00, 0x00, 0x00, 0x00, 
    0x00, 0x00, 0x00, 0x49, 0x92, 0x07, 0xa9, 0xa2, 0x29, 0xa8, 0xba, 0x7f, 0xc4, 0xb1, 0xff, 0x62, 0xa9, 0xff, 0xa3, 0xb1, 0xff, 0xa3, 0xb9, 0xff, 
    0xa3, 0xb9, 0xff, 0xa3, 0xb9, 0xff, 0xa4, 0xb9, 0xff, 0xa3, 0xb9, 0xff, 0xa3, 0xb9, 0xfd, 0xc4, 0xb9, 0xff, 0x67, 0xba, 0xc2, 0xea, 0xba, 0x51, 
    0xa9, 0x9a, 0x15, 0x00, 0x00, 0x00, 0x00, 0x00, 0x01, 0x00, 0x00, 0x00, 0x00, 0x00, 0x00, 0x00, 0x00, 0x00, 0x00, 0x00, 0x00, 0x00, 0x00, 0x00, 
    0x00, 0x00, 0x00, 0x00, 0x00, 0x00, 0x00, 0x00, 0x00, 0x00, 0x00, 0x00, 0x00, 0x00, 0x00, 0x00, 0x00, 0x00, 0x00, 0x00, 0x00, 0x00, 0x00, 0x00, 
    0x00, 0x00, 0x00, 0x00, 0x00, 0x00, 0x00, 0x00, 0x00, 0x00, 0x00, 0x00, 0x00, 0x00, 0x00, 0x00, 0x00, 0x00, 0x00, 0x00, 0x00, 0x00, 0x00, 0x00, 
    0x00, 0x00, 0x00, 0x00, 0x00, 0x00, 0x00, 0x00, 0x00, 0x00, 0x00, 0x00, 0x00, 0x00, 0x00, 0x00, 0x00, 0x00, 0x00, 0x00, 0x00, 0x00, 0x00, 0x00, 
    0x00, 0x00, 0x00, 0x00, 0x00, 0x00, 0x00, 0x00, 0x00, 0x00, 0x00, 0x00, 0x00, 0x00, 0x00, 0x00, 0x00, 0x00, 0x00, 0x00, 0x00, 0x00, 0x00, 0x00, 
    0x00, 0x00, 0x00, 0x00, 0x00, 0x00, 0x00, 0x00, 0x00, 0x00, 0x00, 0x00, 0x00, 0x00, 0x00, 0x00, 0x00, 0x00, 0x00, 0x00, 0x00, 0x00, 0x00, 0x00, 
    0x00, 0x00, 0x00, 0x00, 0x00, 0x00, 0x00, 0x00, 0x00, 0x00, 0x00, 0x00, 0x00, 0x00, 0x00, 0x00, 0x00, 0x00, 0x00, 0x00, 0x00, 0x00, 0x00, 0x00, 
    0x00, 0x00, 0x00, 0x00, 0x00, 0x00, 0x00, 0x00, 0x00, 0x00, 0x00, 0x00, 0x00, 0x00, 0x00, 0x00, 0x00, 0x00, 0x00, 0x00, 0x00, 0x00, 0x00, 0x00, 
    0x00, 0x00, 0x00, 0x00, 0x00, 0x00, 0x00, 0x00, 0x00, 0x00, 0x00, 0x00, 0x00, 0x00, 0x00, 0x00, 0x00, 0x00, 0x00, 0x00, 0x00, 0x00, 0x00, 0x00, 
    0x00, 0x00, 0x00, 0x00, 0x00, 0x00, 0x00, 0x00, 0x00, 0x00, 0x00, 0x00, 0x00, 0x00, 0x00, 0x00, 0x00, 0x00, 0x00, 0x00, 0x00, 0x00, 0x00, 0x00, 
    0x00, 0x00, 0x00, 0x00, 0x00, 0x00, 0x00, 0x00, 0x00, 0x00, 0x00, 0x00, 0x00, 0x00, 0x00, 0x00, 0x00, 0x00, 0x00, 0x00, 0x00, 0x00, 0x00, 0x00, 
    0x00, 0x00, 0x00, 0x00, 0x00, 0x00, 0x00, 0x00, 0x00, 0x00, 0x00, 0x00, 0x00, 0x00, 0x00, 0x00, 0x00, 0x00, 0x00, 0x00, 0x00, 0x00, 0x00, 0x00, 
    0x00, 0x00, 0x00, 0x00, 0x00, 0x00, 0x00, 0x00, 0x00, 0x00, 0x00, 0x00, 0x00, 0x00, 0x00, 0x00, 0x00, 0x00, 0x00, 0x00, 0x00, 0x00, 0x00, 0x00, 
    0x00, 0x00, 0x00, 0x00, 0x00, 0x00, 0x00, 0x00, 0x00, 0x00, 0x00, 0x00, 0x00, 0x00, 0x00, 0x00, 0x00, 0x00, 0x00, 0x00, 0x00, 0x00, 0x00, 0x00, 
    0x00, 0x00, 0x00, 0x00, 0x00, 0x00, 0x00, 0x00, 0x00, 0x00, 0x00, 0x00, 0x00, 0x00, 0x00, 0x00, 0x00, 0x00, 0x00, 0x00, 0x00, 0x00, 0x00, 0x00, 
    0x00, 0x00, 0x00, 0x00, 0x00, 0x00, 0x00, 0x00, 0x00, 0x00, 0x00, 0x00, 0x00, 0x00, 0x00, 0x00, 0x00, 0x00, 0x00, 0x00, 0x00, 0x00, 0x00, 0x00, 
    0x00, 0x00, 0x00, 0x00, 0x00, 0x00, 0x00, 0x00, 0x00, 0x00, 0x00, 0x00, 0x00, 0x00, 0x00, 0x00, 0x00, 0x00, 0x00, 0x00, 0x00, 0x00, 0x00, 0x00, 
    0x00, 0x00, 0x00, 0x00, 0x00, 0x00, 0x00, 0x00, 0x00, 0x00, 0x00, 0x00, 0x00, 0x00, 0x00, 0x00, 0x00, 0x00, 0x00, 0x00, 0x00, 0x00, 0x00, 0x00, 
    0x00, 0x00, 0x00, 0x00, 0x00, 0x00, 0x00, 0x00, 0x00, 0x00, 0x00, 0x00, 0x00, 0x00, 0x00, 0x00, 0x00, 0x00, 0x00, 0x00, 0x00, 0x00, 0x00, 0x00, 
    0x00, 0x00, 0x00, 0x00, 0x00, 0x00, 0x00, 0x00, 0x00, 0x00, 0x00, 0x00, 0x00, 0x00, 0x00, 0x00, 0x00, 0x00, 0x00, 0x00, 0x00, 0x00, 0x00, 0x00, 
    0x00, 0x00, 0x00, 0x00, 0x00, 0x00, 0x00, 0x00, 0x00, 0x00, 0x00, 0x00, 0x00, 0x00, 0x00, 0x00, 0x00, 0x00, 0x00, 0x00, 0x00, 0x00, 0x00, 0x00, 
    0x00, 0x00, 0x00, 0x00, 0x00, 0x00, 0x00, 0x00, 0x00, 0x00, 0x00, 0x00, 0x00, 0x00, 0x00, 0x00, 0x00, 0x00, 0x00, 0x00, 0x00, 0x00, 0x00, 0x00, 
    0x00, 0x00, 0x00, 0x00, 0x00, 0x00, 0x00, 0x00, 0x00, 0x00, 0x00, 0x00, 0x00, 0x00, 0x00, 0x00, 0x00, 0x00, 0x00, 0x00, 0x00, 0x00, 0x00, 0x00, 
    0x00, 0x00, 0x00, 0x00, 0x00, 0x00, 0x00, 0x00, 0x00, 0x00, 0x00, 0x00, 0x00, 0x00, 0x00, 0x00, 0x00, 0x00, 0x00, 0x00, 0x00, 0x00, 0x00, 0x00, 
    0x00, 0x00, 0x00, 0x00, 0x00, 0x00, 0x00, 0x00, 0x00, 0x00, 0x00, 0x00, 0x00, 0x00, 0x00, 0x00, 0x00, 0x00, 0x00, 0x00, 0x00, 0x00, 0x00, 0x00, 
    0x00, 0x00, 0x00, 0x00, 0x00, 0x00, 0x00, 0x00, 0x00, 0x00, 0x00, 0x00, 0x00, 0x00, 0x00, 0x00, 0x00, 0x00, 0x00, 0x00, 0x00, 0x00, 0x00, 0x00, 
    0x00, 0x00, 0x00, 0x00, 0x00, 0x00, 0x00, 0x00, 0x00, 0x00, 0x00, 0x00, 0x00, 0x00, 0x00, 0x00, 0x00, 0x00, 0x00, 0x00, 0x01, 0xaa, 0xaa, 0x03, 
    0xa8, 0x9a, 0x12, 0xc9, 0x9a, 0x2e, 0xc9, 0xa2, 0x49, 0xe9, 0xa2, 0x52, 0x0a, 0xbb, 0x8b, 0x09, 0xcb, 0xd7, 0xe4, 0xb1, 0xfe, 0xa3, 0xb1, 0xff, 
    0xa3, 0xb9, 0xff, 0xa3, 0xb9, 0xff, 0xa3, 0xb9, 0xff, 0xa3, 0xb9, 0xff, 0xa3, 0xb9, 0xff, 0xa3, 0xb9, 0xff, 0xa3, 0xb9, 0xff, 0xa3, 0xb9, 0xff, 
    0xa3, 0xb9, 0xff, 0xa3, 0xb1, 0xfe, 0xa3, 0xb1, 0xfe, 0xa3, 0xb1, 0xff, 0xa3, 0xb9, 0xff, 0xa3, 0xb9, 0xff, 0xa3, 0xb9, 0xff, 0xa3, 0xb9, 0xff, 
    0xa3, 0xb9, 0xff, 0xa3, 0xb1, 0xff, 0xa3, 0xb1, 0xff, 0xa3, 0xb1, 0xff, 0xa3, 0xb1, 0xff, 0xa3, 0xb1, 0xff, 0xa3, 0xb1, 0xff, 0xa3, 0xb1, 0xff, 
    0xa3, 0xb9, 0xff, 0xa3, 0xb9, 0xff, 0xa3, 0xb9, 0xff, 0xa3, 0xb9, 0xff, 0xa3, 0xb9, 0xff, 0xa3, 0xb9, 0xff, 0xa3, 0xb9, 0xff, 0xa3, 0xb9, 0xff, 
    0xa3, 0xb9, 0xff, 0xa3, 0xb9, 0xfe, 0xa3, 0xb9, 0xff, 0x05, 0xba, 0xf6, 0xe9, 0xca, 0xd8, 0x09, 0xc3, 0xc3, 0x09, 0xc3, 0xda, 0x29, 0xcb, 0xee, 
    0xc8, 0xc2, 0xe9, 0xc8, 0xc2, 0xdf, 0x09, 0xcb, 0xc8, 0xc8, 0xc2, 0xcf, 0xa8, 0xc2, 0xe7, 0xe9, 0xca, 0xe2, 0xc8, 0xca, 0xef, 0x05, 0xba, 0xfe, 
    0xe4, 0xb9, 0xff, 0xc3, 0xb9, 0xff, 0xc4, 0xb9, 0xff, 0xc4, 0xb9, 0xff, 0xa3, 0xb1, 0xff, 0x25, 0xba, 0xfe, 0x66, 0xc2, 0xfb, 0xc8, 0xca, 0xea, 
    0xc4, 0xb9, 0xfc, 0x25, 0xc2, 0xff, 0xe4, 0xb9, 0xff, 0xa3, 0xb9, 0xff, 0xa3, 0xb9, 0xfe, 0xa3, 0xb9, 0xff, 0xa3, 0xb9, 0xff, 0xa3, 0xb9, 0xfe, 
    0xa3, 0xb9, 0xfe, 0xa3, 0xb9, 0xff, 0xa3, 0xb9, 0xff, 0xa4, 0xb9, 0xff, 0xa3, 0xb9, 0xff, 0xa3, 0xb9, 0xff, 0xa3, 0xb9, 0xff, 0xa3, 0xb9, 0xff, 
    0xa3, 0xb9, 0xff, 0xa3, 0xb9, 0xff, 0xa3, 0xb9, 0xff, 0xa3, 0xb9, 0xff, 0xa3, 0xb9, 0xfd, 0xc4, 0xb9, 0xff, 0xa8, 0xc2, 0xd3, 0xe9, 0xba, 0x5b, 
    0x88, 0xa2, 0x37, 0x46, 0xb2, 0xb3, 0xa3, 0xb9, 0xff, 0xa3, 0xb9, 0xfd, 0xa3, 0xb9, 0xff, 0xa3, 0xb9, 0xff, 0xa3, 0xb9, 0xff, 0xa3, 0xb9, 0xff, 
    0xa3, 0xb9, 0xff, 0xa3, 0xb9, 0xff, 0xa3, 0xb9, 0xff, 0xa3, 0xb9, 0xff, 0xa3, 0xb9, 0xff, 0xa3, 0xb9, 0xff, 0xa3, 0xb9, 0xfe, 0xa3, 0xb9, 0xfe, 
    0xa3, 0xb9, 0xfe, 0xa3, 0xb9, 0xfe, 0xa3, 0xb9, 0xff, 0xa3, 0xb9, 0xff, 0xa3, 0xb9, 0xff, 0xa3, 0xb9, 0xff, 0xa3, 0xb9, 0xff, 0xa3, 0xb9, 0xff, 
    0xa3, 0xb9, 0xff, 0xa3, 0xb9, 0xff, 0xa3, 0xb9, 0xff, 0xa3, 0xb9, 0xff, 0xa3, 0xb9, 0xff, 0xa3, 0xb9, 0xff, 0xa3, 0xb9, 0xff, 0xa3, 0xb9, 0xff, 
    0xa3, 0xb9, 0xff, 0xa3, 0xb9, 0xff, 0xa3, 0xb9, 0xff, 0xa3, 0xb9, 0xff, 0xa3, 0xb9, 0xff, 0xa3, 0xb9, 0xff, 0xa3, 0xb9, 0xff, 0xa3, 0xb9, 0xff, 
    0xa3, 0xb9, 0xff, 0xa3, 0xb9, 0xff, 0xa3, 0xb9, 0xff, 0xa3, 0xb9, 0xff, 0xa3, 0xb9, 0xff, 0xa3, 0xb9, 0xff, 0xa3, 0xb9, 0xfe, 0xa3, 0xb1, 0xff, 
    0xa7, 0xc2, 0xeb, 0x4a, 0xc3, 0xb6, 0x29, 0xbb, 0x8d, 0xe9, 0xaa, 0x64, 0xe8, 0x9a, 0x3a, 0xe9, 0x92, 0x1b, 0xe7, 0x9a, 0x08, 0x00, 0x00, 0x00, 
    0x00, 0x00, 0x00, 0x00, 0x00, 0x00, 0x00, 0x00, 0x00, 0x00, 0x00, 0x00, 0x00, 0xf8, 0x01, 0x69, 0x9a, 0x0a, 0xa8, 0xaa, 0x39, 0x87, 0xba, 0xcf, 
    0xc4, 0xb9, 0xfe, 0x83, 0xb1, 0xfe, 0xa3, 0xb9, 0xff, 0xa3, 0xb9, 0xff, 0xa3, 0xb9, 0xff, 0xa3, 0xb9, 0xff, 0xa4, 0xb9, 0xff, 0xa3, 0xb9, 0xff, 
    0xa3, 0xb9, 0xfe, 0xe4, 0xb9, 0xff, 0xc8, 0xba, 0x9d, 0xa9, 0xaa, 0x32, 0xe7, 0xb9, 0x08, 0x00, 0x00, 0x00, 0x00, 0x00, 0x00, 0x00, 0x00, 0x00, 
    0x00, 0x00, 0x00, 0x00, 0x00, 0x00, 0x00, 0x00, 0x00, 0x00, 0x00, 0x00, 0x00, 0x00, 0x00, 0x00, 0x00, 0x00, 0x00, 0x00, 0x00, 0x00, 0x00, 0x00, 
    0x00, 0x00, 0x00, 0x00, 0x00, 0x00, 0x00, 0x00, 0x00, 0x00, 0x00, 0x00, 0x00, 0x00, 0x00, 0x00, 0x00, 0x00, 0x00, 0x00, 0x00, 0x00, 0x00, 0x00, 
    0x00, 0x00, 0x00, 0x00, 0x00, 0x00, 0x00, 0x00, 0x00, 0x00, 0x00, 0x00, 0x00, 0x00, 0x00, 0x00, 0x00, 0x00, 0x00, 0x00, 0x00, 0x00, 0x00, 0x00, 
    0x00, 0x00, 0x00, 0x00, 0x00, 0x00, 0x00, 0x00, 0x00, 0x00, 0x00, 0x00, 0x00, 0x00, 0x00, 0x00, 0x00, 0x00, 0x00, 0x00, 0x00, 0x00, 0x00, 0x00, 
    0x00, 0x00, 0x00, 0x00, 0x00, 0x00, 0x00, 0x00, 0x00, 0x00, 0x00, 0x00, 0x00, 0x00, 0x00, 0x00, 0x00, 0x00, 0x00, 0x00, 0x00, 0x00, 0x00, 0x00, 
    0x00, 0x00, 0x00, 0x00, 0x00, 0x00, 0x00, 0x00, 0x00, 0x00, 0x00, 0x00, 0x00, 0x00, 0x00, 0x00, 0x00, 0x00, 0x00, 0x00, 0x00, 0x00, 0x00, 0x00, 
    0x00, 0x00, 0x00, 0x00, 0x00, 0x00, 0x00, 0x00, 0x00, 0x00, 0x00, 0x00, 0x00, 0x00, 0x00, 0x00, 0x00, 0x00, 0x00, 0x00, 0x00, 0x00, 0x00, 0x00, 
    0x00, 0x00, 0x00, 0x00, 0x00, 0x00, 0x00, 0x00, 0x00, 0x00, 0x00, 0x00, 0x00, 0x00, 0x00, 0x00, 0x00, 0x00, 0x00, 0x00, 0x00, 0x00, 0x00, 0x00, 
    0x00, 0x00, 0x00, 0x00, 0x00, 0x00, 0x00, 0x00, 0x00, 0x00, 0x00, 0x00, 0x00, 0x00, 0x00, 0x00, 0x00, 0x00, 0x00, 0x00, 0x00, 0x00, 0x00, 0x00, 
    0x00, 0x00, 0x00, 0x00, 0x00, 0x00, 0x00, 0x00, 0x00, 0x00, 0x00, 0x00, 0x00, 0x00, 0x00, 0x00, 0x00, 0x00, 0x00, 0x00, 0x00, 0x00, 0x00, 0x00, 
    0x00, 0x00, 0x00, 0x00, 0x00, 0x00, 0x00, 0x00, 0x00, 0x00, 0x00, 0x00, 0x00, 0x00, 0x00, 0x00, 0x00, 0x00, 0x00, 0x00, 0x00, 0x00, 0x00, 0x00, 
    0x00, 0x00, 0x00, 0x00, 0x00, 0x00, 0x00, 0x00, 0x00, 0x00, 0x00, 0x00, 0x00, 0x00, 0x00, 0x00, 0x00, 0x00, 0x00, 0x00, 0x00, 0x00, 0x00, 0x00, 
    0x00, 0x00, 0x00, 0x00, 0x00, 0x00, 0x00, 0x00, 0x00, 0x00, 0x00, 0x00, 0x00, 0x00, 0x00, 0x00, 0x00, 0x00, 0x00, 0x00, 0x00, 0x00, 0x00, 0x00, 
    0x00, 0x00, 0x00, 0x00, 0x00, 0x00, 0x00, 0x00, 0x00, 0x00, 0x00, 0x00, 0x00, 0x00, 0x00, 0x00, 0x00, 0x00, 0x00, 0x00, 0x00, 0x00, 0x00, 0x00, 
    0x00, 0x00, 0x00, 0x00, 0x00, 0x00, 0x00, 0x00, 0x00, 0x00, 0x00, 0x00, 0x00, 0x00, 0x00, 0x00, 0x00, 0x00, 0x00, 0x00, 0x00, 0x00, 0x00, 0x00, 
    0x00, 0x00, 0x00, 0x00, 0x00, 0x00, 0x00, 0x00, 0x00, 0x00, 0x00, 0x00, 0x00, 0x00, 0x00, 0x00, 0x00, 0x00, 0x00, 0x00, 0x00, 0x00, 0x00, 0x00, 
    0x00, 0x00, 0x00, 0x00, 0x00, 0x00, 0x00, 0x00, 0x00, 0x00, 0x00, 0x00, 0x00, 0x00, 0x00, 0x00, 0x00, 0x00, 0x00, 0x00, 0x00, 0x00, 0x00, 0x00, 
    0x00, 0x00, 0x00, 0x00, 0x00, 0x00, 0x00, 0x00, 0x00, 0x00, 0x00, 0x00, 0x00, 0x00, 0x00, 0x00, 0x00, 0x00, 0x00, 0x00, 0x00, 0x00, 0x00, 0x00, 
    0x00, 0x00, 0x00, 0x00, 0x00, 0x00, 0x00, 0x00, 0x00, 0x00, 0x00, 0x00, 0x00, 0x00, 0x00, 0x00, 0x00, 0x00, 0x00, 0x00, 0x00, 0x00, 0x00, 0x00, 
    0x00, 0x00, 0x00, 0x00, 0x00, 0x00, 0x00, 0x00, 0x00, 0x00, 0x00, 0x00, 0x00, 0x00, 0x00, 0x00, 0x00, 0x00, 0x00, 0x00, 0x00, 0x00, 0x00, 0x00, 
    0x00, 0x00, 0x00, 0x00, 0x00, 0x00, 0x00, 0x00, 0x00, 0x00, 0x00, 0x00, 0x00, 0x00, 0x00, 0x00, 0x00, 0x00, 0x00, 0x00, 0x00, 0x00, 0x00, 0x00, 
    0x00, 0x00, 0x00, 0x00, 0x00, 0x00, 0x00, 0x00, 0x00, 0x00, 0x00, 0x00, 0x00, 0x00, 0x00, 0x00, 0x00, 0x00, 0x00, 0x00, 0x00, 0x00, 0x00, 0x00, 
    0x00, 0x00, 0x00, 0x00, 0x00, 0x00, 0x00, 0x00, 0x00, 0x00, 0x00, 0x00, 0x00, 0x00, 0x00, 0x00, 0x00, 0x00, 0x00, 0x00, 0x00, 0x00, 0x00, 0x00, 
    0x00, 0x00, 0x00, 0x00, 0x00, 0x00, 0x00, 0x00, 0x00, 0x00, 0x00, 0x00, 0x00, 0x00, 0x00, 0x00, 0x00, 0x00, 0x00, 0x00, 0x00, 0x00, 0x00, 0x00, 
    0x00, 0x00, 0x00, 0x00, 0x00, 0x00, 0x00, 0x00, 0x00, 0x00, 0x00, 0x00, 0x00, 0x00, 0x00, 0x00, 0x00, 0x00, 0x00, 0x00, 0x00, 0x00, 0x00, 0x00, 
    0x00, 0x00, 0x00, 0x00, 0x00, 0x00, 0x00, 0x00, 0x00, 0x00, 0x00, 0x00, 0x00, 0x00, 0x00, 0x00, 0x00, 0x00, 0x00, 0x78, 0x02, 0x00, 0x78, 0x02, 
    0x00, 0x00, 0x00, 0x00, 0x00, 0x00, 0xef, 0x7b, 0x02, 0x2c, 0x9b, 0x05, 0xe7, 0x79, 0x04, 0x0a, 0x9b, 0x1f, 0xea, 0xa2, 0x4f, 0xea, 0xaa, 0x48, 
    0x2a, 0xbb, 0x96, 0xe9, 0xc2, 0xe6, 0xc4, 0xb1, 0xfe, 0xa3, 0xb1, 0xff, 0xa3, 0xb9, 0xff, 0xa3, 0xb9, 0xff, 0xa3, 0xb9, 0xff, 0xa3, 0xb9, 0xff, 
    0xa3, 0xb9, 0xff, 0xa3, 0xb9, 0xff, 0xa3, 0xb9, 0xff, 0xa3, 0xb9, 0xff, 0xa3, 0xb9, 0xff, 0xa3, 0xb9, 0xff, 0xa3, 0xb9, 0xff, 0xa3, 0xb9, 0xff, 
    0xa4, 0xb9, 0xff, 0xa3, 0xb9, 0xff, 0xa3, 0xb9, 0xff, 0xa3, 0xb9, 0xff, 0xa3, 0xb9, 0xff, 0xa3, 0xb1, 0xff, 0xa3, 0xb1, 0xff, 0xa3, 0xb1, 0xff, 
    0xa3, 0xb1, 0xff, 0xa3, 0xb1, 0xff, 0xa3, 0xb1, 0xff, 0xa3, 0xb9, 0xff, 0xa3, 0xb9, 0xff, 0xa3, 0xb9, 0xff, 0xa3, 0xb9, 0xff, 0xa3, 0xb9, 0xff, 
    0xa3, 0xb9, 0xff, 0xa3, 0xb9, 0xff, 0xa3, 0xb9, 0xff, 0xa3, 0xb9, 0xff, 0xa3, 0xb9, 0xff, 0xa3, 0xb9, 0xff, 0xc3, 0xb9, 0xff, 0x83, 0xb9, 0xff, 
    0x87, 0xc2, 0xfe, 0x6b, 0xcb, 0xad, 0x6a, 0xcb, 0x95, 0x08, 0xbb, 0xde, 0xe9, 0xc2, 0xc1, 0xc8, 0xc2, 0xef, 0x26, 0xba, 0xff, 0xe4, 0xa1, 0xda, 
    0x29, 0xcb, 0xa7, 0xc8, 0xc2, 0xf0, 0x66, 0xc2, 0xfb, 0xc4, 0xb9, 0xff, 0xa3, 0xb1, 0xff, 0xa3, 0xb9, 0xff, 0xa3, 0xb9, 0xff, 0xa3, 0xb9, 0xff, 
    0xa3, 0xb9, 0xff, 0xc4, 0xb9, 0xff, 0x87, 0xc2, 0xfa, 0x09, 0xcb, 0xd6, 0xc4, 0xb1, 0xfe, 0x46, 0xba, 0xf2, 0x46, 0xba, 0xee, 0x83, 0xb1, 0xff, 
    0xc4, 0xb9, 0xff, 0x87, 0xc2, 0xf4, 0x05, 0xba, 0xfb, 0x05, 0xba, 0xff, 0xc4, 0xb9, 0xff, 0xa3, 0xb9, 0xfe, 0xa3, 0xb9, 0xfe, 0xa3, 0xb9, 0xff, 
    0xa3, 0xb9, 0xff, 0xa3, 0xb9, 0xff, 0xa3, 0xb9, 0xff, 0xa3, 0xb9, 0xff, 0xa3, 0xb9, 0xff, 0xa3, 0xb9, 0xff, 0xa3, 0xb9, 0xff, 0xa3, 0xb9, 0xff, 
    0xa3, 0xb9, 0xfe, 0xa3, 0xb9, 0xfe, 0xc4, 0xb1, 0xf7, 0x67, 0xb2, 0xd0, 0xe9, 0xba, 0x6c, 0x88, 0xba, 0x85, 0xc4, 0xb1, 0xf6, 0xa3, 0xb9, 0xff, 
    0xa3, 0xb9, 0xff, 0xa3, 0xb9, 0xff, 0xa3, 0xb9, 0xff, 0xa3, 0xb9, 0xff, 0xa3, 0xb9, 0xff, 0xa3, 0xb9, 0xff, 0xa3, 0xb9, 0xff, 0xa3, 0xb9, 0xff, 
    0xa3, 0xb9, 0xff, 0xa3, 0xb9, 0xff, 0xc4, 0xb9, 0xff, 0xa3, 0xb9, 0xff, 0xa3, 0xb9, 0xff, 0xa3, 0xb9, 0xff, 0xa3, 0xb9, 0xfd, 0xa3, 0xb9, 0xfd, 
    0xa3, 0xb9, 0xfe, 0xa3, 0xb9, 0xfe, 0xa3, 0xb9, 0xfe, 0xa3, 0xb9, 0xff, 0xa3, 0xb9, 0xff, 0xa3, 0xb9, 0xff, 0xa3, 0xb9, 0xff, 0xa3, 0xb9, 0xff, 
    0xa3, 0xb9, 0xff, 0xa3, 0xb9, 0xff, 0xa3, 0xb9, 0xff, 0xa3, 0xb9, 0xff, 0xa3, 0xb9, 0xff, 0xa3, 0xb9, 0xff, 0xa3, 0xb9, 0xff, 0xa3, 0xb9, 0xff, 
    0xa3, 0xb9, 0xff, 0xa3, 0xb9, 0xff, 0xa3, 0xb9, 0xff, 0xa3, 0xb9, 0xff, 0xa3, 0xb9, 0xff, 0xa3, 0xb9, 0xff, 0xa3, 0xb9, 0xff, 0xa3, 0xb9, 0xff, 
    0xa3, 0xb9, 0xff, 0xa4, 0xb9, 0xff, 0xa3, 0xb1, 0xff, 0xe4, 0xb9, 0xff, 0xa7, 0xba, 0xff, 0x4a, 0xc3, 0xaf, 0xa7, 0xaa, 0xb9, 0x87, 0xa2, 0x77, 
    0x6d, 0xb3, 0x07, 0x86, 0x99, 0x05, 0xa7, 0x92, 0x18, 0x00, 0x00, 0x01, 0x00, 0x00, 0x00, 0x00, 0x00, 0x00, 0x00, 0x00, 0x00, 0x00, 0x00, 0x00, 
    0xe0, 0xff, 0x01, 0xaa, 0xaa, 0x06, 0xc9, 0xaa, 0x3c, 0x26, 0xb2, 0xe8, 0xa3, 0xb9, 0xff, 0x83, 0xb1, 0xfe, 0xa3, 0xb9, 0xff, 0xa3, 0xb9, 0xff, 
    0xa3, 0xb9, 0xff, 0xa3, 0xb9, 0xff, 0xa3, 0xb9, 0xff, 0xa3, 0xb9, 0xff, 0xa3, 0xb9, 0xff, 0x26, 0xba, 0xf8, 0xc8, 0xb2, 0x90, 0x88, 0xa2, 0x1f, 
    0xaa, 0xaa, 0x03, 0x00, 0x00, 0x00, 0x00, 0x00, 0x00, 0x00, 0x00, 0x00, 0x00, 0x00, 0x00, 0x00, 0x00, 0x00, 0x00, 0x00, 0x00, 0x00, 0x00, 0x00, 
    0x00, 0x00, 0x00, 0x00, 0x00, 0x00, 0x00, 0x00, 0x00, 0x00, 0x00, 0x00, 0x00, 0x00, 0x00, 0x00, 0x00, 0x00, 0x00, 0x00, 0x00, 0x00, 0x00, 0x00, 
    0x00, 0x00, 0x00, 0x00, 0x00, 0x00, 0x00, 0x00, 0x00, 0x00, 0x00, 0x00, 0x00, 0x00, 0x00, 0x00, 0x00, 0x00, 0x00, 0x00, 0x00, 0x00, 0x00, 0x00, 
    0x00, 0x00, 0x00, 0x00, 0x00, 0x00, 0x00, 0x00, 0x00, 0x00, 0x00, 0x00, 0x00, 0x00, 0x00, 0x00, 0x00, 0x00, 0xff, 0xff, 0x01, 0xff, 0xff, 0x01, 
    0xff, 0xff, 0x01, 0xff, 0xff, 0x01, 0xff, 0xff, 0x01, 0x00, 0x00, 0x00, 0x00, 0x00, 0x00, 0x00, 0x00, 0x00, 0x00, 0x00, 0x00, 0x00, 0x00, 0x00, 
    0x00, 0x00, 0x00, 0x00, 0x00, 0x00, 0x00, 0x00, 0x00, 0x00, 0x00, 0x00, 0x00, 0x00, 0x00, 0x00, 0x00, 0x00, 0x00, 0x00, 0x00, 0x00, 0x00, 0x00, 
    0x00, 0x00, 0x00, 0x00, 0x00, 0x00, 0x00, 0x00, 0x00, 0x00, 0x00, 0x00, 0x00, 0x00, 0x00, 0x00, 0x00, 0x00, 0x00, 0x00, 0x00, 0x00, 0x00, 0x00, 
    0x00, 0x00, 0x00, 0x00, 0x00, 0x00, 0x00, 0x00, 0x00, 0x00, 0x00, 0x00, 0x00, 0x00, 0x00, 0x00, 0x00, 0x00, 0x00, 0x00, 0x00, 0x00, 0x00, 0x00, 
    0x00, 0x00, 0x00, 0x00, 0x00, 0x00, 0x00, 0x00, 0x00, 0x00, 0x00, 0x00, 0x00, 0x00, 0x00, 0x00, 0x00, 0x00, 0x00, 0x00, 0x00, 0x00, 0x00, 0x00, 
    0x00, 0x00, 0x00, 0x00, 0x00, 0x00, 0x00, 0x00, 0x00, 0x00, 0x00, 0x00, 0x00, 0x00, 0x00, 0x00, 0x00, 0x00, 0x00, 0x00, 0x00, 0x00, 0x00, 0x00, 
    0x00, 0x00, 0x00, 0x00, 0x00, 0x00, 0x00, 0x00, 0x00, 0x00, 0x00, 0x00, 0x00, 0x00, 0x00, 0x00, 0x00, 0x00, 0x00, 0x00, 0x00, 0x00, 0x00, 0x00, 
    0x00, 0x00, 0x00, 0x00, 0x00, 0x00, 0x00, 0x00, 0x00, 0x00, 0x00, 0x00, 0x00, 0x00, 0x00, 0x00, 0x00, 0x00, 0x00, 0x00, 0x00, 0x00, 0x00, 0x00, 
    0x00, 0x00, 0x00, 0x00, 0x00, 0x00, 0x00, 0x00, 0x00, 0x00, 0x00, 0x00, 0x00, 0x00, 0x00, 0x00, 0x00, 0x00, 0x00, 0x00, 0x00, 0x00, 0x00, 0x00, 
    0x00, 0x00, 0x00, 0x00, 0x00, 0x00, 0x00, 0x00, 0x00, 0x00, 0x00, 0x00, 0x00, 0x00, 0x00, 0x00, 0x00, 0x00, 0x00, 0x00, 0x00, 0x00, 0x00, 0x00, 
    0x00, 0x00, 0x00, 0x00, 0x00, 0x00, 0x00, 0x00, 0x00, 0x00, 0x00, 0x00, 0x00, 0x00, 0x00, 0x00, 0x00, 0x00, 0x00, 0x00, 0x00, 0x00, 0x00, 0x00, 
    0x00, 0x00, 0x00, 0x00, 0x00, 0x00, 0x00, 0x00, 0x00, 0x00, 0x00, 0x00, 0xff, 0xff, 0x01, 0xff, 0xff, 0x01, 0xff, 0xff, 0x01, 0xff, 0xff, 0x01, 
    0xff, 0xff, 0x01, 0xff, 0xff, 0x01, 0x00, 0x00, 0x00, 0x00, 0x00, 0x00, 0x00, 0x00, 0x00, 0x00, 0x00, 0x00, 0x00, 0x00, 0x00, 0x00, 0x00, 0x00, 
    0x00, 0x00, 0x00, 0x00, 0x00, 0x00, 0x00, 0x00, 0x00, 0x00, 0x00, 0x00, 0x00, 0x00, 0x00, 0x00, 0x00, 0x00, 0x00, 0x00, 0x00, 0x00, 0x00, 0x00, 
    0x00, 0x00, 0x00, 0x00, 0x00, 0x00, 0x00, 0x00, 0x00, 0x00, 0x00, 0x00, 0x00, 0x00, 0x00, 0x00, 0x00, 0x00, 0x00, 0x00, 0x00, 0x00, 0x00, 0x00, 
    0x00, 0x00, 0x00, 0x00, 0x00, 0x00, 0x00, 0x00, 0x00, 0x00, 0x00, 0x00, 0x00, 0x00, 0x00, 0x00, 0x00, 0x00, 0x00, 0x00, 0x00, 0x00, 0x00, 0x00, 
    0x00, 0x00, 0x00, 0x00, 0x00, 0x00, 0x00, 0x00, 0x00, 0x00, 0x00, 0x00, 0x00, 0x00, 0x00, 0x00, 0x00, 0x00, 0x00, 0x00, 0x00, 0x00, 0x00, 0x00, 
    0x00, 0x00, 0x00, 0x00, 0x00, 0x00, 0x00, 0x00, 0x00, 0x00, 0x00, 0x00, 0xff, 0xff, 0x01, 0xff, 0xff, 0x01, 0xff, 0xff, 0x01, 0xff, 0xff, 0x01, 
    0xff, 0xff, 0x01, 0x00, 0x00, 0x00, 0x00, 0x00, 0x00, 0x00, 0x00, 0x00, 0x00, 0x00, 0x00, 0x00, 0x00, 0x00, 0x00, 0x00, 0x00, 0x00, 0x00, 0x00, 
    0x00, 0x00, 0x00, 0x00, 0x00, 0x00, 0x00, 0x00, 0x00, 0x00, 0x00, 0x00, 0x00, 0x00, 0x00, 0x00, 0x00, 0x00, 0x00, 0x00, 0x00, 0x00, 0x00, 0x00, 
    0x00, 0x00, 0x00, 0x00, 0x00, 0x00, 0x00, 0x00, 0x00, 0x00, 0x00, 0x00, 0x00, 0x00, 0x00, 0x00, 0x00, 0x00, 0x00, 0x00, 0x00, 0x00, 0x00, 0x00, 
    0x00, 0x00, 0x00, 0x00, 0x00, 0x00, 0x00, 0x00, 0x00, 0x00, 0x00, 0x00, 0x00, 0x00, 0x00, 0x00, 0x00, 0x00, 0x00, 0x00, 0x00, 0x00, 0x00, 0x00, 
    0x00, 0x00, 0x00, 0x00, 0x00, 0x00, 0x00, 0x00, 0x00, 0x00, 0x00, 0x00, 0x00, 0x00, 0x00, 0x00, 0x00, 0x00, 0x00, 0x00, 0x00, 0x00, 0xf8, 0x01, 
    0x09, 0xb3, 0x0d, 0xaa, 0xa2, 0x23, 0xc9, 0xa2, 0x4e, 0x09, 0xb3, 0x77, 0x6a, 0xcb, 0xca, 0xa8, 0xc2, 0xf7, 0xa3, 0xb1, 0xff, 0xa3, 0xb1, 0xff, 
    0xa3, 0xb1, 0xff, 0xa3, 0xb9, 0xff, 0xa3, 0xb9, 0xff, 0xa3, 0xb9, 0xff, 0xa3, 0xb9, 0xff, 0xa3, 0xb9, 0xff, 0xa3, 0xb9, 0xff, 0xa3, 0xb9, 0xff, 
    0xa3, 0xb9, 0xff, 0xa3, 0xb9, 0xff, 0xa3, 0xb9, 0xff, 0xa3, 0xb9, 0xff, 0xa3, 0xb9, 0xff, 0xa3, 0xb9, 0xff, 0xa3, 0xb9, 0xff, 0xa3, 0xb9, 0xff, 
    0xa3, 0xb9, 0xff, 0xa3, 0xb9, 0xfe, 0xa3, 0xb1, 0xfe, 0xa3, 0xb1, 0xfd, 0xa3, 0xb9, 0xfd, 0xa3, 0xb1, 0xfd, 0xa3, 0xb9, 0xfd, 0xa3, 0xb9, 0xfd, 
    0xa3, 0xb9, 0xfd, 0xa3, 0xb9, 0xfd, 0xa3, 0xb9, 0xfe, 0xa3, 0xb9, 0xff, 0xa3, 0xb9, 0xff, 0xa3, 0xb9, 0xff, 0xa3, 0xb9, 0xff, 0xa3, 0xb9, 0xff, 
    0xa3, 0xb9, 0xff, 0xa3, 0xb9, 0xff, 0xa3, 0xb9, 0xff, 0xa3, 0xb9, 0xfe, 0x05, 0xba, 0xff, 0xe9, 0xc2, 0xbf, 0xe9, 0xb2, 0xc0, 0x09, 0xbb, 0xa1, 
    0x4b, 0xbb, 0x77, 0xa8, 0xb2, 0xc6, 0x66, 0xb2, 0xcb, 0x67, 0xaa, 0xc7, 0x29, 0xcb, 0xa7, 0xc8, 0xc2, 0xd7, 0x26, 0xba, 0xfc, 0xa3, 0xb9, 0xfe, 
    0xa3, 0xb9, 0xff, 0xa3, 0xb9, 0xff, 0xa3, 0xb9, 0xff, 0xa3, 0xb9, 0xff, 0xa3, 0xb9, 0xff, 0x83, 0xb1, 0xff, 0x67, 0xc2, 0xf9, 0x29, 0xd3, 0xdc, 
    0x05, 0xba, 0xff, 0x66, 0xba, 0xbf, 0x67, 0xba, 0xb4, 0xa3, 0xb9, 0xff, 0xe5, 0xb1, 0xe6, 0x2a, 0xc3, 0x92, 0x0a, 0xc3, 0xab, 0x0a, 0xc3, 0xd1, 
    0x87, 0xba, 0xed, 0xe4, 0xb9, 0xff, 0xa3, 0xb9, 0xff, 0xa3, 0xb9, 0xfe, 0xa4, 0xb9, 0xff, 0xa3, 0xb9, 0xff, 0xa3, 0xb9, 0xff, 0xa3, 0xb9, 0xff, 
    0xa3, 0xb9, 0xff, 0xa3, 0xb9, 0xff, 0xa3, 0xb9, 0xff, 0xa3, 0xb9, 0xff, 0xa3, 0xb9, 0xff, 0xa3, 0xb9, 0xff, 0xa3, 0xb9, 0xff, 0xe4, 0xb1, 0xff, 
    0xa8, 0xc2, 0xbf, 0x2a, 0xcb, 0x9e, 0xa8, 0xc2, 0xd7, 0xc4, 0xb9, 0xfe, 0xa3, 0xb9, 0xfe, 0xa3, 0xb9, 0xff, 0xa3, 0xb9, 0xff, 0xa3, 0xb9, 0xff, 
    0xa3, 0xb9, 0xff, 0xa3, 0xb9, 0xff, 0xa3, 0xb9, 0xff, 0xa3, 0xb9, 0xff, 0xe4, 0xb9, 0xff, 0xc8, 0xca, 0xf2, 0xa8, 0xc2, 0xce, 0x67, 0xba, 0xea, 
    0x46, 0xba, 0xf6, 0x05, 0xba, 0xf0, 0xc4, 0xb9, 0xff, 0xc4, 0xb9, 0xff, 0xa3, 0xb9, 0xff, 0xa3, 0xb9, 0xff, 0xa3, 0xb9, 0xff, 0xa3, 0xb9, 0xff, 
    0xa3, 0xb9, 0xff, 0xa3, 0xb9, 0xfd, 0xa3, 0xb9, 0xfd, 0xa3, 0xb9, 0xfe, 0xa3, 0xb9, 0xfd, 0xa3, 0xb9, 0xfe, 0xa3, 0xb9, 0xfe, 0xa3, 0xb9, 0xfe, 
    0xa3, 0xb9, 0xfe, 0xa3, 0xb9, 0xfe, 0xa3, 0xb9, 0xff, 0xa3, 0xb9, 0xff, 0xa3, 0xb9, 0xfe, 0xa3, 0xb9, 0xff, 0xa3, 0xb9, 0xff, 0xa3, 0xb9, 0xff, 
    0xa3, 0xb9, 0xff, 0xa3, 0xb9, 0xff, 0xa3, 0xb9, 0xff, 0xa3, 0xb9, 0xff, 0xa3, 0xb9, 0xff, 0xa3, 0xb9, 0xff, 0xe4, 0xb9, 0xfd, 0xa7, 0xca, 0xf9, 
    0x09, 0xc3, 0xe8, 0x29, 0xbb, 0x96, 0x67, 0xa2, 0xe0, 0x67, 0x9a, 0xa5, 0x4a, 0xad, 0x03, 0x00, 0x78, 0x02, 0xaa, 0xaa, 0x03, 0x00, 0x00, 0x00, 
    0x00, 0x00, 0x00, 0x00, 0x00, 0x00, 0x00, 0x00, 0x00, 0x00, 0x00, 0x00, 0xe0, 0x7b, 0x02, 0x47, 0x92, 0x11, 0xe9, 0xba, 0x61, 0x05, 0xb2, 0xec, 
    0x83, 0xb1, 0xff, 0x83, 0xb1, 0xfe, 0xa3, 0xb9, 0xff, 0xa3, 0xb9, 0xff, 0xa3, 0xb9, 0xff, 0xa3, 0xb9, 0xff, 0xa3, 0xb9, 0xff, 0xa3, 0xb9, 0xfe, 
    0xc3, 0xb9, 0xff, 0x67, 0xc2, 0xe3, 0x0a, 0xc3, 0x72, 0x67, 0x9a, 0x0d, 0x00, 0x00, 0x00, 0x00, 0x00, 0x01, 0x00, 0x00, 0x00, 0x00, 0x00, 0x00, 
    0x00, 0x00, 0x00, 0x00, 0x00, 0x00, 0x00, 0x00, 0x00, 0x00, 0x00, 0x00, 0x00, 0x00, 0x00, 0x00, 0x00, 0x00, 0x00, 0x00, 0x00, 0x00, 0x00, 0x00, 
    0x00, 0x00, 0x00, 0x00, 0x00, 0x00, 0x00, 0x00, 0x00, 0x00, 0x00, 0x00, 0x00, 0x00, 0x00, 0x00, 0x00, 0x00, 0x00, 0x00, 0x00, 0x00, 0x00, 0x00, 
    0x00, 0x00, 0x00, 0x00, 0x00, 0x00, 0x00, 0x00, 0x00, 0x00, 0x00, 0x00, 0xff, 0xff, 0x01, 0xff, 0xff, 0x02, 0xff, 0xff, 0x04, 0xff, 0xff, 0x03, 
    0xff, 0xff, 0x02, 0x00, 0x00, 0x00, 0x00, 0x00, 0x00, 0x00, 0x00, 0x00, 0x00, 0x00, 0x00, 0x00, 0x00, 0x00, 0x00, 0x00, 0x00, 0x00, 0x00, 0x00, 
    0xff, 0xff, 0x02, 0xff, 0xff, 0x03, 0xff, 0xff, 0x04, 0xff, 0xff, 0x02, 0xff, 0xff, 0x01, 0x00, 0x00, 0x00, 0x00, 0x00, 0x00, 0x00, 0x00, 0x00, 
    0x00, 0x00, 0x00, 0x00, 0x00, 0x00, 0x00, 0x00, 0x00, 0x00, 0x00, 0x00, 0x00, 0x00, 0x00, 0x00, 0x00, 0x00, 0x00, 0x00, 0x00, 0x00, 0x00, 0x00, 
    0x00, 0x00, 0x00, 0x00, 0x00, 0x00, 0x00, 0x00, 0x00, 0x00, 0x00, 0x00, 0x00, 0x00, 0x00, 0x00, 0x00, 0x00, 0x00, 0x00, 0x00, 0x00, 0x00, 0x00, 
    0x00, 0x00, 0x00, 0x00, 0x00, 0x00, 0x00, 0x00, 0x00, 0x00, 0x00, 0x00, 0x00, 0x00, 0x00, 0x00, 0x00, 0x00, 0x00, 0x00, 0x00, 0x00, 0x00, 0x00, 
    0x00, 0x00, 0x00, 0x00, 0x00, 0x00, 0x00, 0x00, 0x00, 0x00, 0x00, 0x00, 0x00, 0x00, 0x00, 0xff, 0xff, 0x03, 0xff, 0xff, 0x04, 0xff, 0xff, 0x04, 
    0xff, 0xff, 0x04, 0xff, 0xff, 0x04, 0xff, 0xff, 0x04, 0xff, 0xff, 0x04, 0xff, 0xff, 0x04, 0xff, 0xff, 0x03, 0x00, 0x00, 0x00, 0x00, 0x00, 0x00, 
    0x00, 0x00, 0x00, 0x00, 0x00, 0x00, 0x00, 0x00, 0x00, 0x00, 0x00, 0x00, 0x00, 0x00, 0x00, 0x00, 0x00, 0x00, 0x00, 0x00, 0x00, 0x00, 0x00, 0x00, 
    0x00, 0x00, 0x00, 0x00, 0x00, 0x00, 0x00, 0x00, 0x00, 0x00, 0x00, 0x00, 0x00, 0x00, 0x00, 0x00, 0x00, 0x00, 0x00, 0x00, 0x00, 0x00, 0x00, 0x00, 
    0x00, 0x00, 0x00, 0x00, 0x00, 0x00, 0x00, 0x00, 0x00, 0x00, 0x00, 0x00, 0x00, 0x00, 0x00, 0x00, 0x00, 0x00, 0x00, 0x00, 0x00, 0x00, 0x00, 0x00, 
    0x00, 0x00, 0x00, 0x00, 0x00, 0x00, 0x00, 0x00, 0x00, 0x00, 0x00, 0x00, 0x00, 0x00, 0x00, 0x00, 0x00, 0x00, 0x00, 0x00, 0x00, 0x00, 0x00, 0x00, 
    0x00, 0x00, 0x00, 0x00, 0x00, 0x00, 0x00, 0x00, 0x00, 0xff, 0xff, 0x01, 0xff, 0xff, 0x03, 0xff, 0xff, 0x04, 0xff, 0xff, 0x03, 0xff, 0xff, 0x01, 
    0x00, 0x00, 0x00, 0x00, 0x00, 0x00, 0x00, 0x00, 0x00, 0x00, 0x00, 0x00, 0x00, 0x00, 0x00, 0x00, 0x00, 0x00, 0xff, 0xff, 0x01, 0xff, 0xff, 0x02, 
    0xff, 0xff, 0x04, 0xff, 0xff, 0x03, 0xff, 0xff, 0x02, 0x00, 0x00, 0x00, 0x00, 0x00, 0x00, 0x00, 0x00, 0x00, 0x00, 0x00, 0x00, 0x00, 0x00, 0x00, 
    0x00, 0x00, 0x00, 0x00, 0x00, 0x00, 0x00, 0x00, 0x00, 0x00, 0x00, 0x00, 0x00, 0x00, 0x00, 0x00, 0x00, 0x00, 0x00, 0x00, 0x00, 0x00, 0x00, 0x00, 
    0x00, 0x00, 0x00, 0x00, 0x00, 0x00, 0x00, 0x00, 0x00, 0x00, 0x00, 0x00, 0x00, 0x00, 0x00, 0x00, 0x00, 0x00, 0x00, 0x00, 0x00, 0x00, 0x00, 0x00, 
    0x00, 0x00, 0x00, 0x00, 0x00, 0x00, 0x00, 0x00, 0x00, 0x00, 0x00, 0x00, 0x00, 0x00, 0x00, 0x00, 0x00, 0x00, 0x00, 0x00, 0x00, 0x00, 0x00, 0x00, 
    0x00, 0x00, 0x00, 0x00, 0x00, 0x00, 0x00, 0x00, 0x00, 0xff, 0xff, 0x01, 0xff, 0xff, 0x03, 0xff, 0xff, 0x04, 0xff, 0xff, 0x02, 0xff, 0xff, 0x01, 
    0x00, 0x00, 0x00, 0x00, 0x00, 0x00, 0x00, 0x00, 0x00, 0x00, 0x00, 0x00, 0x00, 0x00, 0x00, 0x00, 0x00, 0x00, 0xff, 0xff, 0x01, 0xff, 0xff, 0x02, 
    0xff, 0xff, 0x04, 0xff, 0xff, 0x04, 0xff, 0xff, 0x02, 0xff, 0xff, 0x01, 0x00, 0x00, 0x00, 0x00, 0x00, 0x00, 0x00, 0x00, 0x00, 0x00, 0x00, 0x00, 
    0x00, 0x00, 0x00, 0x00, 0x00, 0x00, 0x00, 0x00, 0x00, 0x00, 0x00, 0x00, 0x00, 0x00, 0x00, 0x00, 0x00, 0x00, 0x00, 0x00, 0x00, 0x00, 0x00, 0x00, 
    0x00, 0x00, 0x00, 0x00, 0x00, 0x00, 0x00, 0x00, 0x00, 0x00, 0x00, 0x00, 0x00, 0x00, 0x00, 0x00, 0x00, 0x00, 0xff, 0xff, 0x02, 0xff, 0xff, 0x04, 
    0xff, 0xff, 0x04, 0xff, 0xff, 0x04, 0xff, 0xff, 0x04, 0xff, 0xff, 0x04, 0xb5, 0xd6, 0x06, 0xff, 0xff, 0x04, 0x47, 0x72, 0x4d, 0x26, 0x72, 0x42, 
    0x00, 0x00, 0x00, 0x00, 0x00, 0x01, 0xaa, 0x7a, 0x06, 0xea, 0xa2, 0x21, 0xe9, 0xa2, 0x20, 0xc9, 0xa2, 0x3b, 0x0a, 0xb3, 0x6c, 0x4a, 0xc3, 0xb6, 
    0x67, 0xba, 0xf4, 0xa3, 0xb1, 0xff, 0xa3, 0xb9, 0xfe, 0xa3, 0xb9, 0xff, 0xa3, 0xb9, 0xff, 0xa3, 0xb9, 0xff, 0xa3, 0xb9, 0xff, 0xa3, 0xb9, 0xff, 
    0xa3, 0xb9, 0xff, 0xa3, 0xb9, 0xff, 0xa3, 0xb9, 0xff, 0xa3, 0xb9, 0xff, 0xa3, 0xb9, 0xff, 0xa3, 0xb9, 0xff, 0xa3, 0xb9, 0xff, 0xa3, 0xb1, 0xff, 
    0xa3, 0xb1, 0xfe, 0xa3, 0xb9, 0xfd, 0xa3, 0xb9, 0xfc, 0x83, 0xb9, 0xfd, 0xa3, 0xb9, 0xfe, 0x83, 0xb9, 0xff, 0x83, 0xb9, 0xff, 0xa3, 0xb9, 0xff, 
    0xa3, 0xb9, 0xff, 0xa3, 0xb9, 0xff, 0xa3, 0xb9, 0xff, 0xc4, 0xb9, 0xff, 0xc4, 0xb1, 0xff, 0xc4, 0xb9, 0xff, 0xc3, 0xb9, 0xff, 0xa3, 0xb9, 0xff, 
    0xa3, 0xb9, 0xff, 0xa3, 0xb9, 0xff, 0xa3, 0xb9, 0xff, 0xa3, 0xb9, 0xff, 0xa3, 0xb9, 0xff, 0xa3, 0xb9, 0xff, 0xa3, 0xb9, 0xff, 0xc3, 0xb9, 0xfe, 
    0xa3, 0xb1, 0xff, 0x87, 0xba, 0xe5, 0xc9, 0xb2, 0xb1, 0xa8, 0xa2, 0x72, 0xe9, 0xa2, 0x30, 0x09, 0xb3, 0x66, 0x09, 0xb3, 0x94, 0xe9, 0xb2, 0x9a, 
    0xe9, 0xba, 0xd9, 0xe9, 0xca, 0xdb, 0x66, 0xc2, 0xf7, 0xa3, 0xb9, 0xff, 0xa3, 0xb9, 0xff, 0xa3, 0xb9, 0xff, 0xa3, 0xb9, 0xff, 0xa3, 0xb9, 0xff, 
    0xa3, 0xb9, 0xff, 0xa3, 0xb1, 0xff, 0x66, 0xc2, 0xf8, 0x09, 0xcb, 0xdd, 0xe4, 0xb1, 0xff, 0x26, 0xb2, 0xa8, 0x46, 0xaa, 0xa2, 0xa3, 0xb9, 0xff, 
    0xe5, 0xa9, 0xc0, 0x0b, 0xb3, 0x39, 0xc9, 0xa2, 0x82, 0xea, 0xaa, 0x4a, 0x0a, 0xbb, 0x64, 0x88, 0xb2, 0xbe, 0x26, 0xba, 0xf9, 0xc3, 0xb9, 0xff, 
    0xa3, 0xb9, 0xfd, 0xa3, 0xb9, 0xfd, 0xa3, 0xb9, 0xfe, 0xa3, 0xb9, 0xff, 0xa3, 0xb9, 0xff, 0xa3, 0xb9, 0xff, 0xa3, 0xb9, 0xff, 0xa3, 0xb9, 0xff, 
    0xa3, 0xb9, 0xff, 0xa3, 0xb9, 0xff, 0xa3, 0xb9, 0xff, 0x83, 0xb1, 0xff, 0x05, 0xb2, 0xfc, 0x09, 0xcb, 0xd3, 0xc8, 0xc2, 0xe2, 0xe4, 0xb9, 0xfd, 
    0xa3, 0xb9, 0xff, 0xa3, 0xb9, 0xff, 0xa3, 0xb9, 0xff, 0xa3, 0xb9, 0xff, 0xa3, 0xb9, 0xff, 0xa3, 0xb9, 0xff, 0xa3, 0xb9, 0xff, 0xa3, 0xb9, 0xfe, 
    0xc4, 0xb9, 0xff, 0xc8, 0xc2, 0xdc, 0x6c, 0xc3, 0x52, 0x0b, 0xb3, 0x70, 0x0a, 0xb3, 0x76, 0xc9, 0xb2, 0x6f, 0xa8, 0xba, 0xc7, 0xa8, 0xba, 0xd7, 
    0x26, 0xb2, 0xef, 0x46, 0xba, 0xe1, 0x26, 0xba, 0xe7, 0xe4, 0xb1, 0xfc, 0xe4, 0xb1, 0xff, 0xe4, 0xb9, 0xff, 0xc4, 0xb1, 0xff, 0xc4, 0xb9, 0xff, 
    0xa3, 0xb9, 0xff, 0xa3, 0xb9, 0xff, 0xa3, 0xb9, 0xff, 0xa3, 0xb9, 0xff, 0xa3, 0xb9, 0xff, 0x83, 0xb9, 0xff, 0x83, 0xb9, 0xfe, 0x83, 0xb9, 0xff, 
    0xa3, 0xb9, 0xff, 0x83, 0xb9, 0xfe, 0x83, 0xb9, 0xfe, 0x83, 0xb9, 0xff, 0x83, 0xb9, 0xff, 0xa3, 0xb9, 0xff, 0xa3, 0xb9, 0xff, 0xa3, 0xb9, 0xff, 
    0xc4, 0xb1, 0xfc, 0xc4, 0xb1, 0xfe, 0xc8, 0xca, 0xf7, 0x4a, 0xcb, 0xd6, 0x4a, 0xc3, 0xb5, 0x29, 0xb3, 0x91, 0x29, 0xab, 0x7a, 0xe9, 0xa2, 0x3c, 
    0xaa, 0xaa, 0x03, 0x00, 0x00, 0x00, 0x00, 0x00, 0x00, 0x00, 0x00, 0x00, 0x00, 0x00, 0x00, 0x00, 0x00, 0x00, 0x00, 0x00, 0x00, 0x00, 0xf8, 0x01, 
    0x00, 0x00, 0x01, 0x88, 0xa2, 0x23, 0xa8, 0xba, 0x8b, 0xe4, 0xb1, 0xfb, 0xa3, 0xb1, 0xff, 0xa3, 0xb1, 0xff, 0xa3, 0xb9, 0xff, 0xa3, 0xb9, 0xff, 
    0xa3, 0xb9, 0xff, 0xa3, 0xb9, 0xff, 0xa3, 0xb9, 0xff, 0xa3, 0xb9, 0xff, 0xe4, 0xb9, 0xfa, 0xe9, 0xca, 0xcd, 0xc9, 0xb2, 0x5c, 0xaa, 0xaa, 0x03, 
    0x00, 0xf8, 0x01, 0x00, 0x00, 0x00, 0x00, 0x00, 0x00, 0x00, 0x00, 0x00, 0x00, 0x00, 0x00, 0x00, 0x00, 0x00, 0x00, 0x00, 0x00, 0x00, 0x00, 0x00, 
    0x00, 0x00, 0x00, 0x00, 0x00, 0x00, 0x00, 0x00, 0x00, 0x00, 0x00, 0x00, 0x00, 0x00, 0x00, 0x00, 0x00, 0x00, 0x00, 0x00, 0x00, 0x00, 0x00, 0x00, 
    0x00, 0x00, 0x00, 0x00, 0x00, 0x00, 0x00, 0x00, 0x00, 0x00, 0x00, 0x00, 0x00, 0x00, 0x00, 0x00, 0x00, 0x00, 0xff, 0xff, 0x02, 0xff, 0xff, 0x04, 
    0x00, 0x00, 0x00, 0x00, 0x00, 0x00, 0x00, 0x00, 0x00, 0x00, 0x00, 0x00, 0x00, 0x00, 0x00, 0x00, 0x00, 0x00, 0xff, 0xff, 0x06, 0xff, 0xff, 0x0f, 
    0xff, 0xff, 0x12, 0xff, 0xff, 0x0e, 0xff, 0xff, 0x07, 0x00, 0x00, 0x00, 0x00, 0x00, 0x00, 0x00, 0x00, 0x00, 0x00, 0x00, 0x00, 0x00, 0x00, 0x00, 
    0x00, 0x00, 0x00, 0xff, 0xff, 0x03, 0xff, 0xff, 0x03, 0x00, 0x00, 0x00, 0x00, 0x00, 0x00, 0x00, 0x00, 0x00, 0x00, 0x00, 0x00, 0x00, 0x00, 0x00, 
    0x00, 0x00, 0x00, 0x00, 0x00, 0x00, 0x00, 0x00, 0x00, 0x00, 0x00, 0x00, 0x00, 0x00, 0x00, 0x00, 0x00, 0x00, 0x00, 0x00, 0x00, 0x00, 0x00, 0x00, 
    0x00, 0x00, 0x00, 0x00, 0x00, 0x00, 0x00, 0x00, 0x00, 0x00, 0x00, 0x00, 0x00, 0x00, 0x00, 0x00, 0x00, 0x00, 0x00, 0x00, 0x00, 0x00, 0x00, 0x00, 
    0x00, 0x00, 0x00, 0x00, 0x00, 0x00, 0x00, 0x00, 0x00, 0x00, 0x00, 0x00, 0x00, 0x00, 0x00, 0x00, 0x00, 0x00, 0x00, 0x00, 0x00, 0x00, 0x00, 0x00, 
    0xff, 0xff, 0x01, 0x00, 0x00, 0x00, 0x00, 0x00, 0x00, 0x00, 0x00, 0x00, 0x00, 0x00, 0x00, 0x00, 0x00, 0x00, 0x00, 0x00, 0x00, 0x00, 0x00, 0x00, 
    0x00, 0x00, 0x00, 0x00, 0x00, 0x00, 0xff, 0xff, 0x01, 0x00, 0x00, 0x00, 0x00, 0x00, 0x00, 0x00, 0x00, 0x00, 0x00, 0x00, 0x00, 0x00, 0x00, 0x00, 
    0x00, 0x00, 0x00, 0x00, 0x00, 0x00, 0x00, 0x00, 0x00, 0x00, 0x00, 0x00, 0x00, 0x00, 0x00, 0x00, 0x00, 0x00, 0x00, 0x00, 0x00, 0x00, 0x00, 0x00, 
    0x00, 0x00, 0x00, 0x00, 0x00, 0x00, 0x00, 0x00, 0x00, 0x00, 0x00, 0x00, 0x00, 0x00, 0x00, 0x00, 0x00, 0x00, 0x00, 0x00, 0x00, 0x00, 0x00, 0x00, 
    0x00, 0x00, 0x00, 0x00, 0x00, 0x00, 0x00, 0x00, 0x00, 0x00, 0x00, 0x00, 0x00, 0x00, 0x00, 0x00, 0x00, 0x00, 0x00, 0x00, 0x00, 0x00, 0x00, 0x00, 
    0x00, 0x00, 0x00, 0x00, 0x00, 0x00, 0x00, 0x00, 0x00, 0x00, 0x00, 0x00, 0xff, 0xff, 0x01, 0xff, 0xff, 0x03, 0xff, 0xff, 0x02, 0x00, 0x00, 0x00, 
    0x00, 0x00, 0x00, 0x00, 0x00, 0x00, 0x00, 0x00, 0x00, 0x00, 0x00, 0x00, 0xff, 0xff, 0x03, 0xff, 0xff, 0x0c, 0xff, 0xff, 0x12, 0xff, 0xff, 0x14, 
    0xff, 0xff, 0x09, 0xff, 0xff, 0x02, 0x00, 0x00, 0x00, 0x00, 0x00, 0x00, 0x00, 0x00, 0x00, 0x00, 0x00, 0x00, 0x00, 0x00, 0x00, 0xff, 0xff, 0x01, 
    0xff, 0xff, 0x03, 0xff, 0xff, 0x01, 0x00, 0x00, 0x00, 0x00, 0x00, 0x00, 0x00, 0x00, 0x00, 0x00, 0x00, 0x00, 0x00, 0x00, 0x00, 0x00, 0x00, 0x00, 
    0x00, 0x00, 0x00, 0x00, 0x00, 0x00, 0x00, 0x00, 0x00, 0x00, 0x00, 0x00, 0x00, 0x00, 0x00, 0x00, 0x00, 0x00, 0x00, 0x00, 0x00, 0x00, 0x00, 0x00, 
    0x00, 0x00, 0x00, 0x00, 0x00, 0x00, 0x00, 0x00, 0x00, 0x00, 0x00, 0x00, 0x00, 0x00, 0x00, 0x00, 0x00, 0x00, 0x00, 0x00, 0x00, 0x00, 0x00, 0x00, 
    0x00, 0x00, 0x00, 0x00, 0x00, 0x00, 0x00, 0x00, 0x00, 0x00, 0x00, 0x00, 0xff, 0xff, 0x01, 0xff, 0xff, 0x03, 0xff, 0xff, 0x03, 0x00, 0x00, 0x00, 
    0x00, 0x00, 0x00, 0x00, 0x00, 0x00, 0x00, 0x00, 0x00, 0x00, 0x00, 0x00, 0xff, 0xff, 0x02, 0xff, 0xff, 0x0e, 0xff, 0xff, 0x13, 0xff, 0xff, 0x14, 
    0xff, 0xff, 0x0e, 0xff, 0xff, 0x01, 0x00, 0x00, 0x00, 0x00, 0x00, 0x00, 0x00, 0x00, 0x00, 0x00, 0x00, 0x00, 0x00, 0x00, 0x00, 0x00, 0x00, 0x00, 
    0xff, 0xff, 0x04, 0xff, 0xff, 0x02, 0x00, 0x00, 0x00, 0x00, 0x00, 0x00, 0x00, 0x00, 0x00, 0x00, 0x00, 0x00, 0x00, 0x00, 0x00, 0x00, 0x00, 0x00, 
    0x00, 0x00, 0x00, 0x00, 0x00, 0x00, 0x00, 0x00, 0x00, 0x00, 0x00, 0x00, 0x00, 0x00, 0x00, 0x00, 0x00, 0x00, 0x00, 0x00, 0x00, 0x00, 0x00, 0x00, 
    0x00, 0x00, 0x00, 0x00, 0x00, 0x00, 0x00, 0x00, 0x00, 0x00, 0x00, 0x00, 0x00, 0x00, 0x00, 0x00, 0x00, 0x00, 0x00, 0x00, 0x00, 0x00, 0x00, 0x00, 
    0x00, 0x00, 0x00, 0x00, 0x00, 0x00, 0x00, 0x30, 0x20, 0x27, 0x72, 0x2d, 0x00, 0x00, 0x00, 0xa0, 0x52, 0x03, 0x2a, 0xab, 0x0f, 0xe9, 0xa2, 0x41, 
    0x0a, 0xb3, 0x44, 0x0a, 0xbb, 0x76, 0x09, 0xc3, 0xcb, 0x67, 0xba, 0xec, 0x83, 0xb1, 0xff, 0x83, 0xb1, 0xfe, 0xa4, 0xb9, 0xff, 0xa3, 0xb9, 0xff, 
    0xa3, 0xb9, 0xff, 0xa3, 0xb9, 0xff, 0xa3, 0xb9, 0xff, 0xa3, 0xb9, 0xff, 0xa3, 0xb9, 0xff, 0xa3, 0xb9, 0xff, 0xa3, 0xb9, 0xff, 0xa3, 0xb9, 0xff, 
    0xa3, 0xb9, 0xff, 0xa3, 0xb9, 0xff, 0xa3, 0xb9, 0xff, 0x62, 0xb1, 0xff, 0x62, 0xb1, 0xff, 0xa3, 0xb9, 0xff, 0x83, 0xb1, 0xff, 0x83, 0xb1, 0xff, 
    0xa3, 0xa9, 0xff, 0xc4, 0xa9, 0xff, 0xe5, 0xa9, 0xf4, 0xe5, 0xa9, 0xe1, 0xe5, 0xa9, 0xd2, 0x05, 0xb2, 0xcd, 0x47, 0xba, 0xcd, 0x67, 0xba, 0xb1, 
    0x87, 0xba, 0xb7, 0xa7, 0xba, 0xb8, 0xa7, 0xc2, 0xe2, 0x46, 0xc2, 0xfc, 0xc4, 0xb9, 0xff, 0xa3, 0xb9, 0xff, 0xa3, 0xb9, 0xff, 0xa3, 0xb9, 0xff, 
    0xc3, 0xb9, 0xff, 0xa3, 0xb9, 0xff, 0xa3, 0xb9, 0xff, 0xa3, 0xb9, 0xfe, 0xc4, 0xb9, 0xff, 0x46, 0xba, 0xee, 0x4b, 0xc3, 0x4f, 0x0a, 0xab, 0x5c, 
    0xe9, 0xa2, 0x55, 0xe9, 0xa2, 0x7a, 0xc8, 0xaa, 0x73, 0xe9, 0xb2, 0x3e, 0xe9, 0xb2, 0xa5, 0xc8, 0xc2, 0xe1, 0x05, 0xba, 0xfd, 0xa3, 0xb9, 0xff, 
    0xa3, 0xb9, 0xff, 0xa3, 0xb9, 0xff, 0xa3, 0xb9, 0xff, 0xa3, 0xb9, 0xff, 0xa3, 0xb9, 0xff, 0xa3, 0xb1, 0xff, 0x66, 0xc2, 0xfd, 0x29, 0xd3, 0xce, 
    0xe5, 0xb9, 0xfe, 0x26, 0xb2, 0xbd, 0x46, 0xaa, 0xac, 0xc3, 0xb9, 0xff, 0xe5, 0xa1, 0xc1, 0x6b, 0xab, 0x20, 0x89, 0xa2, 0x26, 0x68, 0x9a, 0x1d, 
    0x68, 0xa2, 0x1e, 0xaa, 0xaa, 0x2c, 0x0a, 0xbb, 0x67, 0x46, 0xb2, 0xd4, 0xe4, 0xb9, 0xff, 0xa3, 0xb9, 0xff, 0xa3, 0xb9, 0xff, 0xa3, 0xb9, 0xfe, 
    0xa3, 0xb1, 0xff, 0xa3, 0xb9, 0xff, 0xc3, 0xb9, 0xff, 0xa3, 0xb9, 0xff, 0xc4, 0xb9, 0xff, 0xa3, 0xb9, 0xff, 0xa3, 0xb9, 0xff, 0xa3, 0xb9, 0xfe, 
    0xa3, 0xb1, 0xff, 0x87, 0xc2, 0xe5, 0xe8, 0xca, 0xd9, 0xe4, 0xb9, 0xfe, 0xa3, 0xb9, 0xff, 0xa3, 0xb9, 0xff, 0xa3, 0xb9, 0xff, 0xa3, 0xb9, 0xff, 
    0xa3, 0xb9, 0xff, 0xa3, 0xb9, 0xff, 0xa3, 0xb9, 0xff, 0xa3, 0xb9, 0xfe, 0xa3, 0xb9, 0xff, 0x46, 0xb2, 0xf0, 0xe9, 0xb2, 0x80, 0x88, 0x92, 0x56, 
    0x8a, 0x9a, 0x19, 0xc9, 0xa2, 0x30, 0xea, 0xaa, 0x2f, 0x0a, 0xb3, 0x43, 0x0a, 0xb3, 0x54, 0x2b, 0xbb, 0x49, 0x0a, 0xbb, 0x62, 0xc9, 0xb2, 0x79, 
    0xc8, 0xba, 0x85, 0x67, 0xb2, 0xa4, 0x87, 0xb2, 0xa1, 0xa8, 0xba, 0xb0, 0x26, 0xb2, 0xdc, 0x05, 0xb2, 0xea, 0xe5, 0xb1, 0xec, 0xe5, 0xb1, 0xf6, 
    0x05, 0xb2, 0xe9, 0x04, 0xb2, 0xfa, 0x05, 0xba, 0xff, 0x05, 0xb2, 0xfb, 0x26, 0xba, 0xf5, 0x04, 0xba, 0xff, 0xe4, 0xb9, 0xff, 0x04, 0xba, 0xff, 
    0x25, 0xc2, 0xf5, 0x04, 0xba, 0xf7, 0xa3, 0xb1, 0xfe, 0x46, 0xba, 0xf8, 0x09, 0xc3, 0xdf, 0x09, 0xc3, 0xdb, 0x2a, 0xc3, 0xce, 0x09, 0xb3, 0x95, 
    0xe9, 0xaa, 0xac, 0xe9, 0xa2, 0x86, 0xe9, 0x9a, 0x74, 0xa8, 0x92, 0x45, 0xe7, 0x79, 0x04, 0x00, 0x00, 0x00, 0x00, 0x00, 0x00, 0x00, 0x00, 0x00, 
    0x00, 0x00, 0x00, 0x00, 0x00, 0x00, 0x00, 0x00, 0x00, 0x00, 0x00, 0x00, 0xe0, 0x7b, 0x02, 0x0a, 0xbb, 0x24, 0x46, 0xb2, 0xb2, 0xa3, 0xb1, 0xff, 
    0x83, 0xb9, 0xfd, 0xa3, 0xb9, 0xff, 0xa3, 0xb9, 0xff, 0xa3, 0xb9, 0xff, 0xa3, 0xb9, 0xff, 0xa3, 0xb1, 0xff, 0x83, 0xb1, 0xfe, 0xa3, 0xb9, 0xff, 
    0x25, 0xb2, 0xfa, 0x0a, 0xc3, 0x81, 0xaa, 0xb2, 0x15, 0x00, 0x00, 0x01, 0x00, 0x00, 0x00, 0x00, 0x00, 0x00, 0x00, 0x00, 0x00, 0x00, 0x00, 0x00, 
    0x00, 0x00, 0x00, 0x00, 0x00, 0x00, 0x00, 0x00, 0x00, 0x00, 0x00, 0x00, 0x00, 0x00, 0x00, 0x00, 0x00, 0x00, 0x00, 0x00, 0x00, 0x00, 0x00, 0x00, 
    0x00, 0x00, 0x00, 0x00, 0x00, 0x00, 0x00, 0x00, 0x00, 0x00, 0x00, 0x00, 0x00, 0x00, 0x00, 0x00, 0x00, 0x00, 0x00, 0x00, 0x00, 0x00, 0x00, 0x00, 
    0xff, 0xff, 0x02, 0xff, 0xff, 0x02, 0x00, 0x00, 0x00, 0x00, 0x00, 0x00, 0xff, 0xff, 0x02, 0xff, 0xff, 0x2e, 0xff, 0xff, 0x62, 0xff, 0xff, 0x8e, 
    0xff, 0xff, 0xb9, 0xff, 0xff, 0xd1, 0xff, 0xff, 0xde, 0xff, 0xff, 0xe4, 0xff, 0xff, 0xe7, 0xff, 0xff, 0xe4, 0xff, 0xff, 0xdf, 0xff, 0xff, 0xce, 
    0xff, 0xff, 0xb7, 0xff, 0xff, 0x98, 0xff, 0xff, 0x67, 0xff, 0xff, 0x37, 0xff, 0xff, 0x0e, 0x00, 0x00, 0x00, 0x00, 0x00, 0x00, 0xff, 0xff, 0x01, 
    0xff, 0xff, 0x03, 0x00, 0x00, 0x00, 0x00, 0x00, 0x00, 0x00, 0x00, 0x00, 0x00, 0x00, 0x00, 0x00, 0x00, 0x00, 0x00, 0x00, 0x00, 0x00, 0x00, 0x00, 
    0x00, 0x00, 0x00, 0x00, 0x00, 0x00, 0x00, 0x00, 0x00, 0x00, 0x00, 0x00, 0x00, 0x00, 0x00, 0x00, 0x00, 0x00, 0x00, 0x00, 0x00, 0x00, 0x00, 0x00, 
    0x00, 0x00, 0x00, 0x00, 0x00, 0x00, 0x00, 0x00, 0x00, 0x00, 0x00, 0x00, 0x00, 0x00, 0x00, 0x00, 0x00, 0x00, 0x00, 0x00, 0x00, 0x00, 0x00, 0x00, 
    0x00, 0x00, 0x00, 0x00, 0x00, 0x00, 0x00, 0x00, 0x00, 0xff, 0xff, 0x01, 0x00, 0x00, 0x00, 0xff, 0xff, 0x45, 0xff, 0xff, 0x69, 0xff, 0xff, 0x62, 
    0xff, 0xff, 0x60, 0xff, 0xff, 0x5e, 0xff, 0xff, 0x5e, 0xff, 0xff, 0x5d, 0xff, 0xff, 0x62, 0xff, 0xff, 0x40, 0x00, 0x00, 0x00, 0x00, 0x00, 0x00, 
    0x00, 0x00, 0x00, 0x00, 0x00, 0x00, 0x00, 0x00, 0x00, 0x00, 0x00, 0x00, 0x00, 0x00, 0x00, 0x00, 0x00, 0x00, 0x00, 0x00, 0x00, 0x00, 0x00, 0x00, 
    0x00, 0x00, 0x00, 0x00, 0x00, 0x00, 0x00, 0x00, 0x00, 0x00, 0x00, 0x00, 0x00, 0x00, 0x00, 0x00, 0x00, 0x00, 0x00, 0x00, 0x00, 0x00, 0x00, 0x00, 
    0x00, 0x00, 0x00, 0x00, 0x00, 0x00, 0x00, 0x00, 0x00, 0x00, 0x00, 0x00, 0x00, 0x00, 0x00, 0x00, 0x00, 0x00, 0x00, 0x00, 0x00, 0x00, 0x00, 0x00, 
    0x00, 0x00, 0x00, 0x00, 0x00, 0x00, 0x00, 0x00, 0x00, 0x00, 0x00, 0x00, 0x00, 0x00, 0x00, 0x00, 0x00, 0x00, 0xff, 0xff, 0x01, 0xff, 0xff, 0x03, 
    0x00, 0x00, 0x00, 0x00, 0x00, 0x00, 0x00, 0x00, 0x00, 0xff, 0xff, 0x14, 0xff, 0xff, 0x42, 0xff, 0xff, 0x76, 0xff, 0xff, 0x9e, 0xff, 0xff, 0xc5, 
    0xff, 0xff, 0xd9, 0xff, 0xff, 0xe3, 0xff, 0xff, 0xe7, 0xff, 0xff, 0xe8, 0xff, 0xff, 0xe0, 0xff, 0xff, 0xd8, 0xff, 0xff, 0xc5, 0xff, 0xff, 0xa5, 
    0xff, 0xff, 0x79, 0xff, 0xff, 0x4e, 0xff, 0xff, 0x23, 0x00, 0x00, 0x00, 0x00, 0x00, 0x00, 0x00, 0x00, 0x00, 0xff, 0xff, 0x03, 0xff, 0xff, 0x01, 
    0x00, 0x00, 0x00, 0x00, 0x00, 0x00, 0x00, 0x00, 0x00, 0x00, 0x00, 0x00, 0x00, 0x00, 0x00, 0x00, 0x00, 0x00, 0x00, 0x00, 0x00, 0x00, 0x00, 0x00, 
    0x00, 0x00, 0x00, 0x00, 0x00, 0x00, 0x00, 0x00, 0x00, 0x00, 0x00, 0x00, 0x00, 0x00, 0x00, 0x00, 0x00, 0x00, 0x00, 0x00, 0x00, 0x00, 0x00, 0x00, 
    0x00, 0x00, 0x00, 0x00, 0x00, 0x00, 0x00, 0x00, 0x00, 0x00, 0x00, 0x00, 0x00, 0x00, 0x00, 0x00, 0x00, 0x00, 0x00, 0x00, 0x00, 0xff, 0xff, 0x03, 
    0x00, 0x00, 0x00, 0x00, 0x00, 0x00, 0x00, 0x00, 0x00, 0xff, 0xff, 0x10, 0xff, 0xff, 0x47, 0xff, 0xff, 0x72, 0xff, 0xff, 0xa0, 0xff, 0xff, 0xc4, 
    0xff, 0xff, 0xda, 0xff, 0xff, 0xe4, 0xff, 0xff, 0xe7, 0xff, 0xff, 0xe8, 0xff, 0xff, 0xe3, 0xff, 0xff, 0xd8, 0xff, 0xff, 0xca, 0xff, 0xff, 0xaa, 
    0xff, 0xff, 0x80, 0xff, 0xff, 0x58, 0xff, 0xff, 0x23, 0xff, 0xff, 0x05, 0x00, 0x00, 0x00, 0x00, 0x00, 0x00, 0xff, 0xff, 0x03, 0xff, 0xff, 0x02, 
    0x00, 0x00, 0x00, 0x00, 0x00, 0x00, 0x00, 0x00, 0x00, 0x00, 0x00, 0x00, 0x00, 0x00, 0x00, 0x00, 0x00, 0x00, 0x00, 0x00, 0x00, 0x00, 0x00, 0x00, 
    0x00, 0x00, 0x00, 0x00, 0x00, 0x00, 0x00, 0x00, 0x00, 0x00, 0x00, 0x00, 0xff, 0xff, 0x02, 0x00, 0x00, 0x00, 0xff, 0xff, 0x40, 0xff, 0xff, 0x78, 
    0xff, 0xff, 0x77, 0xff, 0xff, 0x7a, 0xff, 0xff, 0x79, 0xff, 0xff, 0x7a, 0xff, 0xff, 0x78, 0xdf, 0xff, 0x7a, 0xdf, 0xff, 0x41, 0x00, 0x00, 0x00, 
    0x92, 0xb4, 0x07, 0xcb, 0xa2, 0x14, 0x0a, 0xab, 0x37, 0x2b, 0xb3, 0x65, 0x0a, 0xc3, 0x94, 0x87, 0xba, 0xde, 0x05, 0xba, 0xff, 0x83, 0xb1, 0xff, 
    0xa3, 0xb1, 0xff, 0xa3, 0xb9, 0xff, 0xa3, 0xb9, 0xff, 0xa3, 0xb9, 0xff, 0xa3, 0xb9, 0xff, 0xa3, 0xb9, 0xff, 0xa3, 0xb9, 0xff, 0xa3, 0xb9, 0xff, 
    0xa3, 0xb9, 0xff, 0xa3, 0xb9, 0xff, 0xa3, 0xb9, 0xff, 0xa3, 0xb9, 0xff, 0xa3, 0xb9, 0xff, 0xa3, 0xb9, 0xff, 0xc4, 0xb9, 0xff, 0x25, 0xba, 0xfe, 
    0x46, 0xba, 0xe6, 0x66, 0xb2, 0xb7, 0x67, 0xb2, 0xab, 0xc8, 0xba, 0xb3, 0xc8, 0xba, 0x73, 0xc8, 0xb2, 0x62, 0xe9, 0xb2, 0x47, 0xe9, 0xaa, 0x2f, 
    0x4b, 0xbb, 0x13, 0x4b, 0xbb, 0x18, 0x0a, 0xab, 0x2c, 0x6a, 0xb3, 0x23, 0x2b, 0xbb, 0x28, 0xe9, 0xb2, 0x53, 0xe9, 0xba, 0x78, 0x4a, 0xcb, 0xc7, 
    0xc8, 0xca, 0xf3, 0xc4, 0xb9, 0xff, 0xa3, 0xb9, 0xff, 0xa3, 0xb9, 0xff, 0xa4, 0xb9, 0xff, 0xa3, 0xb9, 0xff, 0xa3, 0xb9, 0xff, 0xa3, 0xb9, 0xfe, 
    0x83, 0xb1, 0xff, 0x46, 0xba, 0xf2, 0x4b, 0xc3, 0x73, 0xa8, 0xa2, 0x4b, 0xc9, 0xa2, 0x57, 0xe9, 0xaa, 0x28, 0x26, 0x92, 0xc3, 0x67, 0x9a, 0x54, 
    0x2a, 0xbb, 0x84, 0x09, 0xcb, 0xc7, 0x46, 0xc2, 0xfb, 0xa3, 0xb1, 0xff, 0xa3, 0xb9, 0xff, 0xa3, 0xb9, 0xff, 0xa3, 0xb9, 0xff, 0xa3, 0xb9, 0xff, 
    0xa3, 0xb9, 0xff, 0x83, 0xb1, 0xff, 0xe4, 0xb1, 0xfe, 0xa7, 0xc2, 0xeb, 0x05, 0xba, 0xff, 0x46, 0xb2, 0xc1, 0x46, 0xaa, 0xa7, 0xc4, 0xb9, 0xff, 
    0xe5, 0xa1, 0x98, 0x00, 0x00, 0x00, 0x45, 0xa9, 0x06, 0xe7, 0x79, 0x04, 0xaa, 0xaa, 0x0c, 0xc7, 0xa9, 0x09, 0x00, 0x00, 0x01, 0xa9, 0xb2, 0x3f, 
    0xa8, 0xba, 0xb0, 0x46, 0xba, 0xcd, 0x46, 0xba, 0xee, 0xc4, 0xb9, 0xff, 0xa3, 0xb9, 0xfe, 0xa3, 0xb9, 0xff, 0xa3, 0xb9, 0xff, 0xc3, 0xb9, 0xff, 
    0xc4, 0xb9, 0xff, 0xc3, 0xb9, 0xff, 0xa3, 0xb9, 0xff, 0xa3, 0xb9, 0xff, 0x83, 0xb1, 0xff, 0x05, 0xba, 0xfc, 0x09, 0xd3, 0xd7, 0x25, 0xba, 0xee, 
    0xa3, 0xb9, 0xff, 0xa3, 0xb9, 0xfe, 0xa3, 0xb9, 0xff, 0xa3, 0xb9, 0xff, 0xa3, 0xb9, 0xff, 0xa3, 0xb9, 0xff, 0xa3, 0xb9, 0xff, 0xa3, 0xb9, 0xfe, 
    0xa3, 0xb9, 0xff, 0x66, 0xba, 0xf0, 0x2a, 0xbb, 0x77, 0x08, 0x92, 0x13, 0x00, 0x00, 0x00, 0xa7, 0xaa, 0x0c, 0x00, 0x78, 0x02, 0xe7, 0xa9, 0x0c, 
    0x69, 0x9a, 0x0a, 0x00, 0x00, 0x00, 0x86, 0x79, 0x0a, 0xa8, 0xaa, 0x0f, 0x69, 0x9a, 0x0a, 0xe9, 0xaa, 0x10, 0xcb, 0xb2, 0x19, 0xca, 0xb2, 0x2a, 
    0xea, 0xb2, 0x3a, 0xea, 0xb2, 0x42, 0xc9, 0xb2, 0x53, 0xa9, 0xaa, 0x4a, 0x0a, 0xb3, 0x52, 0xe9, 0xb2, 0x65, 0x2a, 0xc3, 0xa2, 0x2a, 0xc3, 0xa8, 
    0x2a, 0xc3, 0xa5, 0x2a, 0xc3, 0xc5, 0x29, 0xc3, 0xbd, 0x66, 0xb2, 0xf0, 0x25, 0xba, 0xf5, 0xc8, 0xc2, 0xe3, 0x66, 0xba, 0xff, 0xc8, 0xba, 0xd8, 
    0x2a, 0xbb, 0x9c, 0xe9, 0xb2, 0x95, 0x2a, 0xb3, 0x87, 0xe9, 0xa2, 0x67, 0xc9, 0x9a, 0x46, 0xc9, 0x9a, 0x54, 0xa8, 0x92, 0x36, 0xef, 0xfb, 0x02, 
    0x00, 0x00, 0x01, 0x00, 0x00, 0x00, 0x00, 0x00, 0x00, 0x00, 0x00, 0x00, 0x00, 0x00, 0x00, 0x00, 0x00, 0x00, 0x00, 0x00, 0x00, 0x00, 0x00, 0x00, 
    0xaa, 0xaa, 0x03, 0xa9, 0xb2, 0x4c, 0x05, 0xb2, 0xde, 0xa3, 0xb9, 0xff, 0xa3, 0xb9, 0xfe, 0xa3, 0xb9, 0xff, 0xa3, 0xb9, 0xff, 0xa3, 0xb9, 0xff, 
    0xa3, 0xb9, 0xff, 0xa3, 0xb9, 0xff, 0x83, 0xb1, 0xfd, 0xe4, 0xb9, 0xff, 0xa8, 0xba, 0xb5, 0xea, 0xb2, 0x3f, 0x49, 0xa2, 0x0e, 0x00, 0x00, 0x00, 
    0x00, 0x00, 0x00, 0x00, 0x00, 0x00, 0x00, 0x00, 0x00, 0x00, 0x00, 0x00, 0x00, 0x00, 0x00, 0x00, 0x00, 0x00, 0x00, 0x00, 0x00, 0x00, 0x00, 0x00, 
    0x00, 0x00, 0x00, 0x00, 0x00, 0x00, 0x00, 0x00, 0x00, 0x00, 0x00, 0x00, 0x00, 0x00, 0x00, 0x00, 0x00, 0x00, 0x00, 0x00, 0x00, 0x00, 0x00, 0x00, 
    0x00, 0x00, 0x00, 0x00, 0x00, 0x00, 0xff, 0xff, 0x02, 0xff, 0xff, 0x03, 0x00, 0x00, 0x00, 0x00, 0x00, 0x00, 0xff, 0xff, 0x23, 0xff, 0xff, 0x7c, 
    0xff, 0xff, 0xcb, 0xff, 0xff, 0xfb, 0xff, 0xff, 0xff, 0xff, 0xff, 0xff, 0xff, 0xff, 0xff, 0xff, 0xff, 0xff, 0xff, 0xff, 0xff, 0xff, 0xff, 0xff, 
    0xff, 0xff, 0xff, 0xff, 0xff, 0xff, 0xff, 0xff, 0xff, 0xff, 0xff, 0xff, 0xff, 0xff, 0xff, 0xff, 0xff, 0xff, 0xff, 0xff, 0xff, 0xff, 0xff, 0xff, 
    0xff, 0xff, 0xe2, 0xff, 0xff, 0x96, 0xff, 0xff, 0x3d, 0x00, 0x00, 0x00, 0x00, 0x00, 0x00, 0xff, 0xff, 0x02, 0xff, 0xff, 0x02, 0x00, 0x00, 0x00, 
    0x00, 0x00, 0x00, 0x00, 0x00, 0x00, 0x00, 0x00, 0x00, 0x00, 0x00, 0x00, 0x00, 0x00, 0x00, 0x00, 0x00, 0x00, 0x00, 0x00, 0x00, 0x00, 0x00, 0x00, 
    0x00, 0x00, 0x00, 0x00, 0x00, 0x00, 0x00, 0x00, 0x00, 0x00, 0x00, 0x00, 0x00, 0x00, 0x00, 0x00, 0x00, 0x00, 0x00, 0x00, 0x00, 0x00, 0x00, 0x00, 
    0x00, 0x00, 0x00, 0x00, 0x00, 0x00, 0x00, 0x00, 0x00, 0x00, 0x00, 0x00, 0x00, 0x00, 0x00, 0x00, 0x00, 0x00, 0xff, 0xff, 0x02, 0xff, 0xff, 0x01, 
    0xff, 0xff, 0x24, 0xff, 0xff, 0xf9, 0xff, 0xff, 0xff, 0xff, 0xff, 0xff, 0xff, 0xff, 0xff, 0xff, 0xff, 0xff, 0xff, 0xff, 0xff, 0xff, 0xff, 0xff, 
    0xff, 0xff, 0xff, 0xff, 0xff, 0xf2, 0xff, 0xff, 0x19, 0xff, 0xff, 0x01, 0xff, 0xff, 0x02, 0x00, 0x00, 0x00, 0x00, 0x00, 0x00, 0x00, 0x00, 0x00, 
    0x00, 0x00, 0x00, 0x00, 0x00, 0x00, 0x00, 0x00, 0x00, 0x00, 0x00, 0x00, 0x00, 0x00, 0x00, 0x00, 0x00, 0x00, 0x00, 0x00, 0x00, 0x00, 0x00, 0x00, 
    0x00, 0x00, 0x00, 0x00, 0x00, 0x00, 0x00, 0x00, 0x00, 0x00, 0x00, 0x00, 0x00, 0x00, 0x00, 0x00, 0x00, 0x00, 0x00, 0x00, 0x00, 0x00, 0x00, 0x00, 
    0x00, 0x00, 0x00, 0x00, 0x00, 0x00, 0x00, 0x00, 0x00, 0x00, 0x00, 0x00, 0x00, 0x00, 0x00, 0x00, 0x00, 0x00, 0x00, 0x00, 0x00, 0x00, 0x00, 0x00, 
    0x00, 0x00, 0x00, 0xff, 0xff, 0x03, 0x00, 0x00, 0x00, 0x00, 0x00, 0x00, 0xff, 0xff, 0x07, 0xff, 0xff, 0x4e, 0xff, 0xff, 0xa7, 0xff, 0xff, 0xec, 
    0xff, 0xff, 0xff, 0xff, 0xff, 0xff, 0xff, 0xff, 0xff, 0xff, 0xff, 0xff, 0xff, 0xff, 0xff, 0xff, 0xff, 0xff, 0xff, 0xff, 0xff, 0xff, 0xff, 0xff, 
    0xff, 0xff, 0xff, 0xff, 0xff, 0xff, 0xff, 0xff, 0xff, 0xff, 0xff, 0xff, 0xff, 0xff, 0xff, 0xff, 0xff, 0xff, 0xff, 0xff, 0xf7, 0xff, 0xff, 0xbb, 
    0xff, 0xff, 0x66, 0xff, 0xff, 0x14, 0x00, 0x00, 0x00, 0x00, 0x00, 0x00, 0xff, 0xff, 0x03, 0x00, 0x00, 0x00, 0x00, 0x00, 0x00, 0x00, 0x00, 0x00, 
    0x00, 0x00, 0x00, 0x00, 0x00, 0x00, 0x00, 0x00, 0x00, 0x00, 0x00, 0x00, 0x00, 0x00, 0x00, 0x00, 0x00, 0x00, 0x00, 0x00, 0x00, 0x00, 0x00, 0x00, 
    0x00, 0x00, 0x00, 0x00, 0x00, 0x00, 0x00, 0x00, 0x00, 0x00, 0x00, 0x00, 0x00, 0x00, 0x00, 0x00, 0x00, 0x00, 0x00, 0x00, 0x00, 0x00, 0x00, 0x00, 
    0x00, 0x00, 0x00, 0xff, 0xff, 0x03, 0xff, 0xff, 0x01, 0x00, 0x00, 0x00, 0xff, 0xff, 0x04, 0xff, 0xff, 0x4b, 0xff, 0xff, 0xa4, 0xff, 0xff, 0xe8, 
    0xff, 0xff, 0xff, 0xff, 0xff, 0xff, 0xff, 0xff, 0xff, 0xff, 0xff, 0xff, 0xff, 0xff, 0xff, 0xff, 0xff, 0xff, 0xff, 0xff, 0xff, 0xff, 0xff, 0xff, 
    0xff, 0xff, 0xff, 0xff, 0xff, 0xff, 0xff, 0xff, 0xff, 0xff, 0xff, 0xff, 0xff, 0xff, 0xff, 0xff, 0xff, 0xff, 0xff, 0xff, 0xf7, 0xff, 0xff, 0xcd, 
    0xff, 0xff, 0x78, 0xff, 0xff, 0x22, 0x00, 0x00, 0x00, 0x00, 0x00, 0x00, 0xff, 0xff, 0x03, 0xff, 0xff, 0x01, 0x00, 0x00, 0x00, 0x00, 0x00, 0x00, 
    0x00, 0x00, 0x00, 0x00, 0x00, 0x00, 0x00, 0x00, 0x00, 0x00, 0x00, 0x00, 0x00, 0x00, 0x00, 0x00, 0x00, 0x00, 0x00, 0x00, 0x00, 0x00, 0x00, 0x00, 
    0xff, 0xff, 0x04, 0x00, 0x00, 0x00, 0xff, 0xff, 0x98, 0xff, 0xff, 0xff, 0xff, 0xff, 0xff, 0xff, 0xff, 0xff, 0xff, 0xff, 0xff, 0xff, 0xff, 0xff, 
    0xff, 0xff, 0xff, 0xff, 0xff, 0xff, 0x9e, 0xf7, 0xb2, 0xff, 0xff, 0x01, 0x6f, 0xac, 0x10, 0x2b, 0xab, 0x52, 0x6b, 0xc3, 0x89, 0x09, 0xc3, 0xb3, 
    0xe5, 0xb1, 0xf7, 0xa3, 0xb9, 0xff, 0x83, 0xb1, 0xfd, 0xa3, 0xb9, 0xff, 0xa3, 0xb9, 0xff, 0xa3, 0xb9, 0xff, 0xa3, 0xb9, 0xff, 0xa3, 0xb9, 0xff, 
    0xa3, 0xb9, 0xff, 0xa3, 0xb9, 0xff, 0xa3, 0xb9, 0xff, 0xa3, 0xb9, 0xff, 0xa3, 0xb9, 0xff, 0xa3, 0xb9, 0xff, 0xa3, 0xb9, 0xff, 0xa3, 0xb9, 0xff, 
    0xa3, 0xb9, 0xff, 0xa3, 0xb1, 0xff, 0xc8, 0xca, 0xfd, 0x4a, 0xcb, 0xc1, 0x6b, 0xbb, 0x71, 0x8c, 0xb3, 0x32, 0x4e, 0xc4, 0x0d, 0x2b, 0xa3, 0x14, 
    0x00, 0x00, 0x00, 0x00, 0x00, 0x00, 0x00, 0x00, 0x00, 0x00, 0x00, 0x00, 0x00, 0x00, 0x00, 0x00, 0x00, 0x00, 0x00, 0x00, 0x00, 0xaa, 0xaa, 0x03, 
    0xaa, 0xaa, 0x06, 0xa9, 0xa2, 0x26, 0xa9, 0xaa, 0x3d, 0x0a, 0xc3, 0x94, 0xa8, 0xc2, 0xee, 0xc4, 0xb9, 0xff, 0xa3, 0xb9, 0xfe, 0xa3, 0xb9, 0xff, 
    0xa3, 0xb9, 0xff, 0xa3, 0xb9, 0xff, 0xa3, 0xb9, 0xff, 0xa3, 0xb9, 0xfe, 0xa4, 0xb9, 0xff, 0xa8, 0xc2, 0xf5, 0x4b, 0xbb, 0x61, 0x26, 0x9a, 0xb2, 
    0x26, 0x9a, 0xb5, 0x09, 0xa3, 0x2e, 0x87, 0x9a, 0x33, 0xa9, 0x9a, 0x43, 0xa8, 0xa2, 0xaf, 0x09, 0xc3, 0xbf, 0x87, 0xc2, 0xee, 0xa3, 0xb1, 0xff, 
    0xa3, 0xb9, 0xfe, 0xa3, 0xb9, 0xff, 0xa3, 0xb9, 0xff, 0xa3, 0xb9, 0xff, 0xa3, 0xb9, 0xff, 0x83, 0xb1, 0xff, 0xe5, 0xb9, 0xfc, 0xe9, 0xca, 0xeb, 
    0x66, 0xba, 0xef, 0x26, 0xa2, 0x75, 0x06, 0xa2, 0x98, 0xc4, 0xb9, 0xff, 0x05, 0xaa, 0x87, 0x00, 0x00, 0x00, 0xe0, 0x79, 0x04, 0x00, 0x00, 0x00, 
    0x00, 0x00, 0x00, 0x00, 0x00, 0x00, 0x00, 0x00, 0x00, 0x00, 0x00, 0x00, 0x0a, 0xab, 0x25, 0x2a, 0xb3, 0x46, 0x2a, 0xc3, 0xa6, 0x87, 0xc2, 0xef, 
    0xc3, 0xb9, 0xff, 0xa3, 0xb9, 0xfe, 0xa4, 0xb9, 0xff, 0xc3, 0xb9, 0xff, 0xa4, 0xb9, 0xff, 0xa3, 0xb9, 0xff, 0xa3, 0xb9, 0xff, 0xa3, 0xb9, 0xff, 
    0xa3, 0xb9, 0xff, 0xa3, 0xb9, 0xff, 0x46, 0xba, 0xe9, 0xc8, 0xca, 0xea, 0xe4, 0xb9, 0xff, 0xa3, 0xb9, 0xfe, 0xa3, 0xb9, 0xff, 0xa3, 0xb9, 0xff, 
    0xa3, 0xb9, 0xff, 0xa3, 0xb9, 0xff, 0xa3, 0xb9, 0xff, 0xa3, 0xb9, 0xfe, 0xa3, 0xb9, 0xff, 0x26, 0xba, 0xf4, 0x2a, 0xc3, 0x9b, 0x69, 0xa2, 0x1d, 
    0x00, 0x00, 0x00, 0x00, 0x00, 0x00, 0x00, 0x00, 0x00, 0x00, 0x00, 0x00, 0x00, 0x00, 0x00, 0x00, 0x00, 0x00, 0x00, 0x00, 0x00, 0x00, 0x00, 0x00, 
    0x00, 0x00, 0x00, 0x00, 0x00, 0x00, 0x00, 0x00, 0x00, 0x00, 0x00, 0x00, 0x00, 0x00, 0x00, 0x00, 0x00, 0x00, 0x44, 0x6a, 0x07, 0xaa, 0xaa, 0x03, 
    0x00, 0x00, 0x01, 0x86, 0x61, 0x05, 0xc9, 0xaa, 0x31, 0xc9, 0xaa, 0x40, 0xc9, 0xa2, 0x40, 0xc9, 0xaa, 0x44, 0x4b, 0xb3, 0x37, 0x26, 0xaa, 0xa6, 
    0x05, 0xaa, 0xff, 0x09, 0xc3, 0x7a, 0xe9, 0xb2, 0x98, 0x0a, 0xb3, 0x6b, 0xea, 0xa2, 0x68, 0xc9, 0xa2, 0x51, 0xe9, 0xa2, 0x50, 0xc9, 0x9a, 0x56, 
    0xc9, 0x9a, 0x2b, 0xc9, 0x92, 0x2b, 0x00, 0x00, 0x00, 0x00, 0x78, 0x02, 0x00, 0x00, 0x00, 0x00, 0x00, 0x00, 0x00, 0x00, 0x00, 0x00, 0x00, 0x00, 
    0x00, 0x00, 0x00, 0x00, 0x00, 0x00, 0x00, 0xf8, 0x01, 0x00, 0x00, 0x00, 0x68, 0x9a, 0x1a, 0xc9, 0xba, 0x8b, 0xc4, 0xb1, 0xf7, 0x83, 0xb9, 0xff, 
    0xa3, 0xb9, 0xfe, 0xa3, 0xb9, 0xff, 0xa3, 0xb9, 0xff, 0xa3, 0xb9, 0xff, 0xa3, 0xb9, 0xff, 0xa3, 0xb9, 0xfe, 0x83, 0xb1, 0xfe, 0xe5, 0xb9, 0xf8, 
    0x0a, 0xc3, 0x82, 0xca, 0xaa, 0x1f, 0xaa, 0xaa, 0x06, 0x00, 0x00, 0x00, 0x00, 0x00, 0x00, 0x00, 0x00, 0x00, 0x00, 0x00, 0x00, 0x00, 0x00, 0x00, 
    0x00, 0x00, 0x00, 0x00, 0x00, 0x00, 0x00, 0x00, 0x00, 0x00, 0x00, 0x00, 0x00, 0x00, 0x00, 0x00, 0x00, 0x00, 0x00, 0x00, 0x00, 0x00, 0x00, 0x00, 
    0x00, 0x00, 0x00, 0x00, 0x00, 0x00, 0x00, 0x00, 0x00, 0x00, 0x00, 0x00, 0x00, 0x00, 0x00, 0xff, 0xff, 0x03, 0x00, 0x00, 0x00, 0x00, 0x00, 0x00, 
    0xff, 0xff, 0x37, 0xff, 0xff, 0xa6, 0xff, 0xff, 0xf5, 0xff, 0xff, 0xff, 0xff, 0xff, 0xff, 0xff, 0xff, 0xff, 0xff, 0xff, 0xfb, 0xff, 0xff, 0xfb, 
    0xff, 0xff, 0xfc, 0xff, 0xff, 0xfd, 0xff, 0xff, 0xfd, 0xff, 0xff, 0xfd, 0xff, 0xff, 0xfd, 0xff, 0xff, 0xfd, 0xff, 0xff, 0xfd, 0xff, 0xff, 0xfd, 
    0xff, 0xff, 0xfc, 0xff, 0xff, 0xfb, 0xff, 0xff, 0xfb, 0xff, 0xff, 0xff, 0xff, 0xff, 0xff, 0xff, 0xff, 0xff, 0xff, 0xff, 0xff, 0xff, 0xff, 0xbe, 
    0xff, 0xff, 0x4c, 0x00, 0x00, 0x00, 0x00, 0x00, 0x00, 0xff, 0xff, 0x03, 0x00, 0x00, 0x00, 0x00, 0x00, 0x00, 0x00, 0x00, 0x00, 0x00, 0x00, 0x00, 
    0x00, 0x00, 0x00, 0x00, 0x00, 0x00, 0x00, 0x00, 0x00, 0x00, 0x00, 0x00, 0x00, 0x00, 0x00, 0x00, 0x00, 0x00, 0x00, 0x00, 0x00, 0x00, 0x00, 0x00, 
    0x00, 0x00, 0x00, 0x00, 0x00, 0x00, 0x00, 0x00, 0x00, 0x00, 0x00, 0x00, 0x00, 0x00, 0x00, 0x00, 0x00, 0x00, 0x00, 0x00, 0x00, 0x00, 0x00, 0x00, 
    0x00, 0x00, 0x00, 0x00, 0x00, 0x00, 0xff, 0xff, 0x03, 0x00, 0x00, 0x00, 0xff, 0xff, 0x72, 0xff, 0xff, 0xff, 0xff, 0xff, 0xf8, 0xff, 0xff, 0xfc, 
    0xff, 0xff, 0xfc, 0xff, 0xff, 0xfc, 0xff, 0xff, 0xfc, 0xff, 0xff, 0xfc, 0xff, 0xff, 0xf8, 0xff, 0xff, 0xff, 0xff, 0xff, 0x72, 0x00, 0x00, 0x00, 
    0xff, 0xff, 0x03, 0x00, 0x00, 0x00, 0x00, 0x00, 0x00, 0x00, 0x00, 0x00, 0x00, 0x00, 0x00, 0x00, 0x00, 0x00, 0x00, 0x00, 0x00, 0x00, 0x00, 0x00, 
    0x00, 0x00, 0x00, 0x00, 0x00, 0x00, 0x00, 0x00, 0x00, 0x00, 0x00, 0x00, 0x00, 0x00, 0x00, 0x00, 0x00, 0x00, 0x00, 0x00, 0x00, 0x00, 0x00, 0x00, 
    0x00, 0x00, 0x00, 0x00, 0x00, 0x00, 0x00, 0x00, 0x00, 0x00, 0x00, 0x00, 0x00, 0x00, 0x00, 0x00, 0x00, 0x00, 0x00, 0x00, 0x00, 0x00, 0x00, 0x00, 
    0x00, 0x00, 0x00, 0x00, 0x00, 0x00, 0x00, 0x00, 0x00, 0xff, 0xff, 0x01, 0xff, 0xff, 0x02, 0x00, 0x00, 0x00, 0xff, 0xff, 0x08, 0xff, 0xff, 0x64, 
    0xff, 0xff, 0xd3, 0xff, 0xff, 0xff, 0xff, 0xff, 0xff, 0xff, 0xff, 0xff, 0xff, 0xff, 0xfe, 0xff, 0xff, 0xfb, 0xff, 0xff, 0xfc, 0xff, 0xff, 0xfd, 
    0xff, 0xff, 0xfd, 0xff, 0xff, 0xfd, 0xff, 0xff, 0xfd, 0xff, 0xff, 0xfe, 0xff, 0xff, 0xfd, 0xff, 0xff, 0xfd, 0xff, 0xff, 0xfc, 0xff, 0xff, 0xfc, 
    0xff, 0xff, 0xfb, 0xff, 0xff, 0xfd, 0xff, 0xff, 0xff, 0xff, 0xff, 0xff, 0xff, 0xff, 0xff, 0xff, 0xff, 0xe3, 0xff, 0xff, 0x7f, 0xff, 0xff, 0x18, 
    0x00, 0x00, 0x00, 0xff, 0xff, 0x01, 0xff, 0xff, 0x02, 0x00, 0x00, 0x00, 0x00, 0x00, 0x00, 0x00, 0x00, 0x00, 0x00, 0x00, 0x00, 0x00, 0x00, 0x00, 
    0x00, 0x00, 0x00, 0x00, 0x00, 0x00, 0x00, 0x00, 0x00, 0x00, 0x00, 0x00, 0x00, 0x00, 0x00, 0x00, 0x00, 0x00, 0x00, 0x00, 0x00, 0x00, 0x00, 0x00, 
    0x00, 0x00, 0x00, 0x00, 0x00, 0x00, 0x00, 0x00, 0x00, 0xff, 0xff, 0x01, 0xff, 0xff, 0x02, 0x00, 0x00, 0x00, 0x00, 0x00, 0x00, 0xff, 0xff, 0x55, 
    0xff, 0xff, 0xca, 0xff, 0xff, 0xff, 0xff, 0xff, 0xff, 0xff, 0xff, 0xff, 0xff, 0xff, 0xfe, 0xff, 0xff, 0xfb, 0xff, 0xff, 0xfc, 0xff, 0xff, 0xfc, 
    0xff, 0xff, 0xfd, 0xff, 0xff, 0xfd, 0xff, 0xff, 0xfe, 0xff, 0xff, 0xfe, 0xff, 0xff, 0xfd, 0xff, 0xff, 0xfd, 0xff, 0xff, 0xfd, 0xff, 0xff, 0xfc, 
    0xff, 0xff, 0xfb, 0xff, 0xff, 0xfc, 0xff, 0xff, 0xff, 0xff, 0xff, 0xff, 0xff, 0xff, 0xff, 0xff, 0xff, 0xf1, 0xff, 0xff, 0x94, 0xff, 0xff, 0x26, 
    0x00, 0x00, 0x00, 0x00, 0x00, 0x00, 0xff, 0xff, 0x03, 0x00, 0x00, 0x00, 0x00, 0x00, 0x00, 0x00, 0x00, 0x00, 0x00, 0x00, 0x00, 0x00, 0x00, 0x00, 
    0x00, 0x00, 0x00, 0x00, 0x00, 0x00, 0x00, 0x00, 0x00, 0x00, 0x00, 0x00, 0xff, 0xff, 0x04, 0x00, 0x00, 0x00, 0xff, 0xff, 0x8c, 0xff, 0xff, 0xfb, 
    0xff, 0xff, 0xf7, 0xff, 0xff, 0xfb, 0xff, 0xff, 0xfb, 0xff, 0xff, 0xfb, 0xff, 0xff, 0xf7, 0xff, 0xff, 0xfb, 0x9e, 0xf7, 0xa3, 0x00, 0x00, 0x02, 
    0xcd, 0xbb, 0x46, 0x8c, 0xcb, 0x92, 0x09, 0xc3, 0xd9, 0xe5, 0xb1, 0xff, 0x83, 0xb1, 0xff, 0xa3, 0xb9, 0xfe, 0xa3, 0xb9, 0xff, 0xa3, 0xb9, 0xff, 
    0xa3, 0xb9, 0xff, 0xa3, 0xb9, 0xff, 0xa3, 0xb9, 0xff, 0xa3, 0xb9, 0xff, 0xa3, 0xb9, 0xff, 0xa3, 0xb9, 0xff, 0xa3, 0xb9, 0xff, 0xa3, 0xb9, 0xff, 
    0xa3, 0xb9, 0xff, 0xa3, 0xb9, 0xff, 0xa3, 0xb9, 0xff, 0xa3, 0xb9, 0xff, 0xa3, 0xb9, 0xff, 0xc4, 0xb9, 0xff, 0xc8, 0xc2, 0xf2, 0x8b, 0xcb, 0xa9, 
    0x0a, 0xab, 0x5a, 0xa9, 0xa2, 0x21, 0x49, 0x92, 0x0e, 0xa0, 0xaa, 0x03, 0x00, 0xf8, 0x01, 0xef, 0xfb, 0x02, 0xef, 0x7b, 0x02, 0xe0, 0x7b, 0x02, 
    0x00, 0xf8, 0x01, 0x00, 0xf8, 0x01, 0x00, 0x00, 0x00, 0xe7, 0xbb, 0x04, 0x69, 0xb2, 0x0a, 0xa9, 0xa2, 0x1d, 0xe9, 0xb2, 0x48, 0xe9, 0xba, 0xb7, 
    0x87, 0xc2, 0xfc, 0xc3, 0xb9, 0xff, 0xa3, 0xb9, 0xff, 0xa3, 0xb9, 0xff, 0xa3, 0xb9, 0xff, 0xa3, 0xb9, 0xff, 0xa3, 0xb9, 0xff, 0xa3, 0xb9, 0xfd, 
    0xa3, 0xb9, 0xff, 0x47, 0xb2, 0xcf, 0x8c, 0xc3, 0x36, 0x47, 0xa2, 0x52, 0x47, 0xa2, 0x5e, 0xed, 0xab, 0x10, 0xc9, 0xa2, 0x3d, 0x88, 0x9a, 0x40, 
    0xa9, 0xaa, 0x69, 0x0a, 0xc3, 0xb1, 0x46, 0xba, 0xf1, 0xa3, 0xb1, 0xff, 0xa3, 0xb1, 0xfe, 0xa3, 0xb9, 0xff, 0xa3, 0xb9, 0xff, 0xa3, 0xb9, 0xff, 
    0xa3, 0xb9, 0xff, 0x83, 0xb1, 0xff, 0xc4, 0xb1, 0xfe, 0xe9, 0xc2, 0xe8, 0x2a, 0xc3, 0x9e, 0x2c, 0xab, 0x1b, 0x05, 0xa2, 0x96, 0xe4, 0xb9, 0xff, 
    0x05, 0xaa, 0x82, 0x00, 0x00, 0x00, 0xe7, 0x79, 0x04, 0x00, 0x00, 0x00, 0x00, 0x00, 0x00, 0x00, 0x00, 0x00, 0x00, 0x00, 0x00, 0xaa, 0xaa, 0x03, 
    0x00, 0x00, 0x00, 0x68, 0x9a, 0x1a, 0xc9, 0xaa, 0x59, 0x09, 0xbb, 0xce, 0x25, 0xba, 0xf8, 0xa3, 0xb1, 0xff, 0xa4, 0xb9, 0xff, 0xa4, 0xb9, 0xff, 
    0xa3, 0xb9, 0xff, 0xa3, 0xb9, 0xff, 0xa3, 0xb9, 0xff, 0xa3, 0xb9, 0xff, 0xa3, 0xb9, 0xff, 0x83, 0xb1, 0xff, 0x25, 0xba, 0xf6, 0xe8, 0xca, 0xeb, 
    0x25, 0xba, 0xfe, 0xa3, 0xb9, 0xff, 0xa3, 0xb9, 0xff, 0xa3, 0xb9, 0xff, 0xa3, 0xb9, 0xff, 0xa3, 0xb9, 0xff, 0xa3, 0xb9, 0xff, 0xa3, 0xb9, 0xff, 
    0xa3, 0xb9, 0xfe, 0x26, 0xba, 0xfe, 0x2a, 0xc3, 0x9f, 0xc9, 0x9a, 0x1a, 0xe7, 0xb9, 0x04, 0x00, 0xf8, 0x01, 0x00, 0x00, 0x00, 0x00, 0x00, 0x00, 
    0x00, 0x00, 0x01, 0x00, 0x00, 0x00, 0x00, 0x00, 0x01, 0x00, 0x00, 0x01, 0x00, 0xf8, 0x01, 0x00, 0xf8, 0x01, 0x00, 0x00, 0x01, 0x00, 0x00, 0x00, 
    0xe7, 0xb9, 0x04, 0x67, 0x9a, 0x0d, 0x00, 0x00, 0x00, 0x00, 0x00, 0x01, 0x00, 0x00, 0x00, 0x00, 0x00, 0x00, 0xaa, 0xaa, 0x03, 0xaa, 0xaa, 0x06, 
    0x89, 0x92, 0x22, 0xc8, 0x92, 0x31, 0xa9, 0x92, 0x15, 0xc9, 0xb2, 0x77, 0xe9, 0xba, 0xd6, 0x2a, 0xab, 0x74, 0xea, 0xa2, 0x4f, 0xe9, 0x9a, 0x3a, 
    0xa9, 0x9a, 0x32, 0xc9, 0x9a, 0x39, 0xe9, 0x9a, 0x39, 0xca, 0x9a, 0x19, 0xc9, 0x92, 0x27, 0xea, 0x92, 0x13, 0x00, 0xf8, 0x01, 0x00, 0x00, 0x01, 
    0x00, 0x00, 0x00, 0x00, 0x00, 0x00, 0x00, 0x00, 0x00, 0x00, 0x00, 0x00, 0x00, 0x00, 0x00, 0x00, 0x00, 0x00, 0x00, 0x00, 0x00, 0xe7, 0x79, 0x04, 
    0x2a, 0xbb, 0x23, 0x67, 0xb2, 0xae, 0xa3, 0xb1, 0xff, 0xa3, 0xb1, 0xfd, 0xa3, 0xb9, 0xff, 0xa3, 0xb9, 0xff, 0xa3, 0xb9, 0xff, 0xa3, 0xb9, 0xff, 
    0xa3, 0xb9, 0xff, 0xa3, 0xb1, 0xfe, 0x82, 0xa9, 0xff, 0x25, 0xba, 0xf2, 0x0a, 0xc3, 0x5c, 0x49, 0x92, 0x07, 0x1f, 0xf8, 0x01, 0x00, 0x00, 0x00, 
    0x00, 0x00, 0x00, 0x00, 0x00, 0x00, 0x00, 0x00, 0x00, 0x00, 0xf8, 0x01, 0x00, 0x00, 0x01, 0x00, 0x00, 0x00, 0x00, 0x00, 0x00, 0x00, 0x00, 0x00, 
    0x00, 0x00, 0x00, 0x00, 0x00, 0x00, 0x00, 0x00, 0x00, 0x00, 0x00, 0x00, 0x00, 0x00, 0x00, 0x00, 0x00, 0x00, 0x00, 0x00, 0x00, 0x00, 0x00, 0x00, 
    0xff, 0xff, 0x03, 0x00, 0x00, 0x00, 0xff, 0xff, 0x1a, 0xff, 0xff, 0x9b, 0xff, 0xff, 0xfc, 0xff, 0xff, 0xff, 0xff, 0xff, 0xff, 0xff, 0xff, 0xfc, 
    0xff, 0xff, 0xfd, 0xff, 0xff, 0xfe, 0xff, 0xff, 0xff, 0xff, 0xff, 0xff, 0xff, 0xff, 0xff, 0xff, 0xff, 0xff, 0xff, 0xff, 0xff, 0xff, 0xff, 0xff, 
    0xff, 0xff, 0xff, 0xff, 0xff, 0xff, 0xff, 0xff, 0xff, 0xff, 0xff, 0xff, 0xff, 0xff, 0xff, 0xff, 0xff, 0xff, 0xff, 0xff, 0xff, 0xff, 0xff, 0xfe, 
    0xff, 0xff, 0xfe, 0xff, 0xff, 0xfb, 0xff, 0xff, 0xfe, 0xff, 0xff, 0xff, 0xff, 0xff, 0xff, 0xff, 0xff, 0xb0, 0xff, 0xff, 0x28, 0x00, 0x00, 0x00, 
    0xff, 0xff, 0x02, 0xff, 0xff, 0x01, 0x00, 0x00, 0x00, 0x00, 0x00, 0x00, 0x00, 0x00, 0x00, 0x00, 0x00, 0x00, 0x00, 0x00, 0x00, 0x00, 0x00, 0x00, 
    0x00, 0x00, 0x00, 0x00, 0x00, 0x00, 0x00, 0x00, 0x00, 0x00, 0x00, 0x00, 0x00, 0x00, 0x00, 0x00, 0x00, 0x00, 0x00, 0x00, 0x00, 0x00, 0x00, 0x00, 
    0x00, 0x00, 0x00, 0x00, 0x00, 0x00, 0x00, 0x00, 0x00, 0x00, 0x00, 0x00, 0x00, 0x00, 0x00, 0xff, 0xff, 0x01, 0xff, 0xff, 0x01, 0xff, 0xff, 0x05, 
    0xff, 0xff, 0xcf, 0xff, 0xff, 0xfe, 0xff, 0xff, 0xfd, 0xff, 0xff, 0xff, 0xff, 0xff, 0xff, 0xff, 0xff, 0xff, 0xff, 0xff, 0xff, 0xff, 0xff, 0xff, 
    0xff, 0xff, 0xfd, 0xff, 0xff, 0xfe, 0xff, 0xff, 0xd8, 0xff, 0xff, 0x0a, 0xff, 0xff, 0x01, 0xff, 0xff, 0x01, 0x00, 0x00, 0x00, 0x00, 0x00, 0x00, 
    0x00, 0x00, 0x00, 0x00, 0x00, 0x00, 0x00, 0x00, 0x00, 0x00, 0x00, 0x00, 0x00, 0x00, 0x00, 0x00, 0x00, 0x00, 0x00, 0x00, 0x00, 0x00, 0x00, 0x00, 
    0x00, 0x00, 0x00, 0x00, 0x00, 0x00, 0x00, 0x00, 0x00, 0x00, 0x00, 0x00, 0x00, 0x00, 0x00, 0x00, 0x00, 0x00, 0x00, 0x00, 0x00, 0x00, 0x00, 0x00, 
    0x00, 0x00, 0x00, 0x00, 0x00, 0x00, 0x00, 0x00, 0x00, 0x00, 0x00, 0x00, 0x00, 0x00, 0x00, 0x00, 0x00, 0x00, 0xff, 0xff, 0x02, 0x00, 0x00, 0x00, 
    0x00, 0x00, 0x00, 0xff, 0xff, 0x47, 0xff, 0xff, 0xcb, 0xff, 0xff, 0xff, 0xff, 0xff, 0xff, 0xff, 0xff, 0xfd, 0xff, 0xff, 0xfb, 0xff, 0xff, 0xfe, 
    0xff, 0xff, 0xff, 0xff, 0xff, 0xff, 0xff, 0xff, 0xff, 0xff, 0xff, 0xff, 0xff, 0xff, 0xff, 0xff, 0xff, 0xff, 0xff, 0xff, 0xff, 0xff, 0xff, 0xff, 
    0xff, 0xff, 0xff, 0xff, 0xff, 0xff, 0xff, 0xff, 0xff, 0xff, 0xff, 0xff, 0xff, 0xff, 0xff, 0xff, 0xff, 0xff, 0xff, 0xff, 0xfe, 0xff, 0xff, 0xfc, 
    0xff, 0xff, 0xfc, 0xff, 0xff, 0xff, 0xff, 0xff, 0xff, 0xff, 0xff, 0xe6, 0xff, 0xff, 0x6a, 0x00, 0x00, 0x00, 0x00, 0x00, 0x00, 0xff, 0xff, 0x03, 
    0x00, 0x00, 0x00, 0x00, 0x00, 0x00, 0x00, 0x00, 0x00, 0x00, 0x00, 0x00, 0x00, 0x00, 0x00, 0x00, 0x00, 0x00, 0x00, 0x00, 0x00, 0x00, 0x00, 0x00, 
    0x00, 0x00, 0x00, 0x00, 0x00, 0x00, 0x00, 0x00, 0x00, 0x00, 0x00, 0x00, 0x00, 0x00, 0x00, 0x00, 0x00, 0x00, 0xff, 0xff, 0x02, 0x00, 0x00, 0x00, 
    0x00, 0x00, 0x00, 0xff, 0xff, 0x45, 0xff, 0xff, 0xb8, 0xff, 0xff, 0xff, 0xff, 0xff, 0xff, 0xff, 0xff, 0xfd, 0xff, 0xff, 0xfb, 0xff, 0xff, 0xfe, 
    0xff, 0xff, 0xff, 0xff, 0xff, 0xff, 0xff, 0xff, 0xff, 0xff, 0xff, 0xff, 0xff, 0xff, 0xff, 0xff, 0xff, 0xff, 0xff, 0xff, 0xff, 0xff, 0xff, 0xff, 
    0xff, 0xff, 0xff, 0xff, 0xff, 0xff, 0xff, 0xff, 0xff, 0xff, 0xff, 0xff, 0xff, 0xff, 0xff, 0xff, 0xff, 0xff, 0xff, 0xff, 0xfe, 0xff, 0xff, 0xfd, 
    0xff, 0xff, 0xfc, 0xff, 0xff, 0xff, 0xff, 0xff, 0xff, 0xff, 0xff, 0xf5, 0xff, 0xff, 0x84, 0xff, 0xff, 0x0b, 0x00, 0x00, 0x00, 0xff, 0xff, 0x03, 
    0x00, 0x00, 0x00, 0x00, 0x00, 0x00, 0x00, 0x00, 0x00, 0x00, 0x00, 0x00, 0x00, 0x00, 0x00, 0x00, 0x00, 0x00, 0x00, 0x00, 0x00, 0x00, 0x00, 0x00, 
    0xff, 0xff, 0x04, 0x00, 0x00, 0x00, 0xff, 0xff, 0x8e, 0xff, 0xff, 0xff, 0xff, 0xff, 0xfc, 0xff, 0xff, 0xff, 0xff, 0xff, 0xff, 0xff, 0xff, 0xff, 
    0xff, 0xff, 0xfc, 0xff, 0xff, 0xff, 0xbe, 0xf7, 0xa2, 0x06, 0x8a, 0x32, 0xed, 0xcb, 0xbf, 0xa8, 0xba, 0xe6, 0xa3, 0xa9, 0xfd, 0xa3, 0xb9, 0xfe, 
    0xa3, 0xb9, 0xfe, 0xa3, 0xb9, 0xff, 0xa3, 0xb9, 0xff, 0xa3, 0xb9, 0xff, 0xa3, 0xb9, 0xff, 0xa3, 0xb9, 0xff, 0xa3, 0xb9, 0xff, 0xa3, 0xb9, 0xff, 
    0xa3, 0xb9, 0xff, 0xa3, 0xb9, 0xff, 0xa3, 0xb9, 0xff, 0xa3, 0xb9, 0xff, 0xa3, 0xb9, 0xff, 0xa4, 0xb9, 0xff, 0xa3, 0xb9, 0xff, 0xa3, 0xb9, 0xff, 
    0xa3, 0xb9, 0xfe, 0xa4, 0xb9, 0xff, 0xa8, 0xc2, 0xef, 0x6b, 0xc3, 0xb4, 0x2a, 0xab, 0x54, 0xe9, 0x9a, 0x10, 0x09, 0x9b, 0x0d, 0x26, 0x9b, 0x05, 
    0x00, 0x00, 0x00, 0x00, 0x00, 0x00, 0x00, 0x00, 0x00, 0x00, 0x00, 0x00, 0x00, 0x00, 0x00, 0x00, 0x00, 0x00, 0x00, 0x00, 0x01, 0xeb, 0xba, 0x08, 
    0xca, 0xaa, 0x1f, 0xa9, 0xaa, 0x2a, 0xe9, 0xba, 0x7b, 0xc8, 0xc2, 0xe2, 0xe4, 0xb9, 0xff, 0xa3, 0xb9, 0xfe, 0xa3, 0xb9, 0xff, 0xa3, 0xb9, 0xff, 
    0xa3, 0xb9, 0xff, 0xa3, 0xb9, 0xff, 0xa3, 0xb9, 0xff, 0xa3, 0xb9, 0xfe, 0xe4, 0xb9, 0xfd, 0xc9, 0xba, 0xaa, 0xea, 0xaa, 0x24, 0x00, 0x00, 0x00, 
    0x00, 0x00, 0x00, 0x05, 0x9a, 0x80, 0x67, 0x9a, 0x8a, 0x46, 0x92, 0x0e, 0x88, 0xa2, 0x3c, 0x0a, 0xbb, 0x8f, 0x46, 0xba, 0xed, 0xa3, 0xb1, 0xff, 
    0xa3, 0xb1, 0xfe, 0xa3, 0xb9, 0xff, 0xa3, 0xb9, 0xff, 0xa3, 0xb9, 0xff, 0xa3, 0xb9, 0xff, 0xa3, 0xb1, 0xfe, 0xc4, 0xb9, 0xff, 0xc8, 0xc2, 0xe7, 
    0x0a, 0xbb, 0x9a, 0xea, 0xa2, 0x24, 0x05, 0xa2, 0x95, 0xe4, 0xc1, 0xff, 0xe5, 0xa1, 0x8f, 0x00, 0x00, 0x00, 0xa0, 0xaa, 0x03, 0x00, 0x00, 0x00, 
    0x00, 0x00, 0x00, 0x00, 0x00, 0x00, 0x00, 0x00, 0x00, 0x00, 0x00, 0x00, 0x89, 0x92, 0x29, 0xe9, 0x9a, 0x10, 0x69, 0x9a, 0x14, 0xc9, 0xaa, 0x50, 
    0x09, 0xcb, 0xb8, 0x25, 0xba, 0xf9, 0xa3, 0xb1, 0xff, 0xa3, 0xb9, 0xff, 0xa3, 0xb9, 0xff, 0xa3, 0xb9, 0xff, 0xa3, 0xb9, 0xff, 0xa3, 0xb9, 0xff, 
    0xa3, 0xb9, 0xff, 0xa3, 0xb9, 0xff, 0x05, 0xba, 0xf8, 0x08, 0xd3, 0xd1, 0x25, 0xba, 0xf9, 0xa3, 0xb9, 0xff, 0xa3, 0xb9, 0xff, 0xa3, 0xb9, 0xff, 
    0xa3, 0xb9, 0xff, 0xa3, 0xb9, 0xff, 0xa3, 0xb9, 0xff, 0xc3, 0xb9, 0xff, 0xa3, 0xb9, 0xfd, 0x05, 0xc2, 0xff, 0xc8, 0xba, 0xb7, 0xea, 0xaa, 0x37, 
    0xea, 0xa2, 0x13, 0x00, 0x00, 0x00, 0x00, 0xf8, 0x01, 0x00, 0x00, 0x00, 0x00, 0x00, 0x00, 0x00, 0x00, 0x00, 0x00, 0x00, 0x00, 0x00, 0x00, 0x00, 
    0x00, 0x00, 0x00, 0x00, 0x00, 0x00, 0x00, 0x00, 0x01, 0x00, 0x00, 0x00, 0x00, 0x00, 0x00, 0x00, 0xf8, 0x01, 0x00, 0x00, 0x01, 0x00, 0x00, 0x00, 
    0x00, 0x00, 0x00, 0x00, 0x00, 0x00, 0x00, 0x00, 0x00, 0x00, 0x78, 0x02, 0x69, 0x93, 0x07, 0xaa, 0xaa, 0x0c, 0xa7, 0x92, 0x0c, 0x0a, 0xa3, 0x4f, 
    0x4a, 0xb3, 0x6f, 0xe9, 0xa2, 0x6e, 0x0a, 0xa3, 0x29, 0x2a, 0x9b, 0x21, 0x09, 0xa3, 0x17, 0xc9, 0x9a, 0x1c, 0xa9, 0x9a, 0x18, 0xa9, 0x92, 0x15, 
    0xa9, 0x92, 0x15, 0x00, 0x00, 0x00, 0x00, 0xf8, 0x01, 0x00, 0x00, 0x00, 0x00, 0x00, 0x00, 0x00, 0x00, 0x00, 0x00, 0x00, 0x00, 0x00, 0x00, 0x00, 
    0x00, 0x00, 0x00, 0x00, 0x00, 0x00, 0x00, 0x00, 0x00, 0x25, 0xa2, 0x0b, 0xc9, 0xb2, 0x4b, 0x87, 0xba, 0xd2, 0xa3, 0xb1, 0xff, 0xa3, 0xb1, 0xfe, 
    0xa3, 0xb9, 0xff, 0xa3, 0xb9, 0xff, 0xa3, 0xb9, 0xff, 0xa3, 0xb9, 0xff, 0xa3, 0xb9, 0xff, 0xa3, 0xb9, 0xfd, 0x83, 0xa9, 0xff, 0x67, 0xba, 0xd4, 
    0x2b, 0xc3, 0x36, 0x00, 0x00, 0x00, 0xef, 0x7b, 0x02, 0x00, 0x00, 0x00, 0x00, 0x00, 0x00, 0x00, 0x00, 0x00, 0x00, 0x00, 0x01, 0x00, 0x00, 0x00, 
    0x00, 0x00, 0x00, 0x00, 0x00, 0x00, 0x00, 0x00, 0x00, 0x00, 0x00, 0x00, 0x00, 0x00, 0x00, 0x00, 0x00, 0x00, 0x00, 0x00, 0x00, 0x00, 0x00, 0x00, 
    0x00, 0x00, 0x00, 0x00, 0x00, 0x00, 0xff, 0xff, 0x01, 0xff, 0xff, 0x02, 0x00, 0x00, 0x00, 0xff, 0xff, 0x51, 0xff, 0xff, 0xe2, 0xff, 0xff, 0xff, 
    0xff, 0xff, 0xff, 0xff, 0xff, 0xfc, 0xff, 0xff, 0xfe, 0xff, 0xff, 0xff, 0xff, 0xff, 0xff, 0xff, 0xff, 0xff, 0xff, 0xff, 0xff, 0xff, 0xff, 0xff, 
    0xff, 0xff, 0xff, 0xff, 0xff, 0xff, 0xff, 0xff, 0xff, 0xff, 0xff, 0xff, 0xff, 0xff, 0xff, 0xff, 0xff, 0xff, 0xff, 0xff, 0xff, 0xff, 0xff, 0xff, 
    0xff, 0xff, 0xff, 0xff, 0xff, 0xff, 0xff, 0xff, 0xff, 0xff, 0xff, 0xff, 0xff, 0xff, 0xff, 0xff, 0xff, 0xff, 0xff, 0xff, 0xff, 0xff, 0xff, 0xfc, 
    0xff, 0xff, 0xfd, 0xff, 0xff, 0xff, 0xff, 0xff, 0xef, 0xff, 0xff, 0x6c, 0x00, 0x00, 0x00, 0xff, 0xff, 0x01, 0xff, 0xff, 0x01, 0x00, 0x00, 0x00, 
    0x00, 0x00, 0x00, 0x00, 0x00, 0x00, 0x00, 0x00, 0x00, 0x00, 0x00, 0x00, 0x00, 0x00, 0x00, 0x00, 0x00, 0x00, 0x00, 0x00, 0x00, 0x00, 0x00, 0x00, 
    0x00, 0x00, 0x00, 0x00, 0x00, 0x00, 0x00, 0x00, 0x00, 0x00, 0x00, 0x00, 0x00, 0x00, 0x00, 0x00, 0x00, 0x00, 0x00, 0x00, 0x00, 0x00, 0x00, 0x00, 
    0x00, 0x00, 0x00, 0xff, 0xff, 0x03, 0x00, 0x00, 0x00, 0xff, 0xff, 0x51, 0xff, 0xff, 0xff, 0xff, 0xff, 0xfd, 0xff, 0xff, 0xff, 0xff, 0xff, 0xff, 
    0xff, 0xff, 0xff, 0xff, 0xff, 0xff, 0xff, 0xff, 0xff, 0xff, 0xff, 0xff, 0xff, 0xff, 0xff, 0xff, 0xff, 0xfc, 0xff, 0xff, 0xff, 0xff, 0xff, 0x5d, 
    0x00, 0x00, 0x00, 0xff, 0xff, 0x03, 0x00, 0x00, 0x00, 0x00, 0x00, 0x00, 0x00, 0x00, 0x00, 0x00, 0x00, 0x00, 0x00, 0x00, 0x00, 0x00, 0x00, 0x00, 
    0x00, 0x00, 0x00, 0x00, 0x00, 0x00, 0x00, 0x00, 0x00, 0x00, 0x00, 0x00, 0x00, 0x00, 0x00, 0x00, 0x00, 0x00, 0x00, 0x00, 0x00, 0x00, 0x00, 0x00, 
    0x00, 0x00, 0x00, 0x00, 0x00, 0x00, 0x00, 0x00, 0x00, 0x00, 0x00, 0x00, 0x00, 0x00, 0x00, 0x00, 0x00, 0x00, 0x00, 0x00, 0x00, 0x00, 0x00, 0x00, 
    0x00, 0x00, 0x00, 0xff, 0xff, 0x03, 0x00, 0x00, 0x00, 0xff, 0xff, 0x15, 0xff, 0xff, 0xac, 0xff, 0xff, 0xff, 0xff, 0xff, 0xff, 0xff, 0xff, 0xfc, 
    0xff, 0xff, 0xfd, 0xff, 0xff, 0xff, 0xff, 0xff, 0xff, 0xff, 0xff, 0xff, 0xff, 0xff, 0xff, 0xff, 0xff, 0xff, 0xff, 0xff, 0xff, 0xff, 0xff, 0xff, 
    0xff, 0xff, 0xff, 0xff, 0xff, 0xff, 0xff, 0xff, 0xff, 0xff, 0xff, 0xff, 0xff, 0xff, 0xff, 0xff, 0xff, 0xff, 0xff, 0xff, 0xff, 0xff, 0xff, 0xff, 
    0xff, 0xff, 0xff, 0xff, 0xff, 0xff, 0xff, 0xff, 0xff, 0xff, 0xff, 0xff, 0xff, 0xff, 0xff, 0xff, 0xff, 0xfe, 0xff, 0xff, 0xfb, 0xff, 0xff, 0xff, 
    0xff, 0xff, 0xff, 0xff, 0xff, 0xb9, 0xff, 0xff, 0x20, 0x00, 0x00, 0x00, 0xff, 0xff, 0x03, 0x00, 0x00, 0x00, 0x00, 0x00, 0x00, 0x00, 0x00, 0x00, 
    0x00, 0x00, 0x00, 0x00, 0x00, 0x00, 0x00, 0x00, 0x00, 0x00, 0x00, 0x00, 0x00, 0x00, 0x00, 0x00, 0x00, 0x00, 0x00, 0x00, 0x00, 0x00, 0x00, 0x00, 
    0x00, 0x00, 0x00, 0xff, 0xff, 0x03, 0x00, 0x00, 0x00, 0xff, 0xff, 0x06, 0xff, 0xff, 0x8d, 0xff, 0xff, 0xff, 0xff, 0xff, 0xff, 0xff, 0xff, 0xfc, 
    0xff, 0xff, 0xfd, 0xff, 0xff, 0xff, 0xff, 0xff, 0xff, 0xff, 0xff, 0xff, 0xff, 0xff, 0xff, 0xff, 0xff, 0xff, 0xff, 0xff, 0xff, 0xff, 0xff, 0xff, 
    0xff, 0xff, 0xff, 0xff, 0xff, 0xff, 0xff, 0xff, 0xff, 0xff, 0xff, 0xff, 0xff, 0xff, 0xff, 0xff, 0xff, 0xff, 0xff, 0xff, 0xff, 0xff, 0xff, 0xff, 
    0xff, 0xff, 0xff, 0xff, 0xff, 0xff, 0xff, 0xff, 0xff, 0xff, 0xff, 0xff, 0xff, 0xff, 0xff, 0xff, 0xff, 0xfe, 0xff, 0xff, 0xfc, 0xff, 0xff, 0xff, 
    0xff, 0xff, 0xff, 0xff, 0xff, 0xd0, 0xff, 0xff, 0x3a, 0x00, 0x00, 0x00, 0xff, 0xff, 0x04, 0x00, 0x00, 0x00, 0x00, 0x00, 0x00, 0x00, 0x00, 0x00, 
    0x00, 0x00, 0x00, 0x00, 0x00, 0x00, 0x00, 0x00, 0x00, 0x00, 0x00, 0x00, 0xff, 0xff, 0x04, 0x00, 0x00, 0x00, 0xff, 0xff, 0x8d, 0xff, 0xff, 0xff, 
    0xff, 0xff, 0xfc, 0xff, 0xff, 0xff, 0xff, 0xff, 0xff, 0xff, 0xff, 0xff, 0xff, 0xff, 0xfd, 0xff, 0xff, 0xff, 0xdb, 0xe6, 0xca, 0x4f, 0xd4, 0xc8, 
    0xa8, 0xc2, 0xff, 0x62, 0xa9, 0xff, 0x83, 0xb1, 0xff, 0xa3, 0xb1, 0xff, 0xa3, 0xb9, 0xff, 0xa3, 0xb9, 0xff, 0xa3, 0xb9, 0xff, 0xa3, 0xb9, 0xff, 
    0xa3, 0xb9, 0xff, 0xa3, 0xb9, 0xff, 0xa3, 0xb9, 0xff, 0xa3, 0xb9, 0xff, 0xa3, 0xb9, 0xfe, 0xa3, 0xb9, 0xff, 0xa3, 0xb9, 0xff, 0xa3, 0xb9, 0xff, 
    0xa3, 0xb9, 0xff, 0xa3, 0xb9, 0xff, 0xa3, 0xb9, 0xff, 0xa3, 0xb9, 0xff, 0xa3, 0xb9, 0xfe, 0xa3, 0xb9, 0xff, 0xe8, 0xca, 0xf0, 0x6b, 0xcb, 0xb4, 
    0x2a, 0xab, 0x67, 0xc9, 0x9a, 0x17, 0xa9, 0x92, 0x18, 0x46, 0x92, 0x0e, 0x00, 0x00, 0x00, 0x00, 0x00, 0x00, 0x00, 0x00, 0x00, 0x00, 0x00, 0x00, 
    0xff, 0xff, 0x01, 0xe0, 0xff, 0x01, 0xe7, 0x9a, 0x08, 0xa9, 0xaa, 0x1b, 0xa9, 0xaa, 0x3c, 0xa9, 0xaa, 0x5f, 0xa8, 0xb2, 0xda, 0x05, 0xba, 0xfd, 
    0xa3, 0xb1, 0xfe, 0xa3, 0xb9, 0xff, 0xa3, 0xb9, 0xff, 0xa3, 0xb9, 0xff, 0xa3, 0xb9, 0xff, 0xa3, 0xb9, 0xff, 0xc3, 0xb9, 0xfe, 0xa3, 0xb9, 0xff, 
    0x46, 0xba, 0xf9, 0x6b, 0xcb, 0x60, 0x49, 0x92, 0x11, 0xef, 0x7b, 0x02, 0x27, 0x8a, 0x12, 0xe4, 0x99, 0xfd, 0xe4, 0xa1, 0xcc, 0xeb, 0xba, 0x0b, 
    0x47, 0x92, 0x1b, 0xe9, 0xba, 0x6c, 0x66, 0xba, 0xe2, 0xa3, 0xb1, 0xff, 0xa3, 0xb1, 0xfe, 0xa3, 0xb9, 0xff, 0xa3, 0xb9, 0xff, 0xa3, 0xb9, 0xff, 
    0xa3, 0xb9, 0xff, 0xa3, 0xb1, 0xff, 0xa4, 0xb9, 0xfe, 0x66, 0xba, 0xf9, 0x09, 0xbb, 0xb3, 0x0a, 0xab, 0x32, 0xe5, 0xa1, 0xa2, 0xc3, 0xc1, 0xff, 
    0xe4, 0xa1, 0xb1, 0x00, 0x00, 0x00, 0x00, 0xf8, 0x01, 0x00, 0x00, 0x00, 0x00, 0x00, 0x00, 0x00, 0x00, 0x00, 0x00, 0x00, 0x00, 0x00, 0x00, 0x00, 
    0x49, 0x92, 0x07, 0xe7, 0x79, 0x04, 0x49, 0xb2, 0x07, 0x67, 0x8a, 0x14, 0xe9, 0xba, 0x9e, 0xc8, 0xc2, 0xfb, 0xa3, 0xb1, 0xff, 0xa3, 0xb9, 0xff, 
    0xa3, 0xb9, 0xff, 0xa3, 0xb9, 0xff, 0xa3, 0xb9, 0xff, 0xa3, 0xb9, 0xff, 0xa3, 0xb9, 0xff, 0xa3, 0xb1, 0xff, 0xc4, 0xb9, 0xff, 0x66, 0xc2, 0xf6, 
    0xe4, 0xb9, 0xff, 0xa3, 0xb9, 0xff, 0xa3, 0xb9, 0xff, 0xa3, 0xb9, 0xff, 0xa3, 0xb9, 0xff, 0xa3, 0xb9, 0xff, 0xa3, 0xb9, 0xff, 0xa3, 0xb9, 0xff, 
    0xa3, 0xb9, 0xfe, 0xa3, 0xb9, 0xff, 0x46, 0xb2, 0xf0, 0x2a, 0xbb, 0x5b, 0x28, 0x8a, 0x0b, 0x00, 0x00, 0x00, 0x00, 0xf8, 0x01, 0x00, 0x00, 0x00, 
    0x00, 0x00, 0x00, 0x00, 0x00, 0x00, 0x00, 0x00, 0x00, 0x00, 0x00, 0x00, 0x00, 0x00, 0x00, 0x00, 0x00, 0x00, 0x00, 0x00, 0x00, 0x00, 0x00, 0x01, 
    0x00, 0x78, 0x02, 0x00, 0x00, 0x00, 0x00, 0x00, 0x00, 0x00, 0x00, 0x00, 0x00, 0x00, 0x00, 0x00, 0x00, 0x00, 0x00, 0xf8, 0x01, 0xaa, 0xaa, 0x03, 
    0x88, 0x92, 0x23, 0x89, 0x8a, 0x1f, 0x69, 0x9a, 0x0d, 0x67, 0x9a, 0x78, 0xa8, 0xa2, 0xa6, 0x0a, 0xa3, 0x24, 0x46, 0x9a, 0x69, 0x46, 0xaa, 0xda, 
    0x26, 0x9a, 0x7c, 0xe7, 0x9a, 0x08, 0x49, 0x92, 0x07, 0xa9, 0x92, 0x15, 0xa7, 0x92, 0x0c, 0x00, 0x00, 0x00, 0x00, 0x00, 0x00, 0x00, 0x00, 0x00, 
    0x00, 0x00, 0x00, 0x00, 0x00, 0x00, 0x00, 0x00, 0x00, 0x00, 0x00, 0x00, 0x00, 0x00, 0x00, 0x00, 0x00, 0x00, 0x00, 0xf8, 0x01, 0x88, 0xa2, 0x13, 
    0xe9, 0xba, 0x5e, 0x05, 0xb2, 0xef, 0x83, 0xb1, 0xff, 0xa3, 0xb1, 0xfe, 0xa3, 0xb9, 0xff, 0xa3, 0xb9, 0xff, 0xa3, 0xb9, 0xff, 0xa3, 0xb9, 0xff, 
    0xa3, 0xb9, 0xfe, 0xa3, 0xb9, 0xfe, 0xe4, 0xb1, 0xfe, 0xc9, 0xba, 0x8e, 0x0c, 0xb3, 0x0d, 0x00, 0x78, 0x02, 0x00, 0x00, 0x00, 0x00, 0x00, 0x00, 
    0x00, 0x00, 0x00, 0x00, 0x00, 0x00, 0x00, 0x00, 0x00, 0xeb, 0x9a, 0x08, 0xea, 0xab, 0x06, 0x00, 0x00, 0x00, 0x00, 0x00, 0x00, 0x00, 0x00, 0x00, 
    0x00, 0x00, 0x00, 0x00, 0x00, 0x00, 0x00, 0x00, 0x00, 0x00, 0x00, 0x00, 0x00, 0x00, 0x00, 0xff, 0xff, 0x01, 0xff, 0xff, 0x01, 0x00, 0x00, 0x00, 
    0xff, 0xff, 0x80, 0xff, 0xff, 0xff, 0xff, 0xff, 0xff, 0xff, 0xff, 0xfb, 0xff, 0xff, 0xfe, 0xff, 0xff, 0xff, 0xff, 0xff, 0xff, 0xff, 0xff, 0xff, 
    0xff, 0xff, 0xff, 0xff, 0xff, 0xff, 0xff, 0xff, 0xff, 0xff, 0xff, 0xfe, 0xff, 0xff, 0xfc, 0xff, 0xff, 0xfb, 0xff, 0xff, 0xfb, 0xff, 0xff, 0xfc, 
    0xff, 0xff, 0xfd, 0xff, 0xff, 0xfd, 0xff, 0xff, 0xfc, 0xff, 0xff, 0xfb, 0xff, 0xff, 0xfb, 0xff, 0xff, 0xfd, 0xff, 0xff, 0xfe, 0xff, 0xff, 0xff, 
    0xff, 0xff, 0xff, 0xff, 0xff, 0xff, 0xff, 0xff, 0xff, 0xff, 0xff, 0xff, 0xff, 0xff, 0xff, 0xff, 0xff, 0xfc, 0xff, 0xff, 0xff, 0xff, 0xff, 0xff, 
    0xff, 0xff, 0x92, 0x00, 0x00, 0x00, 0x00, 0x00, 0x00, 0xff, 0xff, 0x01, 0x00, 0x00, 0x00, 0x00, 0x00, 0x00, 0x00, 0x00, 0x00, 0x00, 0x00, 0x00, 
    0x00, 0x00, 0x00, 0x00, 0x00, 0x00, 0x00, 0x00, 0x00, 0x00, 0x00, 0x00, 0x00, 0x00, 0x00, 0x00, 0x00, 0x00, 0x00, 0x00, 0x00, 0x00, 0x00, 0x00, 
    0x00, 0x00, 0x00, 0x00, 0x00, 0x00, 0x00, 0x00, 0x00, 0x00, 0x00, 0x00, 0xff, 0xff, 0x01, 0xff, 0xff, 0x01, 0xff, 0xff, 0x01, 0xff, 0xff, 0xc7, 
    0xff, 0xff, 0xff, 0xff, 0xff, 0xfc, 0xff, 0xff, 0xff, 0xff, 0xff, 0xff, 0xff, 0xff, 0xff, 0xff, 0xff, 0xff, 0xff, 0xff, 0xff, 0xff, 0xff, 0xff, 
    0xff, 0xff, 0xff, 0xff, 0xff, 0xfc, 0xff, 0xff, 0xfe, 0xff, 0xff, 0xc6, 0xff, 0xff, 0x01, 0xff, 0xff, 0x01, 0x00, 0x00, 0x00, 0x00, 0x00, 0x00, 
    0x00, 0x00, 0x00, 0x00, 0x00, 0x00, 0x00, 0x00, 0x00, 0x00, 0x00, 0x00, 0x00, 0x00, 0x00, 0x00, 0x00, 0x00, 0x00, 0x00, 0x00, 0x00, 0x00, 0x00, 
    0x00, 0x00, 0x00, 0x00, 0x00, 0x00, 0x00, 0x00, 0x00, 0x00, 0x00, 0x00, 0x00, 0x00, 0x00, 0x00, 0x00, 0x00, 0x00, 0x00, 0x00, 0x00, 0x00, 0x00, 
    0x00, 0x00, 0x00, 0x00, 0x00, 0x00, 0x00, 0x00, 0x00, 0x00, 0x00, 0x00, 0xff, 0xff, 0x03, 0x00, 0x00, 0x00, 0xff, 0xff, 0x30, 0xff, 0xff, 0xd5, 
    0xff, 0xff, 0xff, 0xff, 0xff, 0xfd, 0xff, 0xff, 0xfd, 0xff, 0xff, 0xff, 0xff, 0xff, 0xff, 0xff, 0xff, 0xff, 0xff, 0xff, 0xff, 0xff, 0xff, 0xff, 
    0xff, 0xff, 0xff, 0xff, 0xff, 0xff, 0xff, 0xff, 0xfd, 0xff, 0xff, 0xfb, 0xff, 0xff, 0xfb, 0xff, 0xff, 0xfc, 0xff, 0xff, 0xfd, 0xff, 0xff, 0xfd, 
    0xff, 0xff, 0xfc, 0xff, 0xff, 0xfb, 0xff, 0xff, 0xfb, 0xff, 0xff, 0xfc, 0xff, 0xff, 0xfe, 0xff, 0xff, 0xff, 0xff, 0xff, 0xff, 0xff, 0xff, 0xff, 
    0xff, 0xff, 0xff, 0xff, 0xff, 0xff, 0xff, 0xff, 0xff, 0xff, 0xff, 0xfe, 0xff, 0xff, 0xfb, 0xff, 0xff, 0xff, 0xff, 0xff, 0xe1, 0xff, 0xff, 0x32, 
    0x00, 0x00, 0x00, 0xff, 0xff, 0x02, 0x00, 0x00, 0x00, 0x00, 0x00, 0x00, 0x00, 0x00, 0x00, 0x00, 0x00, 0x00, 0x00, 0x00, 0x00, 0x00, 0x00, 0x00, 
    0x00, 0x00, 0x00, 0x00, 0x00, 0x00, 0x00, 0x00, 0x00, 0x00, 0x00, 0x00, 0xff, 0xff, 0x03, 0x00, 0x00, 0x00, 0xff, 0xff, 0x19, 0xff, 0xff, 0xc0, 
    0xff, 0xff, 0xff, 0xff, 0xff, 0xfd, 0xff, 0xff, 0xfc, 0xff, 0xff, 0xff, 0xff, 0xff, 0xff, 0xff, 0xff, 0xff, 0xff, 0xff, 0xff, 0xff, 0xff, 0xff, 
    0xff, 0xff, 0xff, 0xff, 0xff, 0xff, 0xff, 0xff, 0xfd, 0xff, 0xff, 0xfc, 0xff, 0xff, 0xfb, 0xff, 0xff, 0xfc, 0xff, 0xff, 0xfd, 0xff, 0xff, 0xfd, 
    0xff, 0xff, 0xfd, 0xff, 0xff, 0xfb, 0xff, 0xff, 0xfb, 0xff, 0xff, 0xfc, 0xff, 0xff, 0xfe, 0xff, 0xff, 0xff, 0xff, 0xff, 0xff, 0xff, 0xff, 0xff, 
    0xff, 0xff, 0xff, 0xff, 0xff, 0xff, 0xff, 0xff, 0xff, 0xff, 0xff, 0xfe, 0xff, 0xff, 0xfb, 0xff, 0xff, 0xff, 0xff, 0xff, 0xf6, 0xff, 0xff, 0x55, 
    0x00, 0x00, 0x00, 0xff, 0xff, 0x02, 0x00, 0x00, 0x00, 0x00, 0x00, 0x00, 0x00, 0x00, 0x00, 0x00, 0x00, 0x00, 0x00, 0x00, 0x00, 0x00, 0x00, 0x00, 
    0xff, 0xff, 0x04, 0x00, 0x00, 0x00, 0xff, 0xff, 0x8d, 0xff, 0xff, 0xff, 0xff, 0xff, 0xfc, 0xff, 0xff, 0xff, 0xff, 0xff, 0xff, 0xff, 0xff, 0xff, 
    0xff, 0xff, 0xff, 0xdf, 0xff, 0xff, 0x2f, 0xa4, 0xfb, 0x0d, 0xd4, 0xff, 0x83, 0xa9, 0xfe, 0x83, 0xb1, 0xfe, 0xa3, 0xb1, 0xff, 0x83, 0xb9, 0xff, 
    0xa3, 0xb9, 0xff, 0xa3, 0xb9, 0xff, 0xa3, 0xb9, 0xff, 0xa3, 0xb9, 0xff, 0xa3, 0xb9, 0xff, 0xa3, 0xb1, 0xfe, 0x83, 0xb1, 0xfd, 0xa3, 0xb1, 0xff, 
    0xc4, 0xb9, 0xff, 0xa3, 0xb9, 0xff, 0xa3, 0xb9, 0xff, 0xa3, 0xb9, 0xff, 0xa3, 0xb9, 0xff, 0xa3, 0xb9, 0xff, 0xa3, 0xb9, 0xff, 0xa3, 0xb9, 0xff, 
    0xa3, 0xb9, 0xff, 0xa3, 0xb9, 0xfe, 0x25, 0xba, 0xfc, 0x4a, 0xcb, 0xc3, 0x0a, 0xab, 0x62, 0xea, 0xa2, 0x13, 0xa8, 0x9a, 0x12, 0x26, 0x9b, 0x05, 
    0x00, 0x00, 0x00, 0x00, 0x00, 0x00, 0x00, 0x00, 0x00, 0xe0, 0x79, 0x04, 0x64, 0x79, 0x5d, 0xe7, 0x89, 0x10, 0xa9, 0x9a, 0x15, 0xa8, 0xa2, 0x24, 
    0xc9, 0xb2, 0x54, 0x0a, 0xc3, 0x8b, 0x46, 0xba, 0xe2, 0xa3, 0xb9, 0xff, 0xa3, 0xb9, 0xfe, 0xa3, 0xb9, 0xff, 0xa3, 0xb9, 0xff, 0xa3, 0xb9, 0xff, 
    0xa3, 0xb9, 0xff, 0xa3, 0xb9, 0xff, 0xa3, 0xb9, 0xfd, 0xc4, 0xb9, 0xff, 0x67, 0xba, 0xc1, 0x0b, 0xb3, 0x39, 0x86, 0x99, 0x05, 0x00, 0x00, 0x00, 
    0x05, 0xa2, 0x51, 0x04, 0xb2, 0xff, 0x05, 0xa2, 0xb7, 0xcb, 0xa2, 0x11, 0x68, 0xa2, 0x45, 0xc9, 0xb2, 0x84, 0xa7, 0xba, 0xd4, 0xc4, 0xb9, 0xff, 
    0x83, 0xb1, 0xfe, 0xa3, 0xb9, 0xff, 0xa3, 0xb9, 0xff, 0xa3, 0xb9, 0xff, 0xa3, 0xb9, 0xff, 0xa3, 0xb1, 0xff, 0xa3, 0xb9, 0xfe, 0x26, 0xba, 0xfc, 
    0xe9, 0xc2, 0xcc, 0x2b, 0xb3, 0x39, 0xe5, 0x99, 0xa1, 0xc3, 0xc1, 0xfd, 0xc4, 0xa1, 0xd3, 0x6d, 0x4b, 0x07, 0x00, 0x00, 0x00, 0x00, 0x00, 0x01, 
    0x00, 0x00, 0x00, 0x00, 0x00, 0x00, 0x00, 0x00, 0x00, 0x00, 0x00, 0x00, 0x00, 0x00, 0x00, 0xef, 0x7b, 0x02, 0x00, 0x00, 0x00, 0x88, 0xa2, 0x22, 
    0xe9, 0xb2, 0x6e, 0x87, 0xba, 0xdf, 0xe4, 0xb9, 0xff, 0xa3, 0xb1, 0xfe, 0xa3, 0xb9, 0xff, 0xa3, 0xb9, 0xff, 0xa3, 0xb9, 0xff, 0xa3, 0xb9, 0xff, 
    0xa3, 0xb9, 0xff, 0x83, 0xb1, 0xff, 0x05, 0xba, 0xfe, 0x87, 0xc2, 0xea, 0x05, 0xba, 0xf2, 0xc4, 0xb9, 0xff, 0xa3, 0xb9, 0xff, 0xa3, 0xb9, 0xff, 
    0xa3, 0xb9, 0xff, 0xa3, 0xb9, 0xff, 0xa3, 0xb9, 0xff, 0xa3, 0xb9, 0xff, 0xa3, 0xb9, 0xfe, 0xa3, 0xb9, 0xff, 0x25, 0xb2, 0xf4, 0x0a, 0xc3, 0x61, 
    0x49, 0x92, 0x0e, 0x00, 0x00, 0x00, 0x00, 0x00, 0x01, 0x00, 0x00, 0x00, 0x00, 0x00, 0x00, 0x00, 0x00, 0x00, 0xef, 0x7b, 0x02, 0x00, 0xf8, 0x01, 
    0x00, 0x00, 0x00, 0x86, 0x99, 0x05, 0x88, 0x92, 0x26, 0x86, 0x99, 0x05, 0x00, 0x00, 0x00, 0x00, 0x00, 0x00, 0xa7, 0xaa, 0x09, 0x00, 0x00, 0x00, 
    0x00, 0x00, 0x00, 0x00, 0x00, 0x00, 0x00, 0x00, 0x00, 0x00, 0x00, 0x00, 0x68, 0x92, 0x3d, 0xa8, 0x92, 0x35, 0xa9, 0xaa, 0x15, 0x26, 0x92, 0xf9, 
    0x87, 0xa2, 0x95, 0xf7, 0xbb, 0x04, 0x06, 0x92, 0x5f, 0x26, 0xa2, 0xe7, 0x26, 0x9a, 0x6d, 0x00, 0x00, 0x00, 0x00, 0x78, 0x02, 0x00, 0x00, 0x00, 
    0x00, 0x00, 0x00, 0x00, 0x00, 0x00, 0x00, 0x00, 0x00, 0x00, 0x00, 0x00, 0x00, 0x00, 0x00, 0x00, 0x00, 0x01, 0x00, 0x00, 0x00, 0x00, 0x00, 0x00, 
    0x00, 0x00, 0x00, 0x00, 0x78, 0x02, 0x00, 0xf8, 0x01, 0x88, 0xaa, 0x2e, 0xe9, 0xc2, 0x8b, 0x05, 0xb2, 0xfb, 0x83, 0xb1, 0xfe, 0xa3, 0xb1, 0xff, 
    0xa3, 0xb9, 0xff, 0xa3, 0xb9, 0xff, 0xa3, 0xb9, 0xff, 0xa3, 0xb9, 0xff, 0xa3, 0xb9, 0xfe, 0xa3, 0xb9, 0xff, 0x67, 0xba, 0xe1, 0x2b, 0xc3, 0x6a, 
    0x47, 0x92, 0x11, 0x00, 0x00, 0x00, 0x00, 0x00, 0x01, 0x00, 0x00, 0x00, 0x00, 0xf8, 0x01, 0x00, 0x00, 0x00, 0x47, 0x9a, 0x15, 0xc4, 0x99, 0xcc, 
    0xc4, 0x91, 0xa7, 0xaa, 0x52, 0x03, 0x00, 0xf8, 0x01, 0x00, 0x00, 0x00, 0x00, 0x00, 0x00, 0x00, 0x00, 0x00, 0x00, 0x00, 0x00, 0x00, 0x00, 0x00, 
    0xff, 0xff, 0x01, 0xff, 0xff, 0x02, 0xff, 0xff, 0x01, 0xff, 0xff, 0x9e, 0xff, 0xff, 0xff, 0xff, 0xff, 0xfd, 0xff, 0xff, 0xfd, 0xff, 0xff, 0xff, 
    0xff, 0xff, 0xff, 0xff, 0xff, 0xff, 0xff, 0xff, 0xff, 0xff, 0xff, 0xff, 0xff, 0xff, 0xff, 0xff, 0xff, 0xfd, 0xff, 0xff, 0xfc, 0xff, 0xff, 0xff, 
    0xff, 0xff, 0xff, 0xff, 0xff, 0xff, 0xff, 0xff, 0xff, 0xff, 0xff, 0xff, 0xff, 0xff, 0xff, 0xff, 0xff, 0xff, 0xff, 0xff, 0xff, 0xff, 0xff, 0xff, 
    0xff, 0xff, 0xff, 0xff, 0xff, 0xff, 0xff, 0xff, 0xff, 0xff, 0xff, 0xfc, 0xff, 0xff, 0xfe, 0xff, 0xff, 0xff, 0xff, 0xff, 0xff, 0xff, 0xff, 0xff, 
    0xff, 0xff, 0xff, 0xff, 0xff, 0xff, 0xff, 0xff, 0xfe, 0xff, 0xff, 0xfc, 0xff, 0xff, 0xff, 0xff, 0xff, 0xae, 0xff, 0xff, 0x0b, 0xff, 0xff, 0x02, 
    0xff, 0xff, 0x01, 0x00, 0x00, 0x00, 0x00, 0x00, 0x00, 0x00, 0x00, 0x00, 0x00, 0x00, 0x00, 0x00, 0x00, 0x00, 0x00, 0x00, 0x00, 0x00, 0x00, 0x00, 
    0x00, 0x00, 0x00, 0x00, 0x00, 0x00, 0x00, 0x00, 0x00, 0x00, 0x00, 0x00, 0x00, 0x00, 0x00, 0x00, 0x00, 0x00, 0x00, 0x00, 0x00, 0x00, 0x00, 0x00, 
    0xff, 0xff, 0x03, 0x00, 0x00, 0x00, 0xff, 0xff, 0x40, 0xff, 0xff, 0xff, 0xff, 0xff, 0xfd, 0xff, 0xff, 0xff, 0xff, 0xff, 0xff, 0xff, 0xff, 0xff, 
    0xff, 0xff, 0xff, 0xff, 0xff, 0xff, 0xff, 0xff, 0xff, 0xff, 0xff, 0xff, 0xff, 0xff, 0xff, 0xff, 0xff, 0xff, 0xff, 0xff, 0xfe, 0xff, 0xff, 0xff, 
    0xff, 0xff, 0x3e, 0xff, 0xff, 0x01, 0xff, 0xff, 0x03, 0x00, 0x00, 0x00, 0x00, 0x00, 0x00, 0x00, 0x00, 0x00, 0x00, 0x00, 0x00, 0x00, 0x00, 0x00, 
    0x00, 0x00, 0x00, 0x00, 0x00, 0x00, 0x00, 0x00, 0x00, 0x00, 0x00, 0x00, 0x00, 0x00, 0x00, 0x00, 0x00, 0x00, 0x00, 0x00, 0x00, 0x00, 0x00, 0x00, 
    0x00, 0x00, 0x00, 0x00, 0x00, 0x00, 0x00, 0x00, 0x00, 0x00, 0x00, 0x00, 0x00, 0x00, 0x00, 0x00, 0x00, 0x00, 0x00, 0x00, 0x00, 0xff, 0xff, 0x03, 
    0x00, 0x00, 0x00, 0xff, 0xff, 0x3b, 0xff, 0xff, 0xeb, 0xff, 0xff, 0xff, 0xff, 0xff, 0xfb, 0xff, 0xff, 0xff, 0xff, 0xff, 0xff, 0xff, 0xff, 0xff, 
    0xff, 0xff, 0xff, 0xff, 0xff, 0xff, 0xff, 0xff, 0xff, 0xff, 0xff, 0xfe, 0xff, 0xff, 0xfc, 0xff, 0xff, 0xfe, 0xff, 0xff, 0xff, 0xff, 0xff, 0xff, 
    0xff, 0xff, 0xff, 0xff, 0xff, 0xff, 0xff, 0xff, 0xff, 0xff, 0xff, 0xff, 0xff, 0xff, 0xff, 0xff, 0xff, 0xff, 0xff, 0xff, 0xff, 0xff, 0xff, 0xff, 
    0xff, 0xff, 0xff, 0xff, 0xff, 0xfc, 0xff, 0xff, 0xfd, 0xff, 0xff, 0xff, 0xff, 0xff, 0xff, 0xff, 0xff, 0xff, 0xff, 0xff, 0xff, 0xff, 0xff, 0xff, 
    0xff, 0xff, 0xff, 0xff, 0xff, 0xfb, 0xff, 0xff, 0xff, 0xff, 0xff, 0xf0, 0xff, 0xff, 0x4a, 0xff, 0xff, 0x01, 0xff, 0xff, 0x02, 0x00, 0x00, 0x00, 
    0x00, 0x00, 0x00, 0x00, 0x00, 0x00, 0x00, 0x00, 0x00, 0x00, 0x00, 0x00, 0x00, 0x00, 0x00, 0x00, 0x00, 0x00, 0x00, 0x00, 0x00, 0xff, 0xff, 0x02, 
    0x00, 0x00, 0x00, 0xff, 0xff, 0x1d, 0xff, 0xff, 0xd5, 0xff, 0xff, 0xff, 0xff, 0xff, 0xfb, 0xff, 0xff, 0xff, 0xff, 0xff, 0xff, 0xff, 0xff, 0xff, 
    0xff, 0xff, 0xff, 0xff, 0xff, 0xff, 0xff, 0xff, 0xff, 0xff, 0xff, 0xfe, 0xff, 0xff, 0xfc, 0xff, 0xff, 0xfd, 0xff, 0xff, 0xff, 0xff, 0xff, 0xff, 
    0xff, 0xff, 0xff, 0xff, 0xff, 0xff, 0xff, 0xff, 0xff, 0xff, 0xff, 0xff, 0xff, 0xff, 0xff, 0xff, 0xff, 0xff, 0xff, 0xff, 0xff, 0xff, 0xff, 0xff, 
    0xff, 0xff, 0xff, 0xff, 0xff, 0xfc, 0xff, 0xff, 0xfc, 0xff, 0xff, 0xff, 0xff, 0xff, 0xff, 0xff, 0xff, 0xff, 0xff, 0xff, 0xff, 0xff, 0xff, 0xff, 
    0xff, 0xff, 0xff, 0xff, 0xff, 0xfc, 0xff, 0xff, 0xff, 0xff, 0xff, 0xfc, 0xff, 0xff, 0x6d, 0x00, 0x00, 0x00, 0xff, 0xff, 0x01, 0x00, 0x00, 0x00, 
    0x00, 0x00, 0x00, 0x00, 0x00, 0x00, 0x00, 0x00, 0x00, 0x00, 0x00, 0x00, 0xff, 0xff, 0x04, 0x00, 0x00, 0x00, 0xff, 0xff, 0x8e, 0xff, 0xff, 0xff, 
    0xff, 0xff, 0xfc, 0xff, 0xff, 0xff, 0xff, 0xff, 0xff, 0xff, 0xff, 0xff, 0xff, 0xff, 0xff, 0xff, 0xff, 0xff, 0xce, 0xab, 0xff, 0x87, 0xba, 0xff, 
    0x62, 0xb1, 0xff, 0xa3, 0xb1, 0xff, 0xa3, 0xb1, 0xff, 0xa3, 0xb9, 0xff, 0xa3, 0xb9, 0xff, 0xa3, 0xb9, 0xff, 0xa3, 0xb9, 0xff, 0xa3, 0xb9, 0xff, 
    0x83, 0xb1, 0xfe, 0x82, 0xb1, 0xff, 0xa3, 0xb1, 0xff, 0x46, 0xba, 0xf6, 0xa7, 0xca, 0xed, 0xc4, 0xb1, 0xfc, 0xa3, 0xb9, 0xff, 0x83, 0xb1, 0xff, 
    0xa3, 0xb9, 0xff, 0xa3, 0xb9, 0xff, 0xa3, 0xb9, 0xff, 0xa3, 0xb9, 0xff, 0xa3, 0xb9, 0xff, 0xa3, 0xb9, 0xfe, 0xa3, 0xb1, 0xff, 0xa8, 0xc2, 0xdd, 
    0x4a, 0xc3, 0x7a, 0x67, 0x9a, 0x1d, 0xaa, 0xaa, 0x0f, 0x49, 0x92, 0x07, 0x00, 0x00, 0x00, 0x00, 0x00, 0x00, 0x00, 0x00, 0x00, 0xe7, 0x79, 0x04, 
    0xc4, 0x79, 0x1a, 0x47, 0x9a, 0x15, 0x48, 0xa2, 0x31, 0xc9, 0xb2, 0x51, 0xc8, 0xba, 0x8d, 0x05, 0xb2, 0xef, 0xc4, 0xb9, 0xff, 0xa3, 0xb9, 0xfe, 
    0xa3, 0xb9, 0xff, 0xa3, 0xb9, 0xff, 0xa3, 0xb9, 0xff, 0xa3, 0xb9, 0xff, 0xa3, 0xb9, 0xff, 0xa3, 0xb9, 0xff, 0xa3, 0xb1, 0xff, 0x25, 0xba, 0xff, 
    0x2a, 0xc3, 0x8b, 0xa9, 0xa2, 0x20, 0x27, 0x92, 0x24, 0x68, 0x92, 0x17, 0xe4, 0x91, 0x48, 0x05, 0xa2, 0xd2, 0x05, 0x9a, 0x42, 0xeb, 0xba, 0x08, 
    0x27, 0x9a, 0x24, 0xa9, 0xaa, 0x55, 0xa8, 0xc2, 0xb8, 0xc4, 0xb1, 0xff, 0xa3, 0xb1, 0xfe, 0xa3, 0xb9, 0xff, 0xa3, 0xb9, 0xff, 0xa3, 0xb9, 0xff, 
    0xa3, 0xb9, 0xff, 0xa3, 0xb9, 0xfe, 0xa4, 0xb9, 0xff, 0x87, 0xc2, 0xf3, 0x29, 0xc3, 0xd6, 0x0a, 0xab, 0x4a, 0x06, 0x92, 0x56, 0xc4, 0xa9, 0xff, 
    0xc4, 0x99, 0xcb, 0x55, 0x55, 0x03, 0x00, 0xf8, 0x01, 0x00, 0x00, 0x01, 0x00, 0x00, 0x00, 0x00, 0x00, 0x00, 0x00, 0x00, 0x00, 0x00, 0x00, 0x01, 
    0xaa, 0xaa, 0x03, 0xef, 0x7b, 0x02, 0x88, 0xa2, 0x13, 0x68, 0x9a, 0x1e, 0xea, 0xba, 0x3e, 0x87, 0xba, 0xd1, 0xe4, 0xb9, 0xff, 0xa3, 0xb9, 0xfe, 
    0xa3, 0xb9, 0xff, 0xa3, 0xb9, 0xff, 0xa3, 0xb9, 0xff, 0xa3, 0xb9, 0xff, 0xa3, 0xb1, 0xff, 0xa3, 0xb9, 0xff, 0x05, 0xba, 0xfd, 0xc8, 0xca, 0xc8, 
    0x87, 0xc2, 0xdb, 0xe4, 0xb9, 0xff, 0xa3, 0xb9, 0xfe, 0xa3, 0xb9, 0xff, 0xa3, 0xb9, 0xff, 0xa3, 0xb9, 0xff, 0xa3, 0xb9, 0xff, 0xc4, 0xb9, 0xff, 
    0xc4, 0xb9, 0xff, 0xa3, 0xb9, 0xfd, 0x05, 0xba, 0xff, 0xe9, 0xba, 0x84, 0xef, 0x79, 0x04, 0xaa, 0xaa, 0x03, 0x26, 0x9b, 0x05, 0xff, 0xff, 0x01, 
    0x00, 0x00, 0x01, 0xaa, 0xaa, 0x03, 0xef, 0x7b, 0x02, 0xeb, 0x9a, 0x08, 0x09, 0xb3, 0x0d, 0xc9, 0xa2, 0x11, 0xc9, 0xa2, 0x28, 0xa9, 0xa2, 0x1d, 
    0xa8, 0xa2, 0x20, 0xa9, 0xa2, 0x21, 0xe8, 0xba, 0x0b, 0xa8, 0xaa, 0x0f, 0xaa, 0xaa, 0x09, 0x28, 0xa2, 0x0b, 0x88, 0x92, 0x13, 0x00, 0x00, 0x00, 
    0x28, 0x8a, 0x0b, 0x47, 0x82, 0x51, 0xe8, 0xa2, 0x0b, 0x67, 0x92, 0x4f, 0xa8, 0x9a, 0x33, 0x67, 0x9a, 0x0d, 0x8a, 0xab, 0x09, 0xc9, 0x8a, 0x14, 
    0xaa, 0x7a, 0x06, 0x00, 0xf8, 0x01, 0x00, 0x00, 0x00, 0x00, 0x00, 0x00, 0x00, 0x00, 0x00, 0x00, 0x00, 0x00, 0x00, 0x00, 0x00, 0x00, 0x00, 0x00, 
    0x00, 0x00, 0x00, 0x00, 0x00, 0x00, 0x00, 0x00, 0x00, 0x00, 0x00, 0x00, 0x00, 0x00, 0x00, 0x00, 0x00, 0x00, 0x49, 0x92, 0x15, 0xa9, 0xaa, 0x46, 
    0x87, 0xba, 0xd5, 0xe4, 0xb9, 0xff, 0x83, 0xb1, 0xfe, 0xa3, 0xb1, 0xff, 0xa3, 0xb9, 0xff, 0xa3, 0xb9, 0xff, 0xa3, 0xb9, 0xff, 0xa3, 0xb9, 0xff, 
    0xa3, 0xb9, 0xff, 0x05, 0xba, 0xfb, 0x2a, 0xcb, 0xa7, 0xca, 0xb2, 0x35, 0x00, 0x00, 0x01, 0x00, 0xf8, 0x01, 0x00, 0x00, 0x00, 0x00, 0x00, 0x00, 
    0xe0, 0x7b, 0x02, 0x00, 0x00, 0x00, 0x47, 0x9a, 0x1f, 0xa4, 0x91, 0xf4, 0xa4, 0x89, 0xcb, 0x2c, 0x63, 0x05, 0x00, 0x00, 0x01, 0x00, 0x00, 0x01, 
    0x00, 0x00, 0x00, 0x00, 0x00, 0x00, 0x00, 0x00, 0x00, 0x00, 0x00, 0x00, 0xff, 0xff, 0x03, 0x00, 0x00, 0x00, 0xff, 0xff, 0x99, 0xff, 0xff, 0xff, 
    0xff, 0xff, 0xfa, 0xff, 0xff, 0xfe, 0xff, 0xff, 0xff, 0xff, 0xff, 0xff, 0xff, 0xff, 0xff, 0xff, 0xff, 0xff, 0xff, 0xff, 0xff, 0xff, 0xff, 0xfd, 
    0xff, 0xff, 0xfd, 0xff, 0xff, 0xff, 0xff, 0xff, 0xff, 0xff, 0xff, 0xed, 0xff, 0xff, 0xbb, 0xff, 0xff, 0x84, 0xff, 0xff, 0x72, 0xff, 0xff, 0x5c, 
    0xff, 0xff, 0x50, 0xff, 0xff, 0x57, 0xff, 0xff, 0x60, 0xff, 0xff, 0x77, 0xff, 0xff, 0x9e, 0xff, 0xff, 0xd3, 0xff, 0xff, 0xff, 0xff, 0xff, 0xff, 
    0xff, 0xff, 0xff, 0xff, 0xff, 0xfc, 0xff, 0xff, 0xff, 0xff, 0xff, 0xff, 0xff, 0xff, 0xff, 0xff, 0xff, 0xff, 0xff, 0xff, 0xff, 0xff, 0xff, 0xfa, 
    0xff, 0xff, 0xff, 0xff, 0xff, 0xba, 0xff, 0xff, 0x0c, 0xff, 0xff, 0x01, 0xff, 0xff, 0x01, 0x00, 0x00, 0x00, 0x00, 0x00, 0x00, 0x00, 0x00, 0x00, 
    0x00, 0x00, 0x00, 0x00, 0x00, 0x00, 0x00, 0x00, 0x00, 0x00, 0x00, 0x00, 0x00, 0x00, 0x00, 0x00, 0x00, 0x00, 0x00, 0x00, 0x00, 0x00, 0x00, 0x00, 
    0x00, 0x00, 0x00, 0x00, 0x00, 0x00, 0x00, 0x00, 0x00, 0x00, 0x00, 0x00, 0xff, 0xff, 0x02, 0x00, 0x00, 0x00, 0xff, 0xff, 0xb1, 0xff, 0xff, 0xff, 
    0xff, 0xff, 0xfc, 0xff, 0xff, 0xff, 0xff, 0xff, 0xff, 0xff, 0xff, 0xff, 0xff, 0xff, 0xff, 0xff, 0xff, 0xfd, 0xff, 0xff, 0xff, 0xff, 0xff, 0xff, 
    0xff, 0xff, 0xff, 0xff, 0xff, 0xff, 0xff, 0xff, 0xfb, 0xff, 0xff, 0xff, 0xff, 0xff, 0xa9, 0x00, 0x00, 0x00, 0xff, 0xff, 0x03, 0x00, 0x00, 0x00, 
    0x00, 0x00, 0x00, 0x00, 0x00, 0x00, 0x00, 0x00, 0x00, 0x00, 0x00, 0x00, 0x00, 0x00, 0x00, 0x00, 0x00, 0x00, 0x00, 0x00, 0x00, 0x00, 0x00, 0x00, 
    0x00, 0x00, 0x00, 0x00, 0x00, 0x00, 0x00, 0x00, 0x00, 0x00, 0x00, 0x00, 0x00, 0x00, 0x00, 0x00, 0x00, 0x00, 0x00, 0x00, 0x00, 0x00, 0x00, 0x00, 
    0x00, 0x00, 0x00, 0x00, 0x00, 0x00, 0xff, 0xff, 0x02, 0x00, 0x00, 0x00, 0xff, 0xff, 0x2f, 0xff, 0xff, 0xec, 0xff, 0xff, 0xff, 0xff, 0xff, 0xfc, 
    0xff, 0xff, 0xff, 0xff, 0xff, 0xff, 0xff, 0xff, 0xff, 0xff, 0xff, 0xff, 0xff, 0xff, 0xff, 0xff, 0xff, 0xff, 0xff, 0xff, 0xfc, 0xff, 0xff, 0xff, 
    0xff, 0xff, 0xff, 0xff, 0xff, 0xff, 0xff, 0xff, 0xd7, 0xff, 0xff, 0xa2, 0xff, 0xff, 0x78, 0xff, 0xff, 0x5e, 0xff, 0xff, 0x54, 0xff, 0xff, 0x4f, 
    0xff, 0xff, 0x5f, 0xff, 0xff, 0x72, 0xff, 0xff, 0x95, 0xff, 0xff, 0xc3, 0xff, 0xff, 0xf3, 0xff, 0xff, 0xff, 0xff, 0xff, 0xff, 0xff, 0xff, 0xfd, 
    0xff, 0xff, 0xfd, 0xff, 0xff, 0xff, 0xff, 0xff, 0xff, 0xff, 0xff, 0xff, 0xff, 0xff, 0xff, 0xff, 0xff, 0xfd, 0xff, 0xff, 0xfe, 0xff, 0xff, 0xf2, 
    0xff, 0xff, 0x46, 0x00, 0x00, 0x00, 0xff, 0xff, 0x02, 0x00, 0x00, 0x00, 0x00, 0x00, 0x00, 0x00, 0x00, 0x00, 0x00, 0x00, 0x00, 0x00, 0x00, 0x00, 
    0x00, 0x00, 0x00, 0x00, 0x00, 0x00, 0xff, 0xff, 0x01, 0xff, 0xff, 0x01, 0xff, 0xff, 0x16, 0xff, 0xff, 0xd3, 0xff, 0xff, 0xff, 0xff, 0xff, 0xfb, 
    0xff, 0xff, 0xff, 0xff, 0xff, 0xff, 0xff, 0xff, 0xff, 0xff, 0xff, 0xff, 0xff, 0xff, 0xff, 0xff, 0xff, 0xff, 0xff, 0xff, 0xfc, 0xff, 0xff, 0xff, 
    0xff, 0xff, 0xff, 0xff, 0xff, 0xff, 0xff, 0xff, 0xdc, 0xff, 0xff, 0xa9, 0xff, 0xff, 0x7d, 0xff, 0xff, 0x63, 0xff, 0xff, 0x52, 0xff, 0xff, 0x51, 
    0xff, 0xff, 0x57, 0xff, 0xff, 0x70, 0xff, 0xff, 0x8b, 0xff, 0xff, 0xbd, 0xff, 0xff, 0xe8, 0xff, 0xff, 0xff, 0xff, 0xff, 0xff, 0xff, 0xff, 0xff, 
    0xff, 0xff, 0xfd, 0xff, 0xff, 0xff, 0xff, 0xff, 0xff, 0xff, 0xff, 0xff, 0xff, 0xff, 0xff, 0xff, 0xff, 0xff, 0xff, 0xff, 0xf9, 0xff, 0xff, 0xff, 
    0xff, 0xff, 0x96, 0x00, 0x00, 0x00, 0xff, 0xff, 0x01, 0x00, 0x00, 0x00, 0x00, 0x00, 0x00, 0x00, 0x00, 0x00, 0x00, 0x00, 0x00, 0x00, 0x00, 0x00, 
    0xff, 0xff, 0x04, 0x00, 0x00, 0x00, 0xff, 0xff, 0x8e, 0xff, 0xff, 0xff, 0xff, 0xff, 0xfc, 0xff, 0xff, 0xff, 0xff, 0xff, 0xff, 0xff, 0xff, 0xff, 
    0xff, 0xff, 0xff, 0xb6, 0xc5, 0xff, 0x63, 0x79, 0xff, 0x05, 0xba, 0xff, 0x83, 0xb1, 0xff, 0xa3, 0xb1, 0xff, 0xa3, 0xb9, 0xff, 0xa3, 0xb9, 0xff, 
    0xa3, 0xb9, 0xff, 0xa3, 0xb9, 0xff, 0xa3, 0xb9, 0xff, 0xa3, 0xb9, 0xfe, 0xa3, 0xb1, 0xff, 0x05, 0xb2, 0xf8, 0xa8, 0xc2, 0xbf, 0xe9, 0xc2, 0xbd, 
    0xe9, 0xc2, 0xdb, 0x46, 0xba, 0xf7, 0xa3, 0xb1, 0xff, 0x83, 0xb1, 0xff, 0xa3, 0xb9, 0xff, 0xa3, 0xb9, 0xff, 0xa3, 0xb9, 0xff, 0xa3, 0xb9, 0xff, 
    0xa3, 0xb9, 0xff, 0xa4, 0xb9, 0xff, 0xa3, 0xb1, 0xfe, 0x05, 0xba, 0xff, 0xc8, 0xba, 0xd4, 0xa9, 0xa2, 0x49, 0xa8, 0x9a, 0x24, 0xa8, 0xa2, 0x21, 
    0x00, 0x00, 0x00, 0x00, 0x00, 0x00, 0xef, 0x7b, 0x02, 0xaa, 0xaa, 0x06, 0xaa, 0xaa, 0x09, 0x48, 0xa2, 0x36, 0xa8, 0xb2, 0x61, 0x88, 0xba, 0xa4, 
    0xe5, 0xb1, 0xf5, 0xa3, 0xb1, 0xff, 0xa3, 0xb9, 0xfe, 0xa3, 0xb9, 0xff, 0xa3, 0xb9, 0xff, 0xa3, 0xb9, 0xff, 0xa3, 0xb9, 0xff, 0x83, 0xb1, 0xff, 
    0x83, 0xb1, 0xff, 0xa3, 0xb9, 0xfe, 0x04, 0xba, 0xff, 0xc8, 0xc2, 0xc8, 0xea, 0xb2, 0x66, 0x89, 0x9a, 0x28, 0x88, 0x9a, 0x32, 0x67, 0x92, 0x1e, 
    0x00, 0x00, 0x00, 0xaa, 0x2a, 0x06, 0x00, 0x00, 0x00, 0x00, 0x00, 0x00, 0x47, 0xa2, 0x1b, 0x88, 0xaa, 0x49, 0x87, 0xba, 0xbd, 0xe4, 0xb9, 0xff, 
    0x83, 0xb1, 0xfe, 0xa3, 0xb9, 0xff, 0xa3, 0xb9, 0xff, 0xa3, 0xb9, 0xff, 0x83, 0xb1, 0xff, 0xa3, 0xb1, 0xff, 0xa3, 0xb1, 0xfe, 0x26, 0xba, 0xfc, 
    0xe9, 0xc2, 0xc9, 0xe9, 0xaa, 0x53, 0x2c, 0x9b, 0x0a, 0x06, 0x92, 0x62, 0x06, 0x9a, 0x3e, 0x00, 0x00, 0x00, 0x00, 0xf8, 0x01, 0x00, 0x00, 0x00, 
    0x00, 0x00, 0x00, 0x00, 0x00, 0x00, 0x00, 0x00, 0x00, 0x00, 0x00, 0x00, 0xaa, 0xaa, 0x0c, 0x00, 0x78, 0x02, 0x89, 0xa2, 0x23, 0xc9, 0xb2, 0x37, 
    0x26, 0xb2, 0xa0, 0xc4, 0xb1, 0xfd, 0xa3, 0xb1, 0xff, 0xa3, 0xb9, 0xff, 0xa3, 0xb9, 0xff, 0xa3, 0xb9, 0xff, 0xa3, 0xb9, 0xff, 0xa3, 0xb9, 0xff, 
    0xa3, 0xb1, 0xff, 0x83, 0xb1, 0xff, 0x25, 0xba, 0xff, 0xe9, 0xc2, 0xc5, 0x87, 0xba, 0xea, 0x25, 0xc2, 0xff, 0x83, 0xb1, 0xff, 0xa3, 0xb9, 0xff, 
    0xa4, 0xb9, 0xff, 0xa3, 0xb9, 0xff, 0xa3, 0xb9, 0xff, 0xa3, 0xb9, 0xff, 0xa3, 0xb9, 0xff, 0xa3, 0xb9, 0xfe, 0xe5, 0xb9, 0xff, 0xc9, 0xba, 0x8d, 
    0xca, 0xa2, 0x2a, 0xc8, 0xa2, 0x1a, 0x8a, 0xab, 0x09, 0x27, 0x8a, 0x59, 0x27, 0x8a, 0x19, 0x26, 0x9b, 0x05, 0x69, 0x9a, 0x17, 0xc9, 0xa2, 0x1c, 
    0xc9, 0xa2, 0x34, 0xa9, 0xa2, 0x40, 0xe9, 0xaa, 0x47, 0xc9, 0xaa, 0x70, 0x0a, 0xb3, 0x59, 0xc9, 0xaa, 0x56, 0xe9, 0xa2, 0x34, 0xc9, 0x9a, 0x25, 
    0xa8, 0xa2, 0x1d, 0x66, 0x9a, 0x0a, 0x67, 0x9a, 0x14, 0x86, 0x99, 0x05, 0xaa, 0xaa, 0x09, 0x69, 0x8a, 0x14, 0x49, 0x92, 0x07, 0xff, 0xff, 0x01, 
    0xa8, 0x92, 0x21, 0x49, 0x92, 0x11, 0x67, 0x92, 0x21, 0x67, 0x9a, 0x10, 0xaa, 0xaa, 0x03, 0x00, 0x00, 0x00, 0x00, 0x00, 0x00, 0x00, 0x00, 0x00, 
    0x00, 0x00, 0x00, 0x00, 0x00, 0x00, 0x00, 0x00, 0x00, 0x00, 0x00, 0x00, 0x00, 0x00, 0x00, 0x00, 0x00, 0x00, 0x00, 0x00, 0x00, 0x00, 0x00, 0x01, 
    0xe7, 0xbb, 0x04, 0x47, 0x8a, 0x5d, 0x47, 0x92, 0x34, 0xe9, 0xc2, 0x76, 0x46, 0xba, 0xf5, 0xa3, 0xb1, 0xff, 0xa3, 0xb1, 0xfe, 0xa3, 0xb1, 0xff, 
    0xa3, 0xb9, 0xff, 0xa3, 0xb9, 0xff, 0xa3, 0xb9, 0xff, 0xa3, 0xb9, 0xff, 0xa3, 0xb9, 0xff, 0x05, 0xb2, 0xff, 0xe9, 0xba, 0x84, 0xcb, 0xb2, 0x1a, 
    0x00, 0x78, 0x02, 0x00, 0x00, 0x01, 0x00, 0x00, 0x00, 0x00, 0x00, 0x00, 0x00, 0x00, 0x00, 0x00, 0x00, 0x00, 0x00, 0x00, 0x00, 0x05, 0x8a, 0x27, 
    0x46, 0x92, 0x1c, 0x00, 0x00, 0x00, 0x00, 0xf8, 0x01, 0x00, 0x00, 0x00, 0x00, 0x00, 0x00, 0x00, 0x00, 0x00, 0x00, 0x00, 0x00, 0xff, 0xff, 0x03, 
    0x00, 0x00, 0x00, 0xff, 0xff, 0x75, 0xff, 0xff, 0xff, 0xff, 0xff, 0xfb, 0xff, 0xff, 0xfe, 0xff, 0xff, 0xff, 0xff, 0xff, 0xff, 0xff, 0xff, 0xff, 
    0xff, 0xff, 0xff, 0xff, 0xff, 0xff, 0xff, 0xff, 0xfc, 0xff, 0xff, 0xff, 0xff, 0xff, 0xff, 0xff, 0xff, 0xc7, 0xff, 0xff, 0x61, 0xff, 0xff, 0x19, 
    0x00, 0x00, 0x00, 0x00, 0x00, 0x00, 0x00, 0x00, 0x00, 0x00, 0x00, 0x00, 0x00, 0x00, 0x00, 0x00, 0x00, 0x00, 0x00, 0x00, 0x00, 0x00, 0x00, 0x00, 
    0x00, 0x00, 0x00, 0xff, 0xff, 0x02, 0xff, 0xff, 0x39, 0xff, 0xff, 0x92, 0xff, 0xff, 0xee, 0xff, 0xff, 0xff, 0xff, 0xff, 0xfd, 0xff, 0xff, 0xfe, 
    0xff, 0xff, 0xff, 0xff, 0xff, 0xff, 0xff, 0xff, 0xfb, 0xff, 0xff, 0xff, 0xff, 0xff, 0xb7, 0xff, 0xff, 0x07, 0x00, 0x00, 0x00, 0xff, 0xff, 0x01, 
    0x00, 0x00, 0x00, 0x00, 0x00, 0x00, 0x00, 0x00, 0x00, 0x00, 0x00, 0x00, 0x00, 0x00, 0x00, 0x00, 0x00, 0x00, 0x00, 0x00, 0x00, 0x00, 0x00, 0x00, 
    0x00, 0x00, 0x00, 0x00, 0x00, 0x00, 0x00, 0x00, 0x00, 0x00, 0x00, 0x00, 0x00, 0x00, 0x00, 0x00, 0x00, 0x00, 0x00, 0x00, 0x00, 0xff, 0xff, 0x02, 
    0x00, 0x00, 0x00, 0xff, 0xff, 0x2f, 0xff, 0xff, 0xfa, 0xff, 0xff, 0xfe, 0xff, 0xff, 0xff, 0xff, 0xff, 0xff, 0xff, 0xff, 0xff, 0xff, 0xff, 0xff, 
    0xff, 0xff, 0xff, 0xff, 0xff, 0xff, 0xff, 0xff, 0xff, 0xff, 0xff, 0xff, 0xff, 0xff, 0xff, 0xff, 0xff, 0xff, 0xff, 0xff, 0xfe, 0xff, 0xff, 0xfe, 
    0xff, 0xff, 0xf5, 0xff, 0xff, 0x24, 0xff, 0xff, 0x01, 0xff, 0xff, 0x02, 0x00, 0x00, 0x00, 0x00, 0x00, 0x00, 0x00, 0x00, 0x00, 0x00, 0x00, 0x00, 
    0x00, 0x00, 0x00, 0x00, 0x00, 0x00, 0x00, 0x00, 0x00, 0x00, 0x00, 0x00, 0x00, 0x00, 0x00, 0x00, 0x00, 0x00, 0x00, 0x00, 0x00, 0x00, 0x00, 0x00, 
    0x00, 0x00, 0x00, 0x00, 0x00, 0x00, 0x00, 0x00, 0x00, 0x00, 0x00, 0x00, 0x00, 0x00, 0x00, 0xff, 0xff, 0x01, 0xff, 0xff, 0x02, 0xff, 0xff, 0x11, 
    0xff, 0xff, 0xda, 0xff, 0xff, 0xff, 0xff, 0xff, 0xfc, 0xff, 0xff, 0xff, 0xff, 0xff, 0xff, 0xff, 0xff, 0xff, 0xff, 0xff, 0xff, 0xff, 0xff, 0xff, 
    0xff, 0xff, 0xfe, 0xff, 0xff, 0xfc, 0xff, 0xff, 0xff, 0xff, 0xff, 0xf3, 0xff, 0xff, 0x9b, 0xff, 0xff, 0x3f, 0xff, 0xff, 0x04, 0x00, 0x00, 0x00, 
    0x00, 0x00, 0x00, 0x00, 0x00, 0x00, 0x00, 0x00, 0x00, 0x00, 0x00, 0x00, 0x00, 0x00, 0x00, 0x00, 0x00, 0x00, 0x00, 0x00, 0x00, 0x00, 0x00, 0x00, 
    0xff, 0xff, 0x23, 0xff, 0xff, 0x6c, 0xff, 0xff, 0xcb, 0xff, 0xff, 0xff, 0xff, 0xff, 0xff, 0xff, 0xff, 0xfc, 0xff, 0xff, 0xff, 0xff, 0xff, 0xff, 
    0xff, 0xff, 0xfd, 0xff, 0xff, 0xff, 0xff, 0xff, 0xf2, 0xff, 0xff, 0x3d, 0x00, 0x00, 0x00, 0xff, 0xff, 0x02, 0x00, 0x00, 0x00, 0x00, 0x00, 0x00, 
    0x00, 0x00, 0x00, 0x00, 0x00, 0x00, 0x00, 0x00, 0x00, 0x00, 0x00, 0x00, 0x00, 0x00, 0x00, 0x00, 0x00, 0x00, 0xff, 0xff, 0x03, 0x00, 0x00, 0x00, 
    0xff, 0xff, 0xb7, 0xff, 0xff, 0xff, 0xff, 0xff, 0xfb, 0xff, 0xff, 0xff, 0xff, 0xff, 0xff, 0xff, 0xff, 0xff, 0xff, 0xff, 0xff, 0xff, 0xff, 0xff, 
    0xff, 0xff, 0xff, 0xff, 0xff, 0xfc, 0xff, 0xff, 0xff, 0xff, 0xff, 0xfa, 0xff, 0xff, 0xa6, 0xff, 0xff, 0x48, 0xff, 0xff, 0x0b, 0x00, 0x00, 0x00, 
    0x00, 0x00, 0x00, 0x00, 0x00, 0x00, 0x00, 0x00, 0x00, 0x00, 0x00, 0x00, 0x00, 0x00, 0x00, 0x00, 0x00, 0x00, 0x00, 0x00, 0x00, 0x00, 0x00, 0x00, 
    0xff, 0xff, 0x15, 0xff, 0xff, 0x57, 0xff, 0xff, 0xb3, 0xff, 0xff, 0xff, 0xff, 0xff, 0xff, 0xff, 0xff, 0xfc, 0xff, 0xff, 0xfe, 0xff, 0xff, 0xff, 
    0xff, 0xff, 0xfe, 0xff, 0xff, 0xfa, 0xff, 0xff, 0xff, 0xff, 0xff, 0x98, 0x00, 0x00, 0x00, 0xff, 0xff, 0x02, 0xff, 0xff, 0x01, 0x00, 0x00, 0x00, 
    0x00, 0x00, 0x00, 0x00, 0x00, 0x00, 0x00, 0x00, 0x00, 0x00, 0x00, 0x00, 0xff, 0xff, 0x04, 0x00, 0x00, 0x00, 0xff, 0xff, 0x8e, 0xff, 0xff, 0xff, 
    0xff, 0xff, 0xfc, 0xff, 0xff, 0xff, 0xff, 0xff, 0xff, 0xff, 0xff, 0xff, 0xff, 0xff, 0xff, 0x2b, 0x8b, 0xff, 0xc0, 0x80, 0xff, 0xa4, 0xb9, 0xff, 
    0xa3, 0xb1, 0xff, 0xa3, 0xb9, 0xff, 0xa3, 0xb9, 0xff, 0xa3, 0xb9, 0xff, 0xa3, 0xb9, 0xff, 0xa3, 0xb9, 0xff, 0xa3, 0xb9, 0xfe, 0xa3, 0xb1, 0xfe, 
    0x25, 0xba, 0xf6, 0xe9, 0xc2, 0x8d, 0x0a, 0xb3, 0x69, 0xea, 0xb2, 0x78, 0xc8, 0xba, 0xac, 0xa8, 0xc2, 0xfa, 0xe4, 0xb9, 0xfe, 0x83, 0xb1, 0xff, 
    0xa4, 0xb9, 0xff, 0xa3, 0xb9, 0xff, 0xa3, 0xb9, 0xff, 0xa3, 0xb9, 0xff, 0xa3, 0xb9, 0xff, 0xa4, 0xb9, 0xff, 0xa3, 0xb9, 0xfe, 0xc4, 0xb1, 0xff, 
    0xa8, 0xba, 0xb0, 0x0a, 0xab, 0x42, 0x88, 0x9a, 0x40, 0xa8, 0xa2, 0x27, 0xa7, 0xaa, 0x0c, 0x89, 0x9a, 0x1c, 0xa9, 0x9a, 0x18, 0x68, 0xa2, 0x1e, 
    0x67, 0xa2, 0x47, 0xc8, 0xb2, 0x98, 0xa7, 0xc2, 0xc9, 0xc4, 0xb1, 0xfc, 0xa3, 0xb9, 0xff, 0xa3, 0xb9, 0xfe, 0xa3, 0xb9, 0xff, 0xa3, 0xb9, 0xff, 
    0xa3, 0xb9, 0xff, 0xa3, 0xb9, 0xff, 0xa3, 0xb9, 0xff, 0xa3, 0xb9, 0xff, 0x83, 0xb9, 0xfe, 0xc4, 0xb9, 0xff, 0x87, 0xba, 0xe2, 0x2a, 0xc3, 0x67, 
    0xa9, 0xa2, 0x38, 0x89, 0x9a, 0x46, 0x88, 0x92, 0x16, 0x1f, 0xf8, 0x01, 0x00, 0x50, 0x03, 0x00, 0x00, 0x00, 0x05, 0x8a, 0x27, 0x05, 0x8a, 0x47, 
    0x88, 0xaa, 0x16, 0x87, 0xa2, 0x3c, 0xa8, 0xba, 0x91, 0xc4, 0xb1, 0xfc, 0x83, 0xb1, 0xff, 0xa3, 0xb9, 0xff, 0xa3, 0xb9, 0xff, 0xa3, 0xb9, 0xff, 
    0xa3, 0xb1, 0xff, 0xa3, 0xb1, 0xff, 0xa3, 0xb9, 0xff, 0x46, 0xc2, 0xff, 0xe9, 0xc2, 0xdd, 0xe9, 0xaa, 0x63, 0x88, 0x92, 0x13, 0x00, 0x00, 0x00, 
    0x00, 0x00, 0x00, 0x00, 0x00, 0x00, 0x00, 0x00, 0x00, 0x00, 0x00, 0x00, 0x00, 0x00, 0x00, 0x86, 0x99, 0x05, 0xe7, 0xbb, 0x04, 0x47, 0x9a, 0x22, 
    0x47, 0xa2, 0x23, 0xe9, 0xb2, 0x1b, 0x68, 0xb2, 0x52, 0x05, 0xb2, 0xbf, 0xc4, 0xb9, 0xff, 0xa3, 0xb9, 0xff, 0xa4, 0xb9, 0xff, 0xa3, 0xb9, 0xff, 
    0xa3, 0xb9, 0xff, 0xa3, 0xb9, 0xff, 0xa3, 0xb9, 0xff, 0xa3, 0xb9, 0xff, 0xa3, 0xb1, 0xff, 0xa3, 0xb1, 0xfe, 0x66, 0xba, 0xf7, 0xe9, 0xba, 0x8a, 
    0xa8, 0xba, 0x9b, 0x04, 0xba, 0xfe, 0x83, 0xb1, 0xfe, 0xa3, 0xb9, 0xff, 0xa3, 0xb9, 0xff, 0xa3, 0xb9, 0xff, 0xa3, 0xb9, 0xff, 0xa4, 0xb9, 0xff, 
    0xa3, 0xb9, 0xff, 0xa3, 0xb9, 0xfe, 0xe4, 0xb9, 0xff, 0x88, 0xba, 0x8d, 0xa9, 0xaa, 0x5b, 0x88, 0xaa, 0x47, 0x68, 0xa2, 0x31, 0x88, 0xaa, 0x4d, 
    0xa9, 0xaa, 0x63, 0xe9, 0xb2, 0x45, 0xe9, 0xb2, 0x5b, 0xc9, 0xb2, 0x76, 0xe9, 0xb2, 0x95, 0x2a, 0xc3, 0x87, 0x0a, 0xc3, 0x9c, 0x09, 0xbb, 0xa7, 
    0x09, 0xc3, 0xb6, 0x2a, 0xc3, 0xa2, 0x2a, 0xbb, 0x93, 0xe9, 0xaa, 0x5f, 0xe9, 0xaa, 0x43, 0xa8, 0x9a, 0x30, 0xa9, 0x9a, 0x33, 0xe8, 0xa2, 0x0b, 
    0x88, 0x8a, 0x29, 0xa9, 0x92, 0x15, 0x00, 0x00, 0x00, 0xaa, 0xaa, 0x03, 0x00, 0x00, 0x00, 0xe7, 0x79, 0x04, 0xaa, 0xaa, 0x06, 0x00, 0x00, 0x01, 
    0x00, 0x00, 0x00, 0x00, 0x00, 0x00, 0x00, 0x00, 0x00, 0x00, 0x00, 0x00, 0x00, 0x00, 0x00, 0x00, 0x00, 0x00, 0x00, 0x00, 0x00, 0x00, 0x00, 0x00, 
    0x00, 0x00, 0x00, 0x00, 0x00, 0x00, 0x00, 0x00, 0x00, 0x00, 0x00, 0x00, 0x00, 0x00, 0x00, 0x46, 0x8a, 0x3c, 0xa8, 0xa2, 0x55, 0xc8, 0xba, 0xd9, 
    0x04, 0xba, 0xfe, 0xa3, 0xb1, 0xfe, 0xa3, 0xb1, 0xff, 0xa3, 0xb1, 0xff, 0xa3, 0xb9, 0xff, 0xa3, 0xb9, 0xff, 0xa3, 0xb9, 0xff, 0xa3, 0xb9, 0xfe, 
    0xc3, 0xb9, 0xff, 0x87, 0xba, 0xdf, 0x2a, 0xbb, 0x59, 0x49, 0xa2, 0x0e, 0x00, 0x00, 0x00, 0x00, 0x00, 0x00, 0x00, 0x00, 0x00, 0x00, 0x00, 0x00, 
    0x00, 0x00, 0x00, 0x00, 0x00, 0x00, 0x00, 0x00, 0x01, 0x00, 0x00, 0x00, 0x00, 0x00, 0x00, 0x00, 0x00, 0x00, 0x00, 0x00, 0x00, 0x00, 0x00, 0x00, 
    0x00, 0x00, 0x00, 0x00, 0x00, 0x00, 0xff, 0xff, 0x02, 0x00, 0x00, 0x00, 0xff, 0xff, 0x38, 0xff, 0xff, 0xfc, 0xff, 0xff, 0xfc, 0xff, 0xff, 0xfe, 
    0xff, 0xff, 0xff, 0xff, 0xff, 0xff, 0xff, 0xff, 0xff, 0xff, 0xff, 0xff, 0xff, 0xff, 0xff, 0xff, 0xff, 0xfc, 0xff, 0xff, 0xff, 0xff, 0xff, 0xe1, 
    0xff, 0xff, 0x65, 0xff, 0xff, 0x01, 0x00, 0x00, 0x00, 0x00, 0x00, 0x00, 0xff, 0xff, 0x01, 0xff, 0xff, 0x04, 0xff, 0xff, 0x04, 0xff, 0xff, 0x04, 
    0xff, 0xff, 0x03, 0xff, 0xff, 0x03, 0xff, 0xff, 0x04, 0xff, 0xff, 0x04, 0xff, 0xff, 0x03, 0x00, 0x00, 0x00, 0x00, 0x00, 0x00, 0x00, 0x00, 0x00, 
    0xff, 0xff, 0x24, 0xff, 0xff, 0xa9, 0xff, 0xff, 0xff, 0xff, 0xff, 0xff, 0xff, 0xff, 0xfc, 0xff, 0xff, 0xfb, 0xff, 0xff, 0xff, 0xff, 0xff, 0xb4, 
    0xff, 0xff, 0x09, 0x00, 0x00, 0x00, 0xff, 0xff, 0x02, 0x00, 0x00, 0x00, 0x00, 0x00, 0x00, 0x00, 0x00, 0x00, 0x00, 0x00, 0x00, 0x00, 0x00, 0x00, 
    0x00, 0x00, 0x00, 0x00, 0x00, 0x00, 0x00, 0x00, 0x00, 0x00, 0x00, 0x00, 0x00, 0x00, 0x00, 0x00, 0x00, 0x00, 0x00, 0x00, 0x00, 0x00, 0x00, 0x00, 
    0x00, 0x00, 0x00, 0x00, 0x00, 0x00, 0x00, 0x00, 0x00, 0xff, 0xff, 0x03, 0x00, 0x00, 0x00, 0xff, 0xff, 0x90, 0xff, 0xff, 0xff, 0xff, 0xff, 0xfc, 
    0xff, 0xff, 0xff, 0xff, 0xff, 0xff, 0xff, 0xff, 0xff, 0xff, 0xff, 0xff, 0xff, 0xff, 0xfe, 0xff, 0xff, 0xd4, 0xff, 0xff, 0xff, 0xff, 0xff, 0xff, 
    0xff, 0xff, 0xff, 0xff, 0xff, 0xff, 0xff, 0xff, 0xff, 0xff, 0xff, 0xfb, 0xff, 0xff, 0xff, 0xff, 0xff, 0x94, 0x00, 0x00, 0x00, 0xff, 0xff, 0x03, 
    0x00, 0x00, 0x00, 0x00, 0x00, 0x00, 0x00, 0x00, 0x00, 0x00, 0x00, 0x00, 0x00, 0x00, 0x00, 0x00, 0x00, 0x00, 0x00, 0x00, 0x00, 0x00, 0x00, 0x00, 
    0x00, 0x00, 0x00, 0x00, 0x00, 0x00, 0x00, 0x00, 0x00, 0x00, 0x00, 0x00, 0x00, 0x00, 0x00, 0x00, 0x00, 0x00, 0x00, 0x00, 0x00, 0x00, 0x00, 0x00, 
    0x00, 0x00, 0x00, 0xff, 0xff, 0x03, 0x00, 0x00, 0x00, 0xff, 0xff, 0xa1, 0xff, 0xff, 0xff, 0xff, 0xff, 0xfb, 0xff, 0xff, 0xff, 0xff, 0xff, 0xff, 
    0xff, 0xff, 0xff, 0xff, 0xff, 0xff, 0xff, 0xff, 0xff, 0xff, 0xff, 0xfd, 0xff, 0xff, 0xff, 0xff, 0xff, 0xff, 0xff, 0xff, 0xa6, 0xff, 0xff, 0x29, 
    0x00, 0x00, 0x00, 0x00, 0x00, 0x00, 0x00, 0x00, 0x00, 0xff, 0xff, 0x02, 0xff, 0xff, 0x04, 0xff, 0xff, 0x04, 0xff, 0xff, 0x03, 0xff, 0xff, 0x03, 
    0xff, 0xff, 0x04, 0xff, 0xff, 0x04, 0xff, 0xff, 0x03, 0xff, 0xff, 0x01, 0x00, 0x00, 0x00, 0x00, 0x00, 0x00, 0xff, 0xff, 0x03, 0xff, 0xff, 0x5d, 
    0xff, 0xff, 0xdd, 0xff, 0xff, 0xff, 0xff, 0xff, 0xfd, 0xff, 0xff, 0xfc, 0xff, 0xff, 0xff, 0xff, 0xff, 0xf2, 0xff, 0xff, 0x4e, 0x00, 0x00, 0x00, 
    0xff, 0xff, 0x04, 0x00, 0x00, 0x00, 0x00, 0x00, 0x00, 0x00, 0x00, 0x00, 0x00, 0x00, 0x00, 0x00, 0x00, 0x00, 0x00, 0x00, 0x00, 0x00, 0x00, 0x00, 
    0x00, 0x00, 0x00, 0xff, 0xff, 0x03, 0x00, 0x00, 0x00, 0xff, 0xff, 0x75, 0xff, 0xff, 0xff, 0xff, 0xff, 0xfb, 0xff, 0xff, 0xff, 0xff, 0xff, 0xff, 
    0xff, 0xff, 0xff, 0xff, 0xff, 0xff, 0xff, 0xff, 0xff, 0xff, 0xff, 0xfe, 0xff, 0xff, 0xfe, 0xff, 0xff, 0xff, 0xff, 0xff, 0xbb, 0xff, 0xff, 0x39, 
    0x00, 0x00, 0x00, 0x00, 0x00, 0x00, 0x00, 0x00, 0x00, 0xff, 0xff, 0x02, 0xff, 0xff, 0x04, 0xff, 0xff, 0x04, 0xff, 0xff, 0x03, 0xff, 0xff, 0x03, 
    0xff, 0xff, 0x03, 0xff, 0xff, 0x04, 0xff, 0xff, 0x04, 0xff, 0xff, 0x01, 0x00, 0x00, 0x00, 0x00, 0x00, 0x00, 0x00, 0x00, 0x00, 0xff, 0xff, 0x40, 
    0xff, 0xff, 0xc1, 0xff, 0xff, 0xff, 0xff, 0xff, 0xff, 0xff, 0xff, 0xfd, 0xff, 0xff, 0xfc, 0xff, 0xff, 0xff, 0xff, 0xff, 0xa0, 0xff, 0xff, 0x01, 
    0xff, 0xff, 0x01, 0xff, 0xff, 0x01, 0x00, 0x00, 0x00, 0x00, 0x00, 0x00, 0x00, 0x00, 0x00, 0x00, 0x00, 0x00, 0x00, 0x00, 0x00, 0x00, 0x00, 0x00, 
    0xff, 0xff, 0x04, 0x00, 0x00, 0x00, 0xff, 0xff, 0x8e, 0xff, 0xff, 0xff, 0xff, 0xff, 0xfc, 0xff, 0xff, 0xff, 0xff, 0xff, 0xff, 0xff, 0xff, 0xff, 
    0x3c, 0xef, 0xff, 0x23, 0x61, 0xff, 0x62, 0x99, 0xff, 0xa3, 0xb9, 0xff, 0xa3, 0xb1, 0xff, 0xa3, 0xb9, 0xff, 0xa3, 0xb9, 0xff, 0xa3, 0xb9, 0xff, 
    0xa3, 0xb9, 0xff, 0xa3, 0xb9, 0xff, 0x83, 0xb9, 0xfd, 0xc4, 0xb9, 0xff, 0xa7, 0xba, 0xa4, 0x6b, 0xbb, 0x3c, 0xc9, 0xa2, 0x66, 0xc9, 0xa2, 0x64, 
    0x0a, 0xbb, 0x89, 0xa7, 0xc2, 0xe5, 0xa3, 0xa9, 0xff, 0x83, 0xb1, 0xfe, 0xa3, 0xb9, 0xff, 0xa3, 0xb9, 0xff, 0xa3, 0xb9, 0xff, 0xa3, 0xb9, 0xff, 
    0xa3, 0xb9, 0xff, 0xa3, 0xb9, 0xff, 0xa3, 0xb9, 0xfe, 0xa3, 0xb1, 0xff, 0x67, 0xb2, 0xdb, 0xea, 0xb2, 0x40, 0x69, 0xa2, 0x1a, 0xa9, 0x9a, 0x1d, 
    0x88, 0x92, 0x16, 0x68, 0x9a, 0x20, 0x48, 0x9a, 0x33, 0x88, 0xaa, 0x35, 0x88, 0xb2, 0x9e, 0xa7, 0xc2, 0xea, 0x05, 0xba, 0xff, 0x83, 0xb9, 0xff, 
    0xa3, 0xb9, 0xfe, 0xa3, 0xb9, 0xff, 0xa3, 0xb9, 0xff, 0xa3, 0xb9, 0xff, 0xa3, 0xb9, 0xff, 0xa3, 0xb9, 0xff, 0xa3, 0xb9, 0xff, 0x83, 0xb9, 0xfe, 
    0x83, 0xb1, 0xff, 0x46, 0xba, 0xe8, 0xe9, 0xba, 0x90, 0xa9, 0xa2, 0x72, 0xa9, 0xa2, 0x35, 0x49, 0xa2, 0x0e, 0x68, 0x9a, 0x21, 0x2c, 0x9b, 0x05, 
    0x00, 0x78, 0x02, 0x00, 0xf8, 0x01, 0xe5, 0x89, 0x65, 0xe5, 0x89, 0xd0, 0xc9, 0xca, 0x0e, 0x68, 0xa2, 0x3e, 0xa8, 0xba, 0xa8, 0x04, 0xba, 0xfe, 
    0x83, 0xb1, 0xfe, 0xa3, 0xb9, 0xff, 0xa3, 0xb9, 0xff, 0xa3, 0xb9, 0xff, 0xa3, 0xb9, 0xff, 0xa3, 0xb9, 0xff, 0xa3, 0xb9, 0xff, 0x26, 0xba, 0xf9, 
    0x09, 0xcb, 0xdf, 0xe9, 0xb2, 0x75, 0xcb, 0x9a, 0x17, 0xe7, 0xb9, 0x04, 0xaa, 0xaa, 0x03, 0x00, 0x00, 0x00, 0xaa, 0xaa, 0x03, 0xe7, 0x79, 0x04, 
    0x00, 0x00, 0x00, 0x47, 0x92, 0x11, 0xe5, 0x81, 0x11, 0x47, 0xa2, 0x30, 0x67, 0xaa, 0x60, 0x05, 0xaa, 0xb0, 0xc4, 0xb1, 0xf5, 0xc4, 0xb9, 0xff, 
    0xa3, 0xb9, 0xfd, 0xa3, 0xb9, 0xff, 0xa3, 0xb9, 0xff, 0xa4, 0xb9, 0xff, 0xa4, 0xb9, 0xff, 0xa3, 0xb9, 0xff, 0xa3, 0xb9, 0xff, 0xa3, 0xb9, 0xff, 
    0xa3, 0xb1, 0xfe, 0xa3, 0xb1, 0xff, 0x67, 0xba, 0x9e, 0x0a, 0xbb, 0x66, 0xa8, 0xba, 0xa4, 0x05, 0xba, 0xfa, 0x83, 0xb1, 0xfe, 0xa3, 0xb9, 0xff, 
    0xa3, 0xb9, 0xff, 0xa3, 0xb9, 0xff, 0xa4, 0xb9, 0xff, 0xa3, 0xb9, 0xff, 0xa3, 0xb9, 0xff, 0xa3, 0xb9, 0xfe, 0xe4, 0xb9, 0xff, 0x09, 0xc3, 0xc2, 
    0x0a, 0xc3, 0x85, 0xe9, 0xba, 0x8a, 0xe9, 0xc2, 0x74, 0xe9, 0xc2, 0x9f, 0xe9, 0xc2, 0xd2, 0xc8, 0xc2, 0xc0, 0xa8, 0xba, 0xc0, 0xa8, 0xba, 0xca, 
    0xe9, 0xc2, 0xe6, 0xc8, 0xc2, 0xec, 0x25, 0xba, 0xfa, 0xe4, 0xb9, 0xfd, 0x04, 0xba, 0xff, 0x87, 0xc2, 0xf9, 0xc9, 0xc2, 0xd7, 0x09, 0xbb, 0x8f, 
    0x09, 0xb3, 0x82, 0xc9, 0xa2, 0x46, 0xc9, 0x9a, 0x37, 0xa9, 0x92, 0x1d, 0xaa, 0xaa, 0x09, 0xaa, 0xaa, 0x03, 0x00, 0x00, 0x00, 0xe0, 0x7b, 0x02, 
    0xe0, 0x7b, 0x02, 0x06, 0x7a, 0x33, 0x06, 0x7a, 0x84, 0x00, 0x00, 0x00, 0x00, 0x00, 0x01, 0x00, 0x00, 0x00, 0x00, 0x00, 0x00, 0x00, 0x00, 0x00, 
    0x00, 0x00, 0x00, 0x00, 0x00, 0x00, 0x00, 0x00, 0x00, 0x00, 0x00, 0x00, 0x00, 0x00, 0x00, 0x00, 0x00, 0x01, 0x00, 0x00, 0x00, 0x67, 0x7a, 0x14, 
    0x47, 0x82, 0x61, 0x25, 0x8a, 0x0b, 0xc8, 0xaa, 0x4c, 0xa8, 0xc2, 0xd3, 0xe4, 0xb9, 0xff, 0xa3, 0xb9, 0xfe, 0xa3, 0xb9, 0xff, 0xa3, 0xb9, 0xff, 
    0xa3, 0xb9, 0xff, 0xa3, 0xb9, 0xff, 0xa3, 0xb9, 0xff, 0x83, 0xb9, 0xfd, 0x05, 0xba, 0xff, 0x09, 0xc3, 0xa9, 0x2a, 0xb3, 0x23, 0xa7, 0xaa, 0x09, 
    0x00, 0x00, 0x00, 0x00, 0x00, 0x00, 0x00, 0x00, 0x00, 0x00, 0x00, 0x00, 0x00, 0x00, 0x00, 0x00, 0x00, 0x00, 0x00, 0x00, 0x00, 0x00, 0x78, 0x02, 
    0x00, 0xf8, 0x01, 0x00, 0x00, 0x00, 0x00, 0x00, 0x00, 0x00, 0x00, 0x00, 0x00, 0x00, 0x00, 0xff, 0xff, 0x01, 0xff, 0xff, 0x02, 0xff, 0xff, 0x08, 
    0xff, 0xff, 0xd0, 0xff, 0xff, 0xff, 0xff, 0xff, 0xfd, 0xff, 0xff, 0xff, 0xff, 0xff, 0xff, 0xff, 0xff, 0xff, 0xff, 0xff, 0xff, 0xff, 0xff, 0xff, 
    0xff, 0xff, 0xfc, 0xff, 0xff, 0xff, 0xff, 0xff, 0xb1, 0xff, 0xff, 0x18, 0x00, 0x00, 0x00, 0xff, 0xff, 0x01, 0xff, 0xff, 0x03, 0xff, 0xff, 0x01, 
    0x00, 0x00, 0x00, 0x00, 0x00, 0x00, 0x00, 0x00, 0x00, 0x00, 0x00, 0x00, 0x00, 0x00, 0x00, 0x00, 0x00, 0x00, 0x00, 0x00, 0x00, 0x00, 0x00, 0x00, 
    0x00, 0x00, 0x00, 0xff, 0xff, 0x01, 0xff, 0xff, 0x02, 0xff, 0xff, 0x03, 0x00, 0x00, 0x00, 0x00, 0x00, 0x00, 0xff, 0xff, 0x62, 0xff, 0xff, 0xed, 
    0xff, 0xff, 0xff, 0xff, 0xff, 0xff, 0xff, 0xff, 0xa8, 0xff, 0xff, 0x06, 0x00, 0x00, 0x00, 0xff, 0xff, 0x02, 0x00, 0x00, 0x00, 0x00, 0x00, 0x00, 
    0x00, 0x00, 0x00, 0x00, 0x00, 0x00, 0x00, 0x00, 0x00, 0x00, 0x00, 0x00, 0x00, 0x00, 0x00, 0x00, 0x00, 0x00, 0x00, 0x00, 0x00, 0x00, 0x00, 0x00, 
    0x00, 0x00, 0x00, 0x00, 0x00, 0x00, 0x00, 0x00, 0x00, 0x00, 0x00, 0x00, 0x00, 0x00, 0x00, 0x00, 0x00, 0x00, 0xff, 0xff, 0x01, 0xff, 0xff, 0x01, 
    0xff, 0xff, 0x14, 0xff, 0xff, 0xe9, 0xff, 0xff, 0xff, 0xff, 0xff, 0xfd, 0xff, 0xff, 0xff, 0xff, 0xff, 0xff, 0xff, 0xff, 0xfe, 0xff, 0xff, 0xff, 
    0xff, 0xff, 0xe4, 0xff, 0xff, 0x2d, 0xff, 0xff, 0xeb, 0xff, 0xff, 0xff, 0xff, 0xff, 0xfe, 0xff, 0xff, 0xff, 0xff, 0xff, 0xff, 0xff, 0xff, 0xfe, 
    0xff, 0xff, 0xfe, 0xff, 0xff, 0xf2, 0xff, 0xff, 0x1f, 0xff, 0xff, 0x01, 0xff, 0xff, 0x02, 0x00, 0x00, 0x00, 0x00, 0x00, 0x00, 0x00, 0x00, 0x00, 
    0x00, 0x00, 0x00, 0x00, 0x00, 0x00, 0x00, 0x00, 0x00, 0x00, 0x00, 0x00, 0x00, 0x00, 0x00, 0x00, 0x00, 0x00, 0x00, 0x00, 0x00, 0x00, 0x00, 0x00, 
    0x00, 0x00, 0x00, 0x00, 0x00, 0x00, 0x00, 0x00, 0x00, 0x00, 0x00, 0x00, 0xff, 0xff, 0x02, 0x00, 0x00, 0x00, 0xff, 0xff, 0x52, 0xff, 0xff, 0xff, 
    0xff, 0xff, 0xfc, 0xff, 0xff, 0xfe, 0xff, 0xff, 0xff, 0xff, 0xff, 0xff, 0xff, 0xff, 0xff, 0xff, 0xff, 0xff, 0xff, 0xff, 0xfd, 0xff, 0xff, 0xff, 
    0xff, 0xff, 0xf3, 0xff, 0xff, 0x61, 0x00, 0x00, 0x00, 0x00, 0x00, 0x00, 0xff, 0xff, 0x03, 0xff, 0xff, 0x03, 0xff, 0xff, 0x01, 0x00, 0x00, 0x00, 
    0x00, 0x00, 0x00, 0x00, 0x00, 0x00, 0x00, 0x00, 0x00, 0x00, 0x00, 0x00, 0x00, 0x00, 0x00, 0x00, 0x00, 0x00, 0x00, 0x00, 0x00, 0x00, 0x00, 0x00, 
    0xff, 0xff, 0x02, 0xff, 0xff, 0x03, 0x00, 0x00, 0x00, 0x00, 0x00, 0x00, 0xff, 0xff, 0x14, 0xff, 0xff, 0x9c, 0xff, 0xff, 0xff, 0xff, 0xff, 0xff, 
    0xff, 0xff, 0xf7, 0xff, 0xff, 0x4b, 0x00, 0x00, 0x00, 0xff, 0xff, 0x04, 0x00, 0x00, 0x00, 0x00, 0x00, 0x00, 0x00, 0x00, 0x00, 0x00, 0x00, 0x00, 
    0x00, 0x00, 0x00, 0x00, 0x00, 0x00, 0x00, 0x00, 0x00, 0x00, 0x00, 0x00, 0xff, 0xff, 0x02, 0x00, 0x00, 0x00, 0xff, 0xff, 0x35, 0xff, 0xff, 0xf8, 
    0xff, 0xff, 0xfc, 0xff, 0xff, 0xfe, 0xff, 0xff, 0xff, 0xff, 0xff, 0xff, 0xff, 0xff, 0xff, 0xff, 0xff, 0xff, 0xff, 0xff, 0xfe, 0xff, 0xff, 0xfe, 
    0xff, 0xff, 0xff, 0xff, 0xff, 0x78, 0x00, 0x00, 0x00, 0x00, 0x00, 0x00, 0xff, 0xff, 0x03, 0xff, 0xff, 0x03, 0xff, 0xff, 0x01, 0x00, 0x00, 0x00, 
    0x00, 0x00, 0x00, 0x00, 0x00, 0x00, 0x00, 0x00, 0x00, 0x00, 0x00, 0x00, 0x00, 0x00, 0x00, 0x00, 0x00, 0x00, 0x00, 0x00, 0x00, 0x00, 0x00, 0x00, 
    0xff, 0xff, 0x01, 0xff, 0xff, 0x03, 0xff, 0xff, 0x03, 0x00, 0x00, 0x00, 0x00, 0x00, 0x00, 0xff, 0xff, 0x79, 0xff, 0xff, 0xfb, 0xff, 0xff, 0xff, 
    0xff, 0xff, 0xff, 0xff, 0xff, 0x9a, 0x00, 0x00, 0x00, 0xff, 0xff, 0x01, 0xff, 0xff, 0x01, 0x00, 0x00, 0x00, 0x00, 0x00, 0x00, 0x00, 0x00, 0x00, 
    0x00, 0x00, 0x00, 0x00, 0x00, 0x00, 0x00, 0x00, 0x00, 0x00, 0x00, 0x00, 0xff, 0xff, 0x04, 0x00, 0x00, 0x00, 0xff, 0xff, 0x8e, 0xff, 0xff, 0xff, 
    0xff, 0xff, 0xfc, 0xff, 0xff, 0xff, 0xff, 0xff, 0xff, 0xff, 0xff, 0xff, 0xdf, 0xff, 0xff, 0xc9, 0x8a, 0xff, 0x01, 0x89, 0xff, 0xe5, 0xb9, 0xff, 
    0x83, 0xb1, 0xff, 0x83, 0xb9, 0xff, 0xa3, 0xb9, 0xff, 0xa3, 0xb9, 0xff, 0xa3, 0xb9, 0xff, 0xa3, 0xb9, 0xfe, 0x83, 0xb1, 0xfe, 0xc4, 0xb1, 0xff, 
    0xa8, 0xb2, 0x74, 0xea, 0xa2, 0x1e, 0xe9, 0xaa, 0x24, 0x89, 0x9a, 0x43, 0xc9, 0xaa, 0x5f, 0x09, 0xc3, 0xaf, 0xc4, 0xa9, 0xf9, 0x83, 0xb1, 0xff, 
    0xa3, 0xb9, 0xfe, 0xa3, 0xb9, 0xff, 0xa3, 0xb9, 0xff, 0xa3, 0xb9, 0xff, 0xa3, 0xb9, 0xff, 0xa3, 0xb9, 0xff, 0xa3, 0xb9, 0xfe, 0x83, 0xb1, 0xff, 
    0x46, 0xba, 0xee, 0xe9, 0xba, 0x83, 0x69, 0xa2, 0x37, 0x89, 0xa2, 0x34, 0x48, 0xa2, 0x23, 0x48, 0xa2, 0x33, 0x88, 0xaa, 0x75, 0x67, 0xb2, 0xa3, 
    0x05, 0xb2, 0xec, 0xa4, 0xb9, 0xff, 0xa3, 0xb1, 0xfe, 0xa3, 0xb9, 0xff, 0xa3, 0xb9, 0xff, 0xa3, 0xb9, 0xff, 0xa3, 0xb9, 0xff, 0xa3, 0xb9, 0xff, 
    0xa3, 0xb9, 0xff, 0xa3, 0xb9, 0xff, 0xa3, 0xb9, 0xff, 0x83, 0xb1, 0xfe, 0xa3, 0xb1, 0xfe, 0x87, 0xc2, 0xd7, 0xc9, 0xb2, 0x9e, 0xa9, 0xaa, 0x7c, 
    0x89, 0xa2, 0x38, 0x48, 0x92, 0x25, 0x68, 0x9a, 0x40, 0x88, 0x9a, 0x32, 0xa7, 0x8a, 0x12, 0x86, 0x61, 0x05, 0xe7, 0xb9, 0x04, 0x27, 0xa2, 0x16, 
    0xa8, 0xaa, 0x12, 0x88, 0xa2, 0x38, 0x67, 0xb2, 0xad, 0x05, 0xc2, 0xff, 0x83, 0xb1, 0xfd, 0xa3, 0xb9, 0xff, 0xa3, 0xb9, 0xff, 0xa3, 0xb9, 0xff, 
    0xa3, 0xb9, 0xff, 0xa3, 0xb9, 0xff, 0xa3, 0xb9, 0xfe, 0xe5, 0xb9, 0xff, 0xe9, 0xca, 0xe9, 0x2a, 0xc3, 0x90, 0xa9, 0xa2, 0x42, 0xea, 0xa2, 0x13, 
    0xaa, 0xaa, 0x03, 0xe7, 0x79, 0x08, 0x48, 0x92, 0x22, 0x47, 0x92, 0x26, 0x86, 0x89, 0x0f, 0x69, 0xa2, 0x1a, 0xca, 0xba, 0x3c, 0x46, 0xb2, 0xa6, 
    0xe4, 0xb1, 0xf0, 0xc4, 0xb9, 0xff, 0xa3, 0xb9, 0xff, 0xa3, 0xb9, 0xfd, 0xa3, 0xb9, 0xff, 0xa3, 0xb9, 0xff, 0xa3, 0xb9, 0xff, 0xa4, 0xb9, 0xff, 
    0xa4, 0xb9, 0xff, 0xa3, 0xb9, 0xff, 0xa3, 0xb9, 0xff, 0xa3, 0xb9, 0xfe, 0xa3, 0xb9, 0xfe, 0xc4, 0xb1, 0xfe, 0xc9, 0xc2, 0x6e, 0xc9, 0xaa, 0x5c, 
    0xc9, 0xba, 0x93, 0x46, 0xba, 0xec, 0xa3, 0xb1, 0xff, 0xa3, 0xb1, 0xfe, 0xa3, 0xb9, 0xff, 0xa3, 0xb9, 0xff, 0xa3, 0xb9, 0xff, 0xa3, 0xb9, 0xff, 
    0xa3, 0xb9, 0xff, 0xa3, 0xb9, 0xfe, 0xc4, 0xb9, 0xff, 0x87, 0xc2, 0xef, 0x66, 0xba, 0xd3, 0x67, 0xba, 0xc7, 0x46, 0xba, 0xe8, 0x25, 0xba, 0xf6, 
    0x05, 0xba, 0xff, 0xe4, 0xb9, 0xff, 0xc4, 0xb9, 0xff, 0xc4, 0xb9, 0xff, 0xc4, 0xb9, 0xfe, 0xc4, 0xb9, 0xff, 0xa3, 0xb9, 0xff, 0xa3, 0xb9, 0xff, 
    0xa3, 0xb9, 0xfe, 0xa3, 0xb9, 0xff, 0xa3, 0xb1, 0xff, 0xa8, 0xc2, 0xef, 0x4a, 0xcb, 0x99, 0xe9, 0xaa, 0x61, 0xc9, 0x9a, 0x6d, 0x0a, 0x9b, 0x24, 
    0xa8, 0x9a, 0x12, 0x00, 0x00, 0x00, 0x00, 0x00, 0x00, 0x00, 0x00, 0x00, 0x00, 0x00, 0x00, 0x45, 0x79, 0x06, 0x07, 0x7a, 0x1b, 0x00, 0x00, 0x00, 
    0x00, 0x00, 0x00, 0x00, 0x00, 0x00, 0x00, 0x00, 0x00, 0x00, 0x00, 0x00, 0x00, 0x00, 0x00, 0x00, 0x00, 0x00, 0x00, 0xf8, 0x01, 0x00, 0x00, 0x01, 
    0x00, 0x00, 0x00, 0x00, 0xf8, 0x01, 0x00, 0x00, 0x00, 0x26, 0x7a, 0x1d, 0x27, 0x82, 0x88, 0x47, 0x92, 0x22, 0xa8, 0xaa, 0x61, 0x26, 0xb2, 0xeb, 
    0xa3, 0xb9, 0xff, 0xa4, 0xb9, 0xfe, 0xa3, 0xb9, 0xff, 0xa3, 0xb9, 0xff, 0xa3, 0xb9, 0xff, 0xa3, 0xb9, 0xff, 0xa3, 0xb9, 0xff, 0xa3, 0xb1, 0xfe, 
    0x46, 0xba, 0xfe, 0x09, 0xbb, 0x92, 0x8a, 0xa2, 0x19, 0xaa, 0xaa, 0x03, 0x00, 0x00, 0x00, 0x00, 0x00, 0x00, 0x00, 0x00, 0x00, 0x00, 0x00, 0x00, 
    0x00, 0x00, 0x00, 0x00, 0x00, 0x00, 0x00, 0x00, 0x00, 0x00, 0x00, 0x00, 0x00, 0x00, 0x00, 0x00, 0x00, 0x00, 0x00, 0x00, 0x00, 0x00, 0x00, 0x00, 
    0x00, 0x00, 0x00, 0xff, 0xff, 0x03, 0x00, 0x00, 0x00, 0xff, 0xff, 0x77, 0xff, 0xff, 0xff, 0xff, 0xff, 0xfc, 0xff, 0xff, 0xff, 0xff, 0xff, 0xff, 
    0xff, 0xff, 0xff, 0xff, 0xff, 0xff, 0xff, 0xff, 0xff, 0xff, 0xff, 0xfc, 0xff, 0xff, 0xff, 0xff, 0xff, 0x94, 0xff, 0xff, 0x01, 0x00, 0x00, 0x00, 
    0xff, 0xff, 0x04, 0x00, 0x00, 0x00, 0x00, 0x00, 0x00, 0x00, 0x00, 0x00, 0x00, 0x00, 0x00, 0x00, 0x00, 0x00, 0x00, 0x00, 0x00, 0x00, 0x00, 0x00, 
    0x00, 0x00, 0x00, 0x00, 0x00, 0x00, 0x00, 0x00, 0x00, 0x00, 0x00, 0x00, 0x00, 0x00, 0x00, 0x00, 0x00, 0x00, 0x00, 0x00, 0x00, 0x00, 0x00, 0x00, 
    0xff, 0xff, 0x02, 0xff, 0xff, 0x02, 0x00, 0x00, 0x00, 0xff, 0xff, 0x23, 0xff, 0xff, 0xc7, 0xff, 0xff, 0x9d, 0xff, 0xff, 0x02, 0x00, 0x00, 0x00, 
    0xff, 0xff, 0x02, 0x00, 0x00, 0x00, 0x00, 0x00, 0x00, 0x00, 0x00, 0x00, 0x00, 0x00, 0x00, 0x00, 0x00, 0x00, 0x00, 0x00, 0x00, 0x00, 0x00, 0x00, 
    0x00, 0x00, 0x00, 0x00, 0x00, 0x00, 0x00, 0x00, 0x00, 0x00, 0x00, 0x00, 0x00, 0x00, 0x00, 0x00, 0x00, 0x00, 0x00, 0x00, 0x00, 0x00, 0x00, 0x00, 
    0x00, 0x00, 0x00, 0x00, 0x00, 0x00, 0xff, 0xff, 0x03, 0x00, 0x00, 0x00, 0xff, 0xff, 0x71, 0xff, 0xff, 0xff, 0xff, 0xff, 0xfc, 0xff, 0xff, 0xff, 
    0xff, 0xff, 0xff, 0xff, 0xff, 0xff, 0xff, 0xff, 0xfc, 0xff, 0xff, 0xff, 0xff, 0xff, 0x95, 0x00, 0x00, 0x00, 0xff, 0xff, 0xa4, 0xff, 0xff, 0xff, 
    0xff, 0xff, 0xfb, 0xff, 0xff, 0xff, 0xff, 0xff, 0xff, 0xff, 0xff, 0xff, 0xff, 0xff, 0xfc, 0xff, 0xff, 0xff, 0xff, 0xff, 0x85, 0x00, 0x00, 0x00, 
    0xff, 0xff, 0x03, 0x00, 0x00, 0x00, 0x00, 0x00, 0x00, 0x00, 0x00, 0x00, 0x00, 0x00, 0x00, 0x00, 0x00, 0x00, 0x00, 0x00, 0x00, 0x00, 0x00, 0x00, 
    0x00, 0x00, 0x00, 0x00, 0x00, 0x00, 0x00, 0x00, 0x00, 0x00, 0x00, 0x00, 0x00, 0x00, 0x00, 0x00, 0x00, 0x00, 0x00, 0x00, 0x00, 0xff, 0xff, 0x01, 
    0xff, 0xff, 0x01, 0xff, 0xff, 0x14, 0xff, 0xff, 0xe1, 0xff, 0xff, 0xfe, 0xff, 0xff, 0xfd, 0xff, 0xff, 0xff, 0xff, 0xff, 0xff, 0xff, 0xff, 0xff, 
    0xff, 0xff, 0xff, 0xff, 0xff, 0xfe, 0xff, 0xff, 0xff, 0xff, 0xff, 0xee, 0xff, 0xff, 0x3f, 0x00, 0x00, 0x00, 0xff, 0xff, 0x03, 0xff, 0xff, 0x02, 
    0x00, 0x00, 0x00, 0x00, 0x00, 0x00, 0x00, 0x00, 0x00, 0x00, 0x00, 0x00, 0x00, 0x00, 0x00, 0x00, 0x00, 0x00, 0x00, 0x00, 0x00, 0x00, 0x00, 0x00, 
    0x00, 0x00, 0x00, 0x00, 0x00, 0x00, 0x00, 0x00, 0x00, 0x00, 0x00, 0x00, 0x00, 0x00, 0x00, 0x00, 0x00, 0x00, 0x00, 0x00, 0x00, 0xff, 0xff, 0x04, 
    0x00, 0x00, 0x00, 0x00, 0x00, 0x00, 0xff, 0xff, 0x75, 0xff, 0xff, 0xe7, 0xff, 0xff, 0x48, 0x00, 0x00, 0x00, 0xff, 0xff, 0x04, 0x00, 0x00, 0x00, 
    0x00, 0x00, 0x00, 0x00, 0x00, 0x00, 0x00, 0x00, 0x00, 0x00, 0x00, 0x00, 0x00, 0x00, 0x00, 0x00, 0x00, 0x00, 0x00, 0x00, 0x00, 0x00, 0x00, 0x00, 
    0xff, 0xff, 0x01, 0xff, 0xff, 0x04, 0xff, 0xff, 0xc3, 0xff, 0xff, 0xff, 0xff, 0xff, 0xfc, 0xff, 0xff, 0xff, 0xff, 0xff, 0xff, 0xff, 0xff, 0xff, 
    0xff, 0xff, 0xff, 0xff, 0xff, 0xfe, 0xff, 0xff, 0xfc, 0xff, 0xff, 0xfe, 0xff, 0xff, 0x60, 0x00, 0x00, 0x00, 0xff, 0xff, 0x02, 0xff, 0xff, 0x02, 
    0x00, 0x00, 0x00, 0x00, 0x00, 0x00, 0x00, 0x00, 0x00, 0x00, 0x00, 0x00, 0x00, 0x00, 0x00, 0x00, 0x00, 0x00, 0x00, 0x00, 0x00, 0x00, 0x00, 0x00, 
    0x00, 0x00, 0x00, 0x00, 0x00, 0x00, 0x00, 0x00, 0x00, 0x00, 0x00, 0x00, 0x00, 0x00, 0x00, 0x00, 0x00, 0x00, 0x00, 0x00, 0x00, 0xff, 0xff, 0x03, 
    0xff, 0xff, 0x02, 0x00, 0x00, 0x00, 0xff, 0xff, 0x48, 0xff, 0xff, 0xe5, 0xff, 0xff, 0x85, 0x00, 0x00, 0x00, 0xff, 0xff, 0x02, 0xff, 0xff, 0x01, 
    0x00, 0x00, 0x00, 0x00, 0x00, 0x00, 0x00, 0x00, 0x00, 0x00, 0x00, 0x00, 0x00, 0x00, 0x00, 0x00, 0x00, 0x00, 0x00, 0x00, 0x00, 0x00, 0x00, 0x00, 
    0xff, 0xff, 0x04, 0x00, 0x00, 0x00, 0xff, 0xff, 0x8e, 0xff, 0xff, 0xff, 0xff, 0xff, 0xfc, 0xff, 0xff, 0xff, 0xff, 0xff, 0xff, 0xff, 0xff, 0xff, 
    0xff, 0xff, 0xff, 0x59, 0xd6, 0xff, 0xc5, 0x89, 0xff, 0x87, 0xc2, 0xff, 0x62, 0xb1, 0xfe, 0xa3, 0xb9, 0xfe, 0xa3, 0xb9, 0xff, 0xa3, 0xb9, 0xff, 
    0xa3, 0xb9, 0xff, 0x83, 0xb1, 0xff, 0x83, 0xb9, 0xff, 0xe4, 0xb1, 0xf6, 0xe9, 0xb2, 0x51, 0x26, 0x9b, 0x05, 0xe8, 0xba, 0x0b, 0xa8, 0xaa, 0x0f, 
    0xaa, 0xa2, 0x33, 0x0a, 0xbb, 0x80, 0x67, 0xba, 0xe1, 0xa3, 0xb1, 0xff, 0xa3, 0xb9, 0xfe, 0xa3, 0xb9, 0xff, 0xa3, 0xb9, 0xff, 0xa3, 0xb9, 0xff, 
    0xa3, 0xb9, 0xff, 0xa3, 0xb9, 0xff, 0xa3, 0xb9, 0xff, 0x42, 0xa9, 0xff, 0x05, 0xba, 0xf9, 0xe9, 0xc2, 0xc8, 0xa9, 0xaa, 0x64, 0xa9, 0xaa, 0x60, 
    0x88, 0xaa, 0x62, 0xa8, 0xba, 0x9c, 0x87, 0xba, 0xbc, 0xc4, 0xb1, 0xfc, 0x83, 0xb1, 0xff, 0xa3, 0xb9, 0xfe, 0xa3, 0xb9, 0xff, 0xa3, 0xb9, 0xff, 
    0xa3, 0xb9, 0xff, 0xa3, 0xb9, 0xff, 0xa3, 0xb9, 0xff, 0xa3, 0xb9, 0xff, 0xa3, 0xb9, 0xff, 0xa3, 0xb9, 0xff, 0xa3, 0xb1, 0xff, 0xc4, 0xb9, 0xff, 
    0x66, 0xc2, 0xfa, 0xc8, 0xc2, 0xd8, 0xe9, 0xc2, 0xb7, 0xe9, 0xba, 0x92, 0xe9, 0xb2, 0x79, 0xc8, 0xb2, 0x70, 0xe9, 0xb2, 0x83, 0xe9, 0xb2, 0x76, 
    0xc9, 0xa2, 0x4c, 0x88, 0x9a, 0x6b, 0x88, 0x9a, 0x23, 0xc7, 0x89, 0x0d, 0x07, 0x9a, 0x35, 0x88, 0xa2, 0x72, 0xa8, 0xba, 0x90, 0xc4, 0xb1, 0xfb, 
    0x83, 0xb9, 0xff, 0xa3, 0xb9, 0xff, 0xa3, 0xb9, 0xff, 0xa3, 0xb9, 0xff, 0xa3, 0xb9, 0xff, 0xa3, 0xb9, 0xff, 0xa3, 0xb9, 0xff, 0xc4, 0xb9, 0xfe, 
    0xc8, 0xca, 0xfc, 0x09, 0xc3, 0xb9, 0xea, 0xaa, 0x55, 0x48, 0x8a, 0x1b, 0x68, 0x9a, 0x35, 0x67, 0x9a, 0x38, 0x88, 0x9a, 0x52, 0xa8, 0xaa, 0x41, 
    0xa8, 0xb2, 0x67, 0x26, 0xaa, 0xa6, 0x05, 0xb2, 0xda, 0xc4, 0xb1, 0xff, 0xa3, 0xb9, 0xff, 0xa3, 0xb1, 0xfd, 0xa3, 0xb9, 0xfe, 0xa4, 0xb9, 0xff, 
    0xa3, 0xb9, 0xff, 0xa3, 0xb9, 0xff, 0xa3, 0xb9, 0xff, 0xc3, 0xb9, 0xff, 0xc4, 0xb9, 0xff, 0xa3, 0xb9, 0xff, 0xa3, 0xb9, 0xff, 0xa3, 0xb9, 0xfd, 
    0xc4, 0xb9, 0xff, 0x06, 0xb2, 0xbc, 0xa9, 0xb2, 0x5b, 0xc9, 0xb2, 0x75, 0x0a, 0xc3, 0xa8, 0x66, 0xc2, 0xf3, 0x83, 0xb1, 0xff, 0xa3, 0xb1, 0xfe, 
    0xc3, 0xb9, 0xff, 0xa3, 0xb9, 0xff, 0xa3, 0xb9, 0xff, 0xc3, 0xb9, 0xff, 0xa3, 0xb9, 0xff, 0xa3, 0xb9, 0xff, 0xa3, 0xb9, 0xff, 0xa3, 0xb1, 0xff, 
    0xa3, 0xb9, 0xff, 0xc3, 0xb9, 0xff, 0xa3, 0xb9, 0xff, 0xa3, 0xb9, 0xff, 0xa3, 0xb9, 0xfe, 0xa3, 0xb9, 0xfe, 0xa3, 0xb9, 0xfe, 0xa3, 0xb9, 0xff, 
    0xa3, 0xb9, 0xff, 0xa3, 0xb9, 0xfe, 0xa3, 0xb9, 0xff, 0xa3, 0xb9, 0xff, 0xa3, 0xb9, 0xff, 0xa3, 0xb9, 0xff, 0xa3, 0xb9, 0xfe, 0xe4, 0xb9, 0xff, 
    0xc8, 0xc2, 0xdc, 0x2a, 0xbb, 0x77, 0xc9, 0xa2, 0x39, 0x29, 0xa3, 0x14, 0x69, 0x9a, 0x0a, 0xef, 0xbb, 0x04, 0x00, 0x00, 0x00, 0x00, 0x00, 0x00, 
    0x27, 0x7a, 0x4b, 0x68, 0x7a, 0x2a, 0x00, 0x00, 0x00, 0xff, 0xff, 0x01, 0x00, 0x00, 0x00, 0x00, 0x00, 0x00, 0x00, 0x00, 0x00, 0x00, 0x00, 0x00, 
    0x00, 0x00, 0x01, 0xe0, 0xfb, 0x02, 0x00, 0x00, 0x00, 0x00, 0x00, 0x00, 0x00, 0xf8, 0x01, 0x00, 0x00, 0x00, 0x00, 0x00, 0x00, 0x00, 0x00, 0x00, 
    0x00, 0x00, 0x00, 0x47, 0x8a, 0x22, 0xc8, 0xb2, 0x79, 0x05, 0xb2, 0xf6, 0xa3, 0xb9, 0xff, 0xa3, 0xb9, 0xfe, 0xa3, 0xb9, 0xff, 0xa3, 0xb9, 0xff, 
    0xa3, 0xb9, 0xff, 0xa3, 0xb9, 0xff, 0xa3, 0xb9, 0xfd, 0xc4, 0xb9, 0xff, 0xc8, 0xc2, 0xca, 0x4a, 0xb3, 0x35, 0xaa, 0xaa, 0x03, 0x00, 0x00, 0x01, 
    0x00, 0x00, 0x00, 0x00, 0x00, 0x00, 0x00, 0x00, 0x00, 0x00, 0x00, 0x00, 0x00, 0x00, 0x00, 0x00, 0x00, 0x00, 0x00, 0x00, 0x00, 0x00, 0x00, 0x00, 
    0x00, 0x00, 0x00, 0x00, 0x00, 0x00, 0x00, 0x00, 0x00, 0x00, 0x00, 0x00, 0xff, 0xff, 0x01, 0x00, 0x00, 0x00, 0xff, 0xff, 0x13, 0xff, 0xff, 0xe9, 
    0xff, 0xff, 0xfe, 0xff, 0xff, 0xfd, 0xff, 0xff, 0xff, 0xff, 0xff, 0xff, 0xff, 0xff, 0xff, 0xff, 0xff, 0xff, 0xff, 0xff, 0xfc, 0xff, 0xff, 0xff, 
    0xff, 0xff, 0xad, 0x00, 0x00, 0x00, 0xff, 0xff, 0x02, 0xff, 0xff, 0x02, 0x00, 0x00, 0x00, 0x00, 0x00, 0x00, 0x00, 0x00, 0x00, 0x00, 0x00, 0x00, 
    0x00, 0x00, 0x00, 0x00, 0x00, 0x00, 0x00, 0x00, 0x00, 0x00, 0x00, 0x00, 0x00, 0x00, 0x00, 0x00, 0x00, 0x00, 0x00, 0x00, 0x00, 0x00, 0x00, 0x00, 
    0x00, 0x00, 0x00, 0x00, 0x00, 0x00, 0x00, 0x00, 0x00, 0x00, 0x00, 0x00, 0x00, 0x00, 0x00, 0x00, 0x00, 0x00, 0xff, 0xff, 0x03, 0x00, 0x00, 0x00, 
    0xff, 0xff, 0x07, 0x00, 0x00, 0x00, 0x00, 0x00, 0x00, 0xff, 0xff, 0x01, 0x00, 0x00, 0x00, 0x00, 0x00, 0x00, 0x00, 0x00, 0x00, 0x00, 0x00, 0x00, 
    0x00, 0x00, 0x00, 0x00, 0x00, 0x00, 0x00, 0x00, 0x00, 0x00, 0x00, 0x00, 0x00, 0x00, 0x00, 0x00, 0x00, 0x00, 0x00, 0x00, 0x00, 0x00, 0x00, 0x00, 
    0x00, 0x00, 0x00, 0x00, 0x00, 0x00, 0x00, 0x00, 0x00, 0x00, 0x00, 0x00, 0x00, 0x00, 0x00, 0xff, 0xff, 0x01, 0xff, 0xff, 0x01, 0xff, 0xff, 0x0a, 
    0xff, 0xff, 0xdb, 0xff, 0xff, 0xfe, 0xff, 0xff, 0xfd, 0xff, 0xff, 0xff, 0xff, 0xff, 0xff, 0xff, 0xff, 0xff, 0xff, 0xff, 0xfe, 0xff, 0xff, 0xfb, 
    0xff, 0xff, 0x32, 0xff, 0xff, 0x01, 0xff, 0xff, 0x43, 0xff, 0xff, 0xff, 0xff, 0xff, 0xfe, 0xff, 0xff, 0xff, 0xff, 0xff, 0xff, 0xff, 0xff, 0xff, 
    0xff, 0xff, 0xfd, 0xff, 0xff, 0xfe, 0xff, 0xff, 0xe2, 0xff, 0xff, 0x0f, 0xff, 0xff, 0x01, 0xff, 0xff, 0x01, 0x00, 0x00, 0x00, 0x00, 0x00, 0x00, 
    0x00, 0x00, 0x00, 0x00, 0x00, 0x00, 0x00, 0x00, 0x00, 0x00, 0x00, 0x00, 0x00, 0x00, 0x00, 0x00, 0x00, 0x00, 0x00, 0x00, 0x00, 0x00, 0x00, 0x00, 
    0x00, 0x00, 0x00, 0x00, 0x00, 0x00, 0x00, 0x00, 0x00, 0xff, 0xff, 0x03, 0x00, 0x00, 0x00, 0xff, 0xff, 0x7b, 0xff, 0xff, 0xff, 0xff, 0xff, 0xfc, 
    0xff, 0xff, 0xff, 0xff, 0xff, 0xff, 0xff, 0xff, 0xff, 0xff, 0xff, 0xff, 0xff, 0xff, 0xfe, 0xff, 0xff, 0xfd, 0xff, 0xff, 0xf7, 0xff, 0xff, 0x41, 
    0x00, 0x00, 0x00, 0xff, 0xff, 0x05, 0x00, 0x00, 0x00, 0x00, 0x00, 0x00, 0x00, 0x00, 0x00, 0x00, 0x00, 0x00, 0x00, 0x00, 0x00, 0x00, 0x00, 0x00, 
    0x00, 0x00, 0x00, 0x00, 0x00, 0x00, 0x00, 0x00, 0x00, 0x00, 0x00, 0x00, 0x00, 0x00, 0x00, 0x00, 0x00, 0x00, 0x00, 0x00, 0x00, 0x00, 0x00, 0x00, 
    0x00, 0x00, 0x00, 0x00, 0x00, 0x00, 0x00, 0x00, 0x00, 0x00, 0x00, 0x00, 0xff, 0xff, 0x02, 0xff, 0xff, 0x02, 0x00, 0x00, 0x00, 0xff, 0xff, 0x15, 
    0x00, 0x00, 0x00, 0xff, 0xff, 0x02, 0x00, 0x00, 0x00, 0x00, 0x00, 0x00, 0x00, 0x00, 0x00, 0x00, 0x00, 0x00, 0x00, 0x00, 0x00, 0x00, 0x00, 0x00, 
    0x00, 0x00, 0x00, 0x00, 0x00, 0x00, 0x00, 0x00, 0x00, 0xff, 0xff, 0x03, 0x00, 0x00, 0x00, 0xff, 0xff, 0x4f, 0xff, 0xff, 0xff, 0xff, 0xff, 0xfc, 
    0xff, 0xff, 0xff, 0xff, 0xff, 0xff, 0xff, 0xff, 0xff, 0xff, 0xff, 0xff, 0xff, 0xff, 0xff, 0xff, 0xff, 0xfc, 0xff, 0xff, 0xff, 0xff, 0xff, 0x6d, 
    0x00, 0x00, 0x00, 0xff, 0xff, 0x04, 0xff, 0xff, 0x01, 0x00, 0x00, 0x00, 0x00, 0x00, 0x00, 0x00, 0x00, 0x00, 0x00, 0x00, 0x00, 0x00, 0x00, 0x00, 
    0x00, 0x00, 0x00, 0x00, 0x00, 0x00, 0x00, 0x00, 0x00, 0x00, 0x00, 0x00, 0x00, 0x00, 0x00, 0x00, 0x00, 0x00, 0x00, 0x00, 0x00, 0x00, 0x00, 0x00, 
    0x00, 0x00, 0x00, 0x00, 0x00, 0x00, 0x00, 0x00, 0x00, 0x00, 0x00, 0x00, 0xff, 0xff, 0x01, 0xff, 0xff, 0x03, 0x00, 0x00, 0x00, 0xff, 0xff, 0x13, 
    0x00, 0x00, 0x00, 0xff, 0xff, 0x01, 0xff, 0xff, 0x01, 0x00, 0x00, 0x00, 0x00, 0x00, 0x00, 0x00, 0x00, 0x00, 0x00, 0x00, 0x00, 0x00, 0x00, 0x00, 
    0x00, 0x00, 0x00, 0x00, 0x00, 0x00, 0x00, 0x00, 0x00, 0x00, 0x00, 0x00, 0xff, 0xff, 0x04, 0x00, 0x00, 0x00, 0xff, 0xff, 0x8e, 0xff, 0xff, 0xff, 
    0xff, 0xff, 0xfc, 0xff, 0xff, 0xff, 0xff, 0xff, 0xff, 0xff, 0xff, 0xff, 0xff, 0xff, 0xff, 0xff, 0xff, 0xff, 0x17, 0xde, 0xfe, 0xac, 0xd3, 0xff, 
    0x46, 0xba, 0xff, 0xa3, 0xb9, 0xff, 0x83, 0xb9, 0xff, 0xa3, 0xb9, 0xff, 0xa4, 0xb1, 0xff, 0x66, 0xc2, 0xee, 0xa4, 0xb9, 0xff, 0xe5, 0xa9, 0xe5, 
    0x6a, 0xc3, 0x1e, 0x00, 0x00, 0x00, 0xa5, 0x7a, 0x06, 0xc8, 0xa2, 0x19, 0xea, 0xaa, 0x1e, 0xc9, 0xb2, 0x59, 0xe9, 0xc2, 0xde, 0xe4, 0xb9, 0xfe, 
    0xa3, 0xb9, 0xff, 0xa3, 0xb9, 0xff, 0xa3, 0xb9, 0xff, 0xa3, 0xb9, 0xff, 0xa3, 0xb9, 0xff, 0xa3, 0xb9, 0xff, 0xa3, 0xb9, 0xff, 0x83, 0xb1, 0xfe, 
    0x25, 0xba, 0xff, 0xe9, 0xc2, 0xcf, 0xc9, 0xba, 0x96, 0xa8, 0xba, 0xad, 0xe9, 0xc2, 0xc4, 0x46, 0xba, 0xf3, 0xa3, 0xb1, 0xff, 0x83, 0xb1, 0xff, 
    0x83, 0xb1, 0xfe, 0xa3, 0xb9, 0xff, 0xa3, 0xb9, 0xff, 0xa3, 0xb9, 0xff, 0xa3, 0xb9, 0xff, 0xa3, 0xb9, 0xff, 0xa3, 0xb9, 0xff, 0xa3, 0xb9, 0xff, 
    0xa3, 0xb9, 0xff, 0xa3, 0xb9, 0xff, 0x83, 0xb1, 0xff, 0x05, 0xc2, 0xff, 0x25, 0xba, 0xfe, 0x46, 0xc2, 0xff, 0x66, 0xc2, 0xdf, 0xa7, 0xc2, 0xdc, 
    0x46, 0xba, 0xdf, 0x46, 0xba, 0xe8, 0x66, 0xba, 0xe1, 0x46, 0xb2, 0xe4, 0x26, 0xb2, 0xc8, 0x87, 0xba, 0xca, 0xc8, 0xba, 0x9f, 0xa8, 0xb2, 0x72, 
    0xa9, 0xb2, 0x5e, 0xa8, 0xb2, 0x94, 0xa8, 0xc2, 0xc3, 0x25, 0xba, 0xf1, 0xa3, 0xb9, 0xff, 0xa3, 0xb9, 0xfe, 0xa3, 0xb9, 0xff, 0xa3, 0xb9, 0xff, 
    0xa3, 0xb9, 0xff, 0xa3, 0xb9, 0xff, 0xa3, 0xb9, 0xff, 0xe5, 0xb9, 0xff, 0xa7, 0xca, 0xff, 0xa8, 0xc2, 0xee, 0xa8, 0xba, 0x90, 0xe9, 0xb2, 0x51, 
    0xa9, 0xaa, 0x43, 0xc8, 0xb2, 0x65, 0x67, 0xb2, 0xaa, 0x46, 0xb2, 0xb0, 0xe5, 0xb1, 0xee, 0xc4, 0xb9, 0xff, 0x83, 0xb1, 0xff, 0x83, 0xb1, 0xff, 
    0x83, 0xb1, 0xfe, 0x83, 0xb1, 0xff, 0xa3, 0xb9, 0xff, 0xa3, 0xb9, 0xff, 0xa3, 0xb9, 0xff, 0xa3, 0xb9, 0xff, 0xa3, 0xb9, 0xff, 0xc3, 0xb9, 0xff, 
    0xa3, 0xb9, 0xff, 0xa3, 0xb9, 0xff, 0xa3, 0xb9, 0xfc, 0xa3, 0xb9, 0xff, 0x05, 0xaa, 0xe0, 0xea, 0xba, 0x2c, 0xe9, 0xb2, 0x3b, 0xc8, 0xc2, 0xaa, 
    0x67, 0xba, 0xec, 0x05, 0xba, 0xf8, 0xa3, 0xb1, 0xff, 0xa3, 0xb9, 0xff, 0xa3, 0xb9, 0xff, 0xa3, 0xb9, 0xff, 0xa3, 0xb9, 0xff, 0xa3, 0xb9, 0xff, 
    0xc3, 0xb9, 0xff, 0xa3, 0xb9, 0xff, 0xa3, 0xb9, 0xff, 0xa3, 0xb1, 0xfe, 0xa3, 0xb1, 0xfe, 0xa3, 0xb1, 0xfe, 0xa3, 0xb1, 0xfe, 0xa3, 0xb1, 0xfe, 
    0xa3, 0xb9, 0xff, 0xa3, 0xb9, 0xff, 0xa4, 0xb9, 0xff, 0xa3, 0xb1, 0xff, 0xa3, 0xb1, 0xff, 0xa3, 0xb9, 0xff, 0xa3, 0xb9, 0xff, 0xa3, 0xb9, 0xff, 
    0xa3, 0xb9, 0xff, 0xa3, 0xb9, 0xff, 0xa3, 0xb9, 0xfe, 0x83, 0xb1, 0xfe, 0x87, 0xc2, 0xf4, 0x6b, 0xc3, 0x9e, 0xe9, 0xa2, 0x4d, 0xe9, 0xa2, 0x1e, 
    0xcb, 0x9a, 0x14, 0xef, 0xfb, 0x02, 0x00, 0x00, 0x00, 0x00, 0x00, 0x00, 0x47, 0x7a, 0x26, 0x68, 0x7a, 0x17, 0x00, 0xf8, 0x01, 0x00, 0x00, 0x01, 
    0x00, 0x00, 0x00, 0x00, 0x00, 0x00, 0x00, 0x00, 0x00, 0x00, 0xf8, 0x01, 0x00, 0x00, 0x00, 0x00, 0x00, 0x00, 0xc9, 0x7a, 0x11, 0x4a, 0x55, 0x03, 
    0x00, 0x00, 0x00, 0x00, 0x00, 0x00, 0x00, 0x00, 0x00, 0x00, 0x00, 0x01, 0xe7, 0x79, 0x04, 0x68, 0x9a, 0x27, 0xa8, 0xb2, 0x90, 0xe4, 0xb1, 0xfa, 
    0xa3, 0xb9, 0xfe, 0xa3, 0xb9, 0xff, 0xa3, 0xb9, 0xff, 0xa3, 0xb9, 0xff, 0xa3, 0xb9, 0xff, 0xa3, 0xb9, 0xff, 0xa3, 0xb9, 0xfd, 0xc4, 0xb9, 0xff, 
    0x87, 0xb2, 0xb7, 0x2b, 0xb3, 0x1e, 0xa0, 0xaa, 0x03, 0x00, 0x00, 0x00, 0x00, 0x00, 0x00, 0x00, 0x00, 0x00, 0x00, 0x00, 0x00, 0x00, 0x00, 0x00, 
    0x00, 0x00, 0x00, 0x00, 0x00, 0x00, 0x00, 0x00, 0x00, 0x00, 0x00, 0x00, 0x00, 0x00, 0x00, 0x00, 0x00, 0x00, 0x00, 0x00, 0x00, 0x00, 0x00, 0x00, 
    0xff, 0xff, 0x03, 0x00, 0x00, 0x00, 0xff, 0xff, 0x6c, 0xff, 0xff, 0xff, 0xff, 0xff, 0xfc, 0xff, 0xff, 0xff, 0xff, 0xff, 0xff, 0xff, 0xff, 0xff, 
    0xff, 0xff, 0xff, 0xff, 0xff, 0xfd, 0xff, 0xff, 0xff, 0xff, 0xff, 0xd5, 0xff, 0xff, 0x10, 0xff, 0xff, 0x01, 0xff, 0xff, 0x02, 0x00, 0x00, 0x00, 
    0x00, 0x00, 0x00, 0x00, 0x00, 0x00, 0x00, 0x00, 0x00, 0x00, 0x00, 0x00, 0x00, 0x00, 0x00, 0x00, 0x00, 0x00, 0x00, 0x00, 0x00, 0x00, 0x00, 0x00, 
    0x00, 0x00, 0x00, 0x00, 0x00, 0x00, 0x00, 0x00, 0x00, 0x00, 0x00, 0x00, 0x00, 0x00, 0x00, 0x00, 0x00, 0x00, 0x00, 0x00, 0x00, 0x00, 0x00, 0x00, 
    0x00, 0x00, 0x00, 0x00, 0x00, 0x00, 0x00, 0x00, 0x00, 0xff, 0xff, 0x02, 0x00, 0x00, 0x00, 0x00, 0x00, 0x00, 0xff, 0xff, 0x01, 0x00, 0x00, 0x00, 
    0x00, 0x00, 0x00, 0x00, 0x00, 0x00, 0x00, 0x00, 0x00, 0x00, 0x00, 0x00, 0x00, 0x00, 0x00, 0x00, 0x00, 0x00, 0x00, 0x00, 0x00, 0x00, 0x00, 0x00, 
    0x00, 0x00, 0x00, 0x00, 0x00, 0x00, 0x00, 0x00, 0x00, 0x00, 0x00, 0x00, 0x00, 0x00, 0x00, 0x00, 0x00, 0x00, 0x00, 0x00, 0x00, 0x00, 0x00, 0x00, 
    0x00, 0x00, 0x00, 0xff, 0xff, 0x03, 0x00, 0x00, 0x00, 0xff, 0xff, 0x56, 0xff, 0xff, 0xff, 0xff, 0xff, 0xfd, 0xff, 0xff, 0xff, 0xff, 0xff, 0xff, 
    0xff, 0xff, 0xff, 0xff, 0xff, 0xfc, 0xff, 0xff, 0xff, 0xff, 0xff, 0xbb, 0x00, 0x00, 0x00, 0xff, 0xff, 0x03, 0xff, 0xff, 0x04, 0xff, 0xff, 0xcc, 
    0xff, 0xff, 0xfe, 0xff, 0xff, 0xfc, 0xff, 0xff, 0xff, 0xff, 0xff, 0xff, 0xff, 0xff, 0xff, 0xff, 0xff, 0xfc, 0xff, 0xff, 0xff, 0xff, 0xff, 0x5f, 
    0x00, 0x00, 0x00, 0xff, 0xff, 0x04, 0x00, 0x00, 0x00, 0x00, 0x00, 0x00, 0x00, 0x00, 0x00, 0x00, 0x00, 0x00, 0x00, 0x00, 0x00, 0x00, 0x00, 0x00, 
    0x00, 0x00, 0x00, 0x00, 0x00, 0x00, 0x00, 0x00, 0x00, 0x00, 0x00, 0x00, 0x00, 0x00, 0x00, 0x00, 0x00, 0x00, 0xff, 0xff, 0x01, 0x00, 0x00, 0x00, 
    0xff, 0xff, 0x0e, 0xff, 0xff, 0xe1, 0xff, 0xff, 0xfe, 0xff, 0xff, 0xfd, 0xff, 0xff, 0xff, 0xff, 0xff, 0xff, 0xff, 0xff, 0xff, 0xff, 0xff, 0xff, 
    0xff, 0xff, 0xfc, 0xff, 0xff, 0xff, 0xff, 0xff, 0x77, 0x00, 0x00, 0x00, 0xff, 0xff, 0x05, 0x00, 0x00, 0x00, 0x00, 0x00, 0x00, 0x00, 0x00, 0x00, 
    0x00, 0x00, 0x00, 0x00, 0x00, 0x00, 0x00, 0x00, 0x00, 0x00, 0x00, 0x00, 0x00, 0x00, 0x00, 0x00, 0x00, 0x00, 0x00, 0x00, 0x00, 0x00, 0x00, 0x00, 
    0x00, 0x00, 0x00, 0x00, 0x00, 0x00, 0x00, 0x00, 0x00, 0x00, 0x00, 0x00, 0x00, 0x00, 0x00, 0x00, 0x00, 0x00, 0x00, 0x00, 0x00, 0x00, 0x00, 0x00, 
    0x00, 0x00, 0x00, 0x00, 0x00, 0x00, 0xff, 0xff, 0x02, 0x00, 0x00, 0x00, 0xff, 0xff, 0x02, 0x00, 0x00, 0x00, 0x00, 0x00, 0x00, 0x00, 0x00, 0x00, 
    0x00, 0x00, 0x00, 0x00, 0x00, 0x00, 0x00, 0x00, 0x00, 0x00, 0x00, 0x00, 0x00, 0x00, 0x00, 0x00, 0x00, 0x00, 0xff, 0xff, 0x01, 0xff, 0xff, 0x02, 
    0xff, 0xff, 0x01, 0xff, 0xff, 0xbd, 0xff, 0xff, 0xff, 0xff, 0xff, 0xfc, 0xff, 0xff, 0xff, 0xff, 0xff, 0xff, 0xff, 0xff, 0xff, 0xff, 0xff, 0xff, 
    0xff, 0xff, 0xfc, 0xff, 0xff, 0xff, 0xff, 0xff, 0xa3, 0x00, 0x00, 0x00, 0xff, 0xff, 0x05, 0xff, 0xff, 0x01, 0x00, 0x00, 0x00, 0x00, 0x00, 0x00, 
    0x00, 0x00, 0x00, 0x00, 0x00, 0x00, 0x00, 0x00, 0x00, 0x00, 0x00, 0x00, 0x00, 0x00, 0x00, 0x00, 0x00, 0x00, 0x00, 0x00, 0x00, 0x00, 0x00, 0x00, 
    0x00, 0x00, 0x00, 0x00, 0x00, 0x00, 0x00, 0x00, 0x00, 0x00, 0x00, 0x00, 0x00, 0x00, 0x00, 0x00, 0x00, 0x00, 0x00, 0x00, 0x00, 0x00, 0x00, 0x00, 
    0x00, 0x00, 0x00, 0x00, 0x00, 0x00, 0xff, 0xff, 0x02, 0x00, 0x00, 0x00, 0xff, 0xff, 0x01, 0x00, 0x00, 0x00, 0x00, 0x00, 0x00, 0x00, 0x00, 0x00, 
    0x00, 0x00, 0x00, 0x00, 0x00, 0x00, 0x00, 0x00, 0x00, 0x00, 0x00, 0x00, 0x00, 0x00, 0x00, 0x00, 0x00, 0x00, 0x00, 0x00, 0x00, 0x00, 0x00, 0x00, 
    0xff, 0xff, 0x04, 0x00, 0x00, 0x00, 0xff, 0xff, 0x8e, 0xff, 0xff, 0xff, 0xff, 0xff, 0xfc, 0xff, 0xff, 0xff, 0xff, 0xff, 0xff, 0xff, 0xff, 0xff, 
    0xff, 0xff, 0xfd, 0xff, 0xff, 0xff, 0x5d, 0xf7, 0xc4, 0x4f, 0xcc, 0xce, 0x4e, 0xdc, 0xe4, 0x46, 0xb2, 0xe1, 0xa3, 0xb1, 0xff, 0xa3, 0xc1, 0xff, 
    0xc4, 0xa9, 0xe7, 0xc8, 0xc2, 0x8e, 0xe4, 0xb9, 0xff, 0xe5, 0xa1, 0xda, 0xed, 0xbb, 0x0c, 0x00, 0x00, 0x00, 0x00, 0x00, 0x00, 0xc9, 0x92, 0x0e, 
    0xe9, 0x9a, 0x10, 0xa9, 0xaa, 0x3a, 0xc9, 0xba, 0xc9, 0x46, 0xba, 0xfe, 0xa3, 0xb1, 0xfe, 0xa3, 0xb9, 0xff, 0xa3, 0xb9, 0xff, 0xa3, 0xb9, 0xff, 
    0xa3, 0xb9, 0xff, 0xa3, 0xb9, 0xff, 0xa3, 0xb9, 0xff, 0xa3, 0xb9, 0xff, 0xc4, 0xb9, 0xff, 0x66, 0xc2, 0xf3, 0x09, 0xcb, 0xd2, 0x87, 0xc2, 0xef, 
    0x05, 0xba, 0xf7, 0xa3, 0xb9, 0xff, 0xa3, 0xb1, 0xfe, 0xa3, 0xb1, 0xff, 0xa3, 0xb9, 0xff, 0xa3, 0xb9, 0xff, 0xa3, 0xb9, 0xff, 0xa3, 0xb9, 0xff, 
    0xa3, 0xb9, 0xff, 0xa3, 0xb9, 0xff, 0xa3, 0xb9, 0xff, 0xa3, 0xb9, 0xff, 0xa3, 0xb9, 0xff, 0xa3, 0xb9, 0xff, 0xa3, 0xb9, 0xff, 0x83, 0xb1, 0xff, 
    0xa3, 0xb1, 0xff, 0xa3, 0xb9, 0xff, 0xa3, 0xb9, 0xff, 0xa4, 0xb9, 0xff, 0xa3, 0xb9, 0xff, 0xa3, 0xb9, 0xff, 0xa3, 0xb9, 0xff, 0xa3, 0xb9, 0xff, 
    0xc3, 0xb9, 0xff, 0xc4, 0xb9, 0xff, 0xe4, 0xb9, 0xff, 0x25, 0xba, 0xf9, 0x05, 0xb2, 0xd5, 0xa8, 0xc2, 0xcd, 0xe9, 0xca, 0xdb, 0x66, 0xc2, 0xf1, 
    0xa3, 0xb9, 0xff, 0xa3, 0xb9, 0xfe, 0xa3, 0xb9, 0xff, 0xa3, 0xb9, 0xff, 0xa3, 0xb9, 0xff, 0xa3, 0xb9, 0xff, 0xa3, 0xb9, 0xff, 0xe4, 0xb9, 0xff, 
    0x05, 0xc2, 0xff, 0xe4, 0xb9, 0xff, 0x25, 0xba, 0xff, 0x87, 0xba, 0xe3, 0x46, 0xb2, 0xd9, 0x25, 0xba, 0xe3, 0xc4, 0xb9, 0xff, 0xc4, 0xb9, 0xff, 
    0xa3, 0xb9, 0xff, 0xa3, 0xb9, 0xfd, 0xa3, 0xb9, 0xfd, 0xa3, 0xb9, 0xff, 0xa4, 0xb9, 0xff, 0xa4, 0xb9, 0xff, 0xa3, 0xb9, 0xff, 0xa3, 0xb9, 0xff, 
    0xc3, 0xb9, 0xff, 0xa3, 0xb9, 0xff, 0xa3, 0xb9, 0xff, 0xa3, 0xb9, 0xff, 0xa3, 0xb9, 0xff, 0xa3, 0xb9, 0xfc, 0xc3, 0xb9, 0xff, 0x26, 0xba, 0xcb, 
    0xc9, 0xba, 0x73, 0xc9, 0xba, 0x78, 0x46, 0xb2, 0xbd, 0xe4, 0xb1, 0xfa, 0xa3, 0xb9, 0xff, 0xa3, 0xb9, 0xff, 0xa3, 0xb9, 0xff, 0xa3, 0xb9, 0xff, 
    0xa3, 0xb9, 0xff, 0xa3, 0xb9, 0xff, 0xa3, 0xb9, 0xff, 0xa3, 0xb9, 0xff, 0xa3, 0xb9, 0xff, 0xa3, 0xb9, 0xff, 0xa3, 0xb9, 0xff, 0xa3, 0xb9, 0xff, 
    0xa3, 0xb9, 0xff, 0xa3, 0xb9, 0xff, 0xa3, 0xb9, 0xff, 0xa3, 0xb9, 0xff, 0xa3, 0xb9, 0xff, 0xa3, 0xb9, 0xff, 0xa3, 0xb9, 0xff, 0xa3, 0xb9, 0xff, 
    0xa4, 0xb9, 0xff, 0xa3, 0xb9, 0xff, 0xa3, 0xb9, 0xff, 0xa3, 0xb9, 0xff, 0xa3, 0xb9, 0xff, 0xa3, 0xb9, 0xff, 0xa3, 0xb9, 0xff, 0xa3, 0xb1, 0xff, 
    0x67, 0xba, 0xfb, 0x4b, 0xc3, 0xa8, 0x2a, 0xb3, 0x5b, 0xea, 0xa2, 0x46, 0xea, 0xa2, 0x1b, 0x00, 0x00, 0x00, 0xe7, 0x79, 0x04, 0xaa, 0xaa, 0x06, 
    0x00, 0x00, 0x00, 0x00, 0x00, 0x00, 0x00, 0x00, 0x00, 0x00, 0x00, 0x00, 0x00, 0x00, 0x00, 0x00, 0x00, 0x00, 0x00, 0xf8, 0x01, 0x00, 0x00, 0x00, 
    0x6d, 0x93, 0x07, 0x25, 0xa2, 0x68, 0xc4, 0x99, 0xe1, 0xc5, 0x99, 0xc4, 0xe6, 0x89, 0x25, 0x00, 0x00, 0x00, 0x00, 0x78, 0x02, 0x00, 0x00, 0x01, 
    0xe0, 0x7b, 0x02, 0xa8, 0xa2, 0x3d, 0x87, 0xba, 0xb8, 0xc4, 0xb9, 0xff, 0xa3, 0xb9, 0xfe, 0xa3, 0xb9, 0xff, 0xa3, 0xb9, 0xff, 0xa3, 0xb9, 0xff, 
    0xa3, 0xb9, 0xff, 0xa3, 0xb9, 0xff, 0xa3, 0xb9, 0xfe, 0xe5, 0xb9, 0xff, 0xe9, 0xba, 0x97, 0x28, 0xab, 0x0f, 0xe0, 0xfb, 0x02, 0x00, 0x00, 0x00, 
    0x00, 0x00, 0x00, 0x00, 0x00, 0x00, 0x00, 0x00, 0x00, 0x00, 0x00, 0x00, 0x00, 0x00, 0x00, 0x00, 0x00, 0x00, 0x00, 0x00, 0x00, 0x00, 0x00, 0x00, 
    0x00, 0x00, 0x00, 0x00, 0x00, 0x00, 0x00, 0x00, 0x00, 0x00, 0x00, 0x00, 0xff, 0xff, 0x01, 0xff, 0xff, 0x05, 0xff, 0xff, 0xcf, 0xff, 0xff, 0xfe, 
    0xff, 0xff, 0xfc, 0xff, 0xff, 0xff, 0xff, 0xff, 0xff, 0xff, 0xff, 0xff, 0xff, 0xff, 0xfe, 0xff, 0xff, 0xfe, 0xff, 0xff, 0xfd, 0xff, 0xff, 0x40, 
    0x00, 0x00, 0x00, 0xff, 0xff, 0x03, 0x00, 0x00, 0x00, 0x00, 0x00, 0x00, 0x00, 0x00, 0x00, 0x00, 0x00, 0x00, 0x00, 0x00, 0x00, 0x00, 0x00, 0x00, 
    0x00, 0x00, 0x00, 0x00, 0x00, 0x00, 0x00, 0x00, 0x00, 0x00, 0x00, 0x00, 0x00, 0x00, 0x00, 0x00, 0x00, 0x00, 0x00, 0x00, 0x00, 0x00, 0x00, 0x00, 
    0x00, 0x00, 0x00, 0x00, 0x00, 0x00, 0x00, 0x00, 0x00, 0x00, 0x00, 0x00, 0x00, 0x00, 0x00, 0x00, 0x00, 0x00, 0x00, 0x00, 0x00, 0x00, 0x00, 0x00, 
    0xff, 0xff, 0x01, 0x00, 0x00, 0x00, 0x00, 0x00, 0x00, 0x00, 0x00, 0x00, 0x00, 0x00, 0x00, 0x00, 0x00, 0x00, 0x00, 0x00, 0x00, 0x00, 0x00, 0x00, 
    0x00, 0x00, 0x00, 0x00, 0x00, 0x00, 0x00, 0x00, 0x00, 0x00, 0x00, 0x00, 0x00, 0x00, 0x00, 0x00, 0x00, 0x00, 0x00, 0x00, 0x00, 0x00, 0x00, 0x00, 
    0x00, 0x00, 0x00, 0x00, 0x00, 0x00, 0x00, 0x00, 0x00, 0x00, 0x00, 0x00, 0x00, 0x00, 0x00, 0xff, 0xff, 0x01, 0xff, 0xff, 0x01, 0xff, 0xff, 0xc1, 
    0xff, 0xff, 0xff, 0xff, 0xff, 0xfc, 0xff, 0xff, 0xff, 0xff, 0xff, 0xff, 0xff, 0xff, 0xff, 0xff, 0xff, 0xfc, 0xff, 0xff, 0xff, 0xff, 0xff, 0x55, 
    0x00, 0x00, 0x00, 0xff, 0xff, 0x07, 0x00, 0x00, 0x00, 0xff, 0xff, 0x69, 0xff, 0xff, 0xff, 0xff, 0xff, 0xfc, 0xff, 0xff, 0xff, 0xff, 0xff, 0xff, 
    0xff, 0xff, 0xff, 0xff, 0xff, 0xfc, 0xff, 0xff, 0xff, 0xff, 0xff, 0xc9, 0xff, 0xff, 0x02, 0xff, 0xff, 0x01, 0x00, 0x00, 0x00, 0x00, 0x00, 0x00, 
    0x00, 0x00, 0x00, 0x00, 0x00, 0x00, 0x00, 0x00, 0x00, 0x00, 0x00, 0x00, 0x00, 0x00, 0x00, 0x00, 0x00, 0x00, 0x00, 0x00, 0x00, 0x00, 0x00, 0x00, 
    0x00, 0x00, 0x00, 0x00, 0x00, 0x00, 0xff, 0xff, 0x04, 0x00, 0x00, 0x00, 0xff, 0xff, 0x59, 0xff, 0xff, 0xff, 0xff, 0xff, 0xfd, 0xff, 0xff, 0xff, 
    0xff, 0xff, 0xff, 0xff, 0xff, 0xff, 0xff, 0xff, 0xff, 0xff, 0xff, 0xfd, 0xff, 0xff, 0xff, 0xff, 0xff, 0xc5, 0xff, 0xff, 0x03, 0xff, 0xff, 0x03, 
    0xff, 0xff, 0x01, 0x00, 0x00, 0x00, 0x00, 0x00, 0x00, 0x00, 0x00, 0x00, 0x00, 0x00, 0x00, 0x00, 0x00, 0x00, 0x00, 0x00, 0x00, 0x00, 0x00, 0x00, 
    0x00, 0x00, 0x00, 0x00, 0x00, 0x00, 0x00, 0x00, 0x00, 0x00, 0x00, 0x00, 0x00, 0x00, 0x00, 0x00, 0x00, 0x00, 0x00, 0x00, 0x00, 0x00, 0x00, 0x00, 
    0x00, 0x00, 0x00, 0x00, 0x00, 0x00, 0x00, 0x00, 0x00, 0x00, 0x00, 0x00, 0x00, 0x00, 0x00, 0x00, 0x00, 0x00, 0x00, 0x00, 0x00, 0xff, 0xff, 0x01, 
    0x00, 0x00, 0x00, 0x00, 0x00, 0x00, 0x00, 0x00, 0x00, 0x00, 0x00, 0x00, 0x00, 0x00, 0x00, 0x00, 0x00, 0x00, 0x00, 0x00, 0x00, 0x00, 0x00, 0x00, 
    0x00, 0x00, 0x00, 0x00, 0x00, 0x00, 0xff, 0xff, 0x02, 0x00, 0x00, 0x00, 0xff, 0xff, 0x2c, 0xff, 0xff, 0xfa, 0xff, 0xff, 0xfe, 0xff, 0xff, 0xff, 
    0xff, 0xff, 0xff, 0xff, 0xff, 0xff, 0xff, 0xff, 0xff, 0xff, 0xff, 0xfd, 0xff, 0xff, 0xfe, 0xff, 0xff, 0xe4, 0xff, 0xff, 0x15, 0xff, 0xff, 0x01, 
    0xff, 0xff, 0x02, 0x00, 0x00, 0x00, 0x00, 0x00, 0x00, 0x00, 0x00, 0x00, 0x00, 0x00, 0x00, 0x00, 0x00, 0x00, 0x00, 0x00, 0x00, 0x00, 0x00, 0x00, 
    0x00, 0x00, 0x00, 0x00, 0x00, 0x00, 0x00, 0x00, 0x00, 0x00, 0x00, 0x00, 0x00, 0x00, 0x00, 0x00, 0x00, 0x00, 0x00, 0x00, 0x00, 0x00, 0x00, 0x00, 
    0x00, 0x00, 0x00, 0x00, 0x00, 0x00, 0x00, 0x00, 0x00, 0x00, 0x00, 0x00, 0x00, 0x00, 0x00, 0x00, 0x00, 0x00, 0x00, 0x00, 0x00, 0xff, 0xff, 0x01, 
    0x00, 0x00, 0x00, 0x00, 0x00, 0x00, 0x00, 0x00, 0x00, 0x00, 0x00, 0x00, 0x00, 0x00, 0x00, 0x00, 0x00, 0x00, 0x00, 0x00, 0x00, 0x00, 0x00, 0x00, 
    0x00, 0x00, 0x00, 0x00, 0x00, 0x00, 0x00, 0x00, 0x00, 0x00, 0x00, 0x00, 0xff, 0xff, 0x04, 0x00, 0x00, 0x00, 0xff, 0xff, 0x8e, 0xff, 0xff, 0xff, 
    0xff, 0xff, 0xfc, 0xff, 0xff, 0xff, 0xff, 0xff, 0xff, 0xff, 0xff, 0xff, 0xff, 0xff, 0xfb, 0xff, 0xff, 0xff, 0xbe, 0xf7, 0x9c, 0x06, 0x82, 0x39, 
    0x0e, 0xbc, 0x8b, 0x2a, 0xbb, 0x5b, 0xc4, 0xb1, 0xf3, 0xc3, 0xc1, 0xff, 0xe4, 0xa9, 0xb7, 0x88, 0xb2, 0x52, 0xe4, 0xb9, 0xff, 0xe5, 0xa1, 0xd4, 
    0xec, 0xb3, 0x0a, 0x00, 0x00, 0x00, 0x00, 0xf8, 0x01, 0xaa, 0xaa, 0x03, 0x09, 0xb3, 0x0d, 0xa9, 0xa2, 0x26, 0x2a, 0xbb, 0x77, 0x87, 0xba, 0xe5, 
    0xa3, 0xb1, 0xff, 0xa3, 0xb9, 0xfe, 0xa3, 0xb9, 0xff, 0xa3, 0xb9, 0xff, 0xa3, 0xb9, 0xff, 0xa3, 0xb9, 0xff, 0xa3, 0xb9, 0xff, 0x83, 0xb9, 0xff, 
    0xa3, 0xb9, 0xff, 0xe4, 0xb9, 0xff, 0x05, 0xba, 0xff, 0xa3, 0xb1, 0xff, 0x83, 0xb9, 0xff, 0xa3, 0xb9, 0xfe, 0xa3, 0xb9, 0xff, 0xa3, 0xb9, 0xff, 
    0xa3, 0xb9, 0xff, 0xa3, 0xb9, 0xff, 0xa3, 0xb9, 0xff, 0xa3, 0xb9, 0xff, 0xa3, 0xb9, 0xff, 0xa3, 0xb9, 0xff, 0xa3, 0xb9, 0xff, 0xa3, 0xb9, 0xff, 
    0xa3, 0xb9, 0xff, 0xa3, 0xb9, 0xff, 0xa3, 0xb9, 0xff, 0xa3, 0xb9, 0xff, 0xa3, 0xb9, 0xff, 0xa3, 0xb1, 0xff, 0xa3, 0xb9, 0xfe, 0xa3, 0xb9, 0xfe, 
    0xa3, 0xb9, 0xfe, 0xa3, 0xb9, 0xfe, 0xa3, 0xb9, 0xfe, 0xa3, 0xb9, 0xfe, 0xa3, 0xb9, 0xfd, 0xa3, 0xb9, 0xfe, 0xa3, 0xb9, 0xfe, 0xa3, 0xb9, 0xff, 
    0xa3, 0xb9, 0xff, 0xe4, 0xb9, 0xff, 0x46, 0xc2, 0xf7, 0x46, 0xc2, 0xfd, 0xa3, 0xb1, 0xff, 0xa3, 0xb9, 0xff, 0xa3, 0xb9, 0xff, 0xa3, 0xb9, 0xff, 
    0xa3, 0xb9, 0xff, 0xa3, 0xb9, 0xff, 0xa3, 0xb9, 0xff, 0xa3, 0xb9, 0xff, 0xa3, 0xb9, 0xff, 0xa3, 0xb9, 0xfe, 0xa3, 0xb9, 0xff, 0xa3, 0xb9, 0xff, 
    0xa3, 0xb9, 0xff, 0xa3, 0xb9, 0xff, 0xa3, 0xb9, 0xfe, 0xa3, 0xb9, 0xfd, 0xa3, 0xb9, 0xfe, 0xa3, 0xb9, 0xff, 0xa3, 0xb9, 0xff, 0xa3, 0xb9, 0xff, 
    0xa4, 0xb9, 0xff, 0xa3, 0xb9, 0xff, 0xa3, 0xb9, 0xff, 0xa3, 0xb9, 0xff, 0xa3, 0xb9, 0xff, 0xa3, 0xb9, 0xff, 0xa3, 0xb9, 0xff, 0xa3, 0xb9, 0xfe, 
    0xa3, 0xb9, 0xfe, 0xe4, 0xb9, 0xff, 0x25, 0xb2, 0xe1, 0xc8, 0xba, 0x5f, 0xe9, 0xba, 0x5e, 0x67, 0xba, 0xf1, 0xa3, 0xb9, 0xff, 0xa3, 0xb9, 0xff, 
    0xa3, 0xb9, 0xfe, 0xa3, 0xb9, 0xff, 0xa3, 0xb9, 0xff, 0xa3, 0xb9, 0xff, 0xa3, 0xb9, 0xff, 0xa3, 0xb9, 0xff, 0xa3, 0xb9, 0xff, 0xa3, 0xb9, 0xff, 
    0xa3, 0xb9, 0xff, 0xa3, 0xb9, 0xff, 0xa3, 0xb9, 0xff, 0xa3, 0xb9, 0xff, 0xa3, 0xb9, 0xff, 0xa3, 0xb9, 0xff, 0xa3, 0xb9, 0xff, 0xa3, 0xb9, 0xff, 
    0xa3, 0xb9, 0xff, 0xa3, 0xb9, 0xff, 0xa3, 0xb9, 0xff, 0xa3, 0xb9, 0xff, 0xa3, 0xb9, 0xff, 0xa3, 0xb9, 0xff, 0xa3, 0xb9, 0xff, 0xa3, 0xb9, 0xff, 
    0xa3, 0xb9, 0xff, 0xa3, 0xb9, 0xff, 0xa3, 0xb9, 0xfe, 0xe4, 0xb9, 0xff, 0x88, 0xc2, 0xf0, 0x6b, 0xcb, 0x8e, 0x2a, 0xb3, 0x64, 0xe9, 0xa2, 0x40, 
    0xe9, 0x9a, 0x10, 0xaa, 0xaa, 0x03, 0xe7, 0x79, 0x04, 0xa5, 0xaa, 0x06, 0x00, 0xf8, 0x01, 0x00, 0x00, 0x01, 0x00, 0x00, 0x00, 0x00, 0x00, 0x00, 
    0x00, 0x00, 0x00, 0x00, 0xf8, 0x01, 0x00, 0x00, 0x01, 0x26, 0x8a, 0x19, 0x84, 0x91, 0xc2, 0xa3, 0xa9, 0xff, 0xa3, 0xb9, 0xff, 0xc4, 0xb1, 0xff, 
    0x06, 0x8a, 0x5a, 0x00, 0x00, 0x00, 0xe7, 0x79, 0x04, 0x00, 0x00, 0x00, 0xa0, 0xaa, 0x03, 0xe9, 0xb2, 0x52, 0x46, 0xb2, 0xdb, 0xa3, 0xb9, 0xff, 
    0xa3, 0xb9, 0xfe, 0xa3, 0xb9, 0xff, 0xa3, 0xb9, 0xff, 0xa3, 0xb9, 0xff, 0xa3, 0xb9, 0xff, 0xa3, 0xb9, 0xfe, 0xc3, 0xb9, 0xff, 0x66, 0xba, 0xde, 
    0x0a, 0xbb, 0x69, 0x68, 0xa2, 0x1d, 0x00, 0x00, 0x00, 0x00, 0xf8, 0x01, 0x00, 0x00, 0x00, 0x00, 0x00, 0x00, 0x00, 0x00, 0x00, 0x00, 0x00, 0x00, 
    0x00, 0x00, 0x00, 0x00, 0x00, 0x00, 0x00, 0x00, 0x00, 0x00, 0x00, 0x00, 0x00, 0x00, 0x00, 0x00, 0x00, 0x00, 0x00, 0x00, 0x00, 0x00, 0x00, 0x00, 
    0x00, 0x00, 0x00, 0xff, 0xff, 0x2f, 0xff, 0xff, 0xfd, 0xff, 0xff, 0xfe, 0xff, 0xff, 0xfe, 0xff, 0xff, 0xff, 0xff, 0xff, 0xff, 0xff, 0xff, 0xff, 
    0xff, 0xff, 0xfc, 0xff, 0xff, 0xff, 0xff, 0xff, 0xb5, 0x00, 0x00, 0x00, 0xff, 0xff, 0x03, 0x00, 0x00, 0x00, 0x00, 0x00, 0x00, 0x00, 0x00, 0x00, 
    0x00, 0x00, 0x00, 0x00, 0x00, 0x00, 0x00, 0x00, 0x00, 0x00, 0x00, 0x00, 0x00, 0x00, 0x00, 0x00, 0x00, 0x00, 0x00, 0x00, 0x00, 0x00, 0x00, 0x00, 
    0x00, 0x00, 0x00, 0x00, 0x00, 0x00, 0x00, 0x00, 0x00, 0x00, 0x00, 0x00, 0x00, 0x00, 0x00, 0x00, 0x00, 0x00, 0x00, 0x00, 0x00, 0x00, 0x00, 0x00, 
    0x00, 0x00, 0x00, 0x00, 0x00, 0x00, 0x00, 0x00, 0x00, 0x00, 0x00, 0x00, 0x00, 0x00, 0x00, 0x00, 0x00, 0x00, 0x00, 0x00, 0x00, 0x00, 0x00, 0x00, 
    0x00, 0x00, 0x00, 0x00, 0x00, 0x00, 0x00, 0x00, 0x00, 0x00, 0x00, 0x00, 0x00, 0x00, 0x00, 0x00, 0x00, 0x00, 0x00, 0x00, 0x00, 0x00, 0x00, 0x00, 
    0x00, 0x00, 0x00, 0x00, 0x00, 0x00, 0x00, 0x00, 0x00, 0x00, 0x00, 0x00, 0x00, 0x00, 0x00, 0x00, 0x00, 0x00, 0x00, 0x00, 0x00, 0x00, 0x00, 0x00, 
    0xff, 0xff, 0x03, 0x00, 0x00, 0x00, 0xff, 0xff, 0x3c, 0xff, 0xff, 0xfd, 0xff, 0xff, 0xfe, 0xff, 0xff, 0xff, 0xff, 0xff, 0xff, 0xff, 0xff, 0xff, 
    0xff, 0xff, 0xfd, 0xff, 0xff, 0xff, 0xff, 0xff, 0xdd, 0xff, 0xff, 0x0a, 0x00, 0x00, 0x00, 0xff, 0xff, 0x02, 0x00, 0x00, 0x00, 0xff, 0xff, 0x15, 
    0xff, 0xff, 0xea, 0xff, 0xff, 0xff, 0xff, 0xff, 0xfe, 0xff, 0xff, 0xff, 0xff, 0xff, 0xff, 0xff, 0xff, 0xff, 0xff, 0xff, 0xfd, 0xff, 0xff, 0xff, 
    0xff, 0xff, 0x44, 0x00, 0x00, 0x00, 0xff, 0xff, 0x03, 0x00, 0x00, 0x00, 0x00, 0x00, 0x00, 0x00, 0x00, 0x00, 0x00, 0x00, 0x00, 0x00, 0x00, 0x00, 
    0x00, 0x00, 0x00, 0x00, 0x00, 0x00, 0x00, 0x00, 0x00, 0x00, 0x00, 0x00, 0x00, 0x00, 0x00, 0x00, 0x00, 0x00, 0xff, 0xff, 0x02, 0x00, 0x00, 0x00, 
    0xff, 0xff, 0xad, 0xff, 0xff, 0xfe, 0xff, 0xff, 0xfc, 0xff, 0xff, 0xff, 0xff, 0xff, 0xff, 0xff, 0xff, 0xff, 0xff, 0xff, 0xff, 0xff, 0xff, 0xfe, 
    0xff, 0xff, 0xfc, 0xff, 0xff, 0x3d, 0x00, 0x00, 0x00, 0xff, 0xff, 0x03, 0x00, 0x00, 0x00, 0x00, 0x00, 0x00, 0x00, 0x00, 0x00, 0x00, 0x00, 0x00, 
    0x00, 0x00, 0x00, 0x00, 0x00, 0x00, 0x00, 0x00, 0x00, 0x00, 0x00, 0x00, 0x00, 0x00, 0x00, 0x00, 0x00, 0x00, 0x00, 0x00, 0x00, 0x00, 0x00, 0x00, 
    0x00, 0x00, 0x00, 0x00, 0x00, 0x00, 0x00, 0x00, 0x00, 0x00, 0x00, 0x00, 0x00, 0x00, 0x00, 0x00, 0x00, 0x00, 0x00, 0x00, 0x00, 0x00, 0x00, 0x00, 
    0x00, 0x00, 0x00, 0x00, 0x00, 0x00, 0x00, 0x00, 0x00, 0x00, 0x00, 0x00, 0x00, 0x00, 0x00, 0x00, 0x00, 0x00, 0x00, 0x00, 0x00, 0x00, 0x00, 0x00, 
    0x00, 0x00, 0x00, 0x00, 0x00, 0x00, 0x00, 0x00, 0x00, 0x00, 0x00, 0x00, 0x00, 0x00, 0x00, 0x00, 0x00, 0x00, 0xff, 0xff, 0x04, 0x00, 0x00, 0x00, 
    0xff, 0xff, 0x7f, 0xff, 0xff, 0xff, 0xff, 0xff, 0xfc, 0xff, 0xff, 0xff, 0xff, 0xff, 0xff, 0xff, 0xff, 0xff, 0xff, 0xff, 0xff, 0xff, 0xff, 0xfc, 
    0xff, 0xff, 0xff, 0xff, 0xff, 0x6f, 0x00, 0x00, 0x00, 0xff, 0xff, 0x04, 0x00, 0x00, 0x00, 0x00, 0x00, 0x00, 0x00, 0x00, 0x00, 0x00, 0x00, 0x00, 
    0x00, 0x00, 0x00, 0x00, 0x00, 0x00, 0x00, 0x00, 0x00, 0x00, 0x00, 0x00, 0x00, 0x00, 0x00, 0x00, 0x00, 0x00, 0x00, 0x00, 0x00, 0x00, 0x00, 0x00, 
    0x00, 0x00, 0x00, 0x00, 0x00, 0x00, 0x00, 0x00, 0x00, 0x00, 0x00, 0x00, 0x00, 0x00, 0x00, 0x00, 0x00, 0x00, 0x00, 0x00, 0x00, 0x00, 0x00, 0x00, 
    0x00, 0x00, 0x00, 0x00, 0x00, 0x00, 0x00, 0x00, 0x00, 0x00, 0x00, 0x00, 0x00, 0x00, 0x00, 0x00, 0x00, 0x00, 0x00, 0x00, 0x00, 0x00, 0x00, 0x00, 
    0x00, 0x00, 0x00, 0x00, 0x00, 0x00, 0x00, 0x00, 0x00, 0x00, 0x00, 0x00, 0x00, 0x00, 0x00, 0x00, 0x00, 0x00, 0x00, 0x00, 0x00, 0x00, 0x00, 0x00, 
    0xff, 0xff, 0x04, 0x00, 0x00, 0x00, 0xff, 0xff, 0x8f, 0xff, 0xff, 0xff, 0xff, 0xff, 0xfc, 0xff, 0xff, 0xff, 0xff, 0xff, 0xff, 0xff, 0xff, 0xff, 
    0xff, 0xff, 0xfb, 0xff, 0xff, 0xff, 0xbe, 0xf7, 0xa3, 0x00, 0x00, 0x00, 0x4c, 0x93, 0x1f, 0xe9, 0xa2, 0x1b, 0xe5, 0xa9, 0xdc, 0xc4, 0xc1, 0xff, 
    0xe5, 0xa9, 0xac, 0xa8, 0xb2, 0x44, 0x05, 0xba, 0xff, 0xe5, 0xa9, 0xde, 0x6b, 0xbb, 0x10, 0x00, 0x00, 0x00, 0x00, 0x00, 0x00, 0xe7, 0xbb, 0x04, 
    0xaa, 0xaa, 0x06, 0x89, 0xa2, 0x25, 0x2a, 0xbb, 0x63, 0x87, 0xba, 0xd9, 0xc4, 0xb9, 0xff, 0xa3, 0xb9, 0xfd, 0xa3, 0xb9, 0xff, 0xa3, 0xb9, 0xff, 
    0xa4, 0xb9, 0xff, 0xa3, 0xb9, 0xff, 0xa3, 0xb9, 0xff, 0xa3, 0xb9, 0xff, 0xa3, 0xb9, 0xff, 0xa3, 0xb9, 0xff, 0x83, 0xb9, 0xff, 0xa3, 0xb9, 0xff, 
    0xa4, 0xb9, 0xff, 0xa3, 0xb9, 0xff, 0xa3, 0xb9, 0xff, 0xa3, 0xb9, 0xff, 0xa3, 0xb9, 0xff, 0xa3, 0xb9, 0xff, 0xa3, 0xb9, 0xff, 0xa3, 0xb9, 0xff, 
    0xa3, 0xb9, 0xff, 0xa3, 0xb9, 0xff, 0xa3, 0xb9, 0xff, 0xa3, 0xb9, 0xff, 0xa3, 0xb9, 0xff, 0xa3, 0xb9, 0xff, 0xa3, 0xb9, 0xff, 0xa3, 0xb9, 0xff, 
    0xa3, 0xb9, 0xff, 0xa3, 0xb9, 0xff, 0xa3, 0xb9, 0xff, 0xa3, 0xb9, 0xff, 0xa3, 0xb9, 0xff, 0xa3, 0xb9, 0xff, 0xa3, 0xb9, 0xff, 0xa3, 0xb9, 0xff, 
    0xa3, 0xb9, 0xff, 0xa3, 0xb9, 0xff, 0xa3, 0xb9, 0xff, 0xa3, 0xb9, 0xfe, 0xa3, 0xb9, 0xfd, 0xa3, 0xb9, 0xfe, 0xa3, 0xb9, 0xff, 0xa3, 0xb9, 0xff, 
    0xa3, 0xb9, 0xff, 0xa3, 0xb9, 0xff, 0xa3, 0xb9, 0xff, 0xa4, 0xb9, 0xff, 0xa3, 0xb9, 0xff, 0xa3, 0xb9, 0xff, 0xa3, 0xb9, 0xff, 0xa3, 0xb9, 0xff, 
    0xa3, 0xb9, 0xff, 0xa3, 0xb9, 0xff, 0xa3, 0xb9, 0xff, 0xa3, 0xb9, 0xfe, 0xa3, 0xb9, 0xfe, 0xa3, 0xb9, 0xfe, 0xa3, 0xb9, 0xff, 0xa3, 0xb9, 0xff, 
    0xa3, 0xb9, 0xff, 0xa3, 0xb9, 0xff, 0xa3, 0xb9, 0xff, 0xa3, 0xb9, 0xff, 0xa3, 0xb9, 0xff, 0xa3, 0xb9, 0xff, 0xa3, 0xb9, 0xff, 0xa3, 0xb9, 0xff, 
    0xa3, 0xb9, 0xff, 0xa3, 0xb9, 0xfe, 0xa3, 0xb9, 0xfd, 0xa3, 0xb9, 0xff, 0x04, 0xba, 0xff, 0x87, 0xba, 0xaf, 0xe9, 0xba, 0x4e, 0xe9, 0xb2, 0x5c, 
    0x66, 0xba, 0xcb, 0xa3, 0xb1, 0xff, 0xa3, 0xb9, 0xfc, 0xa3, 0xb9, 0xff, 0xa3, 0xb9, 0xff, 0xa3, 0xb9, 0xff, 0xa3, 0xb9, 0xff, 0xa3, 0xb9, 0xff, 
    0xa3, 0xb9, 0xff, 0xa3, 0xb9, 0xff, 0xa3, 0xb9, 0xff, 0xa3, 0xb9, 0xff, 0xa3, 0xb9, 0xff, 0xa3, 0xb9, 0xff, 0xa3, 0xb9, 0xff, 0xa3, 0xb9, 0xff, 
    0xa3, 0xb9, 0xff, 0xa3, 0xb9, 0xff, 0xa3, 0xb9, 0xff, 0xa3, 0xb9, 0xff, 0xa3, 0xb9, 0xff, 0xa3, 0xb9, 0xff, 0xa3, 0xb9, 0xff, 0xa3, 0xb9, 0xff, 
    0xa3, 0xb9, 0xff, 0xa3, 0xb9, 0xff, 0xa3, 0xb9, 0xff, 0xa4, 0xb9, 0xff, 0xa3, 0xb9, 0xff, 0xa3, 0xb9, 0xff, 0xa3, 0xb9, 0xff, 0x46, 0xc2, 0xff, 
    0x4a, 0xcb, 0xe8, 0x2a, 0xbb, 0xaf, 0x0a, 0xab, 0x4a, 0xe9, 0xa2, 0x2e, 0x2c, 0x9b, 0x0a, 0x00, 0x00, 0x00, 0x00, 0x00, 0x00, 0x00, 0x00, 0x00, 
    0x00, 0x00, 0x00, 0x00, 0x00, 0x00, 0x00, 0x00, 0x00, 0x00, 0x00, 0x00, 0x00, 0x00, 0x00, 0xa0, 0xaa, 0x03, 0x00, 0x00, 0x00, 0x06, 0x92, 0x56, 
    0x83, 0xa1, 0xff, 0x22, 0xa1, 0xf9, 0x62, 0xa9, 0xfb, 0x83, 0xa1, 0xf1, 0x46, 0x92, 0x25, 0x00, 0x00, 0x00, 0xaa, 0xaa, 0x03, 0x00, 0x00, 0x00, 
    0x68, 0x9a, 0x17, 0x0a, 0xbb, 0x6d, 0x25, 0xb2, 0xe8, 0xa3, 0xb9, 0xff, 0xa3, 0xb9, 0xfe, 0xa3, 0xb9, 0xff, 0xa3, 0xb9, 0xff, 0xa3, 0xb9, 0xff, 
    0xa3, 0xb9, 0xff, 0xa3, 0xb9, 0xfd, 0xc4, 0xb9, 0xff, 0xa7, 0xc2, 0xbd, 0x0a, 0xb3, 0x40, 0x67, 0x9a, 0x14, 0x00, 0x00, 0x00, 0x00, 0x00, 0x01, 
    0x00, 0x00, 0x00, 0x00, 0x00, 0x00, 0x00, 0x00, 0x00, 0x00, 0x00, 0x00, 0x00, 0x00, 0x00, 0x00, 0x00, 0x00, 0x00, 0x00, 0x00, 0x00, 0x00, 0x00, 
    0x00, 0x00, 0x00, 0x00, 0x00, 0x00, 0x00, 0x00, 0x00, 0x00, 0x00, 0x00, 0x00, 0x00, 0x00, 0xff, 0xff, 0x71, 0xff, 0xff, 0xff, 0xff, 0xff, 0xfc, 
    0xff, 0xff, 0xff, 0xff, 0xff, 0xff, 0xff, 0xff, 0xff, 0xff, 0xff, 0xff, 0xff, 0xff, 0xfd, 0xff, 0xff, 0xff, 0xff, 0xff, 0x4c, 0xff, 0xff, 0x01, 
    0xff, 0xff, 0x04, 0x00, 0x00, 0x00, 0x00, 0x00, 0x00, 0x00, 0x00, 0x00, 0x00, 0x00, 0x00, 0x00, 0x00, 0x00, 0x00, 0x00, 0x00, 0x00, 0x00, 0x00, 
    0x00, 0x00, 0x00, 0x00, 0x00, 0x00, 0x00, 0x00, 0x00, 0x00, 0x00, 0x00, 0x00, 0x00, 0x00, 0x00, 0x00, 0x00, 0x00, 0x00, 0x00, 0x00, 0x00, 0x00, 
    0x00, 0x00, 0x00, 0x00, 0x00, 0x00, 0x00, 0x00, 0x00, 0x00, 0x00, 0x00, 0x00, 0x00, 0x00, 0x00, 0x00, 0x00, 0x00, 0x00, 0x00, 0x00, 0x00, 0x00, 
    0x00, 0x00, 0x00, 0x00, 0x00, 0x00, 0x00, 0x00, 0x00, 0x00, 0x00, 0x00, 0x00, 0x00, 0x00, 0x00, 0x00, 0x00, 0x00, 0x00, 0x00, 0x00, 0x00, 0x00, 
    0x00, 0x00, 0x00, 0x00, 0x00, 0x00, 0x00, 0x00, 0x00, 0x00, 0x00, 0x00, 0x00, 0x00, 0x00, 0x00, 0x00, 0x00, 0x00, 0x00, 0x00, 0x00, 0x00, 0x00, 
    0x00, 0x00, 0x00, 0x00, 0x00, 0x00, 0x00, 0x00, 0x00, 0x00, 0x00, 0x00, 0xff, 0xff, 0x03, 0x00, 0x00, 0x00, 0xff, 0xff, 0xa1, 0xff, 0xff, 0xff, 
    0xff, 0xff, 0xfc, 0xff, 0xff, 0xff, 0xff, 0xff, 0xff, 0xff, 0xff, 0xff, 0xff, 0xff, 0xfc, 0xff, 0xff, 0xff, 0xff, 0xff, 0x7c, 0x00, 0x00, 0x00, 
    0xff, 0xff, 0x04, 0x00, 0x00, 0x00, 0xff, 0xff, 0x02, 0x00, 0x00, 0x00, 0xff, 0xff, 0xa0, 0xff, 0xff, 0xff, 0xff, 0xff, 0xfb, 0xff, 0xff, 0xff, 
    0xff, 0xff, 0xff, 0xff, 0xff, 0xff, 0xff, 0xff, 0xfc, 0xff, 0xff, 0xff, 0xff, 0xff, 0xb1, 0x00, 0x00, 0x00, 0xff, 0xff, 0x02, 0x00, 0x00, 0x00, 
    0x00, 0x00, 0x00, 0x00, 0x00, 0x00, 0x00, 0x00, 0x00, 0x00, 0x00, 0x00, 0x00, 0x00, 0x00, 0x00, 0x00, 0x00, 0x00, 0x00, 0x00, 0x00, 0x00, 0x00, 
    0x00, 0x00, 0x00, 0xff, 0xff, 0x01, 0x00, 0x00, 0x00, 0xff, 0xff, 0x11, 0xff, 0xff, 0xe8, 0xff, 0xff, 0xff, 0xff, 0xff, 0xfe, 0xff, 0xff, 0xff, 
    0xff, 0xff, 0xff, 0xff, 0xff, 0xff, 0xff, 0xff, 0xfc, 0xff, 0xff, 0xff, 0xff, 0xff, 0xbf, 0x00, 0x00, 0x00, 0xff, 0xff, 0x02, 0x00, 0x00, 0x00, 
    0x00, 0x00, 0x00, 0x00, 0x00, 0x00, 0x00, 0x00, 0x00, 0x00, 0x00, 0x00, 0x00, 0x00, 0x00, 0x00, 0x00, 0x00, 0x00, 0x00, 0x00, 0x00, 0x00, 0x00, 
    0x00, 0x00, 0x00, 0x00, 0x00, 0x00, 0x00, 0x00, 0x00, 0x00, 0x00, 0x00, 0x00, 0x00, 0x00, 0x00, 0x00, 0x00, 0x00, 0x00, 0x00, 0x00, 0x00, 0x00, 
    0x00, 0x00, 0x00, 0x00, 0x00, 0x00, 0x00, 0x00, 0x00, 0x00, 0x00, 0x00, 0x00, 0x00, 0x00, 0x00, 0x00, 0x00, 0x00, 0x00, 0x00, 0x00, 0x00, 0x00, 
    0x00, 0x00, 0x00, 0x00, 0x00, 0x00, 0x00, 0x00, 0x00, 0x00, 0x00, 0x00, 0x00, 0x00, 0x00, 0x00, 0x00, 0x00, 0x00, 0x00, 0x00, 0x00, 0x00, 0x00, 
    0x00, 0x00, 0x00, 0x00, 0x00, 0x00, 0xff, 0xff, 0x01, 0xff, 0xff, 0x01, 0xff, 0xff, 0xbf, 0xff, 0xff, 0xff, 0xff, 0xff, 0xfc, 0xff, 0xff, 0xff, 
    0xff, 0xff, 0xff, 0xff, 0xff, 0xff, 0xff, 0xff, 0xfe, 0xff, 0xff, 0xff, 0xff, 0xff, 0xe9, 0xff, 0xff, 0x14, 0xff, 0xff, 0x01, 0xff, 0xff, 0x02, 
    0x00, 0x00, 0x00, 0x00, 0x00, 0x00, 0x00, 0x00, 0x00, 0x00, 0x00, 0x00, 0x00, 0x00, 0x00, 0x00, 0x00, 0x00, 0x00, 0x00, 0x00, 0x00, 0x00, 0x00, 
    0x00, 0x00, 0x00, 0x00, 0x00, 0x00, 0x00, 0x00, 0x00, 0x00, 0x00, 0x00, 0x00, 0x00, 0x00, 0x00, 0x00, 0x00, 0x00, 0x00, 0x00, 0x00, 0x00, 0x00, 
    0x00, 0x00, 0x00, 0x00, 0x00, 0x00, 0x00, 0x00, 0x00, 0x00, 0x00, 0x00, 0x00, 0x00, 0x00, 0x00, 0x00, 0x00, 0x00, 0x00, 0x00, 0x00, 0x00, 0x00, 
    0x00, 0x00, 0x00, 0x00, 0x00, 0x00, 0x00, 0x00, 0x00, 0x00, 0x00, 0x00, 0x00, 0x00, 0x00, 0x00, 0x00, 0x00, 0x00, 0x00, 0x00, 0x00, 0x00, 0x00, 
    0x00, 0x00, 0x00, 0x00, 0x00, 0x00, 0x00, 0x00, 0x00, 0x00, 0x00, 0x00, 0xff, 0xff, 0x04, 0x00, 0x00, 0x00, 0xff, 0xff, 0x8f, 0xff, 0xff, 0xff, 
    0xff, 0xff, 0xfc, 0xff, 0xff, 0xff, 0xff, 0xff, 0xff, 0xff, 0xff, 0xff, 0xff, 0xff, 0xfb, 0xff, 0xff, 0xff, 0xff, 0xff, 0xa3, 0xef, 0x7b, 0x02, 
    0xea, 0x82, 0x1b, 0xcc, 0xab, 0x15, 0xe5, 0xa9, 0xce, 0xe4, 0xc1, 0xff, 0xe5, 0xa9, 0xaa, 0xe9, 0xb2, 0x34, 0x05, 0xb2, 0xff, 0x05, 0xaa, 0xdc, 
    0xac, 0xc3, 0x0d, 0x00, 0x00, 0x00, 0x00, 0xf8, 0x01, 0x00, 0x00, 0x00, 0x00, 0x00, 0x01, 0xa9, 0x9a, 0x15, 0x0a, 0xb3, 0x5b, 0xe8, 0xc2, 0xc5, 
    0xc4, 0xb1, 0xff, 0xa3, 0xb9, 0xfe, 0xa3, 0xb9, 0xff, 0xa3, 0xb9, 0xff, 0xa3, 0xb9, 0xff, 0xa3, 0xb9, 0xff, 0xa3, 0xb9, 0xff, 0xa3, 0xb9, 0xff, 
    0xa3, 0xb9, 0xff, 0xa3, 0xb9, 0xff, 0xa3, 0xb9, 0xff, 0xa3, 0xb9, 0xff, 0xa3, 0xb9, 0xff, 0xa3, 0xb9, 0xff, 0xa3, 0xb9, 0xff, 0xa3, 0xb9, 0xff, 
    0xa3, 0xb9, 0xff, 0xa3, 0xb9, 0xff, 0xa3, 0xb9, 0xff, 0xa3, 0xb9, 0xff, 0xa3, 0xb9, 0xff, 0xa3, 0xb9, 0xff, 0xa3, 0xb9, 0xff, 0xa3, 0xb9, 0xff, 
    0xa3, 0xb9, 0xff, 0xa3, 0xb9, 0xff, 0xa3, 0xb9, 0xff, 0xa3, 0xb9, 0xff, 0xa3, 0xb9, 0xff, 0xa3, 0xb9, 0xff, 0xa3, 0xb9, 0xff, 0xa3, 0xb9, 0xff, 
    0xa3, 0xb9, 0xff, 0xa3, 0xb9, 0xff, 0xa3, 0xb9, 0xff, 0xa3, 0xb9, 0xff, 0xa3, 0xb9, 0xff, 0xa3, 0xb9, 0xff, 0xa4, 0xb9, 0xff, 0xa3, 0xb9, 0xff, 
    0xa3, 0xb9, 0xff, 0xa3, 0xb9, 0xff, 0xa3, 0xb9, 0xff, 0xa3, 0xb9, 0xff, 0xa3, 0xb9, 0xff, 0xa3, 0xb9, 0xff, 0xa3, 0xb9, 0xff, 0xa3, 0xb9, 0xff, 
    0xa3, 0xb9, 0xff, 0xa3, 0xb9, 0xff, 0xa3, 0xb9, 0xff, 0xa3, 0xb9, 0xff, 0xa3, 0xb9, 0xff, 0xa3, 0xb9, 0xff, 0xa3, 0xb9, 0xff, 0xa3, 0xb9, 0xff, 
    0xa3, 0xb9, 0xff, 0xa3, 0xb9, 0xff, 0xa3, 0xb9, 0xff, 0xa3, 0xb9, 0xff, 0xa3, 0xb9, 0xff, 0xa3, 0xb9, 0xff, 0xa3, 0xb9, 0xff, 0xa3, 0xb9, 0xff, 
    0xa3, 0xb9, 0xff, 0xa3, 0xb9, 0xff, 0xa3, 0xb9, 0xff, 0xa3, 0xb9, 0xff, 0xa3, 0xb9, 0xfe, 0xa3, 0xb9, 0xff, 0xc3, 0xb9, 0xff, 0x46, 0xba, 0xec, 
    0xe9, 0xc2, 0xaf, 0x0a, 0xbb, 0x55, 0x88, 0xa2, 0x40, 0x09, 0xbb, 0x91, 0x05, 0xb2, 0xfd, 0x83, 0xb9, 0xfe, 0xa3, 0xb9, 0xfe, 0xa3, 0xb9, 0xff, 
    0xa3, 0xb9, 0xff, 0xa3, 0xb9, 0xff, 0xa3, 0xb9, 0xff, 0xc3, 0xb9, 0xff, 0xa3, 0xb9, 0xff, 0xa3, 0xb9, 0xff, 0xa3, 0xb9, 0xff, 0xa3, 0xb9, 0xff, 
    0xa3, 0xb9, 0xff, 0xa3, 0xb9, 0xff, 0xa3, 0xb9, 0xff, 0xa3, 0xb9, 0xff, 0xa3, 0xb9, 0xff, 0xa3, 0xb9, 0xff, 0xa3, 0xb9, 0xff, 0xa3, 0xb9, 0xff, 
    0xa3, 0xb9, 0xff, 0xa3, 0xb9, 0xff, 0xa3, 0xb9, 0xfe, 0xa3, 0xb9, 0xfe, 0xa3, 0xb9, 0xfe, 0xa3, 0xb9, 0xfe, 0xa3, 0xb9, 0xfe, 0xa3, 0xb9, 0xfe, 
    0xa3, 0xb9, 0xfe, 0xa3, 0xb9, 0xff, 0x05, 0xba, 0xfd, 0xe8, 0xc2, 0xfc, 0x4a, 0xc3, 0xdc, 0x2a, 0xb3, 0x60, 0x0a, 0xa3, 0x35, 0xea, 0x9a, 0x31, 
    0xaa, 0xaa, 0x03, 0x00, 0x00, 0x00, 0x00, 0x00, 0x00, 0x00, 0x00, 0x00, 0x00, 0x00, 0x00, 0x00, 0x00, 0x00, 0x00, 0x00, 0x00, 0x00, 0x00, 0x00, 
    0x00, 0x00, 0x00, 0x00, 0x78, 0x02, 0x00, 0x00, 0x00, 0xe5, 0x81, 0x22, 0xa4, 0x91, 0xd2, 0x83, 0xa9, 0xff, 0x83, 0xb1, 0xff, 0xe5, 0xa1, 0xaf, 
    0x1f, 0xf8, 0x01, 0x00, 0x78, 0x02, 0x00, 0x00, 0x00, 0x0f, 0x78, 0x02, 0xcb, 0xa2, 0x11, 0x88, 0xb2, 0x82, 0xc4, 0xb1, 0xfe, 0xa3, 0xb9, 0xff, 
    0xa3, 0xb9, 0xff, 0xa3, 0xb9, 0xff, 0xa3, 0xb9, 0xff, 0xa3, 0xb9, 0xff, 0xa3, 0xb9, 0xff, 0xa3, 0xb9, 0xfe, 0xe4, 0xb9, 0xfe, 0xc9, 0xc2, 0xbf, 
    0xca, 0xb2, 0x35, 0x00, 0x00, 0x01, 0x00, 0x00, 0x01, 0x00, 0x00, 0x00, 0x00, 0x00, 0x00, 0x00, 0x00, 0x00, 0x00, 0x00, 0x00, 0x00, 0x00, 0x00, 
    0x00, 0x00, 0x00, 0x00, 0x00, 0x00, 0x00, 0x00, 0x00, 0x00, 0x00, 0x00, 0x00, 0x00, 0x00, 0x00, 0x00, 0x00, 0x00, 0x00, 0x00, 0x00, 0x00, 0x00, 
    0x00, 0x00, 0x00, 0xff, 0xff, 0xac, 0xff, 0xff, 0xff, 0xff, 0xff, 0xfc, 0xff, 0xff, 0xff, 0xff, 0xff, 0xff, 0xff, 0xff, 0xff, 0xff, 0xff, 0xfd, 
    0xff, 0xff, 0xff, 0xff, 0xff, 0xe0, 0xff, 0xff, 0x0b, 0x00, 0x00, 0x00, 0xff, 0xff, 0x01, 0x00, 0x00, 0x00, 0x00, 0x00, 0x00, 0x00, 0x00, 0x00, 
    0x00, 0x00, 0x00, 0x00, 0x00, 0x00, 0x00, 0x00, 0x00, 0x00, 0x00, 0x00, 0x00, 0x00, 0x00, 0x00, 0x00, 0x00, 0x00, 0x00, 0x00, 0x00, 0x00, 0x00, 
    0x00, 0x00, 0x00, 0x00, 0x00, 0x00, 0x00, 0x00, 0x00, 0x00, 0x00, 0x00, 0x00, 0x00, 0x00, 0x00, 0x00, 0x00, 0x00, 0x00, 0x00, 0x00, 0x00, 0x00, 
    0x00, 0x00, 0x00, 0x00, 0x00, 0x00, 0x00, 0x00, 0x00, 0x00, 0x00, 0x00, 0x00, 0x00, 0x00, 0x00, 0x00, 0x00, 0x00, 0x00, 0x00, 0x00, 0x00, 0x00, 
    0x00, 0x00, 0x00, 0x00, 0x00, 0x00, 0x00, 0x00, 0x00, 0x00, 0x00, 0x00, 0x00, 0x00, 0x00, 0x00, 0x00, 0x00, 0x00, 0x00, 0x00, 0x00, 0x00, 0x00, 
    0x00, 0x00, 0x00, 0x00, 0x00, 0x00, 0x00, 0x00, 0x00, 0x00, 0x00, 0x00, 0x00, 0x00, 0x00, 0x00, 0x00, 0x00, 0x00, 0x00, 0x00, 0xff, 0xff, 0x02, 
    0xff, 0xff, 0x01, 0xff, 0xff, 0x20, 0xff, 0xff, 0xf3, 0xff, 0xff, 0xff, 0xff, 0xff, 0xfe, 0xff, 0xff, 0xff, 0xff, 0xff, 0xff, 0xff, 0xff, 0xfe, 
    0xff, 0xff, 0xff, 0xff, 0xff, 0xf1, 0xff, 0xff, 0x1d, 0x00, 0x00, 0x00, 0xff, 0xff, 0x02, 0x00, 0x00, 0x00, 0xff, 0xff, 0x02, 0xff, 0xff, 0x01, 
    0xff, 0xff, 0x39, 0xff, 0xff, 0xfd, 0xff, 0xff, 0xfd, 0xff, 0xff, 0xfe, 0xff, 0xff, 0xff, 0xff, 0xff, 0xff, 0xff, 0xff, 0xff, 0xff, 0xff, 0xfe, 
    0xff, 0xff, 0xfb, 0xff, 0xff, 0x33, 0x00, 0x00, 0x00, 0xff, 0xff, 0x03, 0x00, 0x00, 0x00, 0x00, 0x00, 0x00, 0x00, 0x00, 0x00, 0x00, 0x00, 0x00, 
    0x00, 0x00, 0x00, 0x00, 0x00, 0x00, 0x00, 0x00, 0x00, 0x00, 0x00, 0x00, 0x00, 0x00, 0x00, 0xff, 0xff, 0x03, 0x00, 0x00, 0x00, 0xff, 0xff, 0x3b, 
    0xff, 0xff, 0xfe, 0xff, 0xff, 0xfe, 0xff, 0xff, 0xff, 0xff, 0xff, 0xff, 0xff, 0xff, 0xff, 0xff, 0xff, 0xff, 0xff, 0xff, 0xfc, 0xff, 0xff, 0xff, 
    0xff, 0xff, 0x62, 0x00, 0x00, 0x00, 0xff, 0xff, 0x04, 0x00, 0x00, 0x00, 0x00, 0x00, 0x00, 0x00, 0x00, 0x00, 0x00, 0x00, 0x00, 0x00, 0x00, 0x00, 
    0x00, 0x00, 0x00, 0x00, 0x00, 0x00, 0x00, 0x00, 0x00, 0x00, 0x00, 0x00, 0x00, 0x00, 0x00, 0x00, 0x00, 0x00, 0x00, 0x00, 0x00, 0x00, 0x00, 0x00, 
    0x00, 0x00, 0x00, 0x00, 0x00, 0x00, 0x00, 0x00, 0x00, 0x00, 0x00, 0x00, 0x00, 0x00, 0x00, 0x00, 0x00, 0x00, 0x00, 0x00, 0x00, 0x00, 0x00, 0x00, 
    0x00, 0x00, 0x00, 0x00, 0x00, 0x00, 0x00, 0x00, 0x00, 0x00, 0x00, 0x00, 0x00, 0x00, 0x00, 0x00, 0x00, 0x00, 0x00, 0x00, 0x00, 0x00, 0x00, 0x00, 
    0x00, 0x00, 0x00, 0x00, 0x00, 0x00, 0x00, 0x00, 0x00, 0x00, 0x00, 0x00, 0x00, 0x00, 0x00, 0xff, 0xff, 0x01, 0x00, 0x00, 0x00, 0xff, 0xff, 0x12, 
    0xff, 0xff, 0xea, 0xff, 0xff, 0xff, 0xff, 0xff, 0xfe, 0xff, 0xff, 0xff, 0xff, 0xff, 0xff, 0xff, 0xff, 0xff, 0xff, 0xff, 0xfb, 0xff, 0xff, 0xff, 
    0xff, 0xff, 0x9a, 0x00, 0x00, 0x00, 0xff, 0xff, 0x03, 0x00, 0x00, 0x00, 0x00, 0x00, 0x00, 0x00, 0x00, 0x00, 0x00, 0x00, 0x00, 0x00, 0x00, 0x00, 
    0x00, 0x00, 0x00, 0x00, 0x00, 0x00, 0x00, 0x00, 0x00, 0x00, 0x00, 0x00, 0x00, 0x00, 0x00, 0x00, 0x00, 0x00, 0x00, 0x00, 0x00, 0x00, 0x00, 0x00, 
    0x00, 0x00, 0x00, 0x00, 0x00, 0x00, 0x00, 0x00, 0x00, 0x00, 0x00, 0x00, 0x00, 0x00, 0x00, 0x00, 0x00, 0x00, 0x00, 0x00, 0x00, 0x00, 0x00, 0x00, 
    0x00, 0x00, 0x00, 0x00, 0x00, 0x00, 0x00, 0x00, 0x00, 0x00, 0x00, 0x00, 0x00, 0x00, 0x00, 0x00, 0x00, 0x00, 0x00, 0x00, 0x00, 0x00, 0x00, 0x00, 
    0x00, 0x00, 0x00, 0x00, 0x00, 0x00, 0x00, 0x00, 0x00, 0x00, 0x00, 0x00, 0x00, 0x00, 0x00, 0x00, 0x00, 0x00, 0x00, 0x00, 0x00, 0x00, 0x00, 0x00, 
    0xff, 0xff, 0x04, 0x00, 0x00, 0x00, 0xff, 0xff, 0x8e, 0xff, 0xff, 0xff, 0xff, 0xff, 0xfc, 0xff, 0xff, 0xff, 0xff, 0xff, 0xff, 0xff, 0xff, 0xff, 
    0xff, 0xff, 0xfb, 0xff, 0xff, 0xff, 0xff, 0xff, 0x9f, 0x00, 0x00, 0x00, 0x0c, 0x83, 0x15, 0xef, 0xab, 0x0c, 0x05, 0xaa, 0xb7, 0xe4, 0xc1, 0xff, 
    0xe5, 0xa9, 0xab, 0xc8, 0xaa, 0x31, 0xe4, 0xb1, 0xff, 0xe5, 0xa9, 0xd8, 0x8e, 0xbb, 0x0b, 0x00, 0x00, 0x00, 0x00, 0xf8, 0x01, 0x00, 0x00, 0x00, 
    0xef, 0x7b, 0x02, 0x89, 0x9a, 0x1c, 0xc9, 0xaa, 0x4a, 0x4a, 0xc3, 0xb0, 0x46, 0xba, 0xf8, 0xa3, 0xb1, 0xff, 0xa3, 0xb9, 0xff, 0xa3, 0xb9, 0xff, 
    0xa3, 0xb9, 0xff, 0xa3, 0xb9, 0xff, 0xa3, 0xb9, 0xff, 0xa3, 0xb9, 0xff, 0xa3, 0xb9, 0xff, 0xa3, 0xb9, 0xff, 0xa3, 0xb9, 0xff, 0xa3, 0xb9, 0xff, 
    0xa3, 0xb9, 0xff, 0xa3, 0xb9, 0xff, 0xa3, 0xb9, 0xff, 0xa3, 0xb9, 0xff, 0xa3, 0xb9, 0xff, 0xa3, 0xb9, 0xff, 0xa3, 0xb9, 0xff, 0xa3, 0xb9, 0xff, 
    0xa3, 0xb9, 0xff, 0xa3, 0xb9, 0xff, 0xa3, 0xb9, 0xff, 0xa3, 0xb9, 0xff, 0xa3, 0xb9, 0xff, 0xa3, 0xb9, 0xff, 0xa3, 0xb9, 0xff, 0xa3, 0xb9, 0xff, 
    0xa3, 0xb9, 0xff, 0xa3, 0xb9, 0xff, 0xa3, 0xb9, 0xff, 0xa3, 0xb9, 0xff, 0xa3, 0xb9, 0xff, 0xa3, 0xb9, 0xff, 0xa3, 0xb9, 0xff, 0xa3, 0xb9, 0xff, 
    0xa3, 0xb9, 0xff, 0xa3, 0xb9, 0xff, 0xa3, 0xb9, 0xff, 0xa3, 0xb9, 0xff, 0xa3, 0xb9, 0xff, 0xa3, 0xb9, 0xff, 0xa3, 0xb9, 0xff, 0xa3, 0xb9, 0xff, 
    0xa3, 0xb9, 0xff, 0xa3, 0xb9, 0xff, 0xa3, 0xb9, 0xff, 0xa3, 0xb9, 0xff, 0xa3, 0xb9, 0xff, 0xa3, 0xb9, 0xff, 0xa3, 0xb9, 0xff, 0xa3, 0xb9, 0xff, 
    0xa3, 0xb9, 0xff, 0xa3, 0xb9, 0xff, 0xa3, 0xb9, 0xff, 0xa3, 0xb9, 0xff, 0xa3, 0xb9, 0xff, 0xa3, 0xb9, 0xff, 0xa3, 0xb9, 0xff, 0xa3, 0xb9, 0xff, 
    0xa3, 0xb9, 0xff, 0xa3, 0xb9, 0xff, 0xa3, 0xb9, 0xff, 0xa3, 0xb9, 0xff, 0xa3, 0xb9, 0xff, 0xa3, 0xb9, 0xfd, 0xa3, 0xb9, 0xfe, 0xa3, 0xb1, 0xff, 
    0xc4, 0xb9, 0xff, 0x25, 0xba, 0xf4, 0x67, 0xb2, 0xae, 0x2a, 0xc3, 0x4f, 0xe9, 0xaa, 0x42, 0xc7, 0xa2, 0x14, 0xa8, 0xaa, 0x38, 0xe9, 0xc2, 0xac, 
    0x46, 0xc2, 0xf7, 0xa3, 0xb9, 0xff, 0xa3, 0xb9, 0xfe, 0xa3, 0xb9, 0xff, 0xa3, 0xb9, 0xff, 0xa3, 0xb9, 0xff, 0xa3, 0xb9, 0xff, 0xa3, 0xb9, 0xff, 
    0xa3, 0xb9, 0xff, 0xa3, 0xb9, 0xff, 0xa3, 0xb9, 0xff, 0xa3, 0xb9, 0xff, 0xa3, 0xb9, 0xff, 0xa3, 0xb9, 0xff, 0xa3, 0xb9, 0xff, 0xa3, 0xb9, 0xff, 
    0xa3, 0xb9, 0xff, 0xa3, 0xb9, 0xfe, 0xa3, 0xb9, 0xfe, 0xa3, 0xb9, 0xfe, 0xa3, 0xb9, 0xfe, 0xa3, 0xb9, 0xff, 0xc3, 0xb9, 0xff, 0xc4, 0xb9, 0xff, 
    0xc4, 0xb1, 0xff, 0x04, 0xba, 0xff, 0x05, 0xc2, 0xff, 0xc4, 0xb9, 0xff, 0x46, 0xc2, 0xff, 0x46, 0xc2, 0xff, 0xe9, 0xc2, 0xed, 0x6b, 0xcb, 0xad, 
    0x2a, 0xbb, 0x8b, 0x2a, 0xab, 0x37, 0x09, 0x9b, 0x27, 0xeb, 0xa2, 0x0b, 0xa0, 0x52, 0x03, 0xe0, 0x7b, 0x02, 0x00, 0x00, 0x00, 0x00, 0x00, 0x00, 
    0x00, 0x00, 0x00, 0x00, 0x00, 0x00, 0x00, 0x00, 0x00, 0x00, 0x00, 0x00, 0x00, 0x00, 0x00, 0x00, 0x00, 0x00, 0x00, 0x00, 0x01, 0x00, 0x00, 0x00, 
    0xaa, 0xaa, 0x18, 0xa4, 0x91, 0xc3, 0xa4, 0x99, 0xcb, 0x26, 0x92, 0x2f, 0x00, 0x00, 0x00, 0x00, 0x78, 0x02, 0x00, 0x00, 0x00, 0x49, 0x92, 0x07, 
    0xe9, 0xb2, 0x24, 0x87, 0xb2, 0x92, 0xc3, 0xb1, 0xff, 0xa3, 0xb9, 0xfe, 0xa3, 0xb9, 0xff, 0xa3, 0xb9, 0xff, 0xa3, 0xb9, 0xff, 0xa3, 0xb9, 0xff, 
    0xa3, 0xb9, 0xff, 0xa3, 0xb9, 0xff, 0x46, 0xba, 0xfb, 0x0a, 0xc3, 0xa1, 0xa8, 0xa2, 0x24, 0x00, 0x00, 0x00, 0x00, 0xf8, 0x01, 0x00, 0x00, 0x00, 
    0x00, 0x00, 0x00, 0x00, 0x00, 0x00, 0x00, 0x00, 0x00, 0x00, 0x00, 0x00, 0x00, 0x00, 0x00, 0x00, 0x00, 0x00, 0x00, 0x00, 0x00, 0x00, 0x00, 0x00, 
    0x00, 0x00, 0x00, 0x00, 0x00, 0x00, 0x00, 0x00, 0x00, 0x00, 0x00, 0x00, 0xff, 0xff, 0x08, 0xff, 0xff, 0xd2, 0xff, 0xff, 0xff, 0xff, 0xff, 0xfd, 
    0xff, 0xff, 0xff, 0xff, 0xff, 0xff, 0xff, 0xff, 0xff, 0xff, 0xff, 0xfb, 0xff, 0xff, 0xff, 0xff, 0xff, 0x9a, 0x00, 0x00, 0x00, 0xff, 0xff, 0x03, 
    0x00, 0x00, 0x00, 0x00, 0x00, 0x00, 0x00, 0x00, 0x00, 0x00, 0x00, 0x00, 0x00, 0x00, 0x00, 0x00, 0x00, 0x00, 0x00, 0x00, 0x00, 0x00, 0x00, 0x00, 
    0x00, 0x00, 0x00, 0x00, 0x00, 0x00, 0x00, 0x00, 0x00, 0x00, 0x00, 0x00, 0x00, 0x00, 0x00, 0x00, 0x00, 0x00, 0x00, 0x00, 0x00, 0x00, 0x00, 0x00, 
    0x00, 0x00, 0x00, 0x00, 0x00, 0x00, 0x00, 0x00, 0x00, 0x00, 0x00, 0x00, 0x00, 0x00, 0x00, 0x00, 0x00, 0x00, 0x00, 0x00, 0x00, 0x00, 0x00, 0x00, 
    0x00, 0x00, 0x00, 0x00, 0x00, 0x00, 0x00, 0x00, 0x00, 0x00, 0x00, 0x00, 0x00, 0x00, 0x00, 0x00, 0x00, 0x00, 0x00, 0x00, 0x00, 0x00, 0x00, 0x00, 
    0x00, 0x00, 0x00, 0x00, 0x00, 0x00, 0x00, 0x00, 0x00, 0x00, 0x00, 0x00, 0x00, 0x00, 0x00, 0x00, 0x00, 0x00, 0x00, 0x00, 0x00, 0x00, 0x00, 0x00, 
    0x00, 0x00, 0x00, 0x00, 0x00, 0x00, 0x00, 0x00, 0x00, 0xff, 0xff, 0x03, 0x00, 0x00, 0x00, 0xff, 0xff, 0x81, 0xff, 0xff, 0xff, 0xff, 0xff, 0xfc, 
    0xff, 0xff, 0xff, 0xff, 0xff, 0xff, 0xff, 0xff, 0xff, 0xff, 0xff, 0xfb, 0xff, 0xff, 0xff, 0xff, 0xff, 0xa2, 0x00, 0x00, 0x00, 0xff, 0xff, 0x03, 
    0x00, 0x00, 0x00, 0x00, 0x00, 0x00, 0x00, 0x00, 0x00, 0xff, 0xff, 0x01, 0x00, 0x00, 0x00, 0xff, 0xff, 0xc0, 0xff, 0xff, 0xff, 0xff, 0xff, 0xfc, 
    0xff, 0xff, 0xff, 0xff, 0xff, 0xff, 0xff, 0xff, 0xff, 0xff, 0xff, 0xfc, 0xff, 0xff, 0xff, 0xff, 0xff, 0x9e, 0x00, 0x00, 0x00, 0xff, 0xff, 0x02, 
    0x00, 0x00, 0x00, 0x00, 0x00, 0x00, 0x00, 0x00, 0x00, 0x00, 0x00, 0x00, 0x00, 0x00, 0x00, 0x00, 0x00, 0x00, 0x00, 0x00, 0x00, 0x00, 0x00, 0x00, 
    0x00, 0x00, 0x00, 0xff, 0xff, 0x04, 0x00, 0x00, 0x00, 0xff, 0xff, 0x63, 0xff, 0xff, 0xff, 0xff, 0xff, 0xfb, 0xff, 0xff, 0xff, 0xff, 0xff, 0xff, 
    0xff, 0xff, 0xff, 0xff, 0xff, 0xfe, 0xff, 0xff, 0xff, 0xff, 0xff, 0xf4, 0xff, 0xff, 0x22, 0x00, 0x00, 0x00, 0xff, 0xff, 0x02, 0x00, 0x00, 0x00, 
    0x00, 0x00, 0x00, 0x00, 0x00, 0x00, 0x00, 0x00, 0x00, 0x00, 0x00, 0x00, 0x00, 0x00, 0x00, 0x00, 0x00, 0x00, 0x00, 0x00, 0x00, 0x00, 0x00, 0x00, 
    0x00, 0x00, 0x00, 0x00, 0x00, 0x00, 0x00, 0x00, 0x00, 0x00, 0x00, 0x00, 0x00, 0x00, 0x00, 0x00, 0x00, 0x00, 0x00, 0x00, 0x00, 0x00, 0x00, 0x00, 
    0x00, 0x00, 0x00, 0x00, 0x00, 0x00, 0x00, 0x00, 0x00, 0x00, 0x00, 0x00, 0x00, 0x00, 0x00, 0x00, 0x00, 0x00, 0x00, 0x00, 0x00, 0x00, 0x00, 0x00, 
    0x00, 0x00, 0x00, 0x00, 0x00, 0x00, 0x00, 0x00, 0x00, 0x00, 0x00, 0x00, 0x00, 0x00, 0x00, 0x00, 0x00, 0x00, 0x00, 0x00, 0x00, 0x00, 0x00, 0x00, 
    0x00, 0x00, 0x00, 0xff, 0xff, 0x02, 0x00, 0x00, 0x00, 0xff, 0xff, 0x38, 0xff, 0xff, 0xff, 0xff, 0xff, 0xff, 0xff, 0xff, 0xff, 0xff, 0xff, 0xff, 
    0xff, 0xff, 0xff, 0xff, 0xff, 0xff, 0xff, 0xff, 0xfd, 0xff, 0xff, 0xff, 0xff, 0xff, 0x56, 0xff, 0xff, 0x01, 0xff, 0xff, 0x03, 0x00, 0x00, 0x00, 
    0x00, 0x00, 0x00, 0x00, 0x00, 0x00, 0x00, 0x00, 0x00, 0x00, 0x00, 0x00, 0x00, 0x00, 0x00, 0x00, 0x00, 0x00, 0x00, 0x00, 0x00, 0x00, 0x00, 0x00, 
    0x00, 0x00, 0x00, 0x00, 0x00, 0x00, 0x00, 0x00, 0x00, 0x00, 0x00, 0x00, 0x00, 0x00, 0x00, 0x00, 0x00, 0x00, 0x00, 0x00, 0x00, 0x00, 0x00, 0x00, 
    0x00, 0x00, 0x00, 0x00, 0x00, 0x00, 0x00, 0x00, 0x00, 0x00, 0x00, 0x00, 0x00, 0x00, 0x00, 0x00, 0x00, 0x00, 0x00, 0x00, 0x00, 0x00, 0x00, 0x00, 
    0x00, 0x00, 0x00, 0x00, 0x00, 0x00, 0x00, 0x00, 0x00, 0x00, 0x00, 0x00, 0x00, 0x00, 0x00, 0x00, 0x00, 0x00, 0x00, 0x00, 0x00, 0x00, 0x00, 0x00, 
    0x00, 0x00, 0x00, 0x00, 0x00, 0x00, 0x00, 0x00, 0x00, 0x00, 0x00, 0x00, 0xff, 0xff, 0x04, 0x00, 0x00, 0x00, 0xff, 0xff, 0x8f, 0xff, 0xff, 0xff, 
    0xff, 0xff, 0xfc, 0xff, 0xff, 0xff, 0xff, 0xff, 0xff, 0xff, 0xff, 0xff, 0xff, 0xff, 0xfb, 0xff, 0xff, 0xff, 0xff, 0xff, 0xa0, 0x00, 0x00, 0x00, 
    0xff, 0xff, 0x04, 0xff, 0x7f, 0x02, 0x05, 0xa2, 0xad, 0x04, 0xca, 0xff, 0xe4, 0xa9, 0xae, 0xa7, 0xaa, 0x30, 0xe4, 0xa9, 0xff, 0xe5, 0xa9, 0xda, 
    0x6b, 0xb3, 0x0e, 0x00, 0x00, 0x00, 0x00, 0xf8, 0x01, 0x00, 0x00, 0x00, 0x00, 0x00, 0x01, 0x89, 0x9a, 0x1f, 0xea, 0xaa, 0x49, 0x4a, 0xc3, 0xbe, 
    0x66, 0xc2, 0xfe, 0x83, 0xb1, 0xff, 0xa3, 0xb9, 0xff, 0xa3, 0xb9, 0xff, 0xa3, 0xb9, 0xff, 0xa3, 0xb9, 0xff, 0xa3, 0xb9, 0xff, 0xa3, 0xb9, 0xff, 
    0xa3, 0xb9, 0xff, 0xa3, 0xb9, 0xff, 0xa3, 0xb9, 0xff, 0xa3, 0xb9, 0xff, 0xa3, 0xb9, 0xff, 0xa3, 0xb9, 0xff, 0xa3, 0xb9, 0xff, 0xa3, 0xb9, 0xff, 
    0xa3, 0xb9, 0xff, 0xa3, 0xb9, 0xff, 0xa3, 0xb9, 0xff, 0xa3, 0xb9, 0xff, 0xa3, 0xb9, 0xff, 0xa3, 0xb9, 0xff, 0xa3, 0xb9, 0xff, 0xa3, 0xb9, 0xff, 
    0xa3, 0xb9, 0xff, 0xa3, 0xb9, 0xff, 0xa3, 0xb9, 0xff, 0xa3, 0xb9, 0xff, 0xa3, 0xb9, 0xff, 0xa3, 0xb9, 0xff, 0xa3, 0xb9, 0xff, 0xa3, 0xb9, 0xff, 
    0xa3, 0xb9, 0xff, 0xa3, 0xb9, 0xff, 0xa3, 0xb9, 0xff, 0xa3, 0xb9, 0xff, 0xa3, 0xb9, 0xff, 0xa3, 0xb9, 0xff, 0xa3, 0xb9, 0xff, 0xa3, 0xb9, 0xff, 
    0xa3, 0xb9, 0xff, 0xa3, 0xb9, 0xff, 0xa3, 0xb9, 0xff, 0xa3, 0xb9, 0xff, 0xa3, 0xb9, 0xff, 0xa3, 0xb9, 0xff, 0xa3, 0xb9, 0xff, 0xa3, 0xb9, 0xff, 
    0xa3, 0xb9, 0xff, 0xa3, 0xb9, 0xff, 0xa3, 0xb9, 0xff, 0xa3, 0xb9, 0xff, 0xa3, 0xb9, 0xff, 0xa3, 0xb9, 0xff, 0xa3, 0xb9, 0xff, 0xa3, 0xb9, 0xff, 
    0xa3, 0xb9, 0xff, 0xa3, 0xb9, 0xff, 0xa3, 0xb9, 0xff, 0xa3, 0xb9, 0xff, 0xa4, 0xb9, 0xff, 0xa3, 0xb9, 0xff, 0xa3, 0xb9, 0xff, 0xa3, 0xb9, 0xff, 
    0xa3, 0xb9, 0xff, 0xa3, 0xb9, 0xff, 0xe4, 0xb9, 0xff, 0x67, 0xc2, 0xfd, 0xa8, 0xba, 0xd5, 0x4a, 0xc3, 0x86, 0x0a, 0xab, 0x43, 0xc8, 0x92, 0x1a, 
    0x47, 0x92, 0x11, 0xa9, 0x9a, 0x18, 0xe9, 0xaa, 0x28, 0xa8, 0xba, 0xb1, 0x46, 0xc2, 0xff, 0x83, 0xb9, 0xfd, 0xa3, 0xb9, 0xff, 0xa3, 0xb9, 0xff, 
    0xa3, 0xb9, 0xff, 0xa3, 0xb9, 0xff, 0xa3, 0xb9, 0xff, 0xa3, 0xb9, 0xff, 0xa3, 0xb9, 0xff, 0xa3, 0xb9, 0xff, 0xa3, 0xb9, 0xff, 0xa3, 0xb9, 0xff, 
    0xa3, 0xb9, 0xff, 0xa3, 0xb9, 0xff, 0xa3, 0xb9, 0xff, 0xa3, 0xb9, 0xff, 0xc3, 0xb9, 0xff, 0xa3, 0xb9, 0xff, 0xe4, 0xc1, 0xff, 0x46, 0xc2, 0xff, 
    0x46, 0xc2, 0xff, 0x87, 0xc2, 0xfb, 0xc8, 0xca, 0xf1, 0xe8, 0xc2, 0xf4, 0x2a, 0xcb, 0xe9, 0x0a, 0xc3, 0xde, 0x09, 0xcb, 0xd2, 0xe9, 0xc2, 0xec, 
    0x29, 0xc3, 0xdd, 0xab, 0xcb, 0xd3, 0x2a, 0xbb, 0x8d, 0x0a, 0xab, 0x4e, 0x0a, 0xa3, 0x48, 0x09, 0x9b, 0x2a, 0x09, 0x9b, 0x0d, 0xe7, 0xb9, 0x04, 
    0x00, 0x00, 0x00, 0x00, 0x00, 0x00, 0x00, 0x00, 0x00, 0x00, 0x00, 0x00, 0x00, 0x00, 0x00, 0x00, 0x00, 0x00, 0x00, 0x00, 0x00, 0x00, 0x00, 0x00, 
    0x00, 0x00, 0x00, 0x00, 0x00, 0x00, 0x00, 0x00, 0x00, 0x00, 0xf8, 0x01, 0x00, 0x00, 0x00, 0xb5, 0x52, 0x03, 0xef, 0x7b, 0x04, 0x00, 0x00, 0x00, 
    0x00, 0x00, 0x00, 0x00, 0x00, 0x00, 0x00, 0x00, 0x00, 0x86, 0x61, 0x05, 0xc9, 0xb2, 0x4b, 0x66, 0xb2, 0xd6, 0xa3, 0xb9, 0xff, 0xa3, 0xb9, 0xfd, 
    0xa3, 0xb9, 0xff, 0xa3, 0xb9, 0xff, 0xa3, 0xb9, 0xff, 0xa3, 0xb9, 0xff, 0xa3, 0xb9, 0xfd, 0xc4, 0xb9, 0xff, 0x87, 0xba, 0xce, 0x2b, 0xbb, 0x45, 
    0x26, 0x9b, 0x05, 0x00, 0x00, 0x00, 0x00, 0x00, 0x00, 0x00, 0x00, 0x00, 0x00, 0x00, 0x00, 0x00, 0x00, 0x00, 0x00, 0x00, 0x00, 0x00, 0x00, 0x00, 
    0x00, 0x00, 0x00, 0x00, 0x00, 0x00, 0x00, 0x00, 0x00, 0x00, 0x00, 0x00, 0x00, 0x00, 0x00, 0x00, 0x00, 0x00, 0x00, 0x00, 0x00, 0x00, 0x00, 0x00, 
    0xff, 0xff, 0x19, 0xff, 0xff, 0xea, 0xff, 0xff, 0xff, 0xff, 0xff, 0xfe, 0xff, 0xff, 0xff, 0xff, 0xff, 0xff, 0xff, 0xff, 0xff, 0xff, 0xff, 0xfb, 
    0xff, 0xff, 0xff, 0xff, 0xff, 0x73, 0x00, 0x00, 0x00, 0xff, 0xff, 0x04, 0x00, 0x00, 0x00, 0x00, 0x00, 0x00, 0x00, 0x00, 0x00, 0x00, 0x00, 0x00, 
    0x00, 0x00, 0x00, 0x00, 0x00, 0x00, 0x00, 0x00, 0x00, 0x00, 0x00, 0x00, 0x00, 0x00, 0x00, 0x00, 0x00, 0x00, 0x00, 0x00, 0x00, 0x00, 0x00, 0x00, 
    0x00, 0x00, 0x00, 0x00, 0x00, 0x00, 0x00, 0x00, 0x00, 0x00, 0x00, 0x00, 0x00, 0x00, 0x00, 0x00, 0x00, 0x00, 0x00, 0x00, 0x00, 0x00, 0x00, 0x00, 
    0x00, 0x00, 0x00, 0xff, 0xff, 0x01, 0xff, 0xff, 0x02, 0xff, 0xff, 0x02, 0xff, 0xff, 0x02, 0xff, 0xff, 0x02, 0xff, 0xff, 0x02, 0xff, 0xff, 0x02, 
    0xff, 0xff, 0x02, 0xff, 0xff, 0x01, 0x00, 0x00, 0x00, 0x00, 0x00, 0x00, 0x00, 0x00, 0x00, 0x00, 0x00, 0x00, 0x00, 0x00, 0x00, 0x00, 0x00, 0x00, 
    0x00, 0x00, 0x00, 0x00, 0x00, 0x00, 0x00, 0x00, 0x00, 0x00, 0x00, 0x00, 0x00, 0x00, 0x00, 0x00, 0x00, 0x00, 0xff, 0xff, 0x01, 0xff, 0xff, 0x01, 
    0xff, 0xff, 0x0e, 0xff, 0xff, 0xe2, 0xff, 0xff, 0xff, 0xff, 0xff, 0xfd, 0xff, 0xff, 0xff, 0xff, 0xff, 0xff, 0xff, 0xff, 0xff, 0xff, 0xff, 0xfe, 
    0xff, 0xff, 0xff, 0xff, 0xff, 0x41, 0xff, 0xff, 0x01, 0xff, 0xff, 0x03, 0x00, 0x00, 0x00, 0x00, 0x00, 0x00, 0x00, 0x00, 0x00, 0xff, 0xff, 0x03, 
    0x00, 0x00, 0x00, 0xff, 0xff, 0x55, 0xff, 0xff, 0xff, 0xff, 0xff, 0xfd, 0xff, 0xff, 0xff, 0xff, 0xff, 0xff, 0xff, 0xff, 0xff, 0xff, 0xff, 0xfe, 
    0xff, 0xff, 0xfe, 0xff, 0xff, 0xf4, 0xff, 0xff, 0x22, 0x00, 0x00, 0x00, 0xff, 0xff, 0x02, 0x00, 0x00, 0x00, 0x00, 0x00, 0x00, 0x00, 0x00, 0x00, 
    0x00, 0x00, 0x00, 0x00, 0x00, 0x00, 0x00, 0x00, 0x00, 0x00, 0x00, 0x00, 0x00, 0x00, 0x00, 0xff, 0xff, 0x03, 0x00, 0x00, 0x00, 0xff, 0xff, 0x8a, 
    0xff, 0xff, 0xff, 0xff, 0xff, 0xfc, 0xff, 0xff, 0xff, 0xff, 0xff, 0xff, 0xff, 0xff, 0xff, 0xff, 0xff, 0xfd, 0xff, 0xff, 0xff, 0xff, 0xff, 0xd8, 
    0xff, 0xff, 0x03, 0x00, 0x00, 0x00, 0x00, 0x00, 0x00, 0x00, 0x00, 0x00, 0x00, 0x00, 0x00, 0x00, 0x00, 0x00, 0x00, 0x00, 0x00, 0x00, 0x00, 0x00, 
    0x00, 0x00, 0x00, 0x00, 0x00, 0x00, 0x00, 0x00, 0x00, 0x00, 0x00, 0x00, 0x00, 0x00, 0x00, 0x00, 0x00, 0x00, 0x00, 0x00, 0x00, 0x00, 0x00, 0x00, 
    0x00, 0x00, 0x00, 0x00, 0x00, 0x00, 0x00, 0x00, 0x00, 0x00, 0x00, 0x00, 0x00, 0x00, 0x00, 0x00, 0x00, 0x00, 0x00, 0x00, 0x00, 0x00, 0x00, 0x00, 
    0xff, 0xff, 0x02, 0xff, 0xff, 0x02, 0xff, 0xff, 0x02, 0xff, 0xff, 0x02, 0xff, 0xff, 0x02, 0xff, 0xff, 0x02, 0xff, 0xff, 0x02, 0xff, 0xff, 0x02, 
    0x00, 0x00, 0x00, 0x00, 0x00, 0x00, 0x00, 0x00, 0x00, 0x00, 0x00, 0x00, 0x00, 0x00, 0x00, 0xff, 0xff, 0x03, 0x00, 0x00, 0x00, 0xff, 0xff, 0x5c, 
    0xff, 0xff, 0xff, 0xff, 0xff, 0xfd, 0xff, 0xff, 0xff, 0xff, 0xff, 0xff, 0xff, 0xff, 0xff, 0xff, 0xff, 0xff, 0xff, 0xff, 0xfe, 0xff, 0xff, 0xfd, 
    0xff, 0xff, 0x31, 0x00, 0x00, 0x00, 0xff, 0xff, 0x02, 0x00, 0x00, 0x00, 0x00, 0x00, 0x00, 0x00, 0x00, 0x00, 0x00, 0x00, 0x00, 0x00, 0x00, 0x00, 
    0x00, 0x00, 0x00, 0x00, 0x00, 0x00, 0x00, 0x00, 0x00, 0x00, 0x00, 0x00, 0x00, 0x00, 0x00, 0x00, 0x00, 0x00, 0x00, 0x00, 0x00, 0x00, 0x00, 0x00, 
    0x00, 0x00, 0x00, 0x00, 0x00, 0x00, 0x00, 0x00, 0x00, 0x00, 0x00, 0x00, 0x00, 0x00, 0x00, 0x00, 0x00, 0x00, 0x00, 0x00, 0x00, 0x00, 0x00, 0x00, 
    0xff, 0xff, 0x01, 0xff, 0xff, 0x02, 0xff, 0xff, 0x02, 0xff, 0xff, 0x02, 0xff, 0xff, 0x02, 0xff, 0xff, 0x02, 0xff, 0xff, 0x02, 0xff, 0xff, 0x02, 
    0xff, 0xff, 0x01, 0x00, 0x00, 0x00, 0x00, 0x00, 0x00, 0x00, 0x00, 0x00, 0x00, 0x00, 0x00, 0x00, 0x00, 0x00, 0x00, 0x00, 0x00, 0x00, 0x00, 0x00, 
    0xff, 0xff, 0x04, 0x00, 0x00, 0x00, 0xff, 0xff, 0x8f, 0xff, 0xff, 0xff, 0xff, 0xff, 0xfc, 0xff, 0xff, 0xff, 0xff, 0xff, 0xff, 0xff, 0xff, 0xff, 
    0xff, 0xff, 0xfb, 0xff, 0xff, 0xff, 0xff, 0xff, 0x9f, 0x00, 0x00, 0x00, 0x73, 0xce, 0x05, 0x00, 0x00, 0x00, 0xe5, 0xa1, 0xb6, 0xe4, 0xc9, 0xff, 
    0xe5, 0xa9, 0xac, 0x88, 0xb2, 0x34, 0xc4, 0xb1, 0xfc, 0xc5, 0xa1, 0xd9, 0xed, 0xab, 0x0c, 0x00, 0x00, 0x00, 0x00, 0xf8, 0x01, 0xaa, 0xaa, 0x03, 
    0xaa, 0xaa, 0x06, 0xe9, 0x9a, 0x24, 0x0a, 0xb3, 0x51, 0xc8, 0xc2, 0xd3, 0xc3, 0xb1, 0xff, 0xa3, 0xb9, 0xfe, 0xa3, 0xb9, 0xff, 0xa3, 0xb9, 0xff, 
    0xa3, 0xb9, 0xff, 0xa3, 0xb9, 0xff, 0xa3, 0xb9, 0xff, 0xa3, 0xb9, 0xff, 0xa3, 0xb9, 0xff, 0xa3, 0xb9, 0xff, 0xa3, 0xb9, 0xff, 0xa3, 0xb9, 0xff, 
    0xa3, 0xb9, 0xff, 0xa3, 0xb9, 0xff, 0xa3, 0xb9, 0xff, 0xa3, 0xb9, 0xff, 0xa3, 0xb9, 0xff, 0xa3, 0xb9, 0xff, 0xa3, 0xb9, 0xff, 0xa3, 0xb9, 0xff, 
    0xa3, 0xb9, 0xff, 0xa3, 0xb9, 0xff, 0x83, 0xb9, 0xff, 0xa3, 0xb9, 0xff, 0x83, 0xb9, 0xff, 0x83, 0xb9, 0xff, 0x83, 0xb9, 0xff, 0x83, 0xb1, 0xfe, 
    0x83, 0xb1, 0xfe, 0x83, 0xb1, 0xfe, 0x83, 0xb1, 0xfe, 0x83, 0xb1, 0xfe, 0x83, 0xb1, 0xfe, 0x83, 0xb1, 0xfe, 0x83, 0xb1, 0xfe, 0xa3, 0xb9, 0xfe, 
    0xa3, 0xb9, 0xff, 0xa3, 0xb9, 0xff, 0xa3, 0xb9, 0xff, 0xa3, 0xb9, 0xff, 0xa3, 0xb9, 0xff, 0xa3, 0xb9, 0xff, 0xa3, 0xb9, 0xff, 0xa3, 0xb9, 0xff, 
    0xa3, 0xb9, 0xff, 0xa3, 0xb9, 0xff, 0xa3, 0xb9, 0xff, 0xa3, 0xb9, 0xff, 0xa3, 0xb9, 0xff, 0xa3, 0xb9, 0xff, 0xa3, 0xb9, 0xff, 0xa3, 0xb9, 0xff, 
    0xa3, 0xb9, 0xff, 0xa3, 0xb9, 0xff, 0xa3, 0xb9, 0xff, 0xa3, 0xb9, 0xff, 0xa3, 0xb9, 0xff, 0xa3, 0xb9, 0xff, 0xa3, 0xb9, 0xff, 0xa3, 0xb9, 0xff, 
    0xa3, 0xb9, 0xff, 0xa3, 0xb9, 0xff, 0xa3, 0xb9, 0xff, 0x83, 0xb9, 0xff, 0xc4, 0xb1, 0xff, 0x67, 0xba, 0xd1, 0x0a, 0xcb, 0xc6, 0x6b, 0xc3, 0xb5, 
    0x0a, 0xab, 0x55, 0xa9, 0xa2, 0x1d, 0x87, 0x92, 0x54, 0xa8, 0x92, 0x2a, 0x00, 0x00, 0x00, 0xa8, 0x9a, 0x12, 0xe9, 0xa2, 0x47, 0xea, 0xba, 0x75, 
    0x46, 0xba, 0xe1, 0xc4, 0xb9, 0xff, 0xa3, 0xb9, 0xfe, 0xa3, 0xb9, 0xff, 0xa3, 0xb9, 0xff, 0xa3, 0xb9, 0xff, 0xa3, 0xb9, 0xff, 0xa3, 0xb9, 0xff, 
    0xa3, 0xb9, 0xff, 0xa3, 0xb9, 0xff, 0xa3, 0xb9, 0xff, 0xa3, 0xb9, 0xff, 0xa3, 0xb9, 0xff, 0xa3, 0xb9, 0xff, 0xa3, 0xb9, 0xff, 0xc4, 0xb9, 0xff, 
    0x25, 0xba, 0xfd, 0x87, 0xc2, 0xea, 0xa8, 0xc2, 0xdc, 0x2a, 0xcb, 0xd2, 0x2a, 0xc3, 0xc3, 0x4b, 0xc3, 0xa9, 0x6c, 0xcb, 0x92, 0x6b, 0xc3, 0xa3, 
    0x6b, 0xbb, 0x88, 0x6b, 0xbb, 0x6c, 0x4b, 0xbb, 0x61, 0x6b, 0xbb, 0x84, 0x4b, 0xb3, 0x6b, 0x2a, 0xb3, 0x74, 0x4b, 0xb3, 0x51, 0x09, 0x9b, 0x32, 
    0xe9, 0xa2, 0x2e, 0xc9, 0x92, 0x11, 0xaa, 0xaa, 0x06, 0x00, 0x00, 0x00, 0x47, 0x9a, 0x34, 0x46, 0x92, 0x33, 0x00, 0x00, 0x00, 0x00, 0x00, 0x01, 
    0x00, 0x00, 0x00, 0x00, 0x00, 0x00, 0x00, 0x00, 0x00, 0x00, 0x00, 0x00, 0x00, 0x00, 0x00, 0x00, 0x00, 0x00, 0x00, 0x00, 0x00, 0x00, 0x00, 0x00, 
    0x00, 0xf8, 0x01, 0x00, 0x00, 0x00, 0x00, 0x00, 0x00, 0x00, 0x78, 0x02, 0x00, 0x00, 0x00, 0x00, 0x00, 0x00, 0x00, 0xf8, 0x01, 0xe5, 0x89, 0x10, 
    0xe9, 0xba, 0x71, 0x46, 0xba, 0xf6, 0xa3, 0xb1, 0xff, 0xa3, 0xb9, 0xfe, 0xa3, 0xb9, 0xff, 0xa3, 0xb9, 0xff, 0xa3, 0xb9, 0xff, 0xa3, 0xb1, 0xff, 
    0xa3, 0xb9, 0xfe, 0xe5, 0xb9, 0xff, 0x09, 0xc3, 0xb1, 0x0a, 0xab, 0x3f, 0x86, 0x99, 0x05, 0x00, 0xf8, 0x01, 0x00, 0x00, 0x00, 0x00, 0x00, 0x00, 
    0x00, 0x00, 0x00, 0x00, 0x00, 0x00, 0x00, 0x00, 0x00, 0x00, 0x00, 0x00, 0x00, 0x00, 0x00, 0x00, 0x00, 0x00, 0x00, 0x00, 0x00, 0x00, 0x00, 0x00, 
    0x00, 0x00, 0x00, 0x00, 0x00, 0x00, 0x00, 0x00, 0x00, 0x00, 0x00, 0x00, 0xff, 0xff, 0x25, 0xff, 0xff, 0xf6, 0xff, 0xff, 0xff, 0xff, 0xff, 0xff, 
    0xff, 0xff, 0xff, 0xff, 0xff, 0xff, 0xff, 0xff, 0xff, 0xff, 0xff, 0xfe, 0xff, 0xff, 0xff, 0xff, 0xff, 0x48, 0x00, 0x00, 0x00, 0xff, 0xff, 0x03, 
    0x00, 0x00, 0x00, 0x00, 0x00, 0x00, 0x00, 0x00, 0x00, 0x00, 0x00, 0x00, 0x00, 0x00, 0x00, 0x00, 0x00, 0x00, 0x00, 0x00, 0x00, 0x00, 0x00, 0x00, 
    0x00, 0x00, 0x00, 0x00, 0x00, 0x00, 0x00, 0x00, 0x00, 0x00, 0x00, 0x00, 0x00, 0x00, 0x00, 0x00, 0x00, 0x00, 0x00, 0x00, 0x00, 0x00, 0x00, 0x00, 
    0x00, 0x00, 0x00, 0x00, 0x00, 0x00, 0x00, 0x00, 0x00, 0x00, 0x00, 0x00, 0x00, 0x00, 0x00, 0x00, 0x00, 0x00, 0x00, 0x00, 0x00, 0x00, 0x00, 0x00, 
    0x00, 0x00, 0x00, 0x00, 0x00, 0x00, 0x00, 0x00, 0x00, 0x00, 0x00, 0x00, 0x00, 0x00, 0x00, 0x00, 0x00, 0x00, 0x00, 0x00, 0x00, 0x00, 0x00, 0x00, 
    0x00, 0x00, 0x00, 0x00, 0x00, 0x00, 0x00, 0x00, 0x00, 0x00, 0x00, 0x00, 0x00, 0x00, 0x00, 0x00, 0x00, 0x00, 0x00, 0x00, 0x00, 0x00, 0x00, 0x00, 
    0x00, 0x00, 0x00, 0x00, 0x00, 0x00, 0xff, 0xff, 0x03, 0x00, 0x00, 0x00, 0xff, 0xff, 0x61, 0xff, 0xff, 0xff, 0xff, 0xff, 0xfc, 0xff, 0xff, 0xff, 
    0xff, 0xff, 0xff, 0xff, 0xff, 0xff, 0xff, 0xff, 0xfc, 0xff, 0xff, 0xfe, 0xff, 0xff, 0xca, 0xff, 0xff, 0x04, 0xff, 0xff, 0x01, 0x00, 0x00, 0x00, 
    0x00, 0x00, 0x00, 0x00, 0x00, 0x00, 0x00, 0x00, 0x00, 0xff, 0xff, 0x01, 0xff, 0xff, 0x01, 0xff, 0xff, 0x08, 0xff, 0xff, 0xd8, 0xff, 0xff, 0xff, 
    0xff, 0xff, 0xfd, 0xff, 0xff, 0xff, 0xff, 0xff, 0xff, 0xff, 0xff, 0xff, 0xff, 0xff, 0xfc, 0xff, 0xff, 0xff, 0xff, 0xff, 0x81, 0x00, 0x00, 0x00, 
    0xff, 0xff, 0x03, 0x00, 0x00, 0x00, 0x00, 0x00, 0x00, 0x00, 0x00, 0x00, 0x00, 0x00, 0x00, 0x00, 0x00, 0x00, 0x00, 0x00, 0x00, 0x00, 0x00, 0x00, 
    0x00, 0x00, 0x00, 0xff, 0xff, 0x03, 0x00, 0x00, 0x00, 0xff, 0xff, 0xa5, 0xff, 0xff, 0xff, 0xff, 0xff, 0xfc, 0xff, 0xff, 0xff, 0xff, 0xff, 0xff, 
    0xff, 0xff, 0xff, 0xff, 0xff, 0xfc, 0xff, 0xff, 0xff, 0xff, 0xff, 0xb8, 0x00, 0x00, 0x00, 0xff, 0xff, 0x01, 0x00, 0x00, 0x00, 0x00, 0x00, 0x00, 
    0x00, 0x00, 0x00, 0x00, 0x00, 0x00, 0x00, 0x00, 0x00, 0x00, 0x00, 0x00, 0x00, 0x00, 0x00, 0x00, 0x00, 0x00, 0x00, 0x00, 0x00, 0x00, 0x00, 0x00, 
    0x00, 0x00, 0x00, 0x00, 0x00, 0x00, 0x00, 0x00, 0x00, 0x00, 0x00, 0x00, 0x00, 0x00, 0x00, 0x00, 0x00, 0x00, 0x00, 0x00, 0x00, 0x00, 0x00, 0x00, 
    0x00, 0x00, 0x00, 0x00, 0x00, 0x00, 0x00, 0x00, 0x00, 0x00, 0x00, 0x00, 0x00, 0x00, 0x00, 0x00, 0x00, 0x00, 0x00, 0x00, 0x00, 0x00, 0x00, 0x00, 
    0x00, 0x00, 0x00, 0x00, 0x00, 0x00, 0x00, 0x00, 0x00, 0x00, 0x00, 0x00, 0x00, 0x00, 0x00, 0x00, 0x00, 0x00, 0x00, 0x00, 0x00, 0x00, 0x00, 0x00, 
    0x00, 0x00, 0x00, 0xff, 0xff, 0x04, 0x00, 0x00, 0x00, 0xff, 0xff, 0x73, 0xff, 0xff, 0xff, 0xff, 0xff, 0xfb, 0xff, 0xff, 0xff, 0xff, 0xff, 0xff, 
    0xff, 0xff, 0xff, 0xff, 0xff, 0xfe, 0xff, 0xff, 0xff, 0xff, 0xff, 0xed, 0xff, 0xff, 0x1a, 0x00, 0x00, 0x00, 0xff, 0xff, 0x01, 0x00, 0x00, 0x00, 
    0x00, 0x00, 0x00, 0x00, 0x00, 0x00, 0x00, 0x00, 0x00, 0x00, 0x00, 0x00, 0x00, 0x00, 0x00, 0x00, 0x00, 0x00, 0x00, 0x00, 0x00, 0x00, 0x00, 0x00, 
    0x00, 0x00, 0x00, 0x00, 0x00, 0x00, 0x00, 0x00, 0x00, 0x00, 0x00, 0x00, 0x00, 0x00, 0x00, 0x00, 0x00, 0x00, 0x00, 0x00, 0x00, 0x00, 0x00, 0x00, 
    0x00, 0x00, 0x00, 0x00, 0x00, 0x00, 0x00, 0x00, 0x00, 0x00, 0x00, 0x00, 0x00, 0x00, 0x00, 0x00, 0x00, 0x00, 0x00, 0x00, 0x00, 0x00, 0x00, 0x00, 
    0x00, 0x00, 0x00, 0x00, 0x00, 0x00, 0x00, 0x00, 0x00, 0x00, 0x00, 0x00, 0x00, 0x00, 0x00, 0x00, 0x00, 0x00, 0x00, 0x00, 0x00, 0x00, 0x00, 0x00, 
    0x00, 0x00, 0x00, 0x00, 0x00, 0x00, 0x00, 0x00, 0x00, 0x00, 0x00, 0x00, 0xff, 0xff, 0x04, 0x00, 0x00, 0x00, 0xff, 0xff, 0x8f, 0xff, 0xff, 0xff, 
    0xff, 0xff, 0xfc, 0xff, 0xff, 0xff, 0xff, 0xff, 0xff, 0xff, 0xff, 0xff, 0xff, 0xff, 0xfb, 0xff, 0xff, 0xff, 0xff, 0xff, 0x9f, 0x00, 0x00, 0x00, 
    0x79, 0xce, 0x05, 0x00, 0x00, 0x00, 0xe5, 0xa1, 0xb8, 0xe4, 0xc9, 0xff, 0xe4, 0xa9, 0xa2, 0xa8, 0xaa, 0x33, 0xe5, 0xb1, 0xff, 0xc4, 0x99, 0xc7, 
    0xff, 0xff, 0x01, 0x00, 0x00, 0x01, 0x00, 0x00, 0x00, 0x00, 0x78, 0x02, 0xc9, 0xa2, 0x0e, 0xa8, 0x9a, 0x21, 0x2a, 0xb3, 0x57, 0x46, 0xba, 0xde, 
    0xa3, 0xb9, 0xff, 0xa3, 0xb9, 0xfd, 0xa3, 0xb9, 0xff, 0xa3, 0xb9, 0xff, 0xa3, 0xb9, 0xff, 0xa3, 0xb9, 0xff, 0xa3, 0xb9, 0xff, 0xa3, 0xb9, 0xff, 
    0xa3, 0xb9, 0xff, 0xa3, 0xb9, 0xff, 0xa3, 0xb9, 0xff, 0xa3, 0xb9, 0xff, 0xa3, 0xb9, 0xff, 0xa3, 0xb9, 0xff, 0xa3, 0xb9, 0xff, 0xa3, 0xb9, 0xff, 
    0xa3, 0xb9, 0xff, 0xa3, 0xb9, 0xff, 0xa3, 0xb9, 0xff, 0xa3, 0xb9, 0xff, 0xa3, 0xb9, 0xff, 0xa3, 0xb9, 0xff, 0x83, 0xb1, 0xfe, 0x83, 0xb1, 0xfe, 
    0x83, 0xb1, 0xff, 0x62, 0xb1, 0xff, 0xa3, 0xb1, 0xff, 0xa3, 0xb9, 0xff, 0x83, 0xb1, 0xff, 0xa3, 0xb1, 0xff, 0xe4, 0xb9, 0xff, 0xe4, 0xb9, 0xff, 
    0xa4, 0xb1, 0xff, 0xa3, 0xb9, 0xff, 0xa3, 0xb9, 0xff, 0x83, 0xb9, 0xff, 0x82, 0xb1, 0xff, 0x82, 0xb1, 0xfe, 0xa3, 0xb9, 0xff, 0xa3, 0xb9, 0xff, 
    0xa3, 0xb9, 0xff, 0xa3, 0xb9, 0xff, 0xa3, 0xb9, 0xff, 0xa3, 0xb9, 0xff, 0xa3, 0xb9, 0xff, 0xa3, 0xb9, 0xff, 0xa3, 0xb9, 0xff, 0xa3, 0xb9, 0xff, 
    0xa3, 0xb9, 0xff, 0xa3, 0xb9, 0xff, 0xa3, 0xb9, 0xff, 0xa3, 0xb9, 0xff, 0xa3, 0xb9, 0xff, 0xa3, 0xb9, 0xff, 0xa3, 0xb9, 0xff, 0xa3, 0xb9, 0xff, 
    0xa3, 0xb9, 0xff, 0xa3, 0xb9, 0xff, 0xa3, 0xb9, 0xff, 0xa3, 0xb9, 0xff, 0xa3, 0xb9, 0xff, 0xa3, 0xb9, 0xff, 0xc4, 0xb9, 0xff, 0x87, 0xca, 0xf2, 
    0x0a, 0xcb, 0xb8, 0x6b, 0xbb, 0x50, 0x2b, 0xb3, 0x64, 0x0a, 0xab, 0x3a, 0x49, 0x6a, 0x07, 0x69, 0x9a, 0x0a, 0x00, 0x00, 0x00, 0xaa, 0xaa, 0x03, 
    0x00, 0x00, 0x00, 0x08, 0xab, 0x12, 0xe9, 0xa2, 0x2e, 0x0a, 0xab, 0x2c, 0xe9, 0xba, 0xb7, 0x05, 0xba, 0xfc, 0x82, 0xb9, 0xfd, 0xa3, 0xb9, 0xff, 
    0xa3, 0xb9, 0xff, 0x83, 0xb1, 0xfe, 0xa3, 0xb9, 0xff, 0xa3, 0xb9, 0xff, 0xa3, 0xb9, 0xff, 0xa3, 0xb9, 0xff, 0xa3, 0xb9, 0xff, 0xa3, 0xb9, 0xff, 
    0xa3, 0xb9, 0xff, 0xa3, 0xb9, 0xff, 0xa3, 0xb9, 0xff, 0x25, 0xc2, 0xff, 0x87, 0xc2, 0xff, 0x2a, 0xcb, 0xce, 0x6b, 0xc3, 0x9e, 0x0a, 0xb3, 0x67, 
    0x2a, 0xab, 0x7a, 0x0a, 0xab, 0x45, 0xea, 0xa2, 0x5f, 0xea, 0xa2, 0x3e, 0x09, 0x9b, 0x24, 0x2a, 0xa3, 0x51, 0x0a, 0x9b, 0x31, 0xe9, 0x9a, 0x33, 
    0x09, 0x9b, 0x2c, 0xe9, 0x9a, 0x42, 0xc9, 0x92, 0x5c, 0xe7, 0x79, 0x04, 0xc9, 0x92, 0x25, 0xef, 0xbb, 0x04, 0xc9, 0x92, 0x11, 0xa9, 0x9a, 0x3c, 
    0xe5, 0x89, 0xe6, 0xe6, 0x89, 0xa9, 0x00, 0x00, 0x00, 0x00, 0x00, 0x01, 0x00, 0x00, 0x00, 0x00, 0x00, 0x00, 0x00, 0x00, 0x00, 0x00, 0x00, 0x00, 
    0x00, 0x00, 0x00, 0x00, 0x00, 0x00, 0x00, 0x00, 0x00, 0x00, 0x00, 0x00, 0x00, 0x00, 0x00, 0x00, 0x00, 0x01, 0x00, 0x00, 0x01, 0x00, 0x00, 0x00, 
    0x00, 0x00, 0x00, 0x00, 0x00, 0x00, 0x00, 0xf8, 0x01, 0x89, 0xa2, 0x23, 0xe9, 0xc2, 0xab, 0x05, 0xba, 0xf8, 0xa3, 0xb1, 0xfe, 0xc3, 0xb9, 0xff, 
    0xa3, 0xb9, 0xff, 0xa3, 0xb9, 0xff, 0xa3, 0xb9, 0xff, 0xa3, 0xb1, 0xff, 0xa3, 0xb9, 0xfe, 0x05, 0xba, 0xff, 0xe9, 0xba, 0xa2, 0xa9, 0xa2, 0x2c, 
    0xe7, 0x99, 0x08, 0x00, 0x00, 0x00, 0x00, 0x00, 0x00, 0x00, 0x00, 0x00, 0x00, 0x00, 0x00, 0x00, 0x00, 0x00, 0x00, 0x00, 0x00, 0x00, 0x00, 0x00, 
    0x00, 0x00, 0x00, 0x00, 0x00, 0x00, 0x00, 0x00, 0x00, 0x00, 0x00, 0x00, 0x00, 0x00, 0x00, 0x00, 0x00, 0x00, 0x00, 0x00, 0x00, 0x00, 0x00, 0x00, 
    0xff, 0xff, 0x36, 0xff, 0xff, 0xff, 0xff, 0xff, 0xff, 0xff, 0xff, 0xff, 0xff, 0xff, 0xff, 0xff, 0xff, 0xff, 0xff, 0xff, 0xff, 0xff, 0xff, 0xfe, 
    0xff, 0xff, 0xff, 0xff, 0xff, 0x34, 0x00, 0x00, 0x00, 0xff, 0xff, 0x02, 0x00, 0x00, 0x00, 0x00, 0x00, 0x00, 0x00, 0x00, 0x00, 0x00, 0x00, 0x00, 
    0x00, 0x00, 0x00, 0x00, 0x00, 0x00, 0x00, 0x00, 0x00, 0x00, 0x00, 0x00, 0x00, 0x00, 0x00, 0x00, 0x00, 0x00, 0x00, 0x00, 0x00, 0x00, 0x00, 0x00, 
    0x00, 0x00, 0x00, 0x00, 0x00, 0x00, 0x00, 0x00, 0x00, 0x00, 0x00, 0x00, 0x00, 0x00, 0x00, 0x00, 0x00, 0x00, 0x00, 0x00, 0x00, 0x00, 0x00, 0x00, 
    0x00, 0x00, 0x00, 0xff, 0xff, 0x11, 0xff, 0xff, 0x29, 0xff, 0xff, 0x26, 0xff, 0xff, 0x23, 0xff, 0xff, 0x24, 0xff, 0xff, 0x24, 0xff, 0xff, 0x24, 
    0xff, 0xff, 0x26, 0xff, 0xff, 0x12, 0x00, 0x00, 0x00, 0x00, 0x00, 0x00, 0x00, 0x00, 0x00, 0x00, 0x00, 0x00, 0x00, 0x00, 0x00, 0x00, 0x00, 0x00, 
    0x00, 0x00, 0x00, 0x00, 0x00, 0x00, 0x00, 0x00, 0x00, 0x00, 0x00, 0x00, 0x00, 0x00, 0x00, 0x00, 0x00, 0x00, 0xff, 0xff, 0x01, 0xff, 0xff, 0x06, 
    0xff, 0xff, 0xd0, 0xff, 0xff, 0xfe, 0xff, 0xff, 0xfd, 0xff, 0xff, 0xff, 0xff, 0xff, 0xff, 0xff, 0xff, 0xff, 0xff, 0xff, 0xfd, 0xff, 0xff, 0xff, 
    0xff, 0xff, 0x66, 0x00, 0x00, 0x00, 0xff, 0xff, 0x04, 0x00, 0x00, 0x00, 0x00, 0x00, 0x00, 0x00, 0x00, 0x00, 0x00, 0x00, 0x00, 0x00, 0x00, 0x00, 
    0xff, 0xff, 0x03, 0x00, 0x00, 0x00, 0xff, 0xff, 0x74, 0xff, 0xff, 0xff, 0xff, 0xff, 0xfc, 0xff, 0xff, 0xff, 0xff, 0xff, 0xff, 0xff, 0xff, 0xff, 
    0xff, 0xff, 0xfd, 0xff, 0xff, 0xff, 0xff, 0xff, 0xe0, 0xff, 0xff, 0x0d, 0xff, 0xff, 0x01, 0xff, 0xff, 0x01, 0x00, 0x00, 0x00, 0x00, 0x00, 0x00, 
    0x00, 0x00, 0x00, 0x00, 0x00, 0x00, 0x00, 0x00, 0x00, 0x00, 0x00, 0x00, 0x00, 0x00, 0x00, 0xff, 0xff, 0x02, 0x00, 0x00, 0x00, 0xff, 0xff, 0xb4, 
    0xff, 0xff, 0xff, 0xff, 0xff, 0xfc, 0xff, 0xff, 0xff, 0xff, 0xff, 0xff, 0xff, 0xff, 0xff, 0xff, 0xff, 0xfb, 0xff, 0xff, 0xff, 0xff, 0xff, 0x9c, 
    0x00, 0x00, 0x00, 0xff, 0xff, 0x03, 0x00, 0x00, 0x00, 0x00, 0x00, 0x00, 0x00, 0x00, 0x00, 0x00, 0x00, 0x00, 0x00, 0x00, 0x00, 0x00, 0x00, 0x00, 
    0x00, 0x00, 0x00, 0x00, 0x00, 0x00, 0x00, 0x00, 0x00, 0x00, 0x00, 0x00, 0x00, 0x00, 0x00, 0x00, 0x00, 0x00, 0x00, 0x00, 0x00, 0x00, 0x00, 0x00, 
    0x00, 0x00, 0x00, 0x00, 0x00, 0x00, 0x00, 0x00, 0x00, 0x00, 0x00, 0x00, 0x00, 0x00, 0x00, 0x00, 0x00, 0x00, 0x00, 0x00, 0x00, 0x00, 0x00, 0x00, 
    0xff, 0xff, 0x1f, 0xff, 0xff, 0x2c, 0xff, 0xff, 0x28, 0xff, 0xff, 0x28, 0xff, 0xff, 0x28, 0xff, 0xff, 0x2a, 0xff, 0xff, 0x2a, 0xff, 0xff, 0x2a, 
    0xff, 0xff, 0x06, 0x00, 0x00, 0x00, 0x00, 0x00, 0x00, 0x00, 0x00, 0x00, 0x00, 0x00, 0x00, 0xff, 0xff, 0x04, 0x00, 0x00, 0x00, 0xff, 0xff, 0x7f, 
    0xff, 0xff, 0xff, 0xff, 0xff, 0xfb, 0xff, 0xff, 0xff, 0xff, 0xff, 0xff, 0xff, 0xff, 0xff, 0xff, 0xff, 0xfd, 0xff, 0xff, 0xff, 0xff, 0xff, 0xda, 
    0xff, 0xff, 0x0b, 0x00, 0x00, 0x00, 0xff, 0xff, 0x01, 0x00, 0x00, 0x00, 0x00, 0x00, 0x00, 0x00, 0x00, 0x00, 0x00, 0x00, 0x00, 0x00, 0x00, 0x00, 
    0x00, 0x00, 0x00, 0x00, 0x00, 0x00, 0x00, 0x00, 0x00, 0x00, 0x00, 0x00, 0x00, 0x00, 0x00, 0x00, 0x00, 0x00, 0x00, 0x00, 0x00, 0x00, 0x00, 0x00, 
    0x00, 0x00, 0x00, 0x00, 0x00, 0x00, 0x00, 0x00, 0x00, 0x00, 0x00, 0x00, 0x00, 0x00, 0x00, 0x00, 0x00, 0x00, 0x00, 0x00, 0x00, 0x00, 0x00, 0x00, 
    0xff, 0xff, 0x18, 0xff, 0xff, 0x30, 0xff, 0xff, 0x2c, 0xff, 0xff, 0x2c, 0xff, 0xff, 0x2d, 0xff, 0xff, 0x2d, 0xff, 0xff, 0x29, 0xff, 0xff, 0x2e, 
    0xff, 0xff, 0x0e, 0x00, 0x00, 0x00, 0x00, 0x00, 0x00, 0x00, 0x00, 0x00, 0x00, 0x00, 0x00, 0x00, 0x00, 0x00, 0x00, 0x00, 0x00, 0x00, 0x00, 0x00, 
    0xff, 0xff, 0x04, 0x00, 0x00, 0x00, 0xff, 0xff, 0x8f, 0xff, 0xff, 0xff, 0xff, 0xff, 0xfc, 0xff, 0xff, 0xff, 0xff, 0xff, 0xff, 0xff, 0xff, 0xff, 
    0xff, 0xff, 0xfb, 0xff, 0xff, 0xff, 0xff, 0xff, 0x9f, 0x00, 0x00, 0x00, 0xff, 0xff, 0x04, 0x00, 0x00, 0x00, 0xe5, 0xa1, 0xb8, 0xe4, 0xc1, 0xff, 
    0xe5, 0xa9, 0xa4, 0xaa, 0x7a, 0x06, 0xe5, 0x91, 0x76, 0xe5, 0x91, 0x3e, 0x00, 0x00, 0x00, 0xe0, 0x7b, 0x02, 0x00, 0x00, 0x00, 0xc9, 0x92, 0x0e, 
    0x87, 0x92, 0x25, 0xea, 0xb2, 0x33, 0xc8, 0xb2, 0xa3, 0xc4, 0xa9, 0xff, 0xa3, 0xb9, 0xfe, 0xa3, 0xb9, 0xff, 0xa3, 0xb9, 0xff, 0xa3, 0xb9, 0xff, 
    0xa3, 0xb9, 0xff, 0xa3, 0xb9, 0xff, 0xa3, 0xb9, 0xff, 0xa3, 0xb9, 0xff, 0xa3, 0xb9, 0xff, 0xa3, 0xb9, 0xff, 0xa3, 0xb9, 0xff, 0xa3, 0xb9, 0xff, 
    0xa3, 0xb9, 0xff, 0xa3, 0xb9, 0xff, 0xa3, 0xb9, 0xff, 0xa3, 0xb9, 0xff, 0xa3, 0xb9, 0xff, 0xa3, 0xb9, 0xff, 0xa3, 0xb9, 0xff, 0xa3, 0xb9, 0xfe, 
    0xa3, 0xb9, 0xff, 0xc4, 0xb9, 0xff, 0xe4, 0xb9, 0xff, 0x25, 0xba, 0xff, 0x26, 0xba, 0xfd, 0x26, 0xba, 0xfd, 0xc8, 0xca, 0xf5, 0xc8, 0xc2, 0xe7, 
    0x67, 0xba, 0xe2, 0xa8, 0xc2, 0xda, 0xc8, 0xba, 0xce, 0x29, 0xcb, 0xc4, 0xe9, 0xc2, 0xcc, 0xa8, 0xc2, 0xd5, 0x87, 0xc2, 0xdc, 0x87, 0xc2, 0xf1, 
    0x25, 0xba, 0xfc, 0xe4, 0xb9, 0xff, 0xc3, 0xb9, 0xff, 0xa3, 0xb9, 0xff, 0xa3, 0xb9, 0xff, 0xa3, 0xb9, 0xff, 0xa3, 0xb9, 0xff, 0xa3, 0xb9, 0xff, 
    0xa3, 0xb9, 0xff, 0xa3, 0xb9, 0xff, 0xa3, 0xb9, 0xff, 0xa3, 0xb9, 0xff, 0xa3, 0xb9, 0xff, 0xa3, 0xb9, 0xff, 0xa3, 0xb9, 0xff, 0xa3, 0xb9, 0xff, 
    0xa3, 0xb9, 0xff, 0xa3, 0xb9, 0xff, 0xa3, 0xb9, 0xff, 0xa3, 0xb9, 0xff, 0xa3, 0xb9, 0xff, 0xa3, 0xb9, 0xff, 0xa3, 0xb9, 0xff, 0xa3, 0xb9, 0xff, 
    0xa3, 0xb9, 0xff, 0xa3, 0xb9, 0xff, 0xc4, 0xb9, 0xff, 0x67, 0xc2, 0xf1, 0x2a, 0xcb, 0xa5, 0x0a, 0xb3, 0x5e, 0x89, 0x9a, 0x28, 0xc9, 0x9a, 0x1f, 
    0xaa, 0xaa, 0x09, 0xe7, 0xb9, 0x04, 0x00, 0xf8, 0x01, 0x00, 0x00, 0x00, 0x00, 0x00, 0x00, 0x00, 0x00, 0x00, 0x4a, 0xab, 0x0c, 0xe8, 0x9a, 0x2f, 
    0x4a, 0xbb, 0x74, 0xe8, 0xc2, 0xdd, 0xc4, 0xb9, 0xff, 0xa3, 0xb9, 0xfe, 0xa3, 0xb9, 0xff, 0xe4, 0xb9, 0xff, 0x25, 0xba, 0xff, 0xc3, 0xb9, 0xff, 
    0xa3, 0xb9, 0xff, 0xa3, 0xb9, 0xff, 0xa3, 0xb9, 0xff, 0xa3, 0xb9, 0xff, 0xa3, 0xb9, 0xff, 0xa3, 0xb9, 0xff, 0xa3, 0xb9, 0xff, 0x25, 0xba, 0xfe, 
    0xc8, 0xc2, 0xe9, 0xea, 0xba, 0x9b, 0xea, 0xaa, 0x5b, 0xc9, 0xa2, 0x36, 0xca, 0xa2, 0x36, 0xc9, 0x9a, 0x27, 0xea, 0x9a, 0x29, 0xe9, 0x9a, 0x21, 
    0x29, 0x9b, 0x1c, 0x2a, 0x9b, 0x37, 0x49, 0x9b, 0x18, 0xe9, 0x9a, 0x1e, 0xe7, 0x8a, 0x10, 0x69, 0x7a, 0x0a, 0x88, 0x82, 0x13, 0x45, 0x79, 0x06, 
    0x1f, 0xf8, 0x01, 0x26, 0x8a, 0x3c, 0x47, 0x8a, 0x71, 0x88, 0x8a, 0x39, 0x27, 0x9a, 0x47, 0xe8, 0xaa, 0x13, 0x00, 0x00, 0x00, 0x00, 0x00, 0x00, 
    0x00, 0x00, 0x00, 0x00, 0x00, 0x00, 0x00, 0x00, 0x00, 0x00, 0x00, 0x00, 0x00, 0x00, 0x00, 0x00, 0x00, 0x00, 0x00, 0x00, 0x00, 0x00, 0x00, 0x00, 
    0x00, 0x00, 0x00, 0x00, 0x00, 0x00, 0x00, 0x00, 0x00, 0x00, 0x00, 0x00, 0x00, 0x00, 0x01, 0x00, 0x00, 0x00, 0x44, 0x92, 0x07, 0xc8, 0xb2, 0x69, 
    0x87, 0xba, 0xea, 0xa3, 0xb1, 0xff, 0xa3, 0xb1, 0xfe, 0xa3, 0xb9, 0xff, 0xa3, 0xb9, 0xff, 0xa3, 0xb9, 0xff, 0xa3, 0xb9, 0xff, 0xa3, 0xb1, 0xfe, 
    0xa3, 0xb9, 0xff, 0x05, 0xb2, 0xe9, 0xc9, 0xb2, 0x6f, 0x88, 0xa2, 0x2b, 0xef, 0x7b, 0x02, 0x00, 0x00, 0x00, 0x00, 0x00, 0x00, 0x00, 0x00, 0x00, 
    0x00, 0x00, 0x00, 0x00, 0x00, 0x00, 0x00, 0x00, 0x00, 0x00, 0x00, 0x00, 0x00, 0x00, 0x00, 0x00, 0x00, 0x00, 0x00, 0x00, 0x00, 0x00, 0x00, 0x00, 
    0x00, 0x00, 0x00, 0x00, 0x00, 0x00, 0x00, 0x00, 0x00, 0x00, 0x00, 0x00, 0xff, 0xff, 0x39, 0xff, 0xff, 0xff, 0xff, 0xff, 0xff, 0xff, 0xff, 0xff, 
    0xff, 0xff, 0xff, 0xff, 0xff, 0xff, 0xff, 0xff, 0xff, 0xff, 0xff, 0xfe, 0xff, 0xff, 0xff, 0xff, 0xff, 0x32, 0x00, 0x00, 0x00, 0xff, 0xff, 0x02, 
    0x00, 0x00, 0x00, 0x00, 0x00, 0x00, 0x00, 0x00, 0x00, 0x00, 0x00, 0x00, 0x00, 0x00, 0x00, 0x00, 0x00, 0x00, 0x00, 0x00, 0x00, 0x00, 0x00, 0x00, 
    0x00, 0x00, 0x00, 0x00, 0x00, 0x00, 0x00, 0x00, 0x00, 0x00, 0x00, 0x00, 0x00, 0x00, 0x00, 0x00, 0x00, 0x00, 0x00, 0x00, 0x00, 0x00, 0x00, 0x00, 
    0x00, 0x00, 0x00, 0x00, 0x00, 0x00, 0x00, 0x00, 0x00, 0xff, 0xff, 0x04, 0x00, 0x00, 0x00, 0xff, 0xff, 0x6f, 0xff, 0xff, 0xf7, 0xff, 0xff, 0xf0, 
    0xff, 0xff, 0xf2, 0xff, 0xff, 0xf3, 0xff, 0xff, 0xf3, 0xff, 0xff, 0xf1, 0xff, 0xff, 0xf5, 0xff, 0xff, 0x85, 0x00, 0x00, 0x00, 0xff, 0xff, 0x03, 
    0x00, 0x00, 0x00, 0x00, 0x00, 0x00, 0x00, 0x00, 0x00, 0x00, 0x00, 0x00, 0x00, 0x00, 0x00, 0x00, 0x00, 0x00, 0x00, 0x00, 0x00, 0x00, 0x00, 0x00, 
    0x00, 0x00, 0x00, 0xff, 0xff, 0x03, 0x00, 0x00, 0x00, 0xff, 0xff, 0x53, 0xff, 0xff, 0xff, 0xff, 0xff, 0xfd, 0xff, 0xff, 0xff, 0xff, 0xff, 0xff, 
    0xff, 0xff, 0xff, 0xff, 0xff, 0xfd, 0xff, 0xff, 0xfe, 0xff, 0xff, 0xe2, 0xff, 0xff, 0x0d, 0xff, 0xff, 0x01, 0xff, 0xff, 0x01, 0x00, 0x00, 0x00, 
    0x00, 0x00, 0x00, 0x00, 0x00, 0x00, 0x00, 0x00, 0x00, 0x00, 0x00, 0x00, 0xff, 0xff, 0x02, 0x00, 0x00, 0x00, 0xff, 0xff, 0x19, 0xff, 0xff, 0xee, 
    0xff, 0xff, 0xfe, 0xff, 0xff, 0xfe, 0xff, 0xff, 0xff, 0xff, 0xff, 0xff, 0xff, 0xff, 0xff, 0xff, 0xff, 0xfc, 0xff, 0xff, 0xff, 0xff, 0xff, 0x65, 
    0x00, 0x00, 0x00, 0xff, 0xff, 0x04, 0x00, 0x00, 0x00, 0x00, 0x00, 0x00, 0x00, 0x00, 0x00, 0x00, 0x00, 0x00, 0x00, 0x00, 0x00, 0x00, 0x00, 0x00, 
    0x00, 0x00, 0x00, 0xff, 0xff, 0x02, 0x00, 0x00, 0x00, 0xff, 0xff, 0xb8, 0xff, 0xff, 0xff, 0xff, 0xff, 0xfc, 0xff, 0xff, 0xff, 0xff, 0xff, 0xff, 
    0xff, 0xff, 0xff, 0xff, 0xff, 0xfb, 0xff, 0xff, 0xff, 0xff, 0xff, 0x97, 0x00, 0x00, 0x00, 0xff, 0xff, 0x03, 0x00, 0x00, 0x00, 0x00, 0x00, 0x00, 
    0x00, 0x00, 0x00, 0x00, 0x00, 0x00, 0x00, 0x00, 0x00, 0x00, 0x00, 0x00, 0x00, 0x00, 0x00, 0x00, 0x00, 0x00, 0x00, 0x00, 0x00, 0x00, 0x00, 0x00, 
    0x00, 0x00, 0x00, 0x00, 0x00, 0x00, 0x00, 0x00, 0x00, 0x00, 0x00, 0x00, 0x00, 0x00, 0x00, 0x00, 0x00, 0x00, 0x00, 0x00, 0x00, 0x00, 0x00, 0x00, 
    0x00, 0x00, 0x00, 0xff, 0xff, 0x01, 0x00, 0x00, 0x00, 0xff, 0xff, 0x03, 0xff, 0xff, 0xc9, 0xff, 0xff, 0xf8, 0xff, 0xff, 0xf4, 0xff, 0xff, 0xf6, 
    0xff, 0xff, 0xf6, 0xff, 0xff, 0xf6, 0xff, 0xff, 0xf6, 0xff, 0xff, 0xf4, 0xff, 0xff, 0x24, 0x00, 0x00, 0x00, 0xff, 0xff, 0x02, 0x00, 0x00, 0x00, 
    0x00, 0x00, 0x00, 0xff, 0xff, 0x04, 0x00, 0x00, 0x00, 0xff, 0xff, 0x87, 0xff, 0xff, 0xff, 0xff, 0xff, 0xfb, 0xff, 0xff, 0xff, 0xff, 0xff, 0xff, 
    0xff, 0xff, 0xff, 0xff, 0xff, 0xfd, 0xff, 0xff, 0xff, 0xff, 0xff, 0xd5, 0xff, 0xff, 0x06, 0x00, 0x00, 0x00, 0xff, 0xff, 0x01, 0x00, 0x00, 0x00, 
    0x00, 0x00, 0x00, 0x00, 0x00, 0x00, 0x00, 0x00, 0x00, 0x00, 0x00, 0x00, 0x00, 0x00, 0x00, 0x00, 0x00, 0x00, 0x00, 0x00, 0x00, 0x00, 0x00, 0x00, 
    0x00, 0x00, 0x00, 0x00, 0x00, 0x00, 0x00, 0x00, 0x00, 0x00, 0x00, 0x00, 0x00, 0x00, 0x00, 0x00, 0x00, 0x00, 0x00, 0x00, 0x00, 0x00, 0x00, 0x00, 
    0x00, 0x00, 0x00, 0x00, 0x00, 0x00, 0xff, 0xff, 0x02, 0x00, 0x00, 0x00, 0xff, 0xff, 0xa0, 0xff, 0xff, 0xfc, 0xff, 0xff, 0xf5, 0xff, 0xff, 0xf9, 
    0xff, 0xff, 0xf9, 0xff, 0xff, 0xfa, 0xff, 0xff, 0xf4, 0xff, 0xff, 0xfb, 0xff, 0xff, 0x50, 0x00, 0x00, 0x00, 0xff, 0xff, 0x03, 0x00, 0x00, 0x00, 
    0x00, 0x00, 0x00, 0x00, 0x00, 0x00, 0x00, 0x00, 0x00, 0x00, 0x00, 0x00, 0xff, 0xff, 0x04, 0x00, 0x00, 0x00, 0xff, 0xff, 0x8e, 0xff, 0xff, 0xff, 
    0xff, 0xff, 0xfc, 0xff, 0xff, 0xff, 0xff, 0xff, 0xff, 0xff, 0xff, 0xff, 0xff, 0xff, 0xfb, 0xff, 0xff, 0xff, 0xff, 0xff, 0x9c, 0x00, 0x00, 0x00, 
    0x92, 0xb4, 0x07, 0x00, 0x00, 0x00, 0xc4, 0xa1, 0xbd, 0xe4, 0xc1, 0xff, 0xe5, 0xa9, 0xa5, 0x00, 0x00, 0x00, 0x00, 0x00, 0x00, 0x00, 0x00, 0x00, 
    0x00, 0x00, 0x00, 0x00, 0x00, 0x01, 0x00, 0x00, 0x00, 0xc8, 0x9a, 0x1a, 0xa8, 0x9a, 0x40, 0xc9, 0xb2, 0x99, 0x87, 0xba, 0xee, 0xa3, 0xb1, 0xff, 
    0xa3, 0xb9, 0xfe, 0xa3, 0xb9, 0xff, 0xa3, 0xb9, 0xff, 0xa3, 0xb9, 0xff, 0xa3, 0xb9, 0xff, 0xa3, 0xb9, 0xff, 0xa3, 0xb9, 0xff, 0xa3, 0xb9, 0xff, 
    0xa3, 0xb9, 0xff, 0xa3, 0xb9, 0xff, 0xa3, 0xb9, 0xff, 0xa3, 0xb9, 0xff, 0xa3, 0xb9, 0xff, 0xa3, 0xb9, 0xff, 0xa3, 0xb9, 0xff, 0xa4, 0xb9, 0xff, 
    0xa3, 0xb9, 0xfe, 0xa3, 0xb9, 0xfe, 0xa3, 0xb1, 0xff, 0xe4, 0xb9, 0xff, 0x26, 0xc2, 0xfa, 0x26, 0xba, 0xfe, 0xc8, 0xc2, 0xeb, 0xc8, 0xc2, 0xce, 
    0xe9, 0xc2, 0xaf, 0x0a, 0xc3, 0xab, 0x0a, 0xbb, 0xb1, 0x09, 0xbb, 0x76, 0x0a, 0xbb, 0x5e, 0xe9, 0xb2, 0x77, 0xe9, 0xaa, 0x47, 0xe9, 0xaa, 0x66, 
    0x0a, 0xb3, 0x89, 0x0a, 0xbb, 0x69, 0x2a, 0xbb, 0x63, 0x2a, 0xc3, 0x89, 0x0a, 0xc3, 0xae, 0xe9, 0xc2, 0xd8, 0x87, 0xc2, 0xef, 0xc4, 0xb9, 0xff, 
    0xa3, 0xb9, 0xff, 0xa3, 0xb9, 0xff, 0xa3, 0xb9, 0xff, 0xa3, 0xb9, 0xff, 0xa3, 0xb9, 0xff, 0xa3, 0xb9, 0xff, 0xa3, 0xb9, 0xff, 0xa3, 0xb9, 0xff, 
    0xa3, 0xb9, 0xff, 0xa3, 0xb9, 0xff, 0xa3, 0xb9, 0xff, 0xa3, 0xb9, 0xff, 0xa3, 0xb9, 0xff, 0xa3, 0xb9, 0xff, 0xa3, 0xb9, 0xff, 0xa3, 0xb9, 0xff, 
    0xa3, 0xb9, 0xff, 0xa3, 0xb9, 0xff, 0xa3, 0xb9, 0xff, 0xa3, 0xb9, 0xff, 0xa3, 0xb9, 0xff, 0xa3, 0xb9, 0xff, 0x83, 0xb1, 0xff, 0x83, 0xb1, 0xff, 
    0x05, 0xb2, 0xfb, 0xe9, 0xba, 0xba, 0xea, 0xba, 0x75, 0xc9, 0xa2, 0x44, 0xc8, 0x9a, 0x17, 0xaa, 0xaa, 0x0c, 0x00, 0xf8, 0x01, 0x00, 0x00, 0x00, 
    0x00, 0x00, 0x00, 0x00, 0x00, 0x00, 0xef, 0xfb, 0x02, 0x4a, 0xa3, 0x16, 0xc8, 0x9a, 0x42, 0x4a, 0xc3, 0x92, 0x25, 0xba, 0xef, 0x83, 0xb1, 0xff, 
    0x05, 0xba, 0xfb, 0x87, 0xc2, 0xf1, 0xc8, 0xca, 0xf6, 0x05, 0xba, 0xfe, 0xa3, 0xb9, 0xff, 0xa3, 0xb9, 0xff, 0xa3, 0xb9, 0xff, 0xa3, 0xb9, 0xff, 
    0xa3, 0xb9, 0xff, 0xa3, 0xb9, 0xff, 0x83, 0xb9, 0xff, 0xc4, 0xb1, 0xfd, 0x09, 0xcb, 0xdc, 0x09, 0xb3, 0x81, 0xaa, 0xa2, 0x29, 0xa8, 0x9a, 0x12, 
    0xaa, 0xaa, 0x03, 0x49, 0x92, 0x07, 0x00, 0x00, 0x00, 0xc9, 0x7a, 0x0e, 0x88, 0x82, 0x4f, 0xe7, 0x7b, 0x04, 0xaa, 0x92, 0x0c, 0xe8, 0x8a, 0x0b, 
    0x00, 0xf8, 0x01, 0xff, 0xff, 0x01, 0x55, 0xad, 0x03, 0x00, 0x00, 0x00, 0x00, 0x00, 0x00, 0xe5, 0x81, 0x65, 0x06, 0x82, 0x9b, 0x00, 0x00, 0x00, 
    0x00, 0x00, 0x00, 0x00, 0x00, 0x00, 0x00, 0x00, 0x00, 0x00, 0x00, 0x00, 0x00, 0x00, 0x00, 0x00, 0x00, 0x00, 0x00, 0x00, 0x00, 0x00, 0x00, 0x00, 
    0x00, 0x00, 0x00, 0x00, 0x00, 0x00, 0x00, 0x00, 0x00, 0x00, 0x00, 0x00, 0x00, 0x00, 0x00, 0x00, 0x00, 0x00, 0x00, 0x00, 0x00, 0x00, 0x00, 0x00, 
    0xa0, 0x52, 0x03, 0x00, 0x00, 0x00, 0xc4, 0x89, 0x4d, 0x88, 0xaa, 0xeb, 0x66, 0xc2, 0xf4, 0x83, 0xb1, 0xff, 0xa3, 0xb9, 0xfe, 0xa3, 0xb9, 0xff, 
    0xa3, 0xb9, 0xff, 0xa3, 0xb9, 0xff, 0xa3, 0xb9, 0xff, 0xa3, 0xb1, 0xfe, 0xc3, 0xb9, 0xff, 0x66, 0xb2, 0xd2, 0x2b, 0xb3, 0x39, 0x67, 0x9a, 0x0d, 
    0xef, 0xfb, 0x02, 0x00, 0x00, 0x00, 0x00, 0x00, 0x00, 0x00, 0x00, 0x00, 0x00, 0x00, 0x00, 0x00, 0x00, 0x00, 0x00, 0x00, 0x00, 0x00, 0x00, 0x00, 
    0x00, 0x00, 0x00, 0x00, 0x00, 0x00, 0x00, 0x00, 0x00, 0x00, 0x00, 0x00, 0x00, 0x00, 0x00, 0x00, 0x00, 0x00, 0x00, 0x00, 0x00, 0x00, 0x00, 0x00, 
    0xff, 0xff, 0x39, 0xff, 0xff, 0xff, 0xff, 0xff, 0xff, 0xff, 0xff, 0xff, 0xff, 0xff, 0xff, 0xff, 0xff, 0xff, 0xff, 0xff, 0xff, 0xff, 0xff, 0xff, 
    0xff, 0xff, 0xff, 0xff, 0xff, 0x2f, 0x00, 0x00, 0x00, 0xff, 0xff, 0x02, 0x00, 0x00, 0x00, 0x00, 0x00, 0x00, 0x00, 0x00, 0x00, 0x00, 0x00, 0x00, 
    0x00, 0x00, 0x00, 0x00, 0x00, 0x00, 0x00, 0x00, 0x00, 0x00, 0x00, 0x00, 0x00, 0x00, 0x00, 0x00, 0x00, 0x00, 0x00, 0x00, 0x00, 0x00, 0x00, 0x00, 
    0x00, 0x00, 0x00, 0x00, 0x00, 0x00, 0x00, 0x00, 0x00, 0x00, 0x00, 0x00, 0x00, 0x00, 0x00, 0x00, 0x00, 0x00, 0x00, 0x00, 0x00, 0xff, 0xff, 0x04, 
    0x00, 0x00, 0x00, 0xff, 0xff, 0x6b, 0xff, 0xff, 0xff, 0xff, 0xff, 0xff, 0xff, 0xff, 0xff, 0xff, 0xff, 0xff, 0xff, 0xff, 0xff, 0xff, 0xff, 0xff, 
    0xff, 0xff, 0xff, 0xff, 0xff, 0x8e, 0x00, 0x00, 0x00, 0xff, 0xff, 0x03, 0x00, 0x00, 0x00, 0x00, 0x00, 0x00, 0x00, 0x00, 0x00, 0x00, 0x00, 0x00, 
    0x00, 0x00, 0x00, 0x00, 0x00, 0x00, 0x00, 0x00, 0x00, 0x00, 0x00, 0x00, 0x00, 0x00, 0x00, 0xff, 0xff, 0x01, 0x00, 0x00, 0x00, 0xff, 0xff, 0xbc, 
    0xff, 0xff, 0xff, 0xff, 0xff, 0xfc, 0xff, 0xff, 0xff, 0xff, 0xff, 0xff, 0xff, 0xff, 0xff, 0xff, 0xff, 0xfc, 0xff, 0xff, 0xff, 0xff, 0xff, 0x7d, 
    0x00, 0x00, 0x00, 0xff, 0xff, 0x03, 0x00, 0x00, 0x00, 0x00, 0x00, 0x00, 0x00, 0x00, 0x00, 0x00, 0x00, 0x00, 0x00, 0x00, 0x00, 0x00, 0x00, 0x00, 
    0x00, 0x00, 0x00, 0xff, 0xff, 0x02, 0x00, 0x00, 0x00, 0xff, 0xff, 0x9d, 0xff, 0xff, 0xff, 0xff, 0xff, 0xfb, 0xff, 0xff, 0xff, 0xff, 0xff, 0xff, 
    0xff, 0xff, 0xff, 0xff, 0xff, 0xfc, 0xff, 0xff, 0xfe, 0xff, 0xff, 0xd2, 0xff, 0xff, 0x04, 0xff, 0xff, 0x01, 0xff, 0xff, 0x01, 0x00, 0x00, 0x00, 
    0x00, 0x00, 0x00, 0x00, 0x00, 0x00, 0x00, 0x00, 0x00, 0x00, 0x00, 0x00, 0x00, 0x00, 0x00, 0xff, 0xff, 0x02, 0x00, 0x00, 0x00, 0xff, 0xff, 0xbb, 
    0xff, 0xff, 0xff, 0xff, 0xff, 0xfc, 0xff, 0xff, 0xff, 0xff, 0xff, 0xff, 0xff, 0xff, 0xff, 0xff, 0xff, 0xfb, 0xff, 0xff, 0xff, 0xff, 0xff, 0x98, 
    0x00, 0x00, 0x00, 0xff, 0xff, 0x03, 0x00, 0x00, 0x00, 0x00, 0x00, 0x00, 0x00, 0x00, 0x00, 0x00, 0x00, 0x00, 0x00, 0x00, 0x00, 0x00, 0x00, 0x00, 
    0x00, 0x00, 0x00, 0x00, 0x00, 0x00, 0x00, 0x00, 0x00, 0x00, 0x00, 0x00, 0x00, 0x00, 0x00, 0x00, 0x00, 0x00, 0x00, 0x00, 0x00, 0x00, 0x00, 0x00, 
    0x00, 0x00, 0x00, 0x00, 0x00, 0x00, 0x00, 0x00, 0x00, 0x00, 0x00, 0x00, 0x00, 0x00, 0x00, 0xff, 0xff, 0x01, 0x00, 0x00, 0x00, 0xff, 0xff, 0x03, 
    0xff, 0xff, 0xd3, 0xff, 0xff, 0xff, 0xff, 0xff, 0xff, 0xff, 0xff, 0xff, 0xff, 0xff, 0xff, 0xff, 0xff, 0xff, 0xff, 0xff, 0xff, 0xff, 0xff, 0xfd, 
    0xff, 0xff, 0x24, 0x00, 0x00, 0x00, 0xff, 0xff, 0x02, 0x00, 0x00, 0x00, 0x00, 0x00, 0x00, 0xff, 0xff, 0x04, 0x00, 0x00, 0x00, 0xff, 0xff, 0x8c, 
    0xff, 0xff, 0xff, 0xff, 0xff, 0xfb, 0xff, 0xff, 0xff, 0xff, 0xff, 0xff, 0xff, 0xff, 0xff, 0xff, 0xff, 0xfd, 0xff, 0xff, 0xff, 0xff, 0xff, 0xd7, 
    0xff, 0xff, 0x08, 0x00, 0x00, 0x00, 0xff, 0xff, 0x01, 0x00, 0x00, 0x00, 0x00, 0x00, 0x00, 0x00, 0x00, 0x00, 0x00, 0x00, 0x00, 0x00, 0x00, 0x00, 
    0x00, 0x00, 0x00, 0x00, 0x00, 0x00, 0x00, 0x00, 0x00, 0x00, 0x00, 0x00, 0x00, 0x00, 0x00, 0x00, 0x00, 0x00, 0x00, 0x00, 0x00, 0x00, 0x00, 0x00, 
    0x00, 0x00, 0x00, 0x00, 0x00, 0x00, 0x00, 0x00, 0x00, 0x00, 0x00, 0x00, 0x00, 0x00, 0x00, 0x00, 0x00, 0x00, 0xff, 0xff, 0x02, 0x00, 0x00, 0x00, 
    0xff, 0xff, 0xa6, 0xff, 0xff, 0xff, 0xff, 0xff, 0xfe, 0xff, 0xff, 0xff, 0xff, 0xff, 0xff, 0xff, 0xff, 0xff, 0xff, 0xff, 0xff, 0xff, 0xff, 0xff, 
    0xff, 0xff, 0x4c, 0x00, 0x00, 0x00, 0xff, 0xff, 0x03, 0x00, 0x00, 0x00, 0x00, 0x00, 0x00, 0x00, 0x00, 0x00, 0x00, 0x00, 0x00, 0x00, 0x00, 0x00, 
    0xff, 0xff, 0x04, 0x00, 0x00, 0x00, 0xff, 0xff, 0x8d, 0xff, 0xff, 0xff, 0xff, 0xff, 0xfc, 0xff, 0xff, 0xff, 0xff, 0xff, 0xff, 0xff, 0xff, 0xff, 
    0xff, 0xff, 0xfb, 0xff, 0xff, 0xff, 0xff, 0xff, 0x9d, 0x00, 0x00, 0x00, 0xd3, 0xcc, 0x05, 0xff, 0x07, 0x01, 0xe4, 0xa1, 0xc2, 0x04, 0xc2, 0xff, 
    0xe5, 0xa9, 0xa0, 0x00, 0x00, 0x00, 0xa0, 0xaa, 0x06, 0x00, 0x78, 0x02, 0x00, 0x00, 0x00, 0x00, 0x00, 0x00, 0xc9, 0x92, 0x0e, 0x88, 0x8a, 0x1f, 
    0xa8, 0x9a, 0x3d, 0x0a, 0xbb, 0x98, 0xc4, 0xa9, 0xef, 0x83, 0xb1, 0xff, 0xa3, 0xb9, 0xfe, 0xa3, 0xb9, 0xff, 0xa3, 0xb9, 0xff, 0xa4, 0xb9, 0xff, 
    0xa3, 0xb9, 0xff, 0xa3, 0xb9, 0xff, 0xa3, 0xb9, 0xff, 0xa4, 0xb9, 0xff, 0xa3, 0xb9, 0xff, 0xa3, 0xb9, 0xff, 0xa3, 0xb9, 0xff, 0xa3, 0xb9, 0xff, 
    0xa3, 0xb9, 0xff, 0xa3, 0xb9, 0xff, 0xa4, 0xb9, 0xff, 0xa3, 0xb9, 0xff, 0xa3, 0xb9, 0xff, 0xc4, 0xb9, 0xff, 0x25, 0xba, 0xff, 0xa7, 0xc2, 0xda, 
    0x0a, 0xcb, 0xbf, 0xe9, 0xc2, 0xc9, 0x09, 0xc3, 0xaa, 0x09, 0xbb, 0x89, 0x09, 0xb3, 0x87, 0xe9, 0xaa, 0x62, 0xc8, 0xa2, 0x30, 0xa8, 0x92, 0x1b, 
    0xa9, 0x9a, 0x42, 0xa8, 0x9a, 0x30, 0xa9, 0x9a, 0x2a, 0xc9, 0xa2, 0x2b, 0xa9, 0x9a, 0x35, 0xc9, 0xa2, 0x37, 0xc9, 0x9a, 0x2d, 0xea, 0xaa, 0x5b, 
    0xea, 0xb2, 0x75, 0x2a, 0xbb, 0x9d, 0x2a, 0xcb, 0xd6, 0x26, 0xc2, 0xfd, 0x83, 0xb1, 0xff, 0x83, 0xb1, 0xff, 0xa3, 0xb9, 0xff, 0xa3, 0xb9, 0xff, 
    0xa3, 0xb9, 0xff, 0xa3, 0xb9, 0xff, 0xa3, 0xb9, 0xff, 0xa3, 0xb9, 0xff, 0xa3, 0xb9, 0xff, 0xa3, 0xb9, 0xff, 0xa3, 0xb9, 0xff, 0xa3, 0xb9, 0xff, 
    0xa3, 0xb9, 0xff, 0xa3, 0xb9, 0xff, 0xa3, 0xb9, 0xff, 0xa3, 0xb9, 0xff, 0xa3, 0xb9, 0xff, 0xa3, 0xb9, 0xff, 0xa3, 0xb9, 0xff, 0xa3, 0xb9, 0xff, 
    0xa3, 0xb9, 0xff, 0xa3, 0xb9, 0xff, 0xa3, 0xb9, 0xff, 0xa3, 0xb9, 0xfe, 0x83, 0xb9, 0xff, 0xc4, 0xb1, 0xfe, 0x26, 0xb2, 0xf6, 0xe9, 0xba, 0x88, 
    0x0a, 0xab, 0x34, 0x24, 0x69, 0x07, 0xef, 0x7b, 0x02, 0x00, 0x00, 0x00, 0x00, 0xf8, 0x01, 0x00, 0x00, 0x00, 0xaa, 0xaa, 0x03, 0x68, 0x8a, 0x5a, 
    0xc9, 0x92, 0x2a, 0x2b, 0xb3, 0x2b, 0x87, 0xb2, 0xac, 0xa3, 0xb9, 0xff, 0xe4, 0xb9, 0xee, 0x09, 0xcb, 0x9a, 0x09, 0xcb, 0xd4, 0x05, 0xba, 0xff, 
    0xa3, 0xb9, 0xfe, 0xa3, 0xb9, 0xff, 0xa3, 0xb9, 0xff, 0xa3, 0xb9, 0xff, 0xa3, 0xb9, 0xff, 0xa3, 0xb9, 0xff, 0xa3, 0xb9, 0xfd, 0x25, 0xc2, 0xff, 
    0x87, 0xba, 0xcf, 0x09, 0xb3, 0x53, 0xc9, 0x9a, 0x37, 0xa8, 0x92, 0x1d, 0x49, 0x92, 0x07, 0x00, 0x00, 0x00, 0x00, 0x00, 0x00, 0x00, 0x00, 0x00, 
    0x00, 0x00, 0x00, 0x00, 0x00, 0x00, 0x87, 0x92, 0x1c, 0xa8, 0x8a, 0x21, 0xa7, 0x92, 0x0c, 0xc4, 0x99, 0xb7, 0xe5, 0xa1, 0xd6, 0x26, 0x92, 0x36, 
    0x00, 0x00, 0x00, 0x00, 0x00, 0x00, 0x00, 0x00, 0x00, 0xef, 0x7b, 0x02, 0xaa, 0xaa, 0x03, 0x00, 0xf8, 0x01, 0x00, 0x00, 0x00, 0x00, 0x00, 0x00, 
    0x00, 0x00, 0x00, 0x00, 0x00, 0x00, 0x00, 0x00, 0x00, 0x00, 0x00, 0x00, 0x00, 0x00, 0x00, 0x00, 0x00, 0x00, 0x00, 0x00, 0x00, 0x00, 0x00, 0x00, 
    0x00, 0x00, 0x00, 0x00, 0x00, 0x00, 0x00, 0x00, 0x00, 0x00, 0x00, 0x00, 0x00, 0xf8, 0x01, 0x00, 0x78, 0x02, 0x87, 0xa2, 0x39, 0xa8, 0xb2, 0xae, 
    0xc4, 0xb1, 0xfd, 0xa3, 0xb9, 0xfe, 0xa3, 0xb9, 0xff, 0xa3, 0xb9, 0xff, 0xa3, 0xb9, 0xff, 0xa3, 0xb9, 0xff, 0xa3, 0xb9, 0xff, 0x83, 0xb1, 0xfd, 
    0xc3, 0xb1, 0xff, 0xa8, 0xc2, 0xab, 0x0a, 0xab, 0x39, 0x45, 0x79, 0x06, 0x00, 0xf8, 0x01, 0x00, 0x00, 0x00, 0x00, 0x00, 0x00, 0x00, 0x00, 0x00, 
    0x00, 0x00, 0x00, 0x00, 0x00, 0x00, 0x00, 0x00, 0x00, 0x00, 0x00, 0x00, 0x00, 0x00, 0x00, 0x00, 0x00, 0x00, 0x00, 0x00, 0x00, 0x00, 0x00, 0x00, 
    0x00, 0x00, 0x00, 0x00, 0x00, 0x00, 0x00, 0x00, 0x00, 0x00, 0x00, 0x00, 0xff, 0xff, 0x2c, 0xff, 0xff, 0xfc, 0xff, 0xff, 0xff, 0xff, 0xff, 0xff, 
    0xff, 0xff, 0xff, 0xff, 0xff, 0xff, 0xff, 0xff, 0xff, 0xff, 0xff, 0xfe, 0xff, 0xff, 0xff, 0xff, 0xff, 0x48, 0x00, 0x00, 0x00, 0xff, 0xff, 0x03, 
    0x00, 0x00, 0x00, 0x00, 0x00, 0x00, 0x00, 0x00, 0x00, 0x00, 0x00, 0x00, 0x00, 0x00, 0x00, 0x00, 0x00, 0x00, 0x00, 0x00, 0x00, 0x00, 0x00, 0x00, 
    0x00, 0x00, 0x00, 0x00, 0x00, 0x00, 0x00, 0x00, 0x00, 0x00, 0x00, 0x00, 0x00, 0x00, 0x00, 0x00, 0x00, 0x00, 0x00, 0x00, 0x00, 0x00, 0x00, 0x00, 
    0x00, 0x00, 0x00, 0x00, 0x00, 0x00, 0x00, 0x00, 0x00, 0xff, 0xff, 0x04, 0x00, 0x00, 0x00, 0xff, 0xff, 0x6a, 0xff, 0xff, 0xfe, 0xff, 0xff, 0xfb, 
    0xff, 0xff, 0xfe, 0xff, 0xff, 0xfe, 0xff, 0xff, 0xfe, 0xff, 0xff, 0xfb, 0xff, 0xff, 0xfe, 0xff, 0xff, 0x8c, 0x00, 0x00, 0x00, 0xff, 0xff, 0x03, 
    0x00, 0x00, 0x00, 0x00, 0x00, 0x00, 0x00, 0x00, 0x00, 0x00, 0x00, 0x00, 0x00, 0x00, 0x00, 0x00, 0x00, 0x00, 0x00, 0x00, 0x00, 0x00, 0x00, 0x00, 
    0xff, 0xff, 0x03, 0xff, 0xff, 0x01, 0xff, 0xff, 0x34, 0xff, 0xff, 0xfb, 0xff, 0xff, 0xfe, 0xff, 0xff, 0xff, 0xff, 0xff, 0xff, 0xff, 0xff, 0xff, 
    0xff, 0xff, 0xfe, 0xff, 0xff, 0xff, 0xff, 0xff, 0xef, 0xff, 0xff, 0x19, 0x00, 0x00, 0x00, 0xff, 0xff, 0x02, 0x00, 0x00, 0x00, 0x00, 0x00, 0x00, 
    0x00, 0x00, 0x00, 0x00, 0x00, 0x00, 0x00, 0x00, 0x00, 0x00, 0x00, 0x00, 0x00, 0x00, 0x00, 0xff, 0xff, 0x02, 0x00, 0x00, 0x00, 0xff, 0xff, 0x36, 
    0xff, 0xff, 0xfc, 0xff, 0xff, 0xfe, 0xff, 0xff, 0xfe, 0xff, 0xff, 0xff, 0xff, 0xff, 0xff, 0xff, 0xff, 0xff, 0xff, 0xff, 0xfd, 0xff, 0xff, 0xff, 
    0xff, 0xff, 0x58, 0x00, 0x00, 0x00, 0xff, 0xff, 0x03, 0x00, 0x00, 0x00, 0x00, 0x00, 0x00, 0x00, 0x00, 0x00, 0x00, 0x00, 0x00, 0x00, 0x00, 0x00, 
    0x00, 0x00, 0x00, 0xff, 0xff, 0x03, 0x00, 0x00, 0x00, 0xff, 0xff, 0xb1, 0xff, 0xff, 0xff, 0xff, 0xff, 0xfc, 0xff, 0xff, 0xff, 0xff, 0xff, 0xff, 
    0xff, 0xff, 0xff, 0xff, 0xff, 0xfc, 0xff, 0xff, 0xff, 0xff, 0xff, 0xb2, 0x00, 0x00, 0x00, 0xff, 0xff, 0x01, 0x00, 0x00, 0x00, 0x00, 0x00, 0x00, 
    0x00, 0x00, 0x00, 0x00, 0x00, 0x00, 0x00, 0x00, 0x00, 0x00, 0x00, 0x00, 0x00, 0x00, 0x00, 0x00, 0x00, 0x00, 0x00, 0x00, 0x00, 0x00, 0x00, 0x00, 
    0x00, 0x00, 0x00, 0x00, 0x00, 0x00, 0x00, 0x00, 0x00, 0x00, 0x00, 0x00, 0x00, 0x00, 0x00, 0x00, 0x00, 0x00, 0x00, 0x00, 0x00, 0x00, 0x00, 0x00, 
    0x00, 0x00, 0x00, 0xff, 0xff, 0x01, 0x00, 0x00, 0x00, 0xff, 0xff, 0x04, 0xff, 0xff, 0xd0, 0xff, 0xff, 0xfe, 0xff, 0xff, 0xfc, 0xff, 0xff, 0xfe, 
    0xff, 0xff, 0xfe, 0xff, 0xff, 0xfd, 0xff, 0xff, 0xfe, 0xff, 0xff, 0xf9, 0xff, 0xff, 0x25, 0x00, 0x00, 0x00, 0xff, 0xff, 0x02, 0x00, 0x00, 0x00, 
    0x00, 0x00, 0x00, 0xff, 0xff, 0x04, 0x00, 0x00, 0x00, 0xff, 0xff, 0x82, 0xff, 0xff, 0xff, 0xff, 0xff, 0xfb, 0xff, 0xff, 0xff, 0xff, 0xff, 0xff, 
    0xff, 0xff, 0xff, 0xff, 0xff, 0xfe, 0xff, 0xff, 0xff, 0xff, 0xff, 0xec, 0xff, 0xff, 0x1a, 0x00, 0x00, 0x00, 0xff, 0xff, 0x02, 0x00, 0x00, 0x00, 
    0x00, 0x00, 0x00, 0x00, 0x00, 0x00, 0x00, 0x00, 0x00, 0x00, 0x00, 0x00, 0x00, 0x00, 0x00, 0x00, 0x00, 0x00, 0x00, 0x00, 0x00, 0x00, 0x00, 0x00, 
    0x00, 0x00, 0x00, 0x00, 0x00, 0x00, 0x00, 0x00, 0x00, 0x00, 0x00, 0x00, 0x00, 0x00, 0x00, 0x00, 0x00, 0x00, 0x00, 0x00, 0x00, 0x00, 0x00, 0x00, 
    0x00, 0x00, 0x00, 0x00, 0x00, 0x00, 0xff, 0xff, 0x02, 0x00, 0x00, 0x00, 0xff, 0xff, 0xa3, 0xff, 0xff, 0xfe, 0xff, 0xff, 0xfb, 0xff, 0xff, 0xfe, 
    0xff, 0xff, 0xfe, 0xff, 0xff, 0xfe, 0xff, 0xff, 0xfc, 0xff, 0xff, 0xfe, 0xff, 0xff, 0x4a, 0x00, 0x00, 0x00, 0xff, 0xff, 0x03, 0x00, 0x00, 0x00, 
    0x00, 0x00, 0x00, 0x00, 0x00, 0x00, 0x00, 0x00, 0x00, 0x00, 0x00, 0x00, 0xff, 0xff, 0x04, 0x00, 0x00, 0x00, 0xff, 0xff, 0x8d, 0xff, 0xff, 0xff, 
    0xff, 0xff, 0xfc, 0xff, 0xff, 0xff, 0xff, 0xff, 0xff, 0xff, 0xff, 0xff, 0xff, 0xff, 0xfb, 0xff, 0xff, 0xff, 0xff, 0xff, 0x9e, 0x00, 0x00, 0x00, 
    0x79, 0xce, 0x05, 0x00, 0x00, 0x00, 0xe5, 0xa1, 0xb4, 0x04, 0xc2, 0xff, 0x05, 0xaa, 0x9f, 0x00, 0x00, 0x00, 0xa0, 0xaa, 0x03, 0x00, 0x00, 0x00, 
    0x00, 0x00, 0x00, 0x00, 0x00, 0x00, 0xaa, 0xaa, 0x03, 0xa7, 0x92, 0x15, 0xc9, 0x9a, 0x31, 0x09, 0xb3, 0x97, 0xe5, 0xb1, 0xf2, 0x83, 0xb1, 0xff, 
    0xa3, 0xb9, 0xfe, 0xa3, 0xb9, 0xff, 0xa3, 0xb9, 0xff, 0xa3, 0xb9, 0xff, 0xa3, 0xb9, 0xff, 0xa3, 0xb9, 0xff, 0xa4, 0xb9, 0xff, 0xa3, 0xb9, 0xff, 
    0xa3, 0xb9, 0xff, 0xa3, 0xb9, 0xff, 0xa3, 0xb9, 0xff, 0xa3, 0xb9, 0xff, 0xa3, 0xb9, 0xff, 0xa3, 0xb9, 0xff, 0xc4, 0xb1, 0xff, 0x46, 0xc2, 0xfc, 
    0x46, 0xba, 0xf1, 0xa8, 0xc2, 0xde, 0xa8, 0xba, 0xcc, 0x09, 0xbb, 0x77, 0xa8, 0xaa, 0x77, 0xc9, 0xaa, 0x61, 0x88, 0x9a, 0x40, 0xa8, 0x9a, 0x23, 
    0xc9, 0xa2, 0x36, 0x88, 0x92, 0x25, 0xc8, 0x9a, 0x39, 0xc9, 0x9a, 0x1f, 0xa8, 0x92, 0x21, 0x69, 0x9a, 0x0d, 0x69, 0x92, 0x17, 0xaa, 0x7a, 0x06, 
    0x69, 0x9a, 0x0d, 0xaa, 0xaa, 0x06, 0xef, 0xfb, 0x02, 0xc9, 0xa2, 0x27, 0xea, 0xaa, 0x3f, 0xc9, 0xaa, 0x68, 0x2a, 0xc3, 0xa8, 0x46, 0xc2, 0xf7, 
    0x83, 0xb1, 0xff, 0x83, 0xb1, 0xff, 0xa3, 0xb9, 0xff, 0xa4, 0xb9, 0xff, 0xa4, 0xb9, 0xff, 0xa3, 0xb9, 0xff, 0xa3, 0xb9, 0xff, 0xa4, 0xb9, 0xff, 
    0xa3, 0xb9, 0xff, 0xa3, 0xb9, 0xff, 0xa3, 0xb9, 0xff, 0xa3, 0xb9, 0xff, 0xa3, 0xb9, 0xff, 0xa3, 0xb9, 0xff, 0xa3, 0xb9, 0xff, 0xa3, 0xb9, 0xff, 
    0xa3, 0xb9, 0xff, 0xa3, 0xb9, 0xff, 0xa3, 0xb9, 0xff, 0xa3, 0xb9, 0xff, 0xa3, 0xb9, 0xff, 0xa3, 0xb9, 0xff, 0xa3, 0xb9, 0xff, 0xa3, 0xb9, 0xff, 
    0xa3, 0xb9, 0xff, 0x83, 0xb9, 0xff, 0xa3, 0xb9, 0xff, 0x26, 0xba, 0xf3, 0xc8, 0xba, 0xa3, 0x09, 0xb3, 0x40, 0xc8, 0x9a, 0x1a, 0xc9, 0xa2, 0x0e, 
    0x00, 0x00, 0x00, 0x00, 0x78, 0x02, 0x00, 0x00, 0x00, 0xc7, 0x89, 0x09, 0xc8, 0x9a, 0x1a, 0xac, 0xb3, 0x0d, 0x67, 0xaa, 0x73, 0xc3, 0xb9, 0xff, 
    0xe4, 0xb9, 0xdc, 0xc9, 0xb2, 0x59, 0x2a, 0xc3, 0x95, 0x46, 0xba, 0xe8, 0xa3, 0xb9, 0xff, 0xa3, 0xb9, 0xfe, 0xa3, 0xb9, 0xff, 0xa3, 0xb9, 0xff, 
    0xa3, 0xb9, 0xff, 0xa3, 0xb9, 0xff, 0x83, 0xb9, 0xfe, 0x05, 0xc2, 0xfe, 0xa8, 0xc2, 0xf5, 0xc8, 0xaa, 0x52, 0x47, 0x82, 0x54, 0x88, 0x8a, 0x1f, 
    0x00, 0x00, 0x00, 0x00, 0x00, 0x01, 0x00, 0x00, 0x00, 0xe7, 0x7a, 0x08, 0x27, 0x7a, 0x12, 0xe0, 0xff, 0x01, 0xef, 0x7b, 0x02, 0x00, 0x00, 0x00, 
    0x25, 0x9a, 0x65, 0xa3, 0xa9, 0xff, 0xa3, 0xb1, 0xff, 0x25, 0x9a, 0x81, 0x00, 0x00, 0x00, 0xa0, 0xaa, 0x03, 0x00, 0x00, 0x00, 0x00, 0x00, 0x00, 
    0x00, 0x00, 0x00, 0x00, 0x00, 0x00, 0xaa, 0x8a, 0x09, 0xe7, 0x7b, 0x04, 0x26, 0x9b, 0x05, 0xea, 0xab, 0x06, 0xaa, 0x52, 0x03, 0x00, 0xf8, 0x01, 
    0x00, 0x00, 0x00, 0x00, 0x00, 0x00, 0x00, 0x00, 0x00, 0x00, 0x00, 0x00, 0x00, 0x00, 0x00, 0x00, 0x00, 0x00, 0x00, 0x00, 0x00, 0x00, 0x00, 0x00, 
    0x00, 0x00, 0x00, 0x00, 0xf8, 0x01, 0x8b, 0xbb, 0x0b, 0x67, 0xb2, 0xa3, 0xc4, 0xb9, 0xff, 0xa3, 0xb9, 0xfd, 0xa3, 0xb9, 0xff, 0xa3, 0xb9, 0xff, 
    0xa3, 0xb9, 0xff, 0xa3, 0xb9, 0xff, 0xc3, 0xb9, 0xff, 0x83, 0xb1, 0xfd, 0xa3, 0xb9, 0xff, 0x87, 0xb2, 0xc2, 0x0a, 0xab, 0x1f, 0x00, 0x50, 0x03, 
    0x00, 0x00, 0x00, 0x00, 0x00, 0x00, 0x00, 0x00, 0x00, 0x00, 0x00, 0x00, 0x00, 0x00, 0x00, 0x00, 0x00, 0x00, 0x00, 0x00, 0x00, 0x00, 0x00, 0x00, 
    0x00, 0x00, 0x00, 0x00, 0x00, 0x00, 0x00, 0x00, 0x00, 0x00, 0x00, 0x00, 0x00, 0x00, 0x00, 0x00, 0x00, 0x00, 0x00, 0x00, 0x00, 0x00, 0x00, 0x00, 
    0xff, 0xff, 0x1b, 0xff, 0xff, 0xeb, 0xff, 0xff, 0xff, 0xff, 0xff, 0xfe, 0xff, 0xff, 0xff, 0xff, 0xff, 0xff, 0xff, 0xff, 0xff, 0xff, 0xff, 0xfc, 
    0xff, 0xff, 0xff, 0xff, 0xff, 0x6e, 0x00, 0x00, 0x00, 0xff, 0xff, 0x04, 0x00, 0x00, 0x00, 0x00, 0x00, 0x00, 0x00, 0x00, 0x00, 0x00, 0x00, 0x00, 
    0x00, 0x00, 0x00, 0x00, 0x00, 0x00, 0x00, 0x00, 0x00, 0x00, 0x00, 0x00, 0x00, 0x00, 0x00, 0x00, 0x00, 0x00, 0x00, 0x00, 0x00, 0x00, 0x00, 0x00, 
    0x00, 0x00, 0x00, 0x00, 0x00, 0x00, 0x00, 0x00, 0x00, 0x00, 0x00, 0x00, 0x00, 0x00, 0x00, 0x00, 0x00, 0x00, 0x00, 0x00, 0x00, 0xff, 0xff, 0x04, 
    0x00, 0x00, 0x00, 0xff, 0xff, 0x6a, 0xff, 0xff, 0xff, 0xff, 0xff, 0xfc, 0xff, 0xff, 0xff, 0xff, 0xff, 0xff, 0xff, 0xff, 0xff, 0xff, 0xff, 0xfc, 
    0xff, 0xff, 0xff, 0xff, 0xff, 0x8e, 0x00, 0x00, 0x00, 0xff, 0xff, 0x03, 0x00, 0x00, 0x00, 0x00, 0x00, 0x00, 0x00, 0x00, 0x00, 0x00, 0x00, 0x00, 
    0x00, 0x00, 0x00, 0x00, 0x00, 0x00, 0x00, 0x00, 0x00, 0x00, 0x00, 0x00, 0xff, 0xff, 0x02, 0x00, 0x00, 0x00, 0xff, 0xff, 0x9d, 0xff, 0xff, 0xff, 
    0xff, 0xff, 0xfb, 0xff, 0xff, 0xff, 0xff, 0xff, 0xff, 0xff, 0xff, 0xff, 0xff, 0xff, 0xfb, 0xff, 0xff, 0xff, 0xff, 0xff, 0x98, 0x00, 0x00, 0x00, 
    0xff, 0xff, 0x06, 0xff, 0xff, 0x03, 0xff, 0xff, 0x03, 0xff, 0xff, 0x03, 0xff, 0xff, 0x03, 0xff, 0xff, 0x03, 0xff, 0xff, 0x03, 0xff, 0xff, 0x02, 
    0xff, 0xff, 0x02, 0xff, 0xff, 0x03, 0xff, 0xff, 0x04, 0xff, 0xff, 0x02, 0xff, 0xff, 0xbc, 0xff, 0xff, 0xff, 0xff, 0xff, 0xfc, 0xff, 0xff, 0xff, 
    0xff, 0xff, 0xff, 0xff, 0xff, 0xff, 0xff, 0xff, 0xfc, 0xff, 0xff, 0xff, 0xff, 0xff, 0xca, 0xff, 0xff, 0x03, 0xff, 0xff, 0x02, 0x00, 0x00, 0x00, 
    0x00, 0x00, 0x00, 0x00, 0x00, 0x00, 0x00, 0x00, 0x00, 0x00, 0x00, 0x00, 0x00, 0x00, 0x00, 0xff, 0xff, 0x03, 0x00, 0x00, 0x00, 0xff, 0xff, 0xa0, 
    0xff, 0xff, 0xff, 0xff, 0xff, 0xfc, 0xff, 0xff, 0xff, 0xff, 0xff, 0xff, 0xff, 0xff, 0xff, 0xff, 0xff, 0xfd, 0xff, 0xff, 0xff, 0xff, 0xff, 0xd2, 
    0x00, 0x00, 0x00, 0x00, 0x00, 0x00, 0x00, 0x00, 0x00, 0x00, 0x00, 0x00, 0x00, 0x00, 0x00, 0x00, 0x00, 0x00, 0x00, 0x00, 0x00, 0x00, 0x00, 0x00, 
    0x00, 0x00, 0x00, 0x00, 0x00, 0x00, 0x00, 0x00, 0x00, 0x00, 0x00, 0x00, 0x00, 0x00, 0x00, 0x00, 0x00, 0x00, 0x00, 0x00, 0x00, 0x00, 0x00, 0x00, 
    0x00, 0x00, 0x00, 0x00, 0x00, 0x00, 0x00, 0x00, 0x00, 0x00, 0x00, 0x00, 0x00, 0x00, 0x00, 0xff, 0xff, 0x01, 0x00, 0x00, 0x00, 0xff, 0xff, 0x04, 
    0xff, 0xff, 0xd1, 0xff, 0xff, 0xff, 0xff, 0xff, 0xfd, 0xff, 0xff, 0xff, 0xff, 0xff, 0xff, 0xff, 0xff, 0xfe, 0xff, 0xff, 0xff, 0xff, 0xff, 0xfb, 
    0xff, 0xff, 0x25, 0x00, 0x00, 0x00, 0xff, 0xff, 0x02, 0x00, 0x00, 0x00, 0x00, 0x00, 0x00, 0xff, 0xff, 0x04, 0x00, 0x00, 0x00, 0xff, 0xff, 0x69, 
    0xff, 0xff, 0xff, 0xff, 0xff, 0xfc, 0xff, 0xff, 0xff, 0xff, 0xff, 0xff, 0xff, 0xff, 0xff, 0xff, 0xff, 0xfe, 0xff, 0xff, 0xff, 0xff, 0xff, 0xfd, 
    0xff, 0xff, 0x2c, 0x00, 0x00, 0x00, 0xff, 0xff, 0x02, 0x00, 0x00, 0x00, 0x00, 0x00, 0x00, 0x00, 0x00, 0x00, 0x00, 0x00, 0x00, 0x00, 0x00, 0x00, 
    0x00, 0x00, 0x00, 0x00, 0x00, 0x00, 0x00, 0x00, 0x00, 0x00, 0x00, 0x00, 0x00, 0x00, 0x00, 0x00, 0x00, 0x00, 0x00, 0x00, 0x00, 0x00, 0x00, 0x00, 
    0x00, 0x00, 0x00, 0x00, 0x00, 0x00, 0x00, 0x00, 0x00, 0x00, 0x00, 0x00, 0x00, 0x00, 0x00, 0x00, 0x00, 0x00, 0xff, 0xff, 0x02, 0x00, 0x00, 0x00, 
    0xff, 0xff, 0xa4, 0xff, 0xff, 0xff, 0xff, 0xff, 0xfc, 0xff, 0xff, 0xff, 0xff, 0xff, 0xff, 0xff, 0xff, 0xff, 0xff, 0xff, 0xfd, 0xff, 0xff, 0xff, 
    0xff, 0xff, 0x49, 0x00, 0x00, 0x00, 0xff, 0xff, 0x03, 0x00, 0x00, 0x00, 0x00, 0x00, 0x00, 0x00, 0x00, 0x00, 0x00, 0x00, 0x00, 0x00, 0x00, 0x00, 
    0xff, 0xff, 0x04, 0x00, 0x00, 0x00, 0xff, 0xff, 0x8c, 0xff, 0xff, 0xff, 0xff, 0xff, 0xfc, 0xff, 0xff, 0xff, 0xff, 0xff, 0xff, 0xff, 0xff, 0xff, 
    0xff, 0xff, 0xfb, 0xff, 0xff, 0xff, 0xff, 0xff, 0x9d, 0x00, 0x00, 0x00, 0x79, 0xfe, 0x05, 0x00, 0x00, 0x00, 0x05, 0xa2, 0xad, 0x04, 0xc2, 0xff, 
    0xe5, 0xa9, 0xa4, 0x00, 0x00, 0x00, 0xa0, 0xaa, 0x03, 0x00, 0x00, 0x00, 0x00, 0x00, 0x00, 0x00, 0x00, 0x00, 0x0f, 0xf8, 0x02, 0xa9, 0x92, 0x15, 
    0xa8, 0x9a, 0x2d, 0x09, 0xb3, 0x4c, 0x26, 0xb2, 0xd2, 0xa3, 0xb1, 0xff, 0xa3, 0xb9, 0xfe, 0xa3, 0xb9, 0xff, 0xa3, 0xb9, 0xff, 0xa3, 0xb9, 0xff, 
    0xa3, 0xb9, 0xff, 0xa3, 0xb9, 0xff, 0xa4, 0xb9, 0xff, 0xa3, 0xb9, 0xff, 0xa3, 0xb9, 0xff, 0xa3, 0xb9, 0xff, 0xa3, 0xb9, 0xff, 0xa3, 0xb9, 0xff, 
    0xa3, 0xb9, 0xff, 0xc4, 0xb9, 0xff, 0x87, 0xc2, 0xf0, 0x4a, 0xcb, 0xe5, 0x2a, 0xc3, 0xa0, 0x2a, 0xc3, 0x74, 0xea, 0xb2, 0x85, 0xa8, 0xa2, 0x40, 
    0x89, 0x9a, 0x25, 0xa8, 0x9a, 0x3c, 0xa8, 0x9a, 0x1e, 0xe8, 0x92, 0x13, 0x49, 0x92, 0x07, 0xe8, 0xa2, 0x0b, 0x67, 0x8a, 0x10, 0x69, 0x8a, 0x0d, 
    0xe7, 0x9a, 0x08, 0x00, 0x00, 0x00, 0x00, 0x00, 0x00, 0xef, 0x7b, 0x02, 0xc9, 0x9a, 0x14, 0xe7, 0x99, 0x08, 0x47, 0x8a, 0x18, 0xa9, 0x9a, 0x23, 
    0xa9, 0xa2, 0x2a, 0x2b, 0xb3, 0x23, 0x87, 0xba, 0xa7, 0xc4, 0xb9, 0xff, 0xa3, 0xb9, 0xfd, 0x83, 0xb1, 0xff, 0xa3, 0xb9, 0xff, 0xa4, 0xb9, 0xff, 
    0xa4, 0xb9, 0xff, 0xa3, 0xb9, 0xff, 0xa3, 0xb9, 0xff, 0xa4, 0xb9, 0xff, 0xa3, 0xb9, 0xff, 0xa3, 0xb9, 0xff, 0xa3, 0xb9, 0xff, 0xa3, 0xb9, 0xff, 
    0xa3, 0xb9, 0xff, 0xa3, 0xb9, 0xff, 0xa3, 0xb9, 0xff, 0xa4, 0xb9, 0xff, 0xa3, 0xb9, 0xff, 0xa3, 0xb9, 0xff, 0xa4, 0xb9, 0xff, 0xa3, 0xb9, 0xff, 
    0xa3, 0xb9, 0xff, 0xa3, 0xb9, 0xff, 0xa4, 0xb9, 0xff, 0xa3, 0xb9, 0xff, 0xa3, 0xb9, 0xff, 0xa3, 0xb9, 0xff, 0x83, 0xb1, 0xfe, 0x82, 0xb1, 0xff, 
    0xe4, 0xb1, 0xff, 0x46, 0xb2, 0xd1, 0xc8, 0xba, 0x6a, 0xa9, 0xaa, 0x55, 0x67, 0x9a, 0x1d, 0x00, 0xf8, 0x01, 0xaa, 0xaa, 0x03, 0x00, 0x00, 0x00, 
    0x00, 0x00, 0x00, 0x00, 0x00, 0x00, 0x46, 0x9a, 0x43, 0xc3, 0xb1, 0xfd, 0xe4, 0xb1, 0xe3, 0xc8, 0xaa, 0x4e, 0x4b, 0xbb, 0x58, 0x87, 0xc2, 0xd8, 
    0xa3, 0xb9, 0xff, 0xa3, 0xb9, 0xfe, 0xa3, 0xb9, 0xff, 0xa3, 0xb9, 0xff, 0xa3, 0xb9, 0xff, 0xa3, 0xb9, 0xff, 0x82, 0xb1, 0xfe, 0xe4, 0xb9, 0xfe, 
    0xc8, 0xc2, 0xe2, 0xe9, 0xb2, 0x63, 0x88, 0x92, 0x3f, 0xa8, 0x8a, 0x12, 0xe7, 0x79, 0x04, 0x00, 0xf8, 0x01, 0x00, 0x00, 0x00, 0x67, 0x7a, 0x10, 
    0x47, 0x7a, 0x25, 0x00, 0x00, 0x00, 0xe7, 0x9a, 0x08, 0xc8, 0x92, 0x17, 0xa4, 0x99, 0xdd, 0x62, 0xb1, 0xfc, 0xa3, 0xb1, 0xff, 0x05, 0x9a, 0x8a, 
    0x00, 0x00, 0x00, 0x00, 0x50, 0x03, 0x00, 0x00, 0x00, 0x00, 0x00, 0x01, 0x69, 0x93, 0x07, 0xe9, 0x9a, 0x10, 0xea, 0xa2, 0x23, 0xc9, 0xa2, 0x2d, 
    0xc9, 0x9a, 0x25, 0xca, 0xa2, 0x1f, 0xea, 0xa2, 0x13, 0x1f, 0xf8, 0x01, 0xaa, 0xaa, 0x03, 0x2c, 0x9b, 0x05, 0xff, 0xff, 0x01, 0xaa, 0xaa, 0x03, 
    0xef, 0x7b, 0x02, 0x00, 0x00, 0x00, 0x00, 0x00, 0x00, 0x00, 0x00, 0x00, 0x00, 0xf8, 0x01, 0x00, 0x00, 0x01, 0x8e, 0xbb, 0x0b, 0x05, 0xaa, 0xc3, 
    0xc4, 0xb9, 0xff, 0xa3, 0xb9, 0xfd, 0xa3, 0xb9, 0xff, 0xa3, 0xb9, 0xff, 0xa3, 0xb9, 0xff, 0xa3, 0xb9, 0xff, 0xc4, 0xb9, 0xff, 0x83, 0xb1, 0xfd, 
    0x05, 0xc2, 0xfe, 0xe9, 0xc2, 0xc8, 0xe9, 0xaa, 0x3f, 0x86, 0x99, 0x05, 0x00, 0x00, 0x00, 0x00, 0x00, 0x00, 0x00, 0x00, 0x00, 0x00, 0x00, 0x00, 
    0x00, 0x00, 0x00, 0x00, 0x00, 0x00, 0x00, 0x00, 0x00, 0x00, 0x00, 0x00, 0x00, 0x00, 0x00, 0x00, 0x00, 0x00, 0x00, 0x00, 0x00, 0x00, 0x00, 0x00, 
    0x00, 0x00, 0x00, 0x00, 0x00, 0x00, 0x00, 0x00, 0x00, 0x00, 0x00, 0x00, 0xff, 0xff, 0x07, 0xff, 0xff, 0xd0, 0xff, 0xff, 0xff, 0xff, 0xff, 0xfd, 
    0xff, 0xff, 0xff, 0xff, 0xff, 0xff, 0xff, 0xff, 0xff, 0xff, 0xff, 0xfb, 0xff, 0xff, 0xff, 0xff, 0xff, 0x95, 0x00, 0x00, 0x00, 0xff, 0xff, 0x03, 
    0x00, 0x00, 0x00, 0x00, 0x00, 0x00, 0x00, 0x00, 0x00, 0x00, 0x00, 0x00, 0x00, 0x00, 0x00, 0x00, 0x00, 0x00, 0x00, 0x00, 0x00, 0x00, 0x00, 0x00, 
    0x00, 0x00, 0x00, 0x00, 0x00, 0x00, 0x00, 0x00, 0x00, 0x00, 0x00, 0x00, 0x00, 0x00, 0x00, 0x00, 0x00, 0x00, 0x00, 0x00, 0x00, 0x00, 0x00, 0x00, 
    0x00, 0x00, 0x00, 0x00, 0x00, 0x00, 0x00, 0x00, 0x00, 0xff, 0xff, 0x04, 0x00, 0x00, 0x00, 0xff, 0xff, 0x6a, 0xff, 0xff, 0xff, 0xff, 0xff, 0xfc, 
    0xff, 0xff, 0xff, 0xff, 0xff, 0xff, 0xff, 0xff, 0xff, 0xff, 0xff, 0xfc, 0xff, 0xff, 0xff, 0xff, 0xff, 0x8e, 0x00, 0x00, 0x00, 0xff, 0xff, 0x03, 
    0x00, 0x00, 0x00, 0x00, 0x00, 0x00, 0x00, 0x00, 0x00, 0x00, 0x00, 0x00, 0x00, 0x00, 0x00, 0x00, 0x00, 0x00, 0x00, 0x00, 0x00, 0xff, 0xff, 0x02, 
    0x00, 0x00, 0x00, 0xff, 0xff, 0x21, 0xff, 0xff, 0xf3, 0xff, 0xff, 0xfe, 0xff, 0xff, 0xfe, 0xff, 0xff, 0xff, 0xff, 0xff, 0xff, 0xff, 0xff, 0xfe, 
    0xff, 0xff, 0xfe, 0xff, 0xff, 0xf5, 0xff, 0xff, 0x25, 0x00, 0x00, 0x00, 0x00, 0x00, 0x00, 0x00, 0x00, 0x00, 0x00, 0x00, 0x00, 0x00, 0x00, 0x00, 
    0x00, 0x00, 0x00, 0x00, 0x00, 0x00, 0x00, 0x00, 0x00, 0x00, 0x00, 0x00, 0x00, 0x00, 0x00, 0x00, 0x00, 0x00, 0x00, 0x00, 0x00, 0x00, 0x00, 0x00, 
    0xff, 0xff, 0x3d, 0xff, 0xff, 0xfb, 0xff, 0xff, 0xfd, 0xff, 0xff, 0xfe, 0xff, 0xff, 0xff, 0xff, 0xff, 0xff, 0xff, 0xff, 0xff, 0xff, 0xff, 0xfd, 
    0xff, 0xff, 0xff, 0xff, 0xff, 0x46, 0x00, 0x00, 0x00, 0xff, 0xff, 0x03, 0x00, 0x00, 0x00, 0x00, 0x00, 0x00, 0x00, 0x00, 0x00, 0x00, 0x00, 0x00, 
    0x00, 0x00, 0x00, 0xff, 0xff, 0x03, 0x00, 0x00, 0x00, 0xff, 0xff, 0x7a, 0xff, 0xff, 0xff, 0xff, 0xff, 0xfb, 0xff, 0xff, 0xff, 0xff, 0xff, 0xff, 
    0xff, 0xff, 0xff, 0xff, 0xff, 0xfe, 0xff, 0xff, 0xff, 0xff, 0xff, 0xed, 0xff, 0xff, 0x18, 0x00, 0x00, 0x00, 0xff, 0xff, 0x02, 0x00, 0x00, 0x00, 
    0x00, 0x00, 0x00, 0x00, 0x00, 0x00, 0x00, 0x00, 0x00, 0x00, 0x00, 0x00, 0x00, 0x00, 0x00, 0x00, 0x00, 0x00, 0x00, 0x00, 0x00, 0x00, 0x00, 0x00, 
    0x00, 0x00, 0x00, 0x00, 0x00, 0x00, 0x00, 0x00, 0x00, 0x00, 0x00, 0x00, 0x00, 0x00, 0x00, 0x00, 0x00, 0x00, 0x00, 0x00, 0x00, 0x00, 0x00, 0x00, 
    0x00, 0x00, 0x00, 0xff, 0xff, 0x01, 0x00, 0x00, 0x00, 0xff, 0xff, 0x04, 0xff, 0xff, 0xd2, 0xff, 0xff, 0xff, 0xff, 0xff, 0xfd, 0xff, 0xff, 0xff, 
    0xff, 0xff, 0xff, 0xff, 0xff, 0xfe, 0xff, 0xff, 0xff, 0xff, 0xff, 0xfb, 0xff, 0xff, 0x25, 0x00, 0x00, 0x00, 0xff, 0xff, 0x02, 0x00, 0x00, 0x00, 
    0x00, 0x00, 0x00, 0xff, 0xff, 0x03, 0x00, 0x00, 0x00, 0xff, 0xff, 0x4e, 0xff, 0xff, 0xff, 0xff, 0xff, 0xfe, 0xff, 0xff, 0xff, 0xff, 0xff, 0xff, 
    0xff, 0xff, 0xff, 0xff, 0xff, 0xff, 0xff, 0xff, 0xfc, 0xff, 0xff, 0xff, 0xff, 0xff, 0x57, 0xff, 0xff, 0x01, 0xff, 0xff, 0x03, 0x00, 0x00, 0x00, 
    0x00, 0x00, 0x00, 0x00, 0x00, 0x00, 0x00, 0x00, 0x00, 0x00, 0x00, 0x00, 0x00, 0x00, 0x00, 0x00, 0x00, 0x00, 0x00, 0x00, 0x00, 0x00, 0x00, 0x00, 
    0x00, 0x00, 0x00, 0x00, 0x00, 0x00, 0x00, 0x00, 0x00, 0x00, 0x00, 0x00, 0x00, 0x00, 0x00, 0x00, 0x00, 0x00, 0x00, 0x00, 0x00, 0x00, 0x00, 0x00, 
    0x00, 0x00, 0x00, 0x00, 0x00, 0x00, 0xff, 0xff, 0x02, 0x00, 0x00, 0x00, 0xff, 0xff, 0xa5, 0xff, 0xff, 0xff, 0xff, 0xff, 0xfc, 0xff, 0xff, 0xff, 
    0xff, 0xff, 0xff, 0xff, 0xff, 0xff, 0xff, 0xff, 0xfd, 0xff, 0xff, 0xff, 0xff, 0xff, 0x4a, 0x00, 0x00, 0x00, 0xff, 0xff, 0x03, 0x00, 0x00, 0x00, 
    0x00, 0x00, 0x00, 0x00, 0x00, 0x00, 0x00, 0x00, 0x00, 0x00, 0x00, 0x00, 0xff, 0xff, 0x04, 0x00, 0x00, 0x00, 0xff, 0xff, 0x8c, 0xff, 0xff, 0xff, 
    0xff, 0xff, 0xfc, 0xff, 0xff, 0xff, 0xff, 0xff, 0xff, 0xff, 0xff, 0xff, 0xff, 0xff, 0xfb, 0xff, 0xff, 0xff, 0xff, 0xff, 0x9e, 0x00, 0x00, 0x00, 
    0x79, 0xfe, 0x05, 0x00, 0x00, 0x00, 0xe4, 0xa1, 0xbb, 0xe4, 0xc1, 0xff, 0x05, 0xaa, 0x98, 0x00, 0x00, 0x00, 0xa0, 0xaa, 0x03, 0x00, 0x00, 0x00, 
    0x00, 0x00, 0x00, 0xe0, 0xfb, 0x02, 0x2c, 0x9b, 0x05, 0x88, 0x92, 0x25, 0x88, 0x92, 0x3f, 0xe9, 0xaa, 0x34, 0x09, 0xbb, 0x99, 0x25, 0xba, 0xfd, 
    0x82, 0xb1, 0xfe, 0xa3, 0xb9, 0xfe, 0xa3, 0xb9, 0xff, 0xa3, 0xb9, 0xff, 0xa3, 0xb9, 0xff, 0xa3, 0xb9, 0xff, 0xa3, 0xb9, 0xff, 0xa3, 0xb9, 0xff, 
    0xa3, 0xb9, 0xff, 0xa3, 0xb9, 0xff, 0xa3, 0xb9, 0xff, 0xa3, 0xb9, 0xff, 0xa3, 0xb9, 0xfe, 0x05, 0xba, 0xfe, 0x29, 0xcb, 0xdc, 0x2a, 0xc3, 0x93, 
    0xe9, 0xaa, 0x5c, 0xc8, 0xa2, 0x34, 0xa8, 0x9a, 0x39, 0xa9, 0x9a, 0x2d, 0xc9, 0xa2, 0x0e, 0xa7, 0x92, 0x18, 0xa7, 0x8a, 0x09, 0xe7, 0x79, 0x04, 
    0x66, 0x7a, 0x0a, 0xa7, 0x8a, 0x09, 0x00, 0x00, 0x00, 0x00, 0x00, 0x00, 0x00, 0x00, 0x00, 0x00, 0x00, 0x00, 0x00, 0x00, 0x00, 0x00, 0x00, 0x00, 
    0x00, 0x00, 0x00, 0x47, 0x82, 0x11, 0x68, 0x82, 0x42, 0xa7, 0x92, 0x0c, 0x89, 0xa2, 0x1c, 0xc9, 0xba, 0x6a, 0x05, 0xb2, 0xe7, 0xa3, 0xb9, 0xff, 
    0xa3, 0xb9, 0xfe, 0xa3, 0xb9, 0xff, 0xa3, 0xb9, 0xff, 0xa3, 0xb9, 0xff, 0xa4, 0xb9, 0xff, 0xa3, 0xb9, 0xff, 0xa3, 0xb9, 0xff, 0xa3, 0xb9, 0xff, 
    0xa3, 0xb9, 0xff, 0xa3, 0xb9, 0xff, 0xa3, 0xb9, 0xff, 0xa3, 0xb9, 0xff, 0xa4, 0xb9, 0xff, 0xc4, 0xb9, 0xff, 0xe4, 0xb9, 0xff, 0xa3, 0xb9, 0xff, 
    0x83, 0xb9, 0xff, 0x83, 0xb9, 0xfe, 0x83, 0xb9, 0xff, 0xa3, 0xb9, 0xff, 0xa3, 0xb9, 0xff, 0xa3, 0xb9, 0xff, 0xa3, 0xb9, 0xff, 0xa3, 0xb9, 0xff, 
    0xa3, 0xb9, 0xff, 0xa3, 0xb9, 0xff, 0x83, 0xb1, 0xff, 0x83, 0xb1, 0xfe, 0xa3, 0xb9, 0xfe, 0xc3, 0xb9, 0xff, 0x25, 0xba, 0xf2, 0xe9, 0xc2, 0xc9, 
    0x09, 0xb3, 0x76, 0xa9, 0xa2, 0x1d, 0x00, 0x00, 0x00, 0x00, 0xf8, 0x01, 0xa0, 0xaa, 0x03, 0x00, 0x00, 0x01, 0x88, 0x9a, 0x25, 0xa3, 0xa9, 0xfe, 
    0xc3, 0xa9, 0xf5, 0x88, 0xa2, 0x25, 0x2b, 0xbb, 0x54, 0xa7, 0xba, 0xdd, 0xa3, 0xb9, 0xff, 0xa3, 0xb9, 0xfe, 0xa3, 0xb9, 0xff, 0xa3, 0xb9, 0xff, 
    0xa3, 0xb9, 0xff, 0xa3, 0xb9, 0xff, 0x83, 0xb9, 0xfe, 0xe4, 0xb9, 0xff, 0xa8, 0xc2, 0xf2, 0xc9, 0xb2, 0x7b, 0xa9, 0xa2, 0x46, 0xa8, 0x9a, 0x3d, 
    0xe7, 0x9a, 0x08, 0x00, 0xf8, 0x01, 0x00, 0x00, 0x00, 0x00, 0x00, 0x00, 0x00, 0x00, 0x00, 0xe7, 0x79, 0x04, 0xe0, 0xff, 0x01, 0x67, 0x92, 0x2a, 
    0xa4, 0x91, 0xeb, 0xa3, 0xa9, 0xff, 0xa4, 0x99, 0xdb, 0x47, 0x9a, 0x2d, 0x00, 0x00, 0x00, 0xe7, 0x79, 0x04, 0xef, 0xfb, 0x02, 0x00, 0xf8, 0x01, 
    0xca, 0xa2, 0x1f, 0xe9, 0xa2, 0x24, 0xc9, 0xa2, 0x37, 0xc9, 0xa2, 0x53, 0xc9, 0xa2, 0x2b, 0xa9, 0x9a, 0x15, 0xc9, 0xa2, 0x25, 0xa9, 0xa2, 0x1b, 
    0xc9, 0xa2, 0x1a, 0xc9, 0xa2, 0x2d, 0xa9, 0xa2, 0x1b, 0xaa, 0xaa, 0x09, 0x8a, 0xa2, 0x19, 0x00, 0x00, 0x00, 0x00, 0x00, 0x00, 0x00, 0x00, 0x00, 
    0x00, 0x00, 0x01, 0x00, 0xf8, 0x01, 0x4c, 0xbb, 0x1a, 0x46, 0xba, 0xc3, 0xc3, 0xb9, 0xff, 0xa3, 0xb9, 0xfd, 0xa3, 0xb9, 0xff, 0xa3, 0xb9, 0xff, 
    0xa3, 0xb9, 0xff, 0xc3, 0xb9, 0xff, 0xc3, 0xb9, 0xff, 0x83, 0xb1, 0xfe, 0x05, 0xba, 0xff, 0xe9, 0xc2, 0xab, 0xc8, 0xa2, 0x1f, 0x00, 0x78, 0x02, 
    0x00, 0x00, 0x00, 0x00, 0x00, 0x00, 0x00, 0x00, 0x00, 0x00, 0x00, 0x00, 0x00, 0x00, 0x00, 0x00, 0x00, 0x00, 0x00, 0x00, 0x00, 0x00, 0x00, 0x00, 
    0x00, 0x00, 0x00, 0x00, 0x00, 0x00, 0x00, 0x00, 0x00, 0x00, 0x00, 0x00, 0x00, 0x00, 0x00, 0x00, 0x00, 0x00, 0x00, 0x00, 0x00, 0x00, 0x00, 0x00, 
    0x00, 0x00, 0x00, 0xff, 0xff, 0xb0, 0xff, 0xff, 0xff, 0xff, 0xff, 0xfc, 0xff, 0xff, 0xff, 0xff, 0xff, 0xff, 0xff, 0xff, 0xff, 0xff, 0xff, 0xfd, 
    0xff, 0xff, 0xff, 0xff, 0xff, 0xd1, 0xff, 0xff, 0x04, 0x00, 0x00, 0x00, 0x00, 0x00, 0x00, 0x00, 0x00, 0x00, 0x00, 0x00, 0x00, 0x00, 0x00, 0x00, 
    0x00, 0x00, 0x00, 0x00, 0x00, 0x00, 0x00, 0x00, 0x00, 0x00, 0x00, 0x00, 0x00, 0x00, 0x00, 0x00, 0x00, 0x00, 0x00, 0x00, 0x00, 0x00, 0x00, 0x00, 
    0x00, 0x00, 0x00, 0x00, 0x00, 0x00, 0x00, 0x00, 0x00, 0x00, 0x00, 0x00, 0x00, 0x00, 0x00, 0x00, 0x00, 0x00, 0x00, 0x00, 0x00, 0xff, 0xff, 0x04, 
    0x00, 0x00, 0x00, 0xff, 0xff, 0x6a, 0xff, 0xff, 0xff, 0xff, 0xff, 0xfc, 0xff, 0xff, 0xff, 0xff, 0xff, 0xff, 0xff, 0xff, 0xff, 0xff, 0xff, 0xfc, 
    0xff, 0xff, 0xff, 0xff, 0xff, 0x8f, 0x00, 0x00, 0x00, 0xff, 0xff, 0x03, 0x00, 0x00, 0x00, 0x00, 0x00, 0x00, 0x00, 0x00, 0x00, 0x00, 0x00, 0x00, 
    0x00, 0x00, 0x00, 0x00, 0x00, 0x00, 0x00, 0x00, 0x00, 0xff, 0xff, 0x03, 0x00, 0x00, 0x00, 0xff, 0xff, 0x83, 0xff, 0xff, 0xff, 0xff, 0xff, 0xfc, 
    0xff, 0xff, 0xff, 0xff, 0xff, 0xff, 0xff, 0xff, 0xff, 0xff, 0xff, 0xfd, 0xff, 0xff, 0xff, 0xff, 0xff, 0xca, 0xff, 0xff, 0x30, 0xff, 0xff, 0x38, 
    0xff, 0xff, 0x37, 0xff, 0xff, 0x37, 0xff, 0xff, 0x37, 0xff, 0xff, 0x37, 0xff, 0xff, 0x37, 0xff, 0xff, 0x37, 0xff, 0xff, 0x37, 0xff, 0xff, 0x36, 
    0xff, 0xff, 0x36, 0xff, 0xff, 0x36, 0xff, 0xff, 0x36, 0xff, 0xff, 0x38, 0xff, 0xff, 0x37, 0xff, 0xff, 0xd6, 0xff, 0xff, 0xff, 0xff, 0xff, 0xfd, 
    0xff, 0xff, 0xff, 0xff, 0xff, 0xff, 0xff, 0xff, 0xff, 0xff, 0xff, 0xfb, 0xff, 0xff, 0xff, 0xff, 0xff, 0xb2, 0x00, 0x00, 0x00, 0xff, 0xff, 0x02, 
    0x00, 0x00, 0x00, 0x00, 0x00, 0x00, 0x00, 0x00, 0x00, 0x00, 0x00, 0x00, 0x00, 0x00, 0x00, 0xff, 0xff, 0x03, 0x00, 0x00, 0x00, 0xff, 0xff, 0x53, 
    0xff, 0xff, 0xff, 0xff, 0xff, 0xfc, 0xff, 0xff, 0xff, 0xff, 0xff, 0xff, 0xff, 0xff, 0xff, 0xff, 0xff, 0xff, 0xff, 0xff, 0xfd, 0xff, 0xff, 0xff, 
    0xff, 0xff, 0x4f, 0xff, 0xff, 0x01, 0xff, 0xff, 0x04, 0x00, 0x00, 0x00, 0x00, 0x00, 0x00, 0x00, 0x00, 0x00, 0x00, 0x00, 0x00, 0x00, 0x00, 0x00, 
    0x00, 0x00, 0x00, 0x00, 0x00, 0x00, 0x00, 0x00, 0x00, 0x00, 0x00, 0x00, 0x00, 0x00, 0x00, 0x00, 0x00, 0x00, 0x00, 0x00, 0x00, 0x00, 0x00, 0x00, 
    0x00, 0x00, 0x00, 0x00, 0x00, 0x00, 0x00, 0x00, 0x00, 0x00, 0x00, 0x00, 0x00, 0x00, 0x00, 0xff, 0xff, 0x01, 0x00, 0x00, 0x00, 0xff, 0xff, 0x05, 
    0xff, 0xff, 0xd2, 0xff, 0xff, 0xff, 0xff, 0xff, 0xfd, 0xff, 0xff, 0xff, 0xff, 0xff, 0xff, 0xff, 0xff, 0xfe, 0xff, 0xff, 0xff, 0xff, 0xff, 0xfb, 
    0xff, 0xff, 0x25, 0x00, 0x00, 0x00, 0xff, 0xff, 0x02, 0x00, 0x00, 0x00, 0x00, 0x00, 0x00, 0xff, 0xff, 0x02, 0x00, 0x00, 0x00, 0xff, 0xff, 0x23, 
    0xff, 0xff, 0xf9, 0xff, 0xff, 0xff, 0xff, 0xff, 0xfe, 0xff, 0xff, 0xff, 0xff, 0xff, 0xff, 0xff, 0xff, 0xff, 0xff, 0xff, 0xfb, 0xff, 0xff, 0xff, 
    0xff, 0xff, 0x9a, 0x00, 0x00, 0x00, 0xff, 0xff, 0x03, 0x00, 0x00, 0x00, 0x00, 0x00, 0x00, 0x00, 0x00, 0x00, 0x00, 0x00, 0x00, 0x00, 0x00, 0x00, 
    0x00, 0x00, 0x00, 0x00, 0x00, 0x00, 0x00, 0x00, 0x00, 0x00, 0x00, 0x00, 0x00, 0x00, 0x00, 0x00, 0x00, 0x00, 0x00, 0x00, 0x00, 0x00, 0x00, 0x00, 
    0x00, 0x00, 0x00, 0x00, 0x00, 0x00, 0x00, 0x00, 0x00, 0x00, 0x00, 0x00, 0x00, 0x00, 0x00, 0x00, 0x00, 0x00, 0xff, 0xff, 0x02, 0x00, 0x00, 0x00, 
    0xff, 0xff, 0xa5, 0xff, 0xff, 0xff, 0xff, 0xff, 0xfc, 0xff, 0xff, 0xff, 0xff, 0xff, 0xff, 0xff, 0xff, 0xff, 0xff, 0xff, 0xfd, 0xff, 0xff, 0xff, 
    0xff, 0xff, 0x4a, 0x00, 0x00, 0x00, 0xff, 0xff, 0x03, 0x00, 0x00, 0x00, 0x00, 0x00, 0x00, 0x00, 0x00, 0x00, 0x00, 0x00, 0x00, 0x00, 0x00, 0x00, 
    0xff, 0xff, 0x04, 0x00, 0x00, 0x00, 0xff, 0xff, 0x8c, 0xff, 0xff, 0xff, 0xff, 0xff, 0xfc, 0xff, 0xff, 0xff, 0xff, 0xff, 0xff, 0xff, 0xff, 0xff, 
    0xff, 0xff, 0xfb, 0xff, 0xff, 0xff, 0xff, 0xff, 0x9e, 0x00, 0x00, 0x00, 0xff, 0xff, 0x03, 0xff, 0x07, 0x01, 0xc4, 0xa1, 0xca, 0xe4, 0xb9, 0xff, 
    0xe5, 0xa9, 0x99, 0x00, 0x00, 0x00, 0xa0, 0xaa, 0x03, 0x00, 0x00, 0x00, 0x00, 0x00, 0x00, 0x00, 0x00, 0x00, 0x00, 0xf8, 0x01, 0xa7, 0xaa, 0x09, 
    0xa8, 0x9a, 0x0f, 0xa9, 0xa2, 0x41, 0x0a, 0xbb, 0x8c, 0xe8, 0xc2, 0xe2, 0x45, 0xba, 0xfe, 0xa3, 0xb1, 0xfd, 0x83, 0xb1, 0xff, 0xa3, 0xb9, 0xff, 
    0xa3, 0xb9, 0xff, 0xa3, 0xb9, 0xff, 0xa3, 0xb9, 0xff, 0xa3, 0xb9, 0xff, 0xa3, 0xb9, 0xff, 0xa3, 0xb9, 0xff, 0xa3, 0xb9, 0xff, 0xa3, 0xb9, 0xff, 
    0xa3, 0xb1, 0xff, 0x46, 0xba, 0xfe, 0x4a, 0xcb, 0xd8, 0xe9, 0xb2, 0x78, 0xc9, 0xa2, 0x2b, 0xe8, 0x9a, 0x20, 0x00, 0x00, 0x00, 0xaa, 0x8a, 0x0f, 
    0x2c, 0xcb, 0x05, 0x00, 0x00, 0x00, 0xe0, 0x03, 0x02, 0x00, 0x00, 0x00, 0xe5, 0x71, 0x73, 0xe5, 0x71, 0x60, 0x00, 0x00, 0x00, 0xa0, 0x52, 0x03, 
    0x00, 0x00, 0x00, 0x00, 0x00, 0x00, 0x00, 0x00, 0x00, 0x00, 0x00, 0x00, 0x00, 0x00, 0x00, 0x00, 0x00, 0x00, 0xef, 0xfb, 0x02, 0x87, 0xa2, 0x19, 
    0xe9, 0xba, 0x38, 0x25, 0xaa, 0xce, 0xc4, 0xb9, 0xff, 0xa3, 0xb9, 0xfd, 0xa3, 0xb9, 0xff, 0xa3, 0xb9, 0xff, 0xa3, 0xb9, 0xff, 0xa3, 0xb9, 0xff, 
    0xa3, 0xb9, 0xff, 0xa3, 0xb9, 0xff, 0xa3, 0xb9, 0xff, 0xa3, 0xb9, 0xff, 0xa3, 0xb9, 0xff, 0xa3, 0xb9, 0xff, 0xa3, 0xb9, 0xff, 0xa3, 0xb9, 0xff, 
    0xa3, 0xb9, 0xff, 0xc4, 0xb9, 0xff, 0xc8, 0xca, 0xfe, 0xa7, 0xca, 0xf2, 0xc4, 0xb1, 0xff, 0x82, 0xb1, 0xff, 0x83, 0xb9, 0xfe, 0xa3, 0xb9, 0xfe, 
    0xa3, 0xb9, 0xff, 0xa3, 0xb9, 0xff, 0xa3, 0xb9, 0xff, 0xa3, 0xb9, 0xff, 0xa3, 0xb9, 0xff, 0xa3, 0xb9, 0xff, 0xa3, 0xb9, 0xff, 0xa3, 0xb9, 0xff, 
    0xa3, 0xb9, 0xff, 0xa3, 0xb9, 0xfd, 0xa3, 0xb9, 0xff, 0x05, 0xba, 0xf7, 0x87, 0xc2, 0xd5, 0xe9, 0xba, 0x8c, 0xc8, 0xaa, 0x32, 0x67, 0x8a, 0x10, 
    0x00, 0x00, 0x00, 0x00, 0x00, 0x00, 0x49, 0xa2, 0x0e, 0xe4, 0x99, 0xc8, 0x04, 0x9a, 0xb0, 0x69, 0x9a, 0x0a, 0xe9, 0xb2, 0x40, 0xa8, 0xc2, 0xe1, 
    0xc3, 0xb9, 0xff, 0xa3, 0xb9, 0xfe, 0xa3, 0xb9, 0xff, 0xa3, 0xb9, 0xff, 0xa3, 0xb9, 0xff, 0xa3, 0xb9, 0xff, 0x83, 0xb1, 0xff, 0x05, 0xba, 0xff, 
    0xe8, 0xca, 0xf2, 0xe9, 0xba, 0x7f, 0xa9, 0xa2, 0x70, 0xc9, 0x9a, 0x45, 0x69, 0x93, 0x07, 0x00, 0x00, 0x00, 0x00, 0x00, 0x00, 0x00, 0x00, 0x01, 
    0x00, 0x00, 0x00, 0x00, 0x00, 0x00, 0x06, 0x8a, 0x3e, 0xe5, 0x81, 0xa6, 0x86, 0xa2, 0x29, 0x46, 0xa2, 0x4f, 0xc8, 0x9a, 0x1a, 0x00, 0x00, 0x00, 
    0x00, 0xf8, 0x01, 0xaa, 0xaa, 0x09, 0x29, 0x9b, 0x0a, 0xc9, 0xa2, 0x14, 0xea, 0xa2, 0x13, 0xc9, 0xa2, 0x3b, 0xc9, 0xaa, 0x54, 0xc8, 0xb2, 0xa6, 
    0xc9, 0xb2, 0x88, 0xea, 0xba, 0x5b, 0xea, 0xb2, 0x78, 0x2a, 0xbb, 0x5c, 0xe9, 0xb2, 0x77, 0x0a, 0xbb, 0x89, 0xe9, 0xb2, 0x65, 0xc9, 0xa2, 0x3f, 
    0xe9, 0xa2, 0x2c, 0xa9, 0xa2, 0x1d, 0x29, 0x9b, 0x0a, 0x49, 0x92, 0x07, 0xef, 0xfb, 0x02, 0x00, 0xf8, 0x01, 0x4b, 0xb3, 0x18, 0x46, 0xb2, 0xc9, 
    0xc3, 0xb9, 0xfe, 0xa3, 0xb9, 0xfd, 0xa3, 0xb9, 0xff, 0xa3, 0xb9, 0xff, 0xa3, 0xb9, 0xff, 0xa3, 0xb9, 0xff, 0xc3, 0xb9, 0xfe, 0xa3, 0xb1, 0xfe, 
    0x87, 0xba, 0xf2, 0x09, 0xbb, 0x5e, 0x00, 0x00, 0x00, 0x00, 0xf8, 0x01, 0x00, 0x00, 0x00, 0x00, 0x00, 0x00, 0x00, 0x00, 0x00, 0x00, 0x00, 0x00, 
    0x00, 0x00, 0x00, 0x00, 0x00, 0x00, 0x00, 0x00, 0x00, 0x00, 0x00, 0x00, 0x00, 0x00, 0x00, 0x00, 0x00, 0x00, 0x00, 0x00, 0x00, 0x00, 0x00, 0x00, 
    0x00, 0x00, 0x00, 0x00, 0x00, 0x00, 0x00, 0x00, 0x00, 0x00, 0x00, 0x00, 0x00, 0x00, 0x00, 0xff, 0xff, 0x7a, 0xff, 0xff, 0xff, 0xff, 0xff, 0xfc, 
    0xff, 0xff, 0xff, 0xff, 0xff, 0xff, 0xff, 0xff, 0xff, 0xff, 0xff, 0xfe, 0xff, 0xff, 0xfe, 0xff, 0xff, 0xfe, 0xff, 0xff, 0x37, 0xff, 0xff, 0x01, 
    0xff, 0xff, 0x03, 0x00, 0x00, 0x00, 0x00, 0x00, 0x00, 0x00, 0x00, 0x00, 0x00, 0x00, 0x00, 0x00, 0x00, 0x00, 0x00, 0x00, 0x00, 0x00, 0x00, 0x00, 
    0x00, 0x00, 0x00, 0x00, 0x00, 0x00, 0x00, 0x00, 0x00, 0x00, 0x00, 0x00, 0x00, 0x00, 0x00, 0x00, 0x00, 0x00, 0x00, 0x00, 0x00, 0x00, 0x00, 0x00, 
    0x00, 0x00, 0x00, 0x00, 0x00, 0x00, 0x00, 0x00, 0x00, 0xff, 0xff, 0x04, 0x00, 0x00, 0x00, 0xff, 0xff, 0x6a, 0xff, 0xff, 0xff, 0xff, 0xff, 0xfc, 
    0xff, 0xff, 0xff, 0xff, 0xff, 0xff, 0xff, 0xff, 0xff, 0xff, 0xff, 0xfc, 0xff, 0xff, 0xff, 0xff, 0xff, 0x8f, 0x00, 0x00, 0x00, 0xff, 0xff, 0x03, 
    0x00, 0x00, 0x00, 0x00, 0x00, 0x00, 0x00, 0x00, 0x00, 0x00, 0x00, 0x00, 0x00, 0x00, 0x00, 0x00, 0x00, 0x00, 0xff, 0xff, 0x01, 0x00, 0x00, 0x00, 
    0xff, 0xff, 0x0e, 0xff, 0xff, 0xe2, 0xff, 0xff, 0xfe, 0xff, 0xff, 0xfd, 0xff, 0xff, 0xff, 0xff, 0xff, 0xff, 0xff, 0xff, 0xff, 0xff, 0xff, 0xff, 
    0xff, 0xff, 0xff, 0xff, 0xff, 0xfd, 0xff, 0xff, 0xff, 0xff, 0xff, 0xff, 0xff, 0xff, 0xff, 0xff, 0xff, 0xff, 0xff, 0xff, 0xff, 0xff, 0xff, 0xff, 
    0xff, 0xff, 0xff, 0xff, 0xff, 0xff, 0xff, 0xff, 0xff, 0xff, 0xff, 0xff, 0xff, 0xff, 0xff, 0xff, 0xff, 0xff, 0xff, 0xff, 0xff, 0xff, 0xff, 0xff, 
    0xff, 0xff, 0xff, 0xff, 0xff, 0xfd, 0xff, 0xff, 0xff, 0xff, 0xff, 0xff, 0xff, 0xff, 0xff, 0xff, 0xff, 0xff, 0xff, 0xff, 0xff, 0xff, 0xff, 0xfe, 
    0xff, 0xff, 0xfe, 0xff, 0xff, 0xf9, 0xff, 0xff, 0x2b, 0xff, 0xff, 0x01, 0xff, 0xff, 0x02, 0x00, 0x00, 0x00, 0x00, 0x00, 0x00, 0x00, 0x00, 0x00, 
    0x00, 0x00, 0x00, 0xff, 0xff, 0x02, 0x00, 0x00, 0x00, 0xff, 0xff, 0x29, 0xff, 0xff, 0xf7, 0xff, 0xff, 0xff, 0xff, 0xff, 0xfe, 0xff, 0xff, 0xff, 
    0xff, 0xff, 0xff, 0xff, 0xff, 0xff, 0xff, 0xff, 0xfb, 0xff, 0xff, 0xff, 0xff, 0xff, 0xa1, 0x00, 0x00, 0x00, 0xff, 0xff, 0x03, 0x00, 0x00, 0x00, 
    0x00, 0x00, 0x00, 0x00, 0x00, 0x00, 0x00, 0x00, 0x00, 0x00, 0x00, 0x00, 0x00, 0x00, 0x00, 0x00, 0x00, 0x00, 0x00, 0x00, 0x00, 0x00, 0x00, 0x00, 
    0x00, 0x00, 0x00, 0x00, 0x00, 0x00, 0x00, 0x00, 0x00, 0x00, 0x00, 0x00, 0x00, 0x00, 0x00, 0x00, 0x00, 0x00, 0x00, 0x00, 0x00, 0x00, 0x00, 0x00, 
    0x00, 0x00, 0x00, 0xff, 0xff, 0x01, 0x00, 0x00, 0x00, 0xff, 0xff, 0x05, 0xff, 0xff, 0xd3, 0xff, 0xff, 0xff, 0xff, 0xff, 0xfd, 0xff, 0xff, 0xff, 
    0xff, 0xff, 0xff, 0xff, 0xff, 0xfe, 0xff, 0xff, 0xff, 0xff, 0xff, 0xfc, 0xff, 0xff, 0x26, 0x00, 0x00, 0x00, 0xff, 0xff, 0x02, 0x00, 0x00, 0x00, 
    0x00, 0x00, 0x00, 0xff, 0xff, 0x01, 0x00, 0x00, 0x00, 0xff, 0xff, 0x06, 0xff, 0xff, 0xd0, 0xff, 0xff, 0xff, 0xff, 0xff, 0xfd, 0xff, 0xff, 0xff, 
    0xff, 0xff, 0xff, 0xff, 0xff, 0xff, 0xff, 0xff, 0xfd, 0xff, 0xff, 0xff, 0xff, 0xff, 0xe2, 0xff, 0xff, 0x0c, 0xff, 0xff, 0x01, 0xff, 0xff, 0x01, 
    0x00, 0x00, 0x00, 0x00, 0x00, 0x00, 0x00, 0x00, 0x00, 0x00, 0x00, 0x00, 0x00, 0x00, 0x00, 0x00, 0x00, 0x00, 0x00, 0x00, 0x00, 0x00, 0x00, 0x00, 
    0x00, 0x00, 0x00, 0x00, 0x00, 0x00, 0x00, 0x00, 0x00, 0x00, 0x00, 0x00, 0x00, 0x00, 0x00, 0x00, 0x00, 0x00, 0x00, 0x00, 0x00, 0x00, 0x00, 0x00, 
    0x00, 0x00, 0x00, 0x00, 0x00, 0x00, 0xff, 0xff, 0x02, 0x00, 0x00, 0x00, 0xff, 0xff, 0xa5, 0xff, 0xff, 0xff, 0xff, 0xff, 0xfc, 0xff, 0xff, 0xff, 
    0xff, 0xff, 0xff, 0xff, 0xff, 0xff, 0xff, 0xff, 0xfd, 0xff, 0xff, 0xff, 0xff, 0xff, 0x4b, 0x00, 0x00, 0x00, 0xff, 0xff, 0x03, 0x00, 0x00, 0x00, 
    0x00, 0x00, 0x00, 0x00, 0x00, 0x00, 0x00, 0x00, 0x00, 0x00, 0x00, 0x00, 0xff, 0xff, 0x04, 0x00, 0x00, 0x00, 0xff, 0xff, 0x8c, 0xff, 0xff, 0xff, 
    0xff, 0xff, 0xfc, 0xff, 0xff, 0xff, 0xff, 0xff, 0xff, 0xff, 0xff, 0xff, 0xff, 0xff, 0xfb, 0xff, 0xff, 0xff, 0xff, 0xff, 0x9e, 0x00, 0x00, 0x00, 
    0x79, 0xfe, 0x05, 0x00, 0x00, 0x00, 0x05, 0xa2, 0xb0, 0xe4, 0xb9, 0xff, 0xe4, 0xa1, 0x9f, 0x00, 0x00, 0x00, 0xa0, 0xaa, 0x03, 0x00, 0x00, 0x00, 
    0x00, 0x00, 0x00, 0x00, 0x00, 0x00, 0x00, 0x00, 0x01, 0x00, 0x00, 0x00, 0x49, 0x92, 0x07, 0xc9, 0x9a, 0x34, 0x09, 0xab, 0x62, 0x4a, 0xc3, 0xad, 
    0xc8, 0xc2, 0xf6, 0xe5, 0xb9, 0xff, 0xc4, 0xb9, 0xfe, 0xa3, 0xb9, 0xff, 0xa3, 0xb9, 0xff, 0xa3, 0xb9, 0xff, 0xa3, 0xb9, 0xff, 0xa3, 0xb9, 0xff, 
    0xa3, 0xb9, 0xff, 0xa3, 0xb9, 0xff, 0xa3, 0xb9, 0xff, 0xa3, 0xb9, 0xfe, 0xa3, 0xb9, 0xff, 0x87, 0xc2, 0xec, 0x4a, 0xcb, 0x9d, 0xe9, 0xaa, 0x5b, 
    0xc9, 0xa2, 0x28, 0xef, 0x7b, 0x04, 0x46, 0xa2, 0x23, 0xc4, 0x99, 0xd7, 0xe5, 0x99, 0x7c, 0x00, 0x00, 0x00, 0x86, 0x99, 0x05, 0xaa, 0xaa, 0x03, 
    0x66, 0x8a, 0x14, 0x46, 0x7a, 0x0e, 0x00, 0x00, 0x00, 0x00, 0x00, 0x01, 0x00, 0x00, 0x00, 0x00, 0x00, 0x00, 0x00, 0x00, 0x00, 0x00, 0x00, 0x00, 
    0x00, 0x00, 0x00, 0x00, 0x00, 0x01, 0x29, 0x91, 0x07, 0x0a, 0xb3, 0x3c, 0x46, 0xb2, 0xbb, 0xc4, 0xb9, 0xff, 0xa3, 0xb9, 0xfd, 0xa3, 0xb9, 0xff, 
    0xa3, 0xb9, 0xff, 0xa3, 0xb9, 0xff, 0xa3, 0xb9, 0xff, 0xa3, 0xb9, 0xff, 0xa3, 0xb9, 0xff, 0xa3, 0xb9, 0xff, 0xa3, 0xb9, 0xff, 0xa3, 0xb9, 0xff, 
    0xa3, 0xb9, 0xff, 0xa3, 0xb9, 0xff, 0xa3, 0xb9, 0xff, 0xa3, 0xb9, 0xff, 0xa3, 0xb9, 0xfe, 0xe4, 0xb9, 0xff, 0xe9, 0xc2, 0xe1, 0x6b, 0xd3, 0xae, 
    0xc8, 0xc2, 0xc0, 0x46, 0xba, 0xe9, 0xe4, 0xb9, 0xff, 0xa3, 0xb9, 0xff, 0xa3, 0xb9, 0xfe, 0xa3, 0xb9, 0xff, 0xa3, 0xb9, 0xff, 0xa3, 0xb9, 0xff, 
    0xa3, 0xb9, 0xff, 0xa3, 0xb9, 0xff, 0xa3, 0xb9, 0xff, 0xa3, 0xb9, 0xff, 0xa3, 0xb9, 0xff, 0xa3, 0xb9, 0xff, 0xa3, 0xb9, 0xfe, 0xa3, 0xb9, 0xff, 
    0xa3, 0xb1, 0xff, 0x25, 0xba, 0xf4, 0x09, 0xc3, 0xa3, 0xe9, 0xb2, 0x3b, 0x67, 0x9a, 0x0d, 0xaa, 0xaa, 0x06, 0x00, 0x00, 0x01, 0x2a, 0xab, 0x0f, 
    0xff, 0xff, 0x01, 0xe7, 0x9a, 0x08, 0xc9, 0xb2, 0x3d, 0xc8, 0xc2, 0xd2, 0xc4, 0xb9, 0xff, 0x83, 0xb9, 0xfd, 0xa3, 0xb9, 0xff, 0xa3, 0xb9, 0xff, 
    0xa3, 0xb9, 0xff, 0xa3, 0xb9, 0xff, 0x83, 0xb1, 0xff, 0xe5, 0xb9, 0xfd, 0xc8, 0xca, 0xef, 0xe9, 0xba, 0x9d, 0xe9, 0xa2, 0x45, 0xa9, 0x9a, 0x23, 
    0xaa, 0x7a, 0x06, 0xef, 0x7b, 0x02, 0x00, 0x00, 0x00, 0x00, 0x00, 0x00, 0x26, 0x8a, 0x2d, 0x06, 0x92, 0x2e, 0x66, 0x9a, 0x17, 0xe5, 0x81, 0x48, 
    0x00, 0x00, 0x00, 0x00, 0x00, 0x00, 0x00, 0x00, 0x00, 0x00, 0xa8, 0x03, 0xaa, 0xaa, 0x03, 0xc9, 0x9a, 0x1f, 0xea, 0xa2, 0x13, 0x89, 0x9a, 0x2e, 
    0xc9, 0xaa, 0x48, 0xc9, 0xb2, 0x6d, 0x29, 0xc3, 0xa3, 0xe9, 0xc2, 0xde, 0x67, 0xba, 0xf1, 0x67, 0xba, 0xed, 0xc8, 0xc2, 0xf1, 0xc8, 0xba, 0xd6, 
    0xe8, 0xc2, 0xd6, 0xc8, 0xc2, 0xe1, 0xe9, 0xc2, 0xba, 0x2a, 0xc3, 0x9d, 0x0a, 0xbb, 0x52, 0x0a, 0xb3, 0x44, 0xca, 0xaa, 0x22, 0x0a, 0xa3, 0x27, 
    0xc9, 0xa2, 0x11, 0xa5, 0x7a, 0x06, 0x09, 0xa3, 0x1a, 0xa8, 0xba, 0xa7, 0xc4, 0xb1, 0xff, 0xa3, 0xb9, 0xfc, 0xa3, 0xb9, 0xff, 0xa3, 0xb9, 0xff, 
    0xa3, 0xb9, 0xff, 0xa3, 0xb9, 0xff, 0xa3, 0xb9, 0xfd, 0xc4, 0xb1, 0xff, 0xa8, 0xba, 0xc0, 0x2a, 0xb3, 0x2f, 0xe7, 0x79, 0x04, 0x00, 0x00, 0x00, 
    0x00, 0x00, 0x00, 0x00, 0x00, 0x00, 0x00, 0x00, 0x00, 0x00, 0x00, 0x00, 0x00, 0x00, 0x00, 0x00, 0x00, 0x00, 0x00, 0x00, 0x00, 0x00, 0x00, 0x00, 
    0x00, 0x00, 0x00, 0x00, 0x00, 0x00, 0x00, 0x00, 0x00, 0x00, 0x00, 0x00, 0x00, 0x00, 0x00, 0x00, 0x00, 0x00, 0x00, 0x00, 0x00, 0x00, 0x00, 0x00, 
    0x00, 0x00, 0x00, 0xff, 0xff, 0x3b, 0xff, 0xff, 0xff, 0xff, 0xff, 0xfe, 0xff, 0xff, 0xff, 0xff, 0xff, 0xff, 0xff, 0xff, 0xff, 0xff, 0xff, 0xff, 
    0xff, 0xff, 0xfb, 0xff, 0xff, 0xff, 0xff, 0xff, 0xa4, 0x00, 0x00, 0x00, 0xff, 0xff, 0x03, 0x00, 0x00, 0x00, 0x00, 0x00, 0x00, 0x00, 0x00, 0x00, 
    0x00, 0x00, 0x00, 0x00, 0x00, 0x00, 0x00, 0x00, 0x00, 0x00, 0x00, 0x00, 0x00, 0x00, 0x00, 0x00, 0x00, 0x00, 0x00, 0x00, 0x00, 0x00, 0x00, 0x00, 
    0x00, 0x00, 0x00, 0x00, 0x00, 0x00, 0x00, 0x00, 0x00, 0x00, 0x00, 0x00, 0x00, 0x00, 0x00, 0x00, 0x00, 0x00, 0x00, 0x00, 0x00, 0xff, 0xff, 0x04, 
    0x00, 0x00, 0x00, 0xff, 0xff, 0x6a, 0xff, 0xff, 0xff, 0xff, 0xff, 0xfc, 0xff, 0xff, 0xff, 0xff, 0xff, 0xff, 0xff, 0xff, 0xff, 0xff, 0xff, 0xfc, 
    0xff, 0xff, 0xff, 0xff, 0xff, 0x8e, 0x00, 0x00, 0x00, 0xff, 0xff, 0x03, 0x00, 0x00, 0x00, 0x00, 0x00, 0x00, 0x00, 0x00, 0x00, 0x00, 0x00, 0x00, 
    0x00, 0x00, 0x00, 0x00, 0x00, 0x00, 0xff, 0xff, 0x03, 0x00, 0x00, 0x00, 0xff, 0xff, 0x62, 0xff, 0xff, 0xff, 0xff, 0xff, 0xfc, 0xff, 0xff, 0xff, 
    0xff, 0xff, 0xff, 0xff, 0xff, 0xff, 0xff, 0xff, 0xff, 0xff, 0xff, 0xff, 0xff, 0xff, 0xff, 0xff, 0xff, 0xff, 0xff, 0xff, 0xfe, 0xff, 0xff, 0xfe, 
    0xff, 0xff, 0xfe, 0xff, 0xff, 0xfe, 0xff, 0xff, 0xfe, 0xff, 0xff, 0xfe, 0xff, 0xff, 0xfe, 0xff, 0xff, 0xfe, 0xff, 0xff, 0xfe, 0xff, 0xff, 0xfe, 
    0xff, 0xff, 0xfe, 0xff, 0xff, 0xfe, 0xff, 0xff, 0xfe, 0xff, 0xff, 0xfe, 0xff, 0xff, 0xfe, 0xff, 0xff, 0xff, 0xff, 0xff, 0xff, 0xff, 0xff, 0xff, 
    0xff, 0xff, 0xff, 0xff, 0xff, 0xff, 0xff, 0xff, 0xff, 0xff, 0xff, 0xff, 0xff, 0xff, 0xfc, 0xff, 0xff, 0xff, 0xff, 0xff, 0x91, 0x00, 0x00, 0x00, 
    0xff, 0xff, 0x03, 0x00, 0x00, 0x00, 0x00, 0x00, 0x00, 0x00, 0x00, 0x00, 0x00, 0x00, 0x00, 0x00, 0x00, 0x00, 0x00, 0x00, 0x00, 0xff, 0xff, 0x02, 
    0xff, 0xff, 0xd2, 0xff, 0xff, 0xff, 0xff, 0xff, 0xfd, 0xff, 0xff, 0xff, 0xff, 0xff, 0xff, 0xff, 0xff, 0xff, 0xff, 0xff, 0xfe, 0xff, 0xff, 0xfe, 
    0xff, 0xff, 0xf2, 0xff, 0xff, 0x20, 0xff, 0xff, 0x01, 0xff, 0xff, 0x02, 0x00, 0x00, 0x00, 0x00, 0x00, 0x00, 0x00, 0x00, 0x00, 0x00, 0x00, 0x00, 
    0x00, 0x00, 0x00, 0x00, 0x00, 0x00, 0x00, 0x00, 0x00, 0x00, 0x00, 0x00, 0x00, 0x00, 0x00, 0x00, 0x00, 0x00, 0x00, 0x00, 0x00, 0x00, 0x00, 0x00, 
    0x00, 0x00, 0x00, 0x00, 0x00, 0x00, 0x00, 0x00, 0x00, 0x00, 0x00, 0x00, 0x00, 0x00, 0x00, 0xff, 0xff, 0x01, 0x00, 0x00, 0x00, 0xff, 0xff, 0x05, 
    0xff, 0xff, 0xd3, 0xff, 0xff, 0xff, 0xff, 0xff, 0xfd, 0xff, 0xff, 0xff, 0xff, 0xff, 0xff, 0xff, 0xff, 0xfe, 0xff, 0xff, 0xff, 0xff, 0xff, 0xfb, 
    0xff, 0xff, 0x25, 0x00, 0x00, 0x00, 0xff, 0xff, 0x02, 0x00, 0x00, 0x00, 0x00, 0x00, 0x00, 0x00, 0x00, 0x00, 0xff, 0xff, 0x03, 0x00, 0x00, 0x00, 
    0xff, 0xff, 0x9f, 0xff, 0xff, 0xfe, 0xff, 0xff, 0xfb, 0xff, 0xff, 0xff, 0xff, 0xff, 0xff, 0xff, 0xff, 0xff, 0xff, 0xff, 0xff, 0xff, 0xff, 0xfc, 
    0xff, 0xff, 0xff, 0xff, 0xff, 0x5e, 0x00, 0x00, 0x00, 0xff, 0xff, 0x03, 0x00, 0x00, 0x00, 0x00, 0x00, 0x00, 0x00, 0x00, 0x00, 0x00, 0x00, 0x00, 
    0x00, 0x00, 0x00, 0x00, 0x00, 0x00, 0x00, 0x00, 0x00, 0x00, 0x00, 0x00, 0x00, 0x00, 0x00, 0x00, 0x00, 0x00, 0x00, 0x00, 0x00, 0x00, 0x00, 0x00, 
    0x00, 0x00, 0x00, 0x00, 0x00, 0x00, 0x00, 0x00, 0x00, 0x00, 0x00, 0x00, 0x00, 0x00, 0x00, 0x00, 0x00, 0x00, 0xff, 0xff, 0x02, 0x00, 0x00, 0x00, 
    0xff, 0xff, 0xa6, 0xff, 0xff, 0xff, 0xff, 0xff, 0xfc, 0xff, 0xff, 0xff, 0xff, 0xff, 0xff, 0xff, 0xff, 0xff, 0xff, 0xff, 0xfd, 0xff, 0xff, 0xff, 
    0xff, 0xff, 0x4b, 0x00, 0x00, 0x00, 0xff, 0xff, 0x03, 0x00, 0x00, 0x00, 0x00, 0x00, 0x00, 0x00, 0x00, 0x00, 0x00, 0x00, 0x00, 0x00, 0x00, 0x00, 
    0xff, 0xff, 0x04, 0x00, 0x00, 0x00, 0xff, 0xff, 0x8b, 0xff, 0xff, 0xff, 0xff, 0xff, 0xfc, 0xff, 0xff, 0xff, 0xff, 0xff, 0xff, 0xff, 0xff, 0xff, 
    0xff, 0xff, 0xfb, 0xff, 0xff, 0xff, 0xff, 0xff, 0x9f, 0x00, 0x00, 0x00, 0x55, 0xd5, 0x06, 0x00, 0x00, 0x00, 0x05, 0x9a, 0xa7, 0xe4, 0xc1, 0xfc, 
    0xc4, 0xa1, 0xac, 0x00, 0x00, 0x00, 0x00, 0x78, 0x02, 0x00, 0x00, 0x00, 0x00, 0x00, 0x00, 0x00, 0x00, 0x00, 0x00, 0x00, 0x00, 0x00, 0x00, 0x00, 
    0x00, 0x00, 0x00, 0xea, 0xa2, 0x13, 0xc9, 0xa2, 0x27, 0x0a, 0xb3, 0x4a, 0xe9, 0xba, 0xbe, 0x09, 0xcb, 0xef, 0xa7, 0xc2, 0xff, 0xe4, 0xb9, 0xff, 
    0xa3, 0xb9, 0xff, 0xa3, 0xb9, 0xff, 0xa3, 0xb9, 0xff, 0xa3, 0xb9, 0xff, 0xa3, 0xb9, 0xff, 0xa3, 0xb9, 0xff, 0xa3, 0xb9, 0xff, 0xa3, 0xb9, 0xfe, 
    0xa3, 0xb1, 0xff, 0x66, 0xc2, 0xed, 0x2a, 0xc3, 0xb3, 0xc9, 0xaa, 0x59, 0xa8, 0xa2, 0x32, 0x00, 0x00, 0x00, 0xe6, 0x91, 0x3d, 0xc4, 0xa1, 0xf9, 
    0xe5, 0x99, 0x83, 0x00, 0x00, 0x01, 0x00, 0x00, 0x00, 0x00, 0x00, 0x00, 0x00, 0x00, 0x00, 0x00, 0x00, 0x00, 0x00, 0x00, 0x00, 0x00, 0x00, 0x00, 
    0x00, 0x00, 0x00, 0x00, 0x00, 0x00, 0x00, 0x00, 0x00, 0x00, 0x00, 0x00, 0x00, 0x00, 0x00, 0x00, 0x78, 0x02, 0xaa, 0xcb, 0x0f, 0x88, 0xb2, 0x8b, 
    0xc4, 0xb1, 0xfe, 0xa3, 0xb9, 0xfd, 0xa3, 0xb9, 0xff, 0xa3, 0xb9, 0xff, 0xa3, 0xb9, 0xff, 0xa3, 0xb9, 0xff, 0xa3, 0xb9, 0xff, 0xa3, 0xb9, 0xff, 
    0xa3, 0xb9, 0xff, 0xa3, 0xb9, 0xff, 0xa3, 0xb9, 0xff, 0xa3, 0xb9, 0xff, 0xa3, 0xb9, 0xff, 0xa3, 0xb9, 0xff, 0xa3, 0xb9, 0xff, 0xa3, 0xb9, 0xff, 
    0xa3, 0xb9, 0xfe, 0xc4, 0xb9, 0xff, 0xe9, 0xca, 0xc8, 0x2a, 0xc3, 0x90, 0xe9, 0xb2, 0x72, 0x2a, 0xc3, 0x7b, 0xc9, 0xc2, 0xc0, 0x67, 0xc2, 0xe8, 
    0xa3, 0xb9, 0xff, 0xa3, 0xb9, 0xfe, 0xa3, 0xb9, 0xfe, 0xa3, 0xb9, 0xff, 0xa3, 0xb9, 0xff, 0xa3, 0xb9, 0xff, 0xa3, 0xb9, 0xff, 0xa3, 0xb9, 0xff, 
    0xa3, 0xb9, 0xff, 0xa3, 0xb9, 0xff, 0xa3, 0xb9, 0xff, 0xa3, 0xb9, 0xff, 0xa3, 0xb9, 0xfd, 0xa3, 0xb9, 0xff, 0x05, 0xba, 0xf9, 0xc8, 0xba, 0xb2, 
    0xc8, 0xaa, 0x4f, 0x27, 0x9a, 0x12, 0xaa, 0xaa, 0x09, 0xe7, 0x99, 0x08, 0x00, 0x78, 0x02, 0x26, 0x9b, 0x05, 0xe9, 0xaa, 0x2b, 0x09, 0xc3, 0xad, 
    0xe4, 0xb9, 0xff, 0x83, 0xb9, 0xff, 0xa3, 0xb9, 0xff, 0xa3, 0xb9, 0xff, 0xa3, 0xb9, 0xff, 0xa3, 0xb9, 0xff, 0x82, 0xb1, 0xff, 0xe4, 0xb9, 0xfc, 
    0x29, 0xcb, 0xd9, 0xc9, 0xb2, 0x71, 0xc8, 0xa2, 0x36, 0x88, 0x9a, 0x25, 0x49, 0xb2, 0x07, 0x69, 0x9a, 0x0a, 0x00, 0x00, 0x00, 0x26, 0x92, 0x1d, 
    0xa3, 0x99, 0xec, 0xc4, 0x99, 0xf3, 0x87, 0x8a, 0x1f, 0x00, 0x00, 0x00, 0xe0, 0x7b, 0x02, 0xe7, 0xb9, 0x04, 0xe7, 0x9a, 0x08, 0xc8, 0x9a, 0x1a, 
    0xe9, 0xaa, 0x65, 0xe9, 0xaa, 0x5e, 0xa8, 0xa2, 0x40, 0x09, 0xb3, 0x76, 0x2a, 0xc3, 0xa7, 0x09, 0xc3, 0xc0, 0xc8, 0xc2, 0xf4, 0x46, 0xba, 0xfb, 
    0xa3, 0xb1, 0xff, 0xa3, 0xb9, 0xff, 0xc4, 0xb9, 0xff, 0xc4, 0xb9, 0xff, 0xe4, 0xb9, 0xff, 0xc4, 0xb9, 0xff, 0x25, 0xc2, 0xff, 0x46, 0xba, 0xfb, 
    0xe8, 0xc2, 0xd6, 0x2a, 0xc3, 0xac, 0x09, 0xb3, 0x76, 0x0a, 0xab, 0x3c, 0xe9, 0xaa, 0x21, 0xc9, 0xa2, 0x1f, 0xc9, 0x9a, 0x2d, 0xc9, 0xb2, 0x73, 
    0x67, 0xba, 0xf7, 0xc3, 0xb9, 0xff, 0x83, 0xb1, 0xff, 0xa3, 0xb9, 0xfe, 0xa3, 0xb9, 0xfe, 0xa3, 0xb9, 0xff, 0xa3, 0xb1, 0xff, 0x46, 0xb2, 0xe4, 
    0x09, 0xbb, 0x5e, 0x88, 0x9a, 0x2e, 0xaa, 0xaa, 0x03, 0x00, 0x00, 0x00, 0x00, 0x00, 0x00, 0x00, 0x00, 0x00, 0x00, 0x00, 0x00, 0x00, 0x00, 0x00, 
    0x00, 0x00, 0x00, 0x00, 0x00, 0x00, 0x00, 0x00, 0x00, 0x00, 0x00, 0x00, 0x00, 0x00, 0x00, 0x00, 0x00, 0x00, 0x00, 0x00, 0x00, 0x00, 0x00, 0x00, 
    0x00, 0x00, 0x00, 0x00, 0x00, 0x00, 0x00, 0x00, 0x00, 0x00, 0x00, 0x00, 0x00, 0x00, 0x00, 0xff, 0xff, 0x0a, 0xff, 0xff, 0xdc, 0xff, 0xff, 0xff, 
    0xff, 0xff, 0xfd, 0xff, 0xff, 0xff, 0xff, 0xff, 0xff, 0xff, 0xff, 0xff, 0xff, 0xff, 0xff, 0xff, 0xff, 0xfd, 0xff, 0xff, 0xf9, 0xff, 0xff, 0x38, 
    0x00, 0x00, 0x00, 0xff, 0xff, 0x03, 0x00, 0x00, 0x00, 0x00, 0x00, 0x00, 0x00, 0x00, 0x00, 0x00, 0x00, 0x00, 0x00, 0x00, 0x00, 0x00, 0x00, 0x00, 
    0x00, 0x00, 0x00, 0x00, 0x00, 0x00, 0x00, 0x00, 0x00, 0x00, 0x00, 0x00, 0x00, 0x00, 0x00, 0x00, 0x00, 0x00, 0x00, 0x00, 0x00, 0x00, 0x00, 0x00, 
    0x00, 0x00, 0x00, 0x00, 0x00, 0x00, 0x00, 0x00, 0x00, 0xff, 0xff, 0x04, 0x00, 0x00, 0x00, 0xff, 0xff, 0x6a, 0xff, 0xff, 0xff, 0xff, 0xff, 0xfc, 
    0xff, 0xff, 0xff, 0xff, 0xff, 0xff, 0xff, 0xff, 0xff, 0xff, 0xff, 0xfc, 0xff, 0xff, 0xff, 0xff, 0xff, 0x8f, 0x00, 0x00, 0x00, 0xff, 0xff, 0x03, 
    0x00, 0x00, 0x00, 0x00, 0x00, 0x00, 0x00, 0x00, 0x00, 0x00, 0x00, 0x00, 0x00, 0x00, 0x00, 0x00, 0x00, 0x00, 0xff, 0xff, 0x01, 0xff, 0xff, 0x03, 
    0xff, 0xff, 0xcb, 0xff, 0xff, 0xff, 0xff, 0xff, 0xfc, 0xff, 0xff, 0xff, 0xff, 0xff, 0xff, 0xff, 0xff, 0xff, 0xff, 0xff, 0xff, 0xff, 0xff, 0xff, 
    0xff, 0xff, 0xff, 0xff, 0xff, 0xff, 0xff, 0xff, 0xff, 0xff, 0xff, 0xff, 0xff, 0xff, 0xff, 0xff, 0xff, 0xff, 0xff, 0xff, 0xff, 0xff, 0xff, 0xff, 
    0xff, 0xff, 0xff, 0xff, 0xff, 0xff, 0xff, 0xff, 0xff, 0xff, 0xff, 0xff, 0xff, 0xff, 0xff, 0xff, 0xff, 0xff, 0xff, 0xff, 0xff, 0xff, 0xff, 0xff, 
    0xff, 0xff, 0xff, 0xff, 0xff, 0xff, 0xff, 0xff, 0xff, 0xff, 0xff, 0xff, 0xff, 0xff, 0xff, 0xff, 0xff, 0xff, 0xff, 0xff, 0xff, 0xff, 0xff, 0xff, 
    0xff, 0xff, 0xfe, 0xff, 0xff, 0xfe, 0xff, 0xff, 0xeb, 0xff, 0xff, 0x16, 0xff, 0xff, 0x01, 0xff, 0xff, 0x02, 0x00, 0x00, 0x00, 0x00, 0x00, 0x00, 
    0x00, 0x00, 0x00, 0x00, 0x00, 0x00, 0xff, 0xff, 0x03, 0x00, 0x00, 0x00, 0xff, 0xff, 0x8b, 0xff, 0xff, 0xff, 0xff, 0xff, 0xfb, 0xff, 0xff, 0xff, 
    0xff, 0xff, 0xff, 0xff, 0xff, 0xff, 0xff, 0xff, 0xff, 0xff, 0xff, 0xfc, 0xff, 0xff, 0xff, 0xff, 0xff, 0x9b, 0x00, 0x00, 0x00, 0xff, 0xff, 0x04, 
    0x00, 0x00, 0x00, 0x00, 0x00, 0x00, 0x00, 0x00, 0x00, 0x00, 0x00, 0x00, 0x00, 0x00, 0x00, 0x00, 0x00, 0x00, 0x00, 0x00, 0x00, 0x00, 0x00, 0x00, 
    0x00, 0x00, 0x00, 0x00, 0x00, 0x00, 0x00, 0x00, 0x00, 0x00, 0x00, 0x00, 0x00, 0x00, 0x00, 0x00, 0x00, 0x00, 0x00, 0x00, 0x00, 0x00, 0x00, 0x00, 
    0x00, 0x00, 0x00, 0xff, 0xff, 0x01, 0x00, 0x00, 0x00, 0xff, 0xff, 0x05, 0xff, 0xff, 0xd3, 0xff, 0xff, 0xff, 0xff, 0xff, 0xfd, 0xff, 0xff, 0xff, 
    0xff, 0xff, 0xff, 0xff, 0xff, 0xfe, 0xff, 0xff, 0xff, 0xff, 0xff, 0xfc, 0xff, 0xff, 0x26, 0x00, 0x00, 0x00, 0xff, 0xff, 0x02, 0x00, 0x00, 0x00, 
    0x00, 0x00, 0x00, 0x00, 0x00, 0x00, 0xff, 0xff, 0x03, 0x00, 0x00, 0x00, 0xff, 0xff, 0x57, 0xff, 0xff, 0xff, 0xff, 0xff, 0xfd, 0xff, 0xff, 0xff, 
    0xff, 0xff, 0xff, 0xff, 0xff, 0xff, 0xff, 0xff, 0xff, 0xff, 0xff, 0xfc, 0xff, 0xff, 0xfe, 0xff, 0xff, 0xd6, 0xff, 0xff, 0x07, 0xff, 0xff, 0x03, 
    0xff, 0xff, 0x01, 0x00, 0x00, 0x00, 0x00, 0x00, 0x00, 0x00, 0x00, 0x00, 0x00, 0x00, 0x00, 0x00, 0x00, 0x00, 0x00, 0x00, 0x00, 0x00, 0x00, 0x00, 
    0x00, 0x00, 0x00, 0x00, 0x00, 0x00, 0x00, 0x00, 0x00, 0x00, 0x00, 0x00, 0x00, 0x00, 0x00, 0x00, 0x00, 0x00, 0x00, 0x00, 0x00, 0x00, 0x00, 0x00, 
    0x00, 0x00, 0x00, 0x00, 0x00, 0x00, 0xff, 0xff, 0x02, 0x00, 0x00, 0x00, 0xff, 0xff, 0xa6, 0xff, 0xff, 0xff, 0xff, 0xff, 0xfc, 0xff, 0xff, 0xff, 
    0xff, 0xff, 0xff, 0xff, 0xff, 0xff, 0xff, 0xff, 0xfd, 0xff, 0xff, 0xff, 0xff, 0xff, 0x4b, 0x00, 0x00, 0x00, 0xff, 0xff, 0x03, 0x00, 0x00, 0x00, 
    0x00, 0x00, 0x00, 0x00, 0x00, 0x00, 0x00, 0x00, 0x00, 0x00, 0x00, 0x00, 0xff, 0xff, 0x04, 0x00, 0x00, 0x00, 0xff, 0xff, 0x8b, 0xff, 0xff, 0xff, 
    0xff, 0xff, 0xfc, 0xff, 0xff, 0xff, 0xff, 0xff, 0xff, 0xff, 0xff, 0xff, 0xff, 0xff, 0xfb, 0xff, 0xff, 0xff, 0xff, 0xff, 0x9f, 0x00, 0x00, 0x00, 
    0x92, 0xb4, 0x07, 0x00, 0x00, 0x00, 0xc5, 0x91, 0x8b, 0x05, 0xb2, 0xff, 0xc4, 0x99, 0xab, 0x00, 0x00, 0x00, 0xa0, 0x52, 0x03, 0x00, 0x00, 0x00, 
    0x00, 0x00, 0x00, 0x00, 0x00, 0x00, 0x00, 0x00, 0x00, 0x00, 0x00, 0x00, 0x00, 0x00, 0x00, 0x00, 0xf8, 0x01, 0x09, 0x9b, 0x1d, 0x0a, 0xab, 0x4d, 
    0x4a, 0xbb, 0x68, 0x2a, 0xbb, 0xa7, 0x09, 0xc3, 0xd7, 0x46, 0xba, 0xfa, 0xa3, 0xb1, 0xff, 0x83, 0xb1, 0xff, 0x83, 0xb1, 0xff, 0xa3, 0xb9, 0xff, 
    0xa3, 0xb9, 0xff, 0xa3, 0xb9, 0xff, 0xa3, 0xb9, 0xff, 0xa3, 0xb9, 0xff, 0xa3, 0xb9, 0xfd, 0x05, 0xba, 0xff, 0xc8, 0xc2, 0xab, 0xe9, 0xaa, 0x53, 
    0x88, 0x92, 0x13, 0xe8, 0xa2, 0x0b, 0xe0, 0xff, 0x01, 0xe5, 0x89, 0x20, 0x49, 0x92, 0x07, 0x00, 0x00, 0x00, 0xe5, 0x91, 0x34, 0xe5, 0x91, 0x4c, 
    0xe7, 0xbb, 0x04, 0x00, 0x00, 0x01, 0x00, 0x00, 0x00, 0x00, 0x00, 0x00, 0x00, 0x00, 0x00, 0x00, 0x00, 0x00, 0x00, 0x00, 0x00, 0x00, 0x00, 0x00, 
    0x45, 0x79, 0x06, 0xea, 0xaa, 0x13, 0xa8, 0xb2, 0x8c, 0x05, 0xb2, 0xf7, 0xa3, 0xb9, 0xff, 0xa3, 0xb9, 0xfe, 0xa3, 0xb9, 0xff, 0xa3, 0xb9, 0xff, 
    0xa3, 0xb9, 0xff, 0xa3, 0xb9, 0xff, 0xa3, 0xb9, 0xff, 0xa3, 0xb9, 0xff, 0xc4, 0xb9, 0xff, 0x05, 0xba, 0xfe, 0xa3, 0xb1, 0xff, 0x83, 0xb1, 0xff, 
    0xa3, 0xb1, 0xff, 0xa3, 0xb9, 0xff, 0xa3, 0xb9, 0xff, 0xa3, 0xb9, 0xff, 0xa3, 0xb9, 0xfe, 0xa3, 0xb9, 0xff, 0x87, 0xc2, 0xf0, 0x2a, 0xc3, 0x63, 
    0xa8, 0xaa, 0x2c, 0xa8, 0xa2, 0x44, 0xea, 0xb2, 0x61, 0x0a, 0xc3, 0x77, 0x87, 0xc2, 0xcc, 0xe4, 0xb9, 0xff, 0x83, 0xb9, 0xff, 0xa3, 0xb9, 0xff, 
    0xa3, 0xb9, 0xff, 0xa3, 0xb9, 0xff, 0xa3, 0xb9, 0xff, 0xa3, 0xb9, 0xff, 0xa3, 0xb9, 0xff, 0xa3, 0xb9, 0xff, 0xa3, 0xb9, 0xff, 0xa3, 0xb9, 0xff, 
    0xa3, 0xb9, 0xff, 0xa3, 0xb9, 0xfe, 0xa3, 0xb9, 0xff, 0x46, 0xba, 0xf5, 0xe9, 0xc2, 0x8d, 0xe9, 0xaa, 0x2c, 0x46, 0x9a, 0x15, 0x00, 0x00, 0x00, 
    0xaa, 0xaa, 0x06, 0xa8, 0xaa, 0x12, 0xeb, 0x7a, 0x08, 0xc8, 0xba, 0x7a, 0xe4, 0xb9, 0xff, 0x83, 0xb9, 0xfd, 0xa3, 0xb9, 0xff, 0xa3, 0xb9, 0xff, 
    0xa3, 0xb9, 0xff, 0xa3, 0xb9, 0xff, 0x83, 0xb1, 0xfe, 0xe4, 0xb9, 0xff, 0xe9, 0xca, 0xd0, 0x09, 0xb3, 0x7a, 0xa9, 0xa2, 0x60, 0x09, 0x9b, 0x15, 
    0x0f, 0x78, 0x02, 0xe0, 0x7b, 0x02, 0x00, 0x00, 0x00, 0xe5, 0x91, 0x1c, 0xc4, 0xa1, 0xeb, 0xc4, 0xa1, 0xef, 0x27, 0x8a, 0x24, 0xa5, 0x7a, 0x06, 
    0x87, 0x9a, 0x29, 0xc8, 0xa2, 0x28, 0xc8, 0xa2, 0x4b, 0xe9, 0xb2, 0x7f, 0x09, 0xbb, 0xac, 0x2a, 0xc3, 0xa9, 0x0a, 0xc3, 0xc0, 0xe8, 0xc2, 0xd8, 
    0x87, 0xba, 0xf5, 0x87, 0xc2, 0xf2, 0xc4, 0xb1, 0xff, 0xe4, 0xb9, 0xff, 0xa3, 0xb9, 0xfe, 0xa3, 0xb9, 0xfe, 0xa3, 0xb9, 0xfe, 0xa3, 0xb9, 0xfe, 
    0xa3, 0xb9, 0xfe, 0xa3, 0xb9, 0xfe, 0xa3, 0xb9, 0xfe, 0xa3, 0xb9, 0xff, 0x66, 0xc2, 0xff, 0x66, 0xba, 0xfe, 0x09, 0xcb, 0xc3, 0xe9, 0xba, 0x5b, 
    0xea, 0xaa, 0x1e, 0xea, 0xaa, 0x29, 0xc9, 0xa2, 0x11, 0x0a, 0xb3, 0x39, 0x09, 0xc3, 0xa7, 0x67, 0xba, 0xee, 0x05, 0xba, 0xfd, 0xc4, 0xb1, 0xff, 
    0xe4, 0xb9, 0xff, 0x46, 0xba, 0xf7, 0x67, 0xba, 0xe8, 0xe9, 0xba, 0xa7, 0x09, 0xab, 0x54, 0xc9, 0xa2, 0x0e, 0x00, 0xf8, 0x01, 0x00, 0x00, 0x00, 
    0x00, 0x00, 0x00, 0x00, 0x00, 0x00, 0x00, 0x00, 0x00, 0x00, 0x00, 0x00, 0x00, 0x00, 0x00, 0x00, 0x00, 0x00, 0x00, 0x00, 0x00, 0x00, 0x00, 0x00, 
    0x00, 0x00, 0x00, 0x00, 0x00, 0x00, 0x00, 0x00, 0x00, 0x00, 0x00, 0x00, 0x00, 0x00, 0x00, 0x00, 0x00, 0x00, 0x00, 0x00, 0x00, 0x00, 0x00, 0x00, 
    0xff, 0xff, 0x03, 0x00, 0x00, 0x00, 0xff, 0xff, 0x86, 0xff, 0xff, 0xff, 0xff, 0xff, 0xfb, 0xff, 0xff, 0xff, 0xff, 0xff, 0xff, 0xff, 0xff, 0xff, 
    0xff, 0xff, 0xff, 0xff, 0xff, 0xfd, 0xff, 0xff, 0xff, 0xff, 0xff, 0xd2, 0xff, 0xff, 0x08, 0xff, 0xff, 0x02, 0xff, 0xff, 0x02, 0x00, 0x00, 0x00, 
    0x00, 0x00, 0x00, 0x00, 0x00, 0x00, 0x00, 0x00, 0x00, 0x00, 0x00, 0x00, 0x00, 0x00, 0x00, 0x00, 0x00, 0x00, 0x00, 0x00, 0x00, 0x00, 0x00, 0x00, 
    0x00, 0x00, 0x00, 0x00, 0x00, 0x00, 0x00, 0x00, 0x00, 0x00, 0x00, 0x00, 0x00, 0x00, 0x00, 0x00, 0x00, 0x00, 0x00, 0x00, 0x00, 0xff, 0xff, 0x04, 
    0x00, 0x00, 0x00, 0xff, 0xff, 0x69, 0xff, 0xff, 0xff, 0xff, 0xff, 0xfc, 0xff, 0xff, 0xff, 0xff, 0xff, 0xff, 0xff, 0xff, 0xff, 0xff, 0xff, 0xfc, 
    0xff, 0xff, 0xff, 0xff, 0xff, 0x8f, 0x00, 0x00, 0x00, 0xff, 0xff, 0x03, 0x00, 0x00, 0x00, 0x00, 0x00, 0x00, 0x00, 0x00, 0x00, 0x00, 0x00, 0x00, 
    0x00, 0x00, 0x00, 0xff, 0xff, 0x03, 0x00, 0x00, 0x00, 0xff, 0xff, 0x48, 0xff, 0xff, 0xff, 0xff, 0xff, 0xfd, 0xff, 0xff, 0xff, 0xff, 0xff, 0xff, 
    0xff, 0xff, 0xff, 0xff, 0xff, 0xff, 0xff, 0xff, 0xff, 0xff, 0xff, 0xff, 0xff, 0xff, 0xff, 0xff, 0xff, 0xff, 0xff, 0xff, 0xff, 0xff, 0xff, 0xff, 
    0xff, 0xff, 0xff, 0xff, 0xff, 0xff, 0xff, 0xff, 0xff, 0xff, 0xff, 0xff, 0xff, 0xff, 0xff, 0xff, 0xff, 0xff, 0xff, 0xff, 0xff, 0xff, 0xff, 0xff, 
    0xff, 0xff, 0xff, 0xff, 0xff, 0xff, 0xff, 0xff, 0xff, 0xff, 0xff, 0xff, 0xff, 0xff, 0xff, 0xff, 0xff, 0xff, 0xff, 0xff, 0xff, 0xff, 0xff, 0xff, 
    0xff, 0xff, 0xff, 0xff, 0xff, 0xff, 0xff, 0xff, 0xff, 0xff, 0xff, 0xff, 0xff, 0xff, 0xff, 0xff, 0xff, 0xfc, 0xff, 0xff, 0xff, 0xff, 0xff, 0x75, 
    0x00, 0x00, 0x00, 0xff, 0xff, 0x03, 0x00, 0x00, 0x00, 0x00, 0x00, 0x00, 0x00, 0x00, 0x00, 0x00, 0x00, 0x00, 0xff, 0xff, 0x02, 0x00, 0x00, 0x00, 
    0xff, 0xff, 0x33, 0xff, 0xff, 0xfd, 0xff, 0xff, 0xfe, 0xff, 0xff, 0xfe, 0xff, 0xff, 0xff, 0xff, 0xff, 0xff, 0xff, 0xff, 0xff, 0xff, 0xff, 0xfe, 
    0xff, 0xff, 0xfd, 0xff, 0xff, 0xfd, 0xff, 0xff, 0x4a, 0x00, 0x00, 0x00, 0xff, 0xff, 0x04, 0x00, 0x00, 0x00, 0x00, 0x00, 0x00, 0x00, 0x00, 0x00, 
    0x00, 0x00, 0x00, 0x00, 0x00, 0x00, 0x00, 0x00, 0x00, 0x00, 0x00, 0x00, 0x00, 0x00, 0x00, 0x00, 0x00, 0x00, 0x00, 0x00, 0x00, 0x00, 0x00, 0x00, 
    0x00, 0x00, 0x00, 0x00, 0x00, 0x00, 0x00, 0x00, 0x00, 0x00, 0x00, 0x00, 0x00, 0x00, 0x00, 0xff, 0xff, 0x01, 0x00, 0x00, 0x00, 0xff, 0xff, 0x05, 
    0xff, 0xff, 0xd3, 0xff, 0xff, 0xff, 0xff, 0xff, 0xfd, 0xff, 0xff, 0xff, 0xff, 0xff, 0xff, 0xff, 0xff, 0xfe, 0xff, 0xff, 0xff, 0xff, 0xff, 0xfd, 
    0xff, 0xff, 0x26, 0x00, 0x00, 0x00, 0xff, 0xff, 0x02, 0x00, 0x00, 0x00, 0x00, 0x00, 0x00, 0x00, 0x00, 0x00, 0xff, 0xff, 0x01, 0x00, 0x00, 0x00, 
    0xff, 0xff, 0x11, 0xff, 0xff, 0xe6, 0xff, 0xff, 0xfe, 0xff, 0xff, 0xfd, 0xff, 0xff, 0xff, 0xff, 0xff, 0xff, 0xff, 0xff, 0xff, 0xff, 0xff, 0xff, 
    0xff, 0xff, 0xfc, 0xff, 0xff, 0xff, 0xff, 0xff, 0x85, 0x00, 0x00, 0x00, 0xff, 0xff, 0x04, 0x00, 0x00, 0x00, 0x00, 0x00, 0x00, 0x00, 0x00, 0x00, 
    0x00, 0x00, 0x00, 0x00, 0x00, 0x00, 0x00, 0x00, 0x00, 0x00, 0x00, 0x00, 0x00, 0x00, 0x00, 0x00, 0x00, 0x00, 0x00, 0x00, 0x00, 0x00, 0x00, 0x00, 
    0x00, 0x00, 0x00, 0x00, 0x00, 0x00, 0x00, 0x00, 0x00, 0x00, 0x00, 0x00, 0x00, 0x00, 0x00, 0x00, 0x00, 0x00, 0xff, 0xff, 0x02, 0x00, 0x00, 0x00, 
    0xff, 0xff, 0xa6, 0xff, 0xff, 0xff, 0xff, 0xff, 0xfc, 0xff, 0xff, 0xff, 0xff, 0xff, 0xff, 0xff, 0xff, 0xff, 0xff, 0xff, 0xfd, 0xff, 0xff, 0xff, 
    0xff, 0xff, 0x4b, 0x00, 0x00, 0x00, 0xff, 0xff, 0x03, 0x00, 0x00, 0x00, 0x00, 0x00, 0x00, 0x00, 0x00, 0x00, 0x00, 0x00, 0x00, 0x00, 0x00, 0x00, 
    0xff, 0xff, 0x04, 0x00, 0x00, 0x00, 0xff, 0xff, 0x8b, 0xff, 0xff, 0xff, 0xff, 0xff, 0xfc, 0xff, 0xff, 0xff, 0xff, 0xff, 0xff, 0xff, 0xff, 0xff, 
    0xff, 0xff, 0xfb, 0xff, 0xff, 0xff, 0xff, 0xff, 0x9f, 0x00, 0x00, 0x00, 0x79, 0xce, 0x05, 0x00, 0x00, 0x00, 0x46, 0x92, 0x18, 0xe6, 0x89, 0x74, 
    0x06, 0x92, 0x2e, 0x00, 0x00, 0x00, 0x00, 0x78, 0x02, 0x00, 0x00, 0x00, 0x00, 0x00, 0x00, 0x00, 0x00, 0x00, 0x00, 0x00, 0x00, 0x00, 0x00, 0x00, 
    0x00, 0x00, 0x00, 0x00, 0x00, 0x01, 0xe9, 0x9a, 0x10, 0x0a, 0xa3, 0x32, 0xe9, 0xa2, 0x50, 0xea, 0xaa, 0x6e, 0x4a, 0xc3, 0x9a, 0xe8, 0xc2, 0xea, 
    0x87, 0xc2, 0xff, 0xa3, 0xb1, 0xff, 0xa3, 0xb1, 0xff, 0xa3, 0xb9, 0xff, 0xa3, 0xb9, 0xff, 0xa3, 0xb9, 0xff, 0xa3, 0xb9, 0xff, 0xa3, 0xb9, 0xff, 
    0xa3, 0xb9, 0xfe, 0xc4, 0xb9, 0xff, 0x46, 0xb2, 0xdc, 0xc9, 0xb2, 0x6e, 0x67, 0x9a, 0x21, 0xe7, 0x9a, 0x08, 0xe7, 0xb9, 0x04, 0x00, 0x00, 0x00, 
    0x00, 0x00, 0x00, 0xc5, 0x91, 0x40, 0xc4, 0xa1, 0xf4, 0xc4, 0xa9, 0xff, 0xe5, 0x99, 0x6c, 0x00, 0x00, 0x00, 0xa0, 0xaa, 0x03, 0x00, 0x00, 0x00, 
    0x00, 0xf8, 0x01, 0x2c, 0xcb, 0x05, 0xa5, 0xaa, 0x06, 0x67, 0x9a, 0x10, 0x09, 0xb3, 0x4a, 0xc8, 0xba, 0x96, 0x05, 0xb2, 0xf1, 0xa3, 0xb9, 0xff, 
    0xa3, 0xb9, 0xfe, 0xa3, 0xb9, 0xff, 0xa3, 0xb9, 0xff, 0xa3, 0xb9, 0xff, 0xa3, 0xb9, 0xff, 0xa3, 0xb9, 0xff, 0xa3, 0xb9, 0xff, 0xa3, 0xb9, 0xfe, 
    0x66, 0xc2, 0xf3, 0xe8, 0xca, 0xe0, 0x05, 0xba, 0xfe, 0x83, 0xb1, 0xff, 0xa3, 0xb9, 0xff, 0xa3, 0xb9, 0xff, 0xa3, 0xb9, 0xff, 0xa3, 0xb9, 0xff, 
    0xa3, 0xb9, 0xfe, 0xa3, 0xb9, 0xff, 0x66, 0xc2, 0xf2, 0x2a, 0xc3, 0x6a, 0xe9, 0xaa, 0x10, 0xaa, 0xaa, 0x09, 0x66, 0x9a, 0x0a, 0xa8, 0xa2, 0x3e, 
    0xea, 0xba, 0x6d, 0xc8, 0xc2, 0xaa, 0x46, 0xba, 0xe1, 0xc4, 0xb9, 0xff, 0xa3, 0xb9, 0xfe, 0xa3, 0xb9, 0xfe, 0xa3, 0xb9, 0xff, 0xa3, 0xb9, 0xff, 
    0xa3, 0xb9, 0xff, 0xa3, 0xb9, 0xff, 0xa3, 0xb9, 0xff, 0xa4, 0xb9, 0xff, 0xa3, 0xb9, 0xff, 0xa3, 0xb9, 0xff, 0xa3, 0xb9, 0xfe, 0xa3, 0xb9, 0xff, 
    0x05, 0xb2, 0xef, 0x46, 0xb2, 0xb2, 0xc9, 0xb2, 0x51, 0xa7, 0x8a, 0x09, 0xc9, 0xa2, 0x0e, 0xc8, 0xa2, 0x54, 0x4a, 0xa3, 0x16, 0x87, 0xb2, 0x9a, 
    0xc4, 0xb9, 0xff, 0x83, 0xb9, 0xfd, 0xa3, 0xb9, 0xff, 0xa3, 0xb9, 0xff, 0xa3, 0xb9, 0xff, 0xa3, 0xb9, 0xff, 0x83, 0xb1, 0xfe, 0xe4, 0xb9, 0xff, 
    0xa8, 0xc2, 0xe2, 0x09, 0xbb, 0x67, 0xc9, 0xa2, 0x56, 0xca, 0xa2, 0x1f, 0xc8, 0x9a, 0x17, 0xa0, 0xaa, 0x03, 0xaa, 0x52, 0x03, 0x00, 0x00, 0x00, 
    0x26, 0x8a, 0x25, 0x47, 0x92, 0x36, 0xc7, 0xa2, 0x11, 0x88, 0xaa, 0x4f, 0x09, 0xbb, 0xb1, 0x09, 0xbb, 0xa9, 0x2a, 0xc3, 0xaa, 0x2a, 0xcb, 0xd6, 
    0x29, 0xcb, 0xd6, 0x87, 0xc2, 0xf5, 0x46, 0xc2, 0xfc, 0x05, 0xc2, 0xff, 0xa3, 0xb9, 0xff, 0xa3, 0xb9, 0xff, 0xa3, 0xb9, 0xfe, 0xa3, 0xb9, 0xff, 
    0xa3, 0xb9, 0xff, 0xa3, 0xb9, 0xff, 0xa3, 0xb9, 0xff, 0xa3, 0xb9, 0xff, 0xa3, 0xb9, 0xff, 0xa3, 0xb9, 0xff, 0xa3, 0xb9, 0xff, 0xa3, 0xb9, 0xff, 
    0xa3, 0xb9, 0xfe, 0xa3, 0xb1, 0xfd, 0x66, 0xc2, 0xff, 0xc8, 0xc2, 0xe8, 0xe9, 0xb2, 0x6b, 0x0a, 0xb3, 0x43, 0xc9, 0xaa, 0x2d, 0xca, 0xaa, 0x1c, 
    0x88, 0xa2, 0x28, 0x2a, 0xc3, 0x6d, 0x09, 0xc3, 0xa9, 0xc8, 0xc2, 0xcb, 0xc8, 0xba, 0xc3, 0x4a, 0xc3, 0xa1, 0x09, 0xb3, 0x78, 0x09, 0xab, 0x4c, 
    0xe9, 0xa2, 0x31, 0x69, 0x9a, 0x0d, 0x00, 0xf8, 0x01, 0x00, 0x00, 0x00, 0x00, 0x00, 0x00, 0x00, 0x00, 0x00, 0x00, 0x00, 0x00, 0x00, 0x00, 0x00, 
    0x00, 0x00, 0x00, 0x00, 0x00, 0x00, 0x00, 0x00, 0x00, 0x00, 0x00, 0x00, 0x00, 0x00, 0x00, 0x00, 0x00, 0x00, 0x00, 0x00, 0x00, 0x00, 0x00, 0x00, 
    0x00, 0x00, 0x00, 0x00, 0x00, 0x00, 0x00, 0x00, 0x00, 0x00, 0x00, 0x00, 0xff, 0xff, 0x02, 0x00, 0x00, 0x00, 0xff, 0xff, 0x20, 0xff, 0xff, 0xf3, 
    0xff, 0xff, 0xfe, 0xff, 0xff, 0xfe, 0xff, 0xff, 0xff, 0xff, 0xff, 0xff, 0xff, 0xff, 0xff, 0xff, 0xff, 0xff, 0xff, 0xff, 0xfd, 0xff, 0xff, 0xff, 
    0xff, 0xff, 0x9c, 0x00, 0x00, 0x00, 0xff, 0xff, 0x03, 0xff, 0xff, 0x02, 0x00, 0x00, 0x00, 0x00, 0x00, 0x00, 0x00, 0x00, 0x00, 0x00, 0x00, 0x00, 
    0x00, 0x00, 0x00, 0x00, 0x00, 0x00, 0x00, 0x00, 0x00, 0x00, 0x00, 0x00, 0x00, 0x00, 0x00, 0x00, 0x00, 0x00, 0x00, 0x00, 0x00, 0x00, 0x00, 0x00, 
    0x00, 0x00, 0x00, 0x00, 0x00, 0x00, 0x00, 0x00, 0x00, 0xff, 0xff, 0x04, 0x00, 0x00, 0x00, 0xff, 0xff, 0x6a, 0xff, 0xff, 0xff, 0xff, 0xff, 0xfc, 
    0xff, 0xff, 0xff, 0xff, 0xff, 0xff, 0xff, 0xff, 0xff, 0xff, 0xff, 0xfc, 0xff, 0xff, 0xff, 0xff, 0xff, 0x90, 0x00, 0x00, 0x00, 0xff, 0xff, 0x03, 
    0x00, 0x00, 0x00, 0x00, 0x00, 0x00, 0x00, 0x00, 0x00, 0x00, 0x00, 0x00, 0x00, 0x00, 0x00, 0xff, 0xff, 0x02, 0x00, 0x00, 0x00, 0xff, 0xff, 0xb4, 
    0xff, 0xff, 0xff, 0xff, 0xff, 0xfc, 0xff, 0xff, 0xff, 0xff, 0xff, 0xff, 0xff, 0xff, 0xff, 0xff, 0xff, 0xff, 0xff, 0xff, 0xfe, 0xff, 0xff, 0xfc, 
    0xff, 0xff, 0xfc, 0xff, 0xff, 0xfc, 0xff, 0xff, 0xfc, 0xff, 0xff, 0xfc, 0xff, 0xff, 0xfc, 0xff, 0xff, 0xfc, 0xff, 0xff, 0xfc, 0xff, 0xff, 0xfc, 
    0xff, 0xff, 0xfc, 0xff, 0xff, 0xfc, 0xff, 0xff, 0xfc, 0xff, 0xff, 0xfc, 0xff, 0xff, 0xfc, 0xff, 0xff, 0xfc, 0xff, 0xff, 0xfc, 0xff, 0xff, 0xfc, 
    0xff, 0xff, 0xfc, 0xff, 0xff, 0xfc, 0xff, 0xff, 0xfc, 0xff, 0xff, 0xfc, 0xff, 0xff, 0xfe, 0xff, 0xff, 0xff, 0xff, 0xff, 0xff, 0xff, 0xff, 0xff, 
    0xff, 0xff, 0xff, 0xff, 0xff, 0xfd, 0xff, 0xff, 0xfe, 0xff, 0xff, 0xd9, 0xff, 0xff, 0x09, 0xff, 0xff, 0x01, 0xff, 0xff, 0x01, 0x00, 0x00, 0x00, 
    0x00, 0x00, 0x00, 0x00, 0x00, 0x00, 0x00, 0x00, 0x00, 0xff, 0xff, 0x02, 0x00, 0x00, 0x00, 0xff, 0xff, 0xb7, 0xff, 0xff, 0xff, 0xff, 0xff, 0xfc, 
    0xff, 0xff, 0xff, 0xff, 0xff, 0xff, 0xff, 0xff, 0xff, 0xff, 0xff, 0xff, 0xff, 0xff, 0xfd, 0xff, 0xff, 0xfe, 0xff, 0xff, 0xe5, 0xff, 0xff, 0x1e, 
    0x00, 0x00, 0x00, 0xff, 0xff, 0x04, 0x00, 0x00, 0x00, 0x00, 0x00, 0x00, 0x00, 0x00, 0x00, 0x00, 0x00, 0x00, 0x00, 0x00, 0x00, 0x00, 0x00, 0x00, 
    0x00, 0x00, 0x00, 0x00, 0x00, 0x00, 0x00, 0x00, 0x00, 0x00, 0x00, 0x00, 0x00, 0x00, 0x00, 0x00, 0x00, 0x00, 0x00, 0x00, 0x00, 0x00, 0x00, 0x00, 
    0x00, 0x00, 0x00, 0xff, 0xff, 0x01, 0x00, 0x00, 0x00, 0xff, 0xff, 0x05, 0xff, 0xff, 0xd3, 0xff, 0xff, 0xff, 0xff, 0xff, 0xfd, 0xff, 0xff, 0xff, 
    0xff, 0xff, 0xff, 0xff, 0xff, 0xfe, 0xff, 0xff, 0xff, 0xff, 0xff, 0xfd, 0xff, 0xff, 0x27, 0x00, 0x00, 0x00, 0xff, 0xff, 0x02, 0x00, 0x00, 0x00, 
    0x00, 0x00, 0x00, 0x00, 0x00, 0x00, 0x00, 0x00, 0x00, 0xff, 0xff, 0x03, 0x00, 0x00, 0x00, 0xff, 0xff, 0x8d, 0xff, 0xff, 0xff, 0xff, 0xff, 0xfc, 
    0xff, 0xff, 0xff, 0xff, 0xff, 0xff, 0xff, 0xff, 0xff, 0xff, 0xff, 0xff, 0xff, 0xff, 0xfe, 0xff, 0xff, 0xfc, 0xff, 0xff, 0xfe, 0xff, 0xff, 0x4c, 
    0x00, 0x00, 0x00, 0xff, 0xff, 0x05, 0x00, 0x00, 0x00, 0x00, 0x00, 0x00, 0x00, 0x00, 0x00, 0x00, 0x00, 0x00, 0x00, 0x00, 0x00, 0x00, 0x00, 0x00, 
    0x00, 0x00, 0x00, 0x00, 0x00, 0x00, 0x00, 0x00, 0x00, 0x00, 0x00, 0x00, 0x00, 0x00, 0x00, 0x00, 0x00, 0x00, 0x00, 0x00, 0x00, 0x00, 0x00, 0x00, 
    0x00, 0x00, 0x00, 0x00, 0x00, 0x00, 0xff, 0xff, 0x02, 0x00, 0x00, 0x00, 0xff, 0xff, 0xa6, 0xff, 0xff, 0xff, 0xff, 0xff, 0xfc, 0xff, 0xff, 0xff, 
    0xff, 0xff, 0xff, 0xff, 0xff, 0xff, 0xff, 0xff, 0xfd, 0xff, 0xff, 0xff, 0xff, 0xff, 0x4b, 0x00, 0x00, 0x00, 0xff, 0xff, 0x03, 0x00, 0x00, 0x00, 
    0x00, 0x00, 0x00, 0x00, 0x00, 0x00, 0x00, 0x00, 0x00, 0x00, 0x00, 0x00, 0xff, 0xff, 0x04, 0x00, 0x00, 0x00, 0xff, 0xff, 0x8b, 0xff, 0xff, 0xff, 
    0xff, 0xff, 0xfc, 0xff, 0xff, 0xff, 0xff, 0xff, 0xff, 0xff, 0xff, 0xff, 0xff, 0xff, 0xfb, 0xff, 0xff, 0xff, 0xff, 0xff, 0x9f, 0x00, 0x00, 0x00, 
    0xff, 0xff, 0x04, 0x00, 0x00, 0x00, 0x00, 0x00, 0x00, 0x00, 0x00, 0x00, 0x00, 0x00, 0x00, 0x00, 0x00, 0x00, 0x00, 0x00, 0x00, 0x00, 0x00, 0x00, 
    0x00, 0x00, 0x00, 0x00, 0x00, 0x00, 0x00, 0x00, 0x00, 0x00, 0x00, 0x00, 0x00, 0x00, 0x00, 0x00, 0x00, 0x00, 0x29, 0x9b, 0x0a, 0x09, 0x9b, 0x1d, 
    0xea, 0xaa, 0x24, 0xca, 0xa2, 0x25, 0xe9, 0xaa, 0x81, 0x09, 0xc3, 0xcf, 0xe8, 0xca, 0xef, 0x25, 0xba, 0xfd, 0x83, 0xb1, 0xff, 0xa3, 0xb9, 0xff, 
    0xa3, 0xb9, 0xff, 0xa3, 0xb9, 0xff, 0xa3, 0xb9, 0xff, 0xa3, 0xb9, 0xff, 0xa3, 0xb9, 0xff, 0x83, 0xb9, 0xff, 0xc4, 0xb1, 0xff, 0xe9, 0xba, 0xa5, 
    0xc9, 0xa2, 0x30, 0x86, 0x99, 0x0a, 0x86, 0x99, 0x05, 0x80, 0x99, 0x05, 0x00, 0x00, 0x01, 0xc5, 0x99, 0x7d, 0xc3, 0xb9, 0xff, 0xc3, 0xb9, 0xff, 
    0xe4, 0x99, 0xa9, 0x00, 0x00, 0x00, 0x00, 0xa8, 0x03, 0x00, 0xf8, 0x01, 0x00, 0x00, 0x00, 0x68, 0x9a, 0x1d, 0xe9, 0xb2, 0x36, 0xe9, 0xba, 0x77, 
    0x46, 0xb2, 0xcd, 0x83, 0xa9, 0xff, 0x62, 0xb1, 0xff, 0xa3, 0xb9, 0xfe, 0xa3, 0xb9, 0xff, 0xa3, 0xb9, 0xff, 0xa3, 0xb9, 0xff, 0xa3, 0xb9, 0xff, 
    0xa3, 0xb9, 0xff, 0xa3, 0xb9, 0xff, 0x83, 0xb1, 0xfe, 0xe4, 0xb9, 0xff, 0xe8, 0xca, 0xc7, 0xe9, 0xc2, 0xc2, 0x26, 0xba, 0xff, 0xa3, 0xb1, 0xff, 
    0xa3, 0xb1, 0xff, 0xa3, 0xb9, 0xff, 0xa3, 0xb9, 0xff, 0xa3, 0xb9, 0xff, 0xa3, 0xb9, 0xfe, 0x83, 0xb9, 0xff, 0x25, 0xba, 0xfa, 0x4a, 0xcb, 0x6b, 
    0x87, 0x9a, 0x61, 0x88, 0xa2, 0x2e, 0x00, 0x00, 0x00, 0xa8, 0x9a, 0x0f, 0x49, 0x9a, 0x18, 0xc9, 0xaa, 0x4e, 0x4a, 0xc3, 0x7c, 0xa8, 0xc2, 0xc5, 
    0xc4, 0xb9, 0xff, 0xa3, 0xb9, 0xff, 0xa3, 0xb9, 0xfd, 0xa3, 0xb9, 0xff, 0xa3, 0xb9, 0xff, 0xa3, 0xb9, 0xff, 0xa3, 0xb9, 0xff, 0xa3, 0xb9, 0xff, 
    0xa3, 0xb9, 0xff, 0xa3, 0xb9, 0xff, 0xa3, 0xb9, 0xff, 0xa3, 0xb9, 0xfe, 0x83, 0xb1, 0xff, 0x83, 0xb1, 0xff, 0x26, 0xb2, 0xc1, 0xc8, 0xba, 0x62, 
    0xc8, 0xaa, 0x4f, 0xc9, 0xaa, 0x87, 0x09, 0xb3, 0x76, 0x87, 0xba, 0xc6, 0xc4, 0xb9, 0xff, 0x83, 0xb9, 0xfd, 0xa3, 0xb9, 0xff, 0xa3, 0xb9, 0xff, 
    0xa3, 0xb9, 0xff, 0xa3, 0xb9, 0xff, 0x83, 0xb1, 0xfe, 0xc4, 0xb9, 0xff, 0x87, 0xc2, 0xf3, 0xe9, 0xba, 0x80, 0xca, 0xaa, 0x46, 0xc9, 0xa2, 0x2b, 
    0xa9, 0xa2, 0x1b, 0x25, 0x8a, 0x0b, 0xc8, 0x9a, 0x1a, 0x88, 0x9a, 0x35, 0x2a, 0xbb, 0x2d, 0x2a, 0xc3, 0x4e, 0xe9, 0xba, 0x96, 0x09, 0xc3, 0xd1, 
    0xe9, 0xca, 0xe5, 0x66, 0xc2, 0xf8, 0xe5, 0xb1, 0xfc, 0x26, 0xba, 0xfd, 0xe4, 0xb9, 0xff, 0xa3, 0xb1, 0xff, 0x83, 0xb1, 0xff, 0x83, 0xb1, 0xfe, 
    0xa3, 0xb9, 0xfe, 0xa3, 0xb1, 0xfe, 0xa3, 0xb9, 0xff, 0xa4, 0xb9, 0xff, 0xa3, 0xb9, 0xff, 0xa3, 0xb9, 0xff, 0xa3, 0xb9, 0xff, 0xa3, 0xb9, 0xff, 
    0xa3, 0xb9, 0xff, 0xa4, 0xb9, 0xff, 0xa3, 0xb9, 0xff, 0xa3, 0xb9, 0xff, 0xa3, 0xb9, 0xff, 0x83, 0xb1, 0xff, 0xa3, 0xb1, 0xfe, 0x66, 0xc2, 0xfb, 
    0x2a, 0xcb, 0xba, 0x0a, 0xb3, 0x88, 0xea, 0xaa, 0x4c, 0xcb, 0xa2, 0x0e, 0xaa, 0xaa, 0x15, 0xe9, 0xaa, 0x2f, 0xe9, 0xaa, 0x3b, 0x4a, 0xbb, 0x55, 
    0x4a, 0xbb, 0x6a, 0x09, 0xab, 0x55, 0xc8, 0xa2, 0x28, 0xc8, 0x9a, 0x2b, 0xa9, 0x9a, 0x1e, 0xa7, 0x8a, 0x09, 0x00, 0x00, 0x00, 0x00, 0x00, 0x00, 
    0x00, 0x00, 0x00, 0x00, 0x00, 0x00, 0x00, 0x00, 0x00, 0x00, 0x00, 0x00, 0x00, 0x00, 0x00, 0x00, 0x00, 0x00, 0x00, 0x00, 0x00, 0x00, 0x00, 0x00, 
    0x00, 0x00, 0x00, 0x00, 0x00, 0x00, 0x00, 0x00, 0x00, 0x00, 0x00, 0x00, 0x00, 0x00, 0x00, 0x00, 0x00, 0x00, 0x00, 0x00, 0x00, 0x00, 0x00, 0x00, 
    0x00, 0x00, 0x00, 0xff, 0xff, 0x03, 0x00, 0x00, 0x00, 0xff, 0xff, 0x90, 0xff, 0xff, 0xff, 0xff, 0xff, 0xfc, 0xff, 0xff, 0xff, 0xff, 0xff, 0xff, 
    0xff, 0xff, 0xff, 0xff, 0xff, 0xff, 0xff, 0xff, 0xff, 0xff, 0xff, 0xfc, 0xff, 0xff, 0xff, 0xff, 0xff, 0x8b, 0x00, 0x00, 0x00, 0x00, 0x00, 0x00, 
    0xff, 0xff, 0x03, 0x00, 0x00, 0x00, 0x00, 0x00, 0x00, 0x00, 0x00, 0x00, 0x00, 0x00, 0x00, 0x00, 0x00, 0x00, 0x00, 0x00, 0x00, 0x00, 0x00, 0x00, 
    0x00, 0x00, 0x00, 0x00, 0x00, 0x00, 0x00, 0x00, 0x00, 0x00, 0x00, 0x00, 0x00, 0x00, 0x00, 0x00, 0x00, 0x00, 0x00, 0x00, 0x00, 0xff, 0xff, 0x04, 
    0xff, 0xff, 0x01, 0xff, 0xff, 0x6d, 0xff, 0xff, 0xff, 0xff, 0xff, 0xfc, 0xff, 0xff, 0xff, 0xff, 0xff, 0xff, 0xff, 0xff, 0xff, 0xff, 0xff, 0xfc, 
    0xff, 0xff, 0xff, 0xff, 0xff, 0x90, 0x00, 0x00, 0x00, 0xff, 0xff, 0x03, 0x00, 0x00, 0x00, 0x00, 0x00, 0x00, 0x00, 0x00, 0x00, 0x00, 0x00, 0x00, 
    0xff, 0xff, 0x02, 0x00, 0x00, 0x00, 0xff, 0xff, 0x2b, 0xff, 0xff, 0xf9, 0xff, 0xff, 0xfe, 0xff, 0xff, 0xff, 0xff, 0xff, 0xff, 0xff, 0xff, 0xff, 
    0xff, 0xff, 0xff, 0xff, 0xff, 0xff, 0xff, 0xff, 0xff, 0xff, 0xff, 0xff, 0xff, 0xff, 0xff, 0xff, 0xff, 0xff, 0xff, 0xff, 0xff, 0xff, 0xff, 0xff, 
    0xff, 0xff, 0xff, 0xff, 0xff, 0xff, 0xff, 0xff, 0xff, 0xff, 0xff, 0xff, 0xff, 0xff, 0xff, 0xff, 0xff, 0xff, 0xff, 0xff, 0xff, 0xff, 0xff, 0xff, 
    0xff, 0xff, 0xff, 0xff, 0xff, 0xff, 0xff, 0xff, 0xff, 0xff, 0xff, 0xff, 0xff, 0xff, 0xff, 0xff, 0xff, 0xff, 0xff, 0xff, 0xff, 0xff, 0xff, 0xff, 
    0xff, 0xff, 0xff, 0xff, 0xff, 0xff, 0xff, 0xff, 0xff, 0xff, 0xff, 0xff, 0xff, 0xff, 0xff, 0xff, 0xff, 0xff, 0xff, 0xff, 0xfc, 0xff, 0xff, 0xff, 
    0xff, 0xff, 0x61, 0x00, 0x00, 0x00, 0xff, 0xff, 0x03, 0x00, 0x00, 0x00, 0x00, 0x00, 0x00, 0x00, 0x00, 0x00, 0x00, 0x00, 0x00, 0xff, 0xff, 0x03, 
    0x00, 0x00, 0x00, 0xff, 0xff, 0x3b, 0xff, 0xff, 0xff, 0xff, 0xff, 0xfc, 0xff, 0xff, 0xff, 0xff, 0xff, 0xff, 0xff, 0xff, 0xff, 0xff, 0xff, 0xff, 
    0xff, 0xff, 0xff, 0xff, 0xff, 0xfd, 0xff, 0xff, 0xff, 0xff, 0xff, 0xd0, 0xff, 0xff, 0x1a, 0x00, 0x00, 0x00, 0xff, 0xff, 0x04, 0xff, 0xff, 0x01, 
    0x00, 0x00, 0x00, 0x00, 0x00, 0x00, 0x00, 0x00, 0x00, 0x00, 0x00, 0x00, 0x00, 0x00, 0x00, 0x00, 0x00, 0x00, 0x00, 0x00, 0x00, 0x00, 0x00, 0x00, 
    0x00, 0x00, 0x00, 0x00, 0x00, 0x00, 0x00, 0x00, 0x00, 0x00, 0x00, 0x00, 0x00, 0x00, 0x00, 0xff, 0xff, 0x01, 0x00, 0x00, 0x00, 0xff, 0xff, 0x07, 
    0xff, 0xff, 0xd4, 0xff, 0xff, 0xff, 0xff, 0xff, 0xfd, 0xff, 0xff, 0xff, 0xff, 0xff, 0xff, 0xff, 0xff, 0xfe, 0xff, 0xff, 0xff, 0xff, 0xff, 0xfc, 
    0xff, 0xff, 0x27, 0x00, 0x00, 0x00, 0xff, 0xff, 0x02, 0x00, 0x00, 0x00, 0x00, 0x00, 0x00, 0x00, 0x00, 0x00, 0x00, 0x00, 0x00, 0xff, 0xff, 0x01, 
    0xff, 0xff, 0x01, 0xff, 0xff, 0x1e, 0xff, 0xff, 0xf1, 0xff, 0xff, 0xfd, 0xff, 0xff, 0xfd, 0xff, 0xff, 0xff, 0xff, 0xff, 0xff, 0xff, 0xff, 0xff, 
    0xff, 0xff, 0xff, 0xff, 0xff, 0xfe, 0xff, 0xff, 0xfe, 0xff, 0xff, 0xf1, 0xff, 0xff, 0x3b, 0x00, 0x00, 0x00, 0xff, 0xff, 0x04, 0xff, 0xff, 0x02, 
    0x00, 0x00, 0x00, 0x00, 0x00, 0x00, 0x00, 0x00, 0x00, 0x00, 0x00, 0x00, 0x00, 0x00, 0x00, 0x00, 0x00, 0x00, 0x00, 0x00, 0x00, 0x00, 0x00, 0x00, 
    0x00, 0x00, 0x00, 0x00, 0x00, 0x00, 0x00, 0x00, 0x00, 0x00, 0x00, 0x00, 0x00, 0x00, 0x00, 0x00, 0x00, 0x00, 0xff, 0xff, 0x02, 0xff, 0xff, 0x02, 
    0xff, 0xff, 0xa8, 0xff, 0xff, 0xff, 0xff, 0xff, 0xfc, 0xff, 0xff, 0xff, 0xff, 0xff, 0xff, 0xff, 0xff, 0xff, 0xff, 0xff, 0xfd, 0xff, 0xff, 0xff, 
    0xff, 0xff, 0x4c, 0x00, 0x00, 0x00, 0xff, 0xff, 0x03, 0x00, 0x00, 0x00, 0x00, 0x00, 0x00, 0x00, 0x00, 0x00, 0x00, 0x00, 0x00, 0x00, 0x00, 0x00, 
    0xff, 0xff, 0x04, 0x00, 0x00, 0x00, 0xff, 0xff, 0x8a, 0xff, 0xff, 0xff, 0xff, 0xff, 0xfc, 0xff, 0xff, 0xff, 0xff, 0xff, 0xff, 0xff, 0xff, 0xff, 
    0xff, 0xff, 0xfb, 0xff, 0xff, 0xff, 0xff, 0xff, 0x9f, 0x00, 0x00, 0x00, 0xff, 0xff, 0x04, 0x00, 0x00, 0x00, 0x00, 0x00, 0x00, 0xa0, 0xaa, 0x03, 
    0x00, 0x78, 0x02, 0x45, 0x79, 0x06, 0x67, 0x72, 0x0d, 0x00, 0x00, 0x00, 0x00, 0x00, 0x00, 0x00, 0x00, 0x00, 0x00, 0x00, 0x00, 0x00, 0x00, 0x00, 
    0x00, 0x00, 0x00, 0x00, 0xf8, 0x01, 0x29, 0x9b, 0x0a, 0x69, 0x9a, 0x0a, 0xc8, 0x9a, 0x17, 0xc9, 0xa2, 0x2d, 0x0a, 0xab, 0x3f, 0x09, 0xbb, 0x84, 
    0x09, 0xc3, 0xdf, 0x05, 0xba, 0xfe, 0x83, 0xb1, 0xfe, 0xa3, 0xb9, 0xff, 0xa3, 0xb9, 0xff, 0xa3, 0xb9, 0xff, 0xa3, 0xb9, 0xff, 0xa3, 0xb9, 0xff, 
    0xa3, 0xb9, 0xff, 0x83, 0xb1, 0xfe, 0xa3, 0xb1, 0xff, 0x87, 0xba, 0xda, 0xc9, 0xaa, 0x32, 0x4a, 0xad, 0x03, 0x55, 0xfd, 0x03, 0x00, 0x50, 0x03, 
    0x00, 0x00, 0x00, 0xe6, 0x99, 0x24, 0xc4, 0x99, 0xc6, 0xe4, 0x99, 0xdc, 0x06, 0x9a, 0x47, 0x00, 0x00, 0x00, 0x00, 0x78, 0x02, 0x00, 0x00, 0x00, 
    0x47, 0x92, 0x11, 0x0a, 0xb3, 0x4f, 0x87, 0xb2, 0xab, 0x05, 0xb2, 0xfb, 0xa3, 0xb9, 0xff, 0x83, 0xb1, 0xfd, 0x83, 0xb1, 0xfe, 0xa3, 0xb9, 0xff, 
    0xa3, 0xb9, 0xff, 0xa3, 0xb9, 0xff, 0xa3, 0xb9, 0xff, 0xa3, 0xb9, 0xff, 0xa3, 0xb9, 0xff, 0xa3, 0xb9, 0xfd, 0xc3, 0xb9, 0xff, 0x66, 0xba, 0xcf, 
    0xe9, 0xc2, 0x73, 0x09, 0xc3, 0x8c, 0x67, 0xc2, 0xe6, 0x83, 0xb1, 0xff, 0x83, 0xb1, 0xfe, 0xa3, 0xb9, 0xff, 0xa3, 0xb9, 0xff, 0xa3, 0xb9, 0xff, 
    0xa3, 0xb9, 0xff, 0x83, 0xb9, 0xff, 0x05, 0xba, 0xfc, 0xe9, 0xba, 0xbc, 0xa8, 0xa2, 0x64, 0xc8, 0xa2, 0x1a, 0xe0, 0xff, 0x01, 0x00, 0x00, 0x00, 
    0x00, 0x00, 0x00, 0xa8, 0xaa, 0x0f, 0x88, 0x9a, 0x28, 0xea, 0xb2, 0x64, 0xc8, 0xc2, 0xb3, 0x25, 0xba, 0xf1, 0xc3, 0xb9, 0xff, 0xa3, 0xb9, 0xff, 
    0x83, 0xb1, 0xfe, 0xa3, 0xb9, 0xff, 0xa3, 0xb9, 0xff, 0xa3, 0xb9, 0xff, 0xa3, 0xb9, 0xff, 0xa3, 0xb9, 0xff, 0xa3, 0xb9, 0xff, 0xa3, 0xb9, 0xff, 
    0xa3, 0xb1, 0xfe, 0xa3, 0xb9, 0xfd, 0xa3, 0xb9, 0xff, 0x66, 0xba, 0xe9, 0xe9, 0xc2, 0xa5, 0xe9, 0xba, 0x82, 0xe9, 0xba, 0xa9, 0x09, 0xcb, 0xe1, 
    0xe4, 0xb9, 0xfe, 0x83, 0xb1, 0xff, 0xa3, 0xb9, 0xff, 0xa3, 0xb9, 0xff, 0xa3, 0xb9, 0xff, 0xa3, 0xb9, 0xff, 0x83, 0xb1, 0xfe, 0xc4, 0xb9, 0xff, 
    0x67, 0xc2, 0xf4, 0x09, 0xc3, 0x90, 0xc9, 0xaa, 0x7d, 0xa9, 0xa2, 0x45, 0xc9, 0xaa, 0x34, 0xc9, 0xb2, 0x40, 0xa8, 0xb2, 0x76, 0xe8, 0xba, 0xb5, 
    0x67, 0xba, 0xd5, 0x87, 0xc2, 0xef, 0x87, 0xc2, 0xf9, 0x66, 0xc2, 0xfc, 0xe4, 0xb9, 0xff, 0x83, 0xb1, 0xff, 0x83, 0xb1, 0xff, 0x63, 0xb1, 0xff, 
    0x83, 0xb1, 0xff, 0xa3, 0xb1, 0xff, 0xa3, 0xb1, 0xff, 0xa3, 0xb1, 0xff, 0xa3, 0xb1, 0xff, 0xa3, 0xb9, 0xff, 0xa3, 0xb9, 0xff, 0xa3, 0xb9, 0xff, 
    0xa3, 0xb9, 0xff, 0xa3, 0xb9, 0xff, 0xa3, 0xb9, 0xff, 0xa3, 0xb9, 0xff, 0xa3, 0xb9, 0xff, 0xa3, 0xb9, 0xff, 0xa3, 0xb9, 0xff, 0xa3, 0xb9, 0xff, 
    0xa3, 0xb9, 0xff, 0x83, 0xb1, 0xff, 0xa3, 0xb9, 0xff, 0xc4, 0xb1, 0xfd, 0xe9, 0xca, 0xe4, 0x2a, 0xc3, 0xab, 0x2a, 0xb3, 0x5d, 0xc9, 0xa2, 0x25, 
    0x0a, 0xab, 0x1f, 0x4a, 0xb3, 0x18, 0x09, 0xab, 0x1d, 0xe9, 0xa2, 0x2c, 0xe9, 0xa2, 0x2e, 0xe9, 0xa2, 0x26, 0x28, 0xab, 0x0f, 0xe9, 0x9a, 0x10, 
    0xe7, 0x7b, 0x04, 0xe0, 0xff, 0x01, 0x00, 0xf8, 0x01, 0x00, 0x00, 0x00, 0x00, 0x00, 0x00, 0x00, 0x00, 0x00, 0x00, 0x00, 0x00, 0x00, 0x00, 0x00, 
    0x00, 0x00, 0x00, 0x00, 0x00, 0x00, 0x00, 0x00, 0x00, 0x00, 0x00, 0x00, 0x00, 0x00, 0x00, 0x00, 0x00, 0x00, 0x00, 0x00, 0x00, 0x00, 0x00, 0x00, 
    0x00, 0x00, 0x00, 0x00, 0x00, 0x00, 0x00, 0x00, 0x00, 0x00, 0x00, 0x00, 0x00, 0x00, 0x00, 0xff, 0xff, 0x01, 0xff, 0xff, 0x01, 0xff, 0xff, 0x1a, 
    0xff, 0xff, 0xea, 0xff, 0xff, 0xfe, 0xff, 0xff, 0xfe, 0xff, 0xff, 0xff, 0xff, 0xff, 0xff, 0xff, 0xff, 0xff, 0xff, 0xff, 0xff, 0xff, 0xff, 0xff, 
    0xff, 0xff, 0xfc, 0xff, 0xff, 0xff, 0xff, 0xff, 0xa0, 0xff, 0xff, 0x11, 0x00, 0x00, 0x00, 0xff, 0xff, 0x03, 0xff, 0xff, 0x03, 0xff, 0xff, 0x01, 
    0x00, 0x00, 0x00, 0x00, 0x00, 0x00, 0x00, 0x00, 0x00, 0x00, 0x00, 0x00, 0x00, 0x00, 0x00, 0x00, 0x00, 0x00, 0x00, 0x00, 0x00, 0x00, 0x00, 0x00, 
    0x00, 0x00, 0x00, 0x00, 0x00, 0x00, 0xff, 0xff, 0x01, 0xff, 0xff, 0x08, 0x00, 0x00, 0x00, 0xff, 0xff, 0x65, 0xff, 0xff, 0xff, 0xff, 0xff, 0xfc, 
    0xff, 0xff, 0xff, 0xff, 0xff, 0xff, 0xff, 0xff, 0xff, 0xff, 0xff, 0xfc, 0xff, 0xff, 0xff, 0xff, 0xff, 0x90, 0x00, 0x00, 0x00, 0xff, 0xff, 0x03, 
    0x00, 0x00, 0x00, 0x00, 0x00, 0x00, 0x00, 0x00, 0x00, 0x00, 0x00, 0x00, 0xff, 0xff, 0x03, 0x00, 0x00, 0x00, 0xff, 0xff, 0x8e, 0xff, 0xff, 0xff, 
    0xff, 0xff, 0xfb, 0xff, 0xff, 0xff, 0xff, 0xff, 0xff, 0xff, 0xff, 0xff, 0xff, 0xff, 0xfe, 0xff, 0xff, 0xfe, 0xff, 0xff, 0xe8, 0xff, 0xff, 0xa3, 
    0xff, 0xff, 0xa5, 0xff, 0xff, 0xa5, 0xff, 0xff, 0xa6, 0xff, 0xff, 0xa7, 0xff, 0xff, 0xa7, 0xff, 0xff, 0xa7, 0xff, 0xff, 0xa7, 0xff, 0xff, 0xa6, 
    0xff, 0xff, 0xa6, 0xff, 0xff, 0xa5, 0xff, 0xff, 0xa6, 0xff, 0xff, 0xa7, 0xff, 0xff, 0xa7, 0xff, 0xff, 0xa7, 0xff, 0xff, 0xa7, 0xff, 0xff, 0xa6, 
    0xff, 0xff, 0xa6, 0xff, 0xff, 0xa5, 0xff, 0xff, 0xa9, 0xff, 0xff, 0xa7, 0xff, 0xff, 0xea, 0xff, 0xff, 0xfe, 0xff, 0xff, 0xfe, 0xff, 0xff, 0xff, 
    0xff, 0xff, 0xff, 0xff, 0xff, 0xff, 0xff, 0xff, 0xfd, 0xff, 0xff, 0xff, 0xff, 0xff, 0xd3, 0xff, 0xff, 0x05, 0xff, 0xff, 0x01, 0xff, 0xff, 0x01, 
    0x00, 0x00, 0x00, 0x00, 0x00, 0x00, 0x00, 0x00, 0x00, 0x00, 0x00, 0x00, 0xff, 0xff, 0x02, 0x00, 0x00, 0x00, 0xff, 0xff, 0x99, 0xff, 0xff, 0xff, 
    0xff, 0xff, 0xfc, 0xff, 0xff, 0xff, 0xff, 0xff, 0xff, 0xff, 0xff, 0xff, 0xff, 0xff, 0xff, 0xff, 0xff, 0xff, 0xff, 0xff, 0xfc, 0xff, 0xff, 0xff, 
    0xff, 0xff, 0xd7, 0xff, 0xff, 0x36, 0x00, 0x00, 0x00, 0x00, 0x00, 0x00, 0xff, 0xff, 0x04, 0xff, 0xff, 0x01, 0x00, 0x00, 0x00, 0x00, 0x00, 0x00, 
    0x00, 0x00, 0x00, 0x00, 0x00, 0x00, 0x00, 0x00, 0x00, 0x00, 0x00, 0x00, 0x00, 0x00, 0x00, 0x00, 0x00, 0x00, 0x00, 0x00, 0x00, 0x00, 0x00, 0x00, 
    0xff, 0xff, 0x01, 0xff, 0xff, 0x03, 0xff, 0xff, 0x02, 0x00, 0x00, 0x00, 0xff, 0xff, 0xcb, 0xff, 0xff, 0xff, 0xff, 0xff, 0xfd, 0xff, 0xff, 0xff, 
    0xff, 0xff, 0xff, 0xff, 0xff, 0xfe, 0xff, 0xff, 0xff, 0xff, 0xff, 0xfc, 0xff, 0xff, 0x27, 0x00, 0x00, 0x00, 0xff, 0xff, 0x02, 0x00, 0x00, 0x00, 
    0x00, 0x00, 0x00, 0x00, 0x00, 0x00, 0x00, 0x00, 0x00, 0x00, 0x00, 0x00, 0xff, 0xff, 0x03, 0x00, 0x00, 0x00, 0xff, 0xff, 0x77, 0xff, 0xff, 0xff, 
    0xff, 0xff, 0xfb, 0xff, 0xff, 0xff, 0xff, 0xff, 0xff, 0xff, 0xff, 0xff, 0xff, 0xff, 0xff, 0xff, 0xff, 0xff, 0xff, 0xff, 0xfd, 0xff, 0xff, 0xff, 
    0xff, 0xff, 0xf2, 0xff, 0xff, 0x59, 0x00, 0x00, 0x00, 0x00, 0x00, 0x00, 0xff, 0xff, 0x04, 0xff, 0xff, 0x02, 0x00, 0x00, 0x00, 0x00, 0x00, 0x00, 
    0x00, 0x00, 0x00, 0x00, 0x00, 0x00, 0x00, 0x00, 0x00, 0x00, 0x00, 0x00, 0x00, 0x00, 0x00, 0x00, 0x00, 0x00, 0x00, 0x00, 0x00, 0x00, 0x00, 0x00, 
    0xff, 0xff, 0x01, 0xff, 0xff, 0x02, 0xff, 0xff, 0x06, 0x00, 0x00, 0x00, 0xff, 0xff, 0x9e, 0xff, 0xff, 0xff, 0xff, 0xff, 0xfc, 0xff, 0xff, 0xff, 
    0xff, 0xff, 0xff, 0xff, 0xff, 0xff, 0xff, 0xff, 0xfd, 0xff, 0xff, 0xff, 0xff, 0xff, 0x4c, 0x00, 0x00, 0x00, 0xff, 0xff, 0x03, 0x00, 0x00, 0x00, 
    0x00, 0x00, 0x00, 0x00, 0x00, 0x00, 0x00, 0x00, 0x00, 0x00, 0x00, 0x00, 0xff, 0xff, 0x04, 0x00, 0x00, 0x00, 0xff, 0xff, 0x8a, 0xff, 0xff, 0xff, 
    0xff, 0xff, 0xfc, 0xff, 0xff, 0xff, 0xff, 0xff, 0xff, 0xff, 0xff, 0xff, 0xff, 0xff, 0xfb, 0xff, 0xff, 0xff, 0xff, 0xff, 0xa0, 0x00, 0x00, 0x00, 
    0xff, 0xff, 0x03, 0x00, 0x00, 0x00, 0x00, 0x00, 0x00, 0x00, 0x00, 0x00, 0x00, 0x00, 0x00, 0xe7, 0x79, 0x08, 0x08, 0x7a, 0x13, 0x00, 0x00, 0x00, 
    0x00, 0x00, 0x00, 0x00, 0x00, 0x00, 0x00, 0x00, 0x00, 0x00, 0x00, 0x00, 0x00, 0x00, 0x00, 0x00, 0x00, 0x00, 0x86, 0x99, 0x05, 0x00, 0x00, 0x00, 
    0x00, 0x00, 0x00, 0xe9, 0x9a, 0x10, 0xc9, 0xa2, 0x60, 0xe9, 0xaa, 0x66, 0xa7, 0xb2, 0xbc, 0x26, 0xba, 0xfc, 0x83, 0xb1, 0xfe, 0xa3, 0xb9, 0xff, 
    0xa3, 0xb9, 0xff, 0xa3, 0xb9, 0xff, 0xa3, 0xb9, 0xff, 0xa3, 0xb9, 0xff, 0xa3, 0xb9, 0xff, 0xa3, 0xb9, 0xfe, 0x82, 0xb1, 0xff, 0x67, 0xba, 0xec, 
    0x0a, 0xbb, 0x45, 0x26, 0x92, 0x5a, 0x06, 0x8a, 0x73, 0x00, 0x00, 0x00, 0x00, 0x00, 0x00, 0x00, 0x00, 0x00, 0xaa, 0x7a, 0x06, 0xc9, 0x92, 0x11, 
    0x00, 0x00, 0x00, 0xc8, 0x9a, 0x1a, 0x48, 0x9a, 0x1f, 0xc9, 0xaa, 0x3c, 0x09, 0xbb, 0x6c, 0xc8, 0xba, 0xbc, 0xc4, 0xb1, 0xff, 0x83, 0xb9, 0xff, 
    0xa3, 0xb9, 0xfd, 0xa3, 0xb9, 0xff, 0xa3, 0xb9, 0xff, 0xa3, 0xb9, 0xff, 0xa3, 0xb9, 0xff, 0xa3, 0xb9, 0xff, 0xa3, 0xb9, 0xff, 0xa3, 0xb9, 0xff, 
    0xa3, 0xb9, 0xfc, 0x83, 0xb1, 0xff, 0x46, 0xba, 0xe0, 0x4a, 0xcb, 0x6c, 0xa9, 0xaa, 0x57, 0xe9, 0xba, 0x5b, 0x87, 0xba, 0xc3, 0xc4, 0xb9, 0xff, 
    0x83, 0xb1, 0xfe, 0xa3, 0xb9, 0xff, 0xa3, 0xb9, 0xff, 0xa3, 0xb9, 0xff, 0xa3, 0xb9, 0xff, 0xa3, 0xb9, 0xfe, 0xc4, 0xb9, 0xff, 0xa8, 0xba, 0xc2, 
    0x4b, 0xc3, 0x1a, 0x00, 0x00, 0x00, 0x00, 0x00, 0x01, 0x00, 0x00, 0x00, 0x00, 0x00, 0x00, 0x00, 0x00, 0x00, 0x69, 0x9a, 0x10, 0x68, 0x9a, 0x2a, 
    0xe9, 0xb2, 0x52, 0x09, 0xbb, 0x71, 0x87, 0xc2, 0xc0, 0x05, 0xba, 0xfb, 0x62, 0xb1, 0xff, 0x83, 0xb1, 0xfe, 0xa3, 0xb9, 0xff, 0xa3, 0xb9, 0xff, 
    0xa3, 0xb9, 0xff, 0xa3, 0xb9, 0xff, 0xa3, 0xb9, 0xff, 0xa3, 0xb9, 0xff, 0xa3, 0xb9, 0xff, 0xa3, 0xb9, 0xff, 0xa3, 0xb9, 0xfd, 0xc3, 0xb9, 0xff, 
    0x05, 0xb2, 0xf6, 0xe9, 0xc2, 0xc5, 0x2a, 0xd3, 0xb1, 0xa8, 0xc2, 0xf0, 0xc4, 0xb1, 0xff, 0xa3, 0xb9, 0xff, 0xa3, 0xb9, 0xff, 0xa3, 0xb9, 0xff, 
    0xa3, 0xb9, 0xff, 0xa3, 0xb9, 0xff, 0x83, 0xb1, 0xff, 0xc4, 0xb9, 0xff, 0xa7, 0xc2, 0xfc, 0xe9, 0xc2, 0xc1, 0xe9, 0xba, 0xb2, 0xe9, 0xba, 0x86, 
    0xa7, 0xba, 0xb0, 0x66, 0xba, 0xd1, 0xe5, 0xb1, 0xee, 0xe4, 0xb9, 0xfe, 0xa3, 0xb9, 0xff, 0xa3, 0xb9, 0xff, 0xa3, 0xb9, 0xff, 0x83, 0xb1, 0xff, 
    0xa3, 0xb9, 0xfe, 0xa3, 0xb9, 0xff, 0xa3, 0xb9, 0xff, 0xa3, 0xb9, 0xff, 0xa3, 0xb9, 0xff, 0xa3, 0xb9, 0xff, 0xa3, 0xb9, 0xff, 0xa3, 0xb9, 0xff, 
    0xa3, 0xb9, 0xff, 0xa3, 0xb9, 0xff, 0xa3, 0xb9, 0xff, 0xa3, 0xb9, 0xff, 0xa3, 0xb9, 0xff, 0xa3, 0xb9, 0xff, 0xa3, 0xb9, 0xff, 0xa3, 0xb9, 0xff, 
    0xa3, 0xb9, 0xff, 0xa3, 0xb9, 0xff, 0xa3, 0xb9, 0xff, 0xa3, 0xb9, 0xff, 0xa3, 0xb9, 0xff, 0x83, 0xb1, 0xff, 0xa3, 0xb9, 0xff, 0xc4, 0xb9, 0xff, 
    0x87, 0xc2, 0xfe, 0x29, 0xcb, 0xd9, 0x0a, 0xbb, 0x6e, 0x09, 0xab, 0x2c, 0x29, 0xb3, 0x21, 0xe9, 0x9a, 0x2f, 0xe9, 0x9a, 0x36, 0x2a, 0xab, 0x1c, 
    0xe9, 0x9a, 0x51, 0x8d, 0xfc, 0x07, 0xef, 0xfb, 0x02, 0xe0, 0x7b, 0x02, 0x00, 0xf8, 0x01, 0x00, 0x00, 0x00, 0x00, 0x00, 0x00, 0x00, 0x00, 0x00, 
    0x00, 0x00, 0x00, 0x00, 0x00, 0x00, 0x00, 0x00, 0x00, 0x00, 0x00, 0x00, 0x00, 0x00, 0x00, 0x00, 0x00, 0x00, 0x00, 0x00, 0x00, 0x00, 0x00, 0x00, 
    0x00, 0x00, 0x00, 0x00, 0x00, 0x00, 0x00, 0x00, 0x00, 0x00, 0x00, 0x00, 0x00, 0x00, 0x00, 0x00, 0x00, 0x00, 0x00, 0x00, 0x00, 0x00, 0x00, 0x00, 
    0x00, 0x00, 0x00, 0x00, 0x00, 0x00, 0xff, 0xff, 0x02, 0x00, 0x00, 0x00, 0xff, 0xff, 0x5b, 0xff, 0xff, 0xff, 0xff, 0xff, 0xfb, 0xff, 0xff, 0xfe, 
    0xff, 0xff, 0xff, 0xff, 0xff, 0xff, 0xff, 0xff, 0xff, 0xff, 0xff, 0xff, 0xff, 0xff, 0xff, 0xff, 0xff, 0xfc, 0xff, 0xff, 0xff, 0xff, 0xff, 0xd5, 
    0xff, 0xff, 0x44, 0x00, 0x00, 0x00, 0x00, 0x00, 0x00, 0x00, 0x00, 0x00, 0xff, 0xff, 0x04, 0xff, 0xff, 0x03, 0xff, 0xff, 0x03, 0xff, 0xff, 0x02, 
    0xff, 0xff, 0x01, 0xff, 0xff, 0x02, 0xff, 0xff, 0x02, 0xff, 0xff, 0x03, 0xff, 0xff, 0x03, 0xff, 0xff, 0x02, 0x00, 0x00, 0x00, 0x00, 0x00, 0x00, 
    0xff, 0xff, 0x0b, 0xff, 0xff, 0xa2, 0xff, 0xff, 0xff, 0xff, 0xff, 0xfc, 0xff, 0xff, 0xff, 0xff, 0xff, 0xff, 0xff, 0xff, 0xff, 0xff, 0xff, 0xfc, 
    0xff, 0xff, 0xff, 0xff, 0xff, 0x90, 0x00, 0x00, 0x00, 0xff, 0xff, 0x03, 0x00, 0x00, 0x00, 0x00, 0x00, 0x00, 0x00, 0x00, 0x00, 0xff, 0xff, 0x01, 
    0xff, 0xff, 0x01, 0xff, 0xff, 0x13, 0xff, 0xff, 0xea, 0xff, 0xff, 0xff, 0xff, 0xff, 0xfe, 0xff, 0xff, 0xff, 0xff, 0xff, 0xff, 0xff, 0xff, 0xff, 
    0xff, 0xff, 0xfc, 0xff, 0xff, 0xff, 0xff, 0xff, 0x6d, 0x00, 0x00, 0x00, 0x00, 0x00, 0x00, 0x00, 0x00, 0x00, 0x00, 0x00, 0x00, 0x00, 0x00, 0x00, 
    0x00, 0x00, 0x00, 0x00, 0x00, 0x00, 0x00, 0x00, 0x00, 0x00, 0x00, 0x00, 0x00, 0x00, 0x00, 0x00, 0x00, 0x00, 0x00, 0x00, 0x00, 0x00, 0x00, 0x00, 
    0x00, 0x00, 0x00, 0x00, 0x00, 0x00, 0x00, 0x00, 0x00, 0x00, 0x00, 0x00, 0x00, 0x00, 0x00, 0x00, 0x00, 0x00, 0x00, 0x00, 0x00, 0x00, 0x00, 0x00, 
    0xff, 0xff, 0x6e, 0xff, 0xff, 0xff, 0xff, 0xff, 0xfc, 0xff, 0xff, 0xff, 0xff, 0xff, 0xff, 0xff, 0xff, 0xff, 0xff, 0xff, 0xff, 0xff, 0xff, 0xfd, 
    0xff, 0xff, 0xff, 0xff, 0xff, 0x49, 0x00, 0x00, 0x00, 0xff, 0xff, 0x04, 0x00, 0x00, 0x00, 0x00, 0x00, 0x00, 0x00, 0x00, 0x00, 0x00, 0x00, 0x00, 
    0xff, 0xff, 0x02, 0xff, 0xff, 0x01, 0xff, 0xff, 0x15, 0xff, 0xff, 0xe1, 0xff, 0xff, 0xff, 0xff, 0xff, 0xfd, 0xff, 0xff, 0xff, 0xff, 0xff, 0xff, 
    0xff, 0xff, 0xff, 0xff, 0xff, 0xff, 0xff, 0xff, 0xff, 0xff, 0xff, 0xfc, 0xff, 0xff, 0xff, 0xff, 0xff, 0xf7, 0xff, 0xff, 0x79, 0xff, 0xff, 0x0a, 
    0x00, 0x00, 0x00, 0x00, 0x00, 0x00, 0xff, 0xff, 0x03, 0xff, 0xff, 0x03, 0xff, 0xff, 0x03, 0xff, 0xff, 0x02, 0xff, 0xff, 0x02, 0xff, 0xff, 0x02, 
    0xff, 0xff, 0x02, 0xff, 0xff, 0x03, 0xff, 0xff, 0x03, 0xff, 0xff, 0x04, 0x00, 0x00, 0x00, 0x00, 0x00, 0x00, 0x00, 0x00, 0x00, 0xff, 0xff, 0x39, 
    0xff, 0xff, 0xe6, 0xff, 0xff, 0xfe, 0xff, 0xff, 0xfe, 0xff, 0xff, 0xff, 0xff, 0xff, 0xff, 0xff, 0xff, 0xfe, 0xff, 0xff, 0xff, 0xff, 0xff, 0xfc, 
    0xff, 0xff, 0x26, 0x00, 0x00, 0x00, 0xff, 0xff, 0x02, 0x00, 0x00, 0x00, 0x00, 0x00, 0x00, 0x00, 0x00, 0x00, 0x00, 0x00, 0x00, 0x00, 0x00, 0x00, 
    0xff, 0xff, 0x01, 0xff, 0xff, 0x03, 0xff, 0xff, 0x05, 0xff, 0xff, 0xb9, 0xff, 0xff, 0xff, 0xff, 0xff, 0xfc, 0xff, 0xff, 0xff, 0xff, 0xff, 0xff, 
    0xff, 0xff, 0xff, 0xff, 0xff, 0xff, 0xff, 0xff, 0xff, 0xff, 0xff, 0xfd, 0xff, 0xff, 0xff, 0xff, 0xff, 0xff, 0xff, 0xff, 0xa0, 0xff, 0xff, 0x20, 
    0x00, 0x00, 0x00, 0x00, 0x00, 0x00, 0xff, 0xff, 0x01, 0xff, 0xff, 0x03, 0xff, 0xff, 0x03, 0xff, 0xff, 0x02, 0xff, 0xff, 0x02, 0xff, 0xff, 0x02, 
    0xff, 0xff, 0x02, 0xff, 0xff, 0x03, 0xff, 0xff, 0x03, 0xff, 0xff, 0x04, 0x00, 0x00, 0x00, 0x00, 0x00, 0x00, 0x00, 0x00, 0x00, 0xff, 0xff, 0x1d, 
    0xff, 0xff, 0xc6, 0xff, 0xff, 0xff, 0xff, 0xff, 0xfd, 0xff, 0xff, 0xff, 0xff, 0xff, 0xff, 0xff, 0xff, 0xff, 0xff, 0xff, 0xfd, 0xff, 0xff, 0xff, 
    0xff, 0xff, 0x4c, 0x00, 0x00, 0x00, 0xff, 0xff, 0x03, 0x00, 0x00, 0x00, 0x00, 0x00, 0x00, 0x00, 0x00, 0x00, 0x00, 0x00, 0x00, 0x00, 0x00, 0x00, 
    0xff, 0xff, 0x04, 0x00, 0x00, 0x00, 0xff, 0xff, 0x8b, 0xff, 0xff, 0xff, 0xff, 0xff, 0xfc, 0xff, 0xff, 0xff, 0xff, 0xff, 0xff, 0xff, 0xff, 0xff, 
    0xff, 0xff, 0xfb, 0xff, 0xff, 0xff, 0xff, 0xff, 0x9f, 0x00, 0x00, 0x00, 0xff, 0xff, 0x06, 0x00, 0x00, 0x00, 0x00, 0x00, 0x00, 0x00, 0x00, 0x00, 
    0x00, 0x00, 0x00, 0x00, 0x00, 0x00, 0xef, 0x7b, 0x02, 0x00, 0x00, 0x00, 0x00, 0xf8, 0x01, 0x00, 0xf8, 0x01, 0x00, 0x00, 0x00, 0x00, 0x00, 0x00, 
    0x00, 0x00, 0x00, 0x00, 0x00, 0x00, 0x00, 0x00, 0x00, 0x00, 0x00, 0x00, 0x26, 0x92, 0x46, 0x47, 0x9a, 0x41, 0xe9, 0xa2, 0x31, 0xa9, 0xa2, 0x43, 
    0xe9, 0xba, 0x6b, 0xe9, 0xc2, 0xeb, 0xe4, 0xb9, 0xfe, 0xa3, 0xb1, 0xff, 0xa3, 0xb9, 0xff, 0xa3, 0xb9, 0xff, 0xa3, 0xb9, 0xff, 0xa3, 0xb9, 0xff, 
    0xa3, 0xb9, 0xff, 0xa3, 0xb1, 0xfe, 0x62, 0xa9, 0xff, 0x46, 0xb2, 0xf4, 0x2a, 0xbb, 0x8c, 0x67, 0x9a, 0x7e, 0x27, 0x8a, 0x95, 0xa7, 0x8a, 0x18, 
    0x67, 0x8a, 0x0d, 0xe8, 0xa2, 0x0b, 0x00, 0xf8, 0x01, 0xe0, 0x7b, 0x02, 0xa8, 0xaa, 0x0f, 0x68, 0x92, 0x2a, 0xe9, 0xaa, 0x50, 0xe9, 0xc2, 0xab, 
    0x46, 0xba, 0xf0, 0xc4, 0xb1, 0xff, 0xa3, 0xb1, 0xff, 0xa3, 0xb9, 0xfe, 0xa3, 0xb9, 0xff, 0xa3, 0xb9, 0xff, 0xa3, 0xb9, 0xff, 0xa3, 0xb9, 0xff, 
    0xa3, 0xb9, 0xff, 0xa3, 0xb9, 0xff, 0xa3, 0xb9, 0xff, 0x83, 0xb9, 0xfd, 0xa3, 0xb1, 0xff, 0x46, 0xba, 0xde, 0xe9, 0xba, 0x8d, 0xc9, 0xaa, 0x34, 
    0x89, 0xa2, 0x23, 0xc9, 0xb2, 0x5b, 0xa8, 0xba, 0xbc, 0xc4, 0xb1, 0xff, 0x83, 0xb1, 0xfe, 0xa4, 0xb9, 0xff, 0xa3, 0xb9, 0xff, 0xa3, 0xb9, 0xff, 
    0xa3, 0xb9, 0xff, 0xa3, 0xb9, 0xfe, 0xe4, 0xb9, 0xff, 0x09, 0xc3, 0xb9, 0xe9, 0xb2, 0x30, 0x00, 0x00, 0x00, 0x00, 0x00, 0x00, 0x00, 0x00, 0x00, 
    0x00, 0x00, 0x00, 0x00, 0x00, 0x00, 0x00, 0x00, 0x00, 0x00, 0x00, 0x00, 0x28, 0xa2, 0x0b, 0x88, 0xa2, 0x2f, 0xe9, 0xb2, 0x60, 0x2a, 0xcb, 0xb9, 
    0x86, 0xc2, 0xf2, 0xc4, 0xb9, 0xff, 0xa3, 0xb9, 0xfd, 0xa3, 0xb9, 0xff, 0xa3, 0xb9, 0xff, 0xa3, 0xb9, 0xff, 0xa3, 0xb9, 0xff, 0xa3, 0xb9, 0xff, 
    0xa3, 0xb9, 0xff, 0xa3, 0xb9, 0xff, 0xa3, 0xb9, 0xff, 0xa3, 0xb9, 0xfe, 0xa3, 0xb9, 0xff, 0xe4, 0xb9, 0xfa, 0x87, 0xc2, 0xee, 0xc8, 0xca, 0xf2, 
    0xc4, 0xb9, 0xff, 0xa3, 0xb9, 0xff, 0xa3, 0xb9, 0xff, 0xa3, 0xb9, 0xff, 0xa3, 0xb9, 0xff, 0xa3, 0xb9, 0xff, 0x83, 0xb1, 0xff, 0xa3, 0xb1, 0xff, 
    0x66, 0xc2, 0xfe, 0xc8, 0xc2, 0xf2, 0x2a, 0xd3, 0xcc, 0x26, 0xba, 0xe9, 0xc4, 0xb1, 0xff, 0xc3, 0xb9, 0xff, 0x83, 0xb9, 0xff, 0x83, 0xb9, 0xff, 
    0xa3, 0xb9, 0xfd, 0xa3, 0xb9, 0xfe, 0xa3, 0xb9, 0xfe, 0xa3, 0xb9, 0xff, 0xa3, 0xb9, 0xff, 0xa3, 0xb9, 0xff, 0xa3, 0xb9, 0xff, 0xa3, 0xb9, 0xff, 
    0xa3, 0xb9, 0xff, 0xa3, 0xb9, 0xff, 0xa3, 0xb9, 0xff, 0xa3, 0xb9, 0xff, 0xa3, 0xb9, 0xff, 0xa3, 0xb9, 0xff, 0xa3, 0xb9, 0xff, 0xa3, 0xb9, 0xff, 
    0xa3, 0xb9, 0xff, 0xa3, 0xb9, 0xff, 0xa3, 0xb9, 0xff, 0xa3, 0xb9, 0xff, 0xa3, 0xb9, 0xff, 0xa3, 0xb9, 0xff, 0xa3, 0xb9, 0xff, 0xa3, 0xb9, 0xff, 
    0xa3, 0xb9, 0xff, 0x83, 0xb1, 0xff, 0xc3, 0xb9, 0xff, 0x25, 0xc2, 0xfe, 0xa8, 0xca, 0xf6, 0xa8, 0xc2, 0xef, 0x4a, 0xc3, 0xac, 0x09, 0xb3, 0x64, 
    0x09, 0xab, 0x3d, 0xe9, 0xa2, 0x5c, 0xe9, 0x9a, 0x53, 0x2a, 0xb3, 0x1b, 0xe9, 0x9a, 0x48, 0x67, 0x82, 0x77, 0xa8, 0x9a, 0x0f, 0x00, 0x00, 0x01, 
    0x00, 0xf8, 0x01, 0x45, 0x79, 0x06, 0xe5, 0x89, 0x1d, 0x00, 0xf8, 0x01, 0x00, 0x00, 0x00, 0x00, 0x00, 0x00, 0x00, 0x00, 0x00, 0x00, 0x00, 0x00, 
    0x00, 0x00, 0x00, 0x00, 0x00, 0x00, 0x00, 0x00, 0x00, 0x00, 0x00, 0x00, 0x00, 0x00, 0x00, 0x00, 0x00, 0x00, 0x00, 0x00, 0x00, 0x00, 0x00, 0x00, 
    0x00, 0x00, 0x00, 0x00, 0x00, 0x00, 0x00, 0x00, 0x00, 0x00, 0x00, 0x00, 0x00, 0x00, 0x00, 0x00, 0x00, 0x00, 0x00, 0x00, 0x00, 0xff, 0xff, 0x03, 
    0x00, 0x00, 0x00, 0xff, 0xff, 0x99, 0xff, 0xff, 0xff, 0xff, 0xff, 0xfa, 0xff, 0xff, 0xff, 0xff, 0xff, 0xff, 0xff, 0xff, 0xff, 0xff, 0xff, 0xff, 
    0xff, 0xff, 0xff, 0xff, 0xff, 0xff, 0xff, 0xff, 0xfc, 0xff, 0xff, 0xff, 0xff, 0xff, 0xff, 0xff, 0xff, 0xaf, 0xff, 0xff, 0x44, 0xff, 0xff, 0x06, 
    0x00, 0x00, 0x00, 0x00, 0x00, 0x00, 0x00, 0x00, 0x00, 0x00, 0x00, 0x00, 0x00, 0x00, 0x00, 0x00, 0x00, 0x00, 0x00, 0x00, 0x00, 0x00, 0x00, 0x00, 
    0x00, 0x00, 0x00, 0x00, 0x00, 0x00, 0xff, 0xff, 0x18, 0xff, 0xff, 0x68, 0xff, 0xff, 0xd5, 0xff, 0xff, 0xff, 0xff, 0xff, 0xfe, 0xff, 0xff, 0xff, 
    0xff, 0xff, 0xff, 0xff, 0xff, 0xff, 0xff, 0xff, 0xff, 0xff, 0xff, 0xfc, 0xff, 0xff, 0xff, 0xff, 0xff, 0x8f, 0x00, 0x00, 0x00, 0xff, 0xff, 0x03, 
    0x00, 0x00, 0x00, 0x00, 0x00, 0x00, 0x00, 0x00, 0x00, 0xff, 0xff, 0x03, 0x00, 0x00, 0x00, 0xff, 0xff, 0x71, 0xff, 0xff, 0xff, 0xff, 0xff, 0xfc, 
    0xff, 0xff, 0xff, 0xff, 0xff, 0xff, 0xff, 0xff, 0xff, 0xff, 0xff, 0xfd, 0xff, 0xff, 0xff, 0xff, 0xff, 0xe9, 0xff, 0xff, 0x11, 0xff, 0xff, 0x03, 
    0xff, 0xff, 0x05, 0xff, 0xff, 0x03, 0xff, 0xff, 0x03, 0xff, 0xff, 0x03, 0xff, 0xff, 0x03, 0xff, 0xff, 0x03, 0xff, 0xff, 0x03, 0xff, 0xff, 0x03, 
    0xff, 0xff, 0x03, 0xff, 0xff, 0x03, 0xff, 0xff, 0x03, 0xff, 0xff, 0x03, 0xff, 0xff, 0x03, 0xff, 0xff, 0x03, 0xff, 0xff, 0x03, 0xff, 0xff, 0x03, 
    0xff, 0xff, 0x03, 0xff, 0xff, 0x03, 0xff, 0xff, 0x04, 0xff, 0xff, 0x03, 0xff, 0xff, 0x14, 0xff, 0xff, 0xec, 0xff, 0xff, 0xff, 0xff, 0xff, 0xfd, 
    0xff, 0xff, 0xff, 0xff, 0xff, 0xff, 0xff, 0xff, 0xff, 0xff, 0xff, 0xfc, 0xff, 0xff, 0xff, 0xff, 0xff, 0xb9, 0x00, 0x00, 0x00, 0xff, 0xff, 0x02, 
    0x00, 0x00, 0x00, 0x00, 0x00, 0x00, 0x00, 0x00, 0x00, 0x00, 0x00, 0x00, 0x00, 0x00, 0x00, 0xff, 0xff, 0x03, 0x00, 0x00, 0x00, 0xff, 0xff, 0x3f, 
    0xff, 0xff, 0xfc, 0xff, 0xff, 0xfc, 0xff, 0xff, 0xfe, 0xff, 0xff, 0xff, 0xff, 0xff, 0xff, 0xff, 0xff, 0xff, 0xff, 0xff, 0xff, 0xff, 0xff, 0xff, 
    0xff, 0xff, 0xfd, 0xff, 0xff, 0xff, 0xff, 0xff, 0xff, 0xff, 0xff, 0xd2, 0xff, 0xff, 0x69, 0xff, 0xff, 0x16, 0x00, 0x00, 0x00, 0x00, 0x00, 0x00, 
    0x00, 0x00, 0x00, 0x00, 0x00, 0x00, 0x00, 0x00, 0x00, 0x00, 0x00, 0x00, 0x00, 0x00, 0x00, 0x00, 0x00, 0x00, 0x00, 0x00, 0x00, 0x00, 0x00, 0x00, 
    0xff, 0xff, 0x0a, 0xff, 0xff, 0x41, 0xff, 0xff, 0xa5, 0xff, 0xff, 0xfc, 0xff, 0xff, 0xff, 0xff, 0xff, 0xfe, 0xff, 0xff, 0xff, 0xff, 0xff, 0xff, 
    0xff, 0xff, 0xff, 0xff, 0xff, 0xfe, 0xff, 0xff, 0xff, 0xff, 0xff, 0xfc, 0xff, 0xff, 0x25, 0x00, 0x00, 0x00, 0xff, 0xff, 0x02, 0x00, 0x00, 0x00, 
    0x00, 0x00, 0x00, 0x00, 0x00, 0x00, 0x00, 0x00, 0x00, 0x00, 0x00, 0x00, 0x00, 0x00, 0x00, 0xff, 0xff, 0x02, 0x00, 0x00, 0x00, 0xff, 0xff, 0x1a, 
    0xff, 0xff, 0xea, 0xff, 0xff, 0xff, 0xff, 0xff, 0xfd, 0xff, 0xff, 0xff, 0xff, 0xff, 0xff, 0xff, 0xff, 0xff, 0xff, 0xff, 0xff, 0xff, 0xff, 0xff, 
    0xff, 0xff, 0xfe, 0xff, 0xff, 0xfd, 0xff, 0xff, 0xff, 0xff, 0xff, 0xeb, 0xff, 0xff, 0x83, 0xff, 0xff, 0x23, 0x00, 0x00, 0x00, 0x00, 0x00, 0x00, 
    0x00, 0x00, 0x00, 0x00, 0x00, 0x00, 0x00, 0x00, 0x00, 0x00, 0x00, 0x00, 0x00, 0x00, 0x00, 0x00, 0x00, 0x00, 0x00, 0x00, 0x00, 0x00, 0x00, 0x00, 
    0xff, 0xff, 0x03, 0xff, 0xff, 0x36, 0xff, 0xff, 0x8f, 0xff, 0xff, 0xec, 0xff, 0xff, 0xff, 0xff, 0xff, 0xff, 0xff, 0xff, 0xff, 0xff, 0xff, 0xff, 
    0xff, 0xff, 0xff, 0xff, 0xff, 0xff, 0xff, 0xff, 0xfd, 0xff, 0xff, 0xff, 0xff, 0xff, 0x4c, 0x00, 0x00, 0x00, 0xff, 0xff, 0x03, 0x00, 0x00, 0x00, 
    0x00, 0x00, 0x00, 0x00, 0x00, 0x00, 0x00, 0x00, 0x00, 0x00, 0x00, 0x00, 0xff, 0xff, 0x04, 0x00, 0x00, 0x00, 0xff, 0xff, 0x8b, 0xff, 0xff, 0xff, 
    0xff, 0xff, 0xfc, 0xff, 0xff, 0xff, 0xff, 0xff, 0xff, 0xff, 0xff, 0xff, 0xff, 0xff, 0xfb, 0xff, 0xff, 0xff, 0xff, 0xff, 0x9f, 0x00, 0x00, 0x00, 
    0xff, 0xff, 0x0d, 0x00, 0x00, 0x00, 0x00, 0x00, 0x00, 0x00, 0x00, 0x00, 0x00, 0x00, 0x00, 0x00, 0xf8, 0x01, 0x88, 0x7a, 0x13, 0x00, 0x00, 0x00, 
    0x49, 0x92, 0x07, 0xef, 0x7b, 0x02, 0x00, 0x00, 0x00, 0x00, 0x00, 0x00, 0x00, 0x00, 0x00, 0x00, 0x78, 0x02, 0x00, 0x00, 0x00, 0xe4, 0x99, 0x7a, 
    0xc4, 0xa9, 0xff, 0xc4, 0xa1, 0xf3, 0x46, 0xa2, 0x46, 0xea, 0xa2, 0x20, 0xe9, 0xb2, 0x6e, 0x09, 0xc3, 0xd0, 0x05, 0xba, 0xfe, 0x83, 0xb1, 0xff, 
    0xa3, 0xb9, 0xff, 0xa3, 0xb9, 0xff, 0xa3, 0xb9, 0xff, 0xa3, 0xb9, 0xff, 0xa3, 0xb9, 0xff, 0xa3, 0xb9, 0xff, 0x62, 0xb1, 0xff, 0x05, 0xba, 0xf4, 
    0x09, 0xbb, 0xb9, 0x09, 0xab, 0x53, 0xa9, 0x9a, 0x5c, 0x67, 0x8a, 0x67, 0x47, 0x8a, 0x6a, 0x69, 0xab, 0x10, 0x88, 0x92, 0x13, 0x45, 0x79, 0x06, 
    0x88, 0xa2, 0x2b, 0x0a, 0xc3, 0x66, 0x87, 0xba, 0xb7, 0xe5, 0xb1, 0xf9, 0xa3, 0xb9, 0xff, 0xa3, 0xb9, 0xfe, 0xa3, 0xb9, 0xff, 0xa3, 0xb9, 0xff, 
    0xa3, 0xb9, 0xff, 0xa3, 0xb9, 0xff, 0xa3, 0xb9, 0xff, 0xa3, 0xb9, 0xff, 0xa3, 0xb9, 0xff, 0xa3, 0xb9, 0xfe, 0x83, 0xb9, 0xfd, 0xa4, 0xb9, 0xff, 
    0x87, 0xba, 0xd2, 0x2a, 0xc3, 0x77, 0xc9, 0xaa, 0x4e, 0x69, 0x9a, 0x0d, 0x68, 0xa2, 0x17, 0xa9, 0xb2, 0x4d, 0xa8, 0xc2, 0xab, 0xc4, 0xb1, 0xff, 
    0x82, 0xb1, 0xfe, 0xa3, 0xb9, 0xff, 0xa3, 0xb9, 0xff, 0xa3, 0xb9, 0xff, 0xa3, 0xb9, 0xff, 0xa3, 0xb9, 0xfe, 0xc4, 0xb9, 0xff, 0x87, 0xba, 0xd9, 
    0xe9, 0xb2, 0x59, 0xe7, 0x91, 0x0c, 0x00, 0x00, 0x00, 0x00, 0x00, 0x01, 0x00, 0x00, 0x00, 0x00, 0x00, 0x00, 0x00, 0x00, 0x00, 0x00, 0x00, 0x00, 
    0x00, 0x00, 0x00, 0x00, 0xf8, 0x01, 0x26, 0x9a, 0x0f, 0xc9, 0xaa, 0x41, 0x0a, 0xc3, 0x8f, 0x46, 0xba, 0xe5, 0xc4, 0xb9, 0xff, 0xa3, 0xb9, 0xfd, 
    0xa3, 0xb9, 0xff, 0xa3, 0xb9, 0xff, 0xa3, 0xb9, 0xff, 0xa3, 0xb9, 0xff, 0xa3, 0xb9, 0xff, 0xa3, 0xb9, 0xff, 0xa3, 0xb9, 0xff, 0xa3, 0xb9, 0xff, 
    0xa3, 0xb9, 0xfe, 0xa3, 0xb9, 0xff, 0xc4, 0xb9, 0xff, 0x25, 0xc2, 0xfc, 0xa4, 0xb9, 0xff, 0xa3, 0xb9, 0xff, 0xa3, 0xb9, 0xff, 0xa4, 0xb9, 0xff, 
    0xa3, 0xb9, 0xff, 0xa3, 0xb9, 0xff, 0xa3, 0xb9, 0xff, 0x83, 0xb1, 0xff, 0xe5, 0xb9, 0xff, 0x66, 0xc2, 0xf7, 0xe4, 0xb9, 0xfe, 0xa3, 0xb9, 0xff, 
    0xa3, 0xb9, 0xfe, 0xa3, 0xb9, 0xfd, 0xa3, 0xb9, 0xfe, 0xa3, 0xb9, 0xff, 0xa3, 0xb9, 0xff, 0xa3, 0xb9, 0xff, 0xa3, 0xb9, 0xff, 0xa3, 0xb9, 0xff, 
    0xa3, 0xb9, 0xff, 0xa3, 0xb9, 0xff, 0xa3, 0xb9, 0xff, 0xa3, 0xb9, 0xff, 0xa3, 0xb9, 0xff, 0xa3, 0xb9, 0xff, 0xa3, 0xb9, 0xff, 0xa3, 0xb9, 0xff, 
    0xa3, 0xb9, 0xff, 0xa3, 0xb9, 0xff, 0xa3, 0xb9, 0xff, 0xa3, 0xb9, 0xff, 0xa3, 0xb9, 0xff, 0xa3, 0xb9, 0xff, 0xa3, 0xb9, 0xff, 0xa3, 0xb9, 0xfe, 
    0xa3, 0xb9, 0xff, 0xa3, 0xb9, 0xff, 0xa3, 0xb9, 0xff, 0xa3, 0xb9, 0xff, 0xa3, 0xb9, 0xff, 0xa3, 0xb1, 0xff, 0xc3, 0xb9, 0xff, 0x66, 0xc2, 0xfc, 
    0x09, 0xd3, 0xde, 0x87, 0xba, 0xf5, 0xe9, 0xc2, 0xdc, 0x2a, 0xbb, 0x89, 0x0a, 0xb3, 0x69, 0x0a, 0xb3, 0x69, 0x09, 0xab, 0x55, 0xe9, 0xa2, 0x3c, 
    0xea, 0xa2, 0x28, 0x67, 0x82, 0x35, 0x07, 0x9b, 0x0d, 0x00, 0x00, 0x01, 0x00, 0x00, 0x01, 0x25, 0x92, 0x16, 0x84, 0x79, 0x36, 0x00, 0x00, 0x00, 
    0x00, 0x00, 0x00, 0x00, 0x00, 0x00, 0x00, 0x00, 0x00, 0x00, 0x00, 0x00, 0x00, 0x00, 0x00, 0x00, 0x00, 0x00, 0x00, 0x00, 0x00, 0x00, 0x00, 0x00, 
    0x00, 0x00, 0x00, 0x00, 0x00, 0x00, 0x00, 0x00, 0x00, 0x00, 0x00, 0x00, 0x00, 0x00, 0x00, 0x00, 0x00, 0x00, 0x00, 0x00, 0x00, 0x00, 0x00, 0x00, 
    0x00, 0x00, 0x00, 0x00, 0x00, 0x00, 0x00, 0x00, 0x00, 0xff, 0xff, 0x01, 0xff, 0xff, 0x02, 0xff, 0xff, 0x09, 0xff, 0xff, 0xc0, 0xff, 0xff, 0xff, 
    0xff, 0xff, 0xfa, 0xff, 0xff, 0xff, 0xff, 0xff, 0xff, 0xff, 0xff, 0xff, 0xff, 0xff, 0xff, 0xff, 0xff, 0xff, 0xff, 0xff, 0xff, 0xff, 0xff, 0xfd, 
    0xff, 0xff, 0xfe, 0xff, 0xff, 0xff, 0xff, 0xff, 0xff, 0xff, 0xff, 0xd0, 0xff, 0xff, 0x94, 0xff, 0xff, 0x5a, 0xff, 0xff, 0x35, 0xff, 0xff, 0x26, 
    0xff, 0xff, 0x19, 0xff, 0xff, 0x21, 0xff, 0xff, 0x30, 0xff, 0xff, 0x4a, 0xff, 0xff, 0x7a, 0xff, 0xff, 0xb2, 0xff, 0xff, 0xed, 0xff, 0xff, 0xff, 
    0xff, 0xff, 0xff, 0xff, 0xff, 0xfd, 0xff, 0xff, 0xff, 0xff, 0xff, 0xff, 0xff, 0xff, 0xff, 0xff, 0xff, 0xff, 0xff, 0xff, 0xff, 0xff, 0xff, 0xfc, 
    0xff, 0xff, 0xff, 0xff, 0xff, 0x8e, 0x00, 0x00, 0x00, 0xff, 0xff, 0x03, 0x00, 0x00, 0x00, 0x00, 0x00, 0x00, 0xff, 0xff, 0x01, 0xff, 0xff, 0x01, 
    0xff, 0xff, 0x0d, 0xff, 0xff, 0xdf, 0xff, 0xff, 0xfe, 0xff, 0xff, 0xfd, 0xff, 0xff, 0xff, 0xff, 0xff, 0xff, 0xff, 0xff, 0xff, 0xff, 0xff, 0xfb, 
    0xff, 0xff, 0xff, 0xff, 0xff, 0xa2, 0x00, 0x00, 0x00, 0xff, 0xff, 0x02, 0x00, 0x00, 0x00, 0x00, 0x00, 0x00, 0x00, 0x00, 0x00, 0x00, 0x00, 0x00, 
    0x00, 0x00, 0x00, 0x00, 0x00, 0x00, 0x00, 0x00, 0x00, 0x00, 0x00, 0x00, 0x00, 0x00, 0x00, 0x00, 0x00, 0x00, 0x00, 0x00, 0x00, 0x00, 0x00, 0x00, 
    0x00, 0x00, 0x00, 0x00, 0x00, 0x00, 0x00, 0x00, 0x00, 0x00, 0x00, 0x00, 0x00, 0x00, 0x00, 0x00, 0x00, 0x00, 0x00, 0x00, 0x00, 0xff, 0xff, 0x03, 
    0x00, 0x00, 0x00, 0xff, 0xff, 0x95, 0xff, 0xff, 0xff, 0xff, 0xff, 0xfc, 0xff, 0xff, 0xff, 0xff, 0xff, 0xff, 0xff, 0xff, 0xff, 0xff, 0xff, 0xfe, 
    0xff, 0xff, 0xfe, 0xff, 0xff, 0xfd, 0xff, 0xff, 0x38, 0xff, 0xff, 0x01, 0xff, 0xff, 0x03, 0x00, 0x00, 0x00, 0x00, 0x00, 0x00, 0x00, 0x00, 0x00, 
    0x00, 0x00, 0x00, 0x00, 0x00, 0x00, 0xff, 0xff, 0x03, 0x00, 0x00, 0x00, 0xff, 0xff, 0x71, 0xff, 0xff, 0xff, 0xff, 0xff, 0xfb, 0xff, 0xff, 0xfe, 
    0xff, 0xff, 0xff, 0xff, 0xff, 0xff, 0xff, 0xff, 0xff, 0xff, 0xff, 0xff, 0xff, 0xff, 0xff, 0xff, 0xff, 0xfe, 0xff, 0xff, 0xfc, 0xff, 0xff, 0xff, 
    0xff, 0xff, 0xff, 0xff, 0xff, 0xe9, 0xff, 0xff, 0xa6, 0xff, 0xff, 0x74, 0xff, 0xff, 0x48, 0xff, 0xff, 0x2a, 0xff, 0xff, 0x20, 0xff, 0xff, 0x1d, 
    0xff, 0xff, 0x2a, 0xff, 0xff, 0x3c, 0xff, 0xff, 0x5e, 0xff, 0xff, 0x9a, 0xff, 0xff, 0xd7, 0xff, 0xff, 0xff, 0xff, 0xff, 0xff, 0xff, 0xff, 0xff, 
    0xff, 0xff, 0xfe, 0xff, 0xff, 0xff, 0xff, 0xff, 0xff, 0xff, 0xff, 0xff, 0xff, 0xff, 0xff, 0xff, 0xff, 0xfe, 0xff, 0xff, 0xff, 0xff, 0xff, 0xfa, 
    0xff, 0xff, 0x24, 0x00, 0x00, 0x00, 0xff, 0xff, 0x02, 0x00, 0x00, 0x00, 0x00, 0x00, 0x00, 0x00, 0x00, 0x00, 0x00, 0x00, 0x00, 0x00, 0x00, 0x00, 
    0x00, 0x00, 0x00, 0x00, 0x00, 0x00, 0xff, 0xff, 0x03, 0x00, 0x00, 0x00, 0xff, 0xff, 0x4f, 0xff, 0xff, 0xfe, 0xff, 0xff, 0xfd, 0xff, 0xff, 0xfd, 
    0xff, 0xff, 0xff, 0xff, 0xff, 0xff, 0xff, 0xff, 0xff, 0xff, 0xff, 0xff, 0xff, 0xff, 0xff, 0xff, 0xff, 0xff, 0xff, 0xff, 0xfc, 0xff, 0xff, 0xff, 
    0xff, 0xff, 0xff, 0xff, 0xff, 0xf6, 0xff, 0xff, 0xbe, 0xff, 0xff, 0x82, 0xff, 0xff, 0x53, 0xff, 0xff, 0x33, 0xff, 0xff, 0x21, 0xff, 0xff, 0x1f, 
    0xff, 0xff, 0x26, 0xff, 0xff, 0x3c, 0xff, 0xff, 0x5b, 0xff, 0xff, 0x92, 0xff, 0xff, 0xcd, 0xff, 0xff, 0xff, 0xff, 0xff, 0xff, 0xff, 0xff, 0xff, 
    0xff, 0xff, 0xfe, 0xff, 0xff, 0xff, 0xff, 0xff, 0xff, 0xff, 0xff, 0xff, 0xff, 0xff, 0xff, 0xff, 0xff, 0xff, 0xff, 0xff, 0xfd, 0xff, 0xff, 0xfe, 
    0xff, 0xff, 0x4c, 0x00, 0x00, 0x00, 0xff, 0xff, 0x03, 0x00, 0x00, 0x00, 0x00, 0x00, 0x00, 0x00, 0x00, 0x00, 0x00, 0x00, 0x00, 0x00, 0x00, 0x00, 
    0xff, 0xff, 0x04, 0x00, 0x00, 0x00, 0xff, 0xff, 0x8a, 0xff, 0xff, 0xff, 0xff, 0xff, 0xfc, 0xff, 0xff, 0xff, 0xff, 0xff, 0xff, 0xff, 0xff, 0xff, 
    0xff, 0xff, 0xfb, 0xff, 0xff, 0xff, 0xff, 0xff, 0xa0, 0x00, 0x00, 0x00, 0xdb, 0xde, 0x07, 0x00, 0x00, 0x00, 0x00, 0x00, 0x00, 0x00, 0x00, 0x00, 
    0x00, 0x00, 0x00, 0x00, 0x00, 0x00, 0xaa, 0x7a, 0x06, 0x00, 0xf8, 0x01, 0xe7, 0x9a, 0x08, 0x69, 0x93, 0x07, 0x00, 0x00, 0x00, 0x00, 0x00, 0x00, 
    0x00, 0x00, 0x01, 0x00, 0x00, 0x00, 0xff, 0x07, 0x01, 0xc4, 0xa1, 0xd5, 0xa3, 0xb9, 0xfc, 0xc3, 0xb1, 0xff, 0x05, 0xa2, 0xa3, 0x0a, 0xbb, 0x36, 
    0xc8, 0xb2, 0x67, 0x4a, 0xcb, 0x9a, 0x67, 0xba, 0xee, 0x83, 0xb1, 0xff, 0xa3, 0xb9, 0xfe, 0xa3, 0xb9, 0xff, 0xa3, 0xb9, 0xff, 0xa3, 0xb9, 0xff, 
    0xa3, 0xb9, 0xff, 0xa3, 0xb9, 0xff, 0x83, 0xb1, 0xfd, 0xc4, 0xb9, 0xff, 0x67, 0xba, 0xd9, 0xc9, 0xb2, 0x70, 0xa9, 0xaa, 0x38, 0xa8, 0x9a, 0x0f, 
    0xa7, 0x92, 0x0c, 0x47, 0x92, 0x22, 0xc8, 0xa2, 0x32, 0xc8, 0xb2, 0x5d, 0xa8, 0xba, 0xb4, 0x25, 0xb2, 0xf4, 0xc4, 0xb9, 0xff, 0xa3, 0xb1, 0xff, 
    0xa3, 0xb9, 0xfe, 0xa3, 0xb9, 0xff, 0xa3, 0xb9, 0xff, 0xa3, 0xb9, 0xff, 0xa3, 0xb9, 0xff, 0xa3, 0xb9, 0xff, 0xa3, 0xb9, 0xff, 0xa3, 0xb9, 0xff, 
    0xa3, 0xb9, 0xfe, 0xa3, 0xb9, 0xfe, 0xc3, 0xb1, 0xff, 0x46, 0xb2, 0xe1, 0x4a, 0xc3, 0x64, 0x47, 0x92, 0x1b, 0xc7, 0xa2, 0x11, 0xc8, 0xa2, 0x17, 
    0x68, 0xa2, 0x1d, 0xa9, 0xaa, 0x29, 0x88, 0xb2, 0x8c, 0xc4, 0xb1, 0xff, 0x62, 0xb1, 0xfe, 0xa3, 0xb9, 0xff, 0xa3, 0xb9, 0xff, 0xa3, 0xb9, 0xff, 
    0xa3, 0xb9, 0xff, 0xa3, 0xb9, 0xfe, 0xa3, 0xb9, 0xff, 0x05, 0xb2, 0xec, 0xe9, 0xb2, 0x70, 0x46, 0x92, 0x0e, 0x00, 0x00, 0x00, 0x00, 0x00, 0x01, 
    0x00, 0x00, 0x00, 0x00, 0x00, 0x00, 0x00, 0x00, 0x00, 0x00, 0x00, 0x00, 0x00, 0x00, 0x00, 0x00, 0x00, 0x00, 0xef, 0xfb, 0x02, 0x47, 0x92, 0x11, 
    0x67, 0x9a, 0x1a, 0x0a, 0xc3, 0x6f, 0x87, 0xba, 0xe2, 0xa3, 0xb1, 0xff, 0xa3, 0xb9, 0xfe, 0xa3, 0xb9, 0xfe, 0xa3, 0xb9, 0xff, 0xa3, 0xb9, 0xff, 
    0xa3, 0xb9, 0xff, 0xa3, 0xb9, 0xff, 0xc3, 0xb9, 0xff, 0xa3, 0xb9, 0xff, 0xa3, 0xb9, 0xff, 0xa4, 0xb9, 0xff, 0xa3, 0xb9, 0xff, 0xa3, 0xb9, 0xff, 
    0xa4, 0xb9, 0xff, 0xa3, 0xb9, 0xff, 0xa3, 0xb9, 0xff, 0xa4, 0xb9, 0xff, 0xa3, 0xb9, 0xff, 0xa3, 0xb9, 0xff, 0xa4, 0xb9, 0xff, 0xa3, 0xb9, 0xff, 
    0xa3, 0xb9, 0xff, 0x83, 0xb1, 0xff, 0xa3, 0xb9, 0xff, 0xa3, 0xb9, 0xfe, 0xa4, 0xb9, 0xff, 0xa3, 0xb9, 0xff, 0xa3, 0xb9, 0xff, 0xa3, 0xb9, 0xff, 
    0xa3, 0xb9, 0xff, 0xa3, 0xb9, 0xff, 0xa3, 0xb9, 0xff, 0xa3, 0xb9, 0xff, 0xa3, 0xb9, 0xff, 0xa3, 0xb9, 0xff, 0xa3, 0xb9, 0xff, 0xa3, 0xb9, 0xff, 
    0xa3, 0xb9, 0xff, 0xa3, 0xb9, 0xff, 0xa3, 0xb9, 0xff, 0xa3, 0xb9, 0xff, 0xa3, 0xb9, 0xff, 0xa3, 0xb9, 0xff, 0xa3, 0xb9, 0xff, 0xa3, 0xb9, 0xff, 
    0xa3, 0xb9, 0xff, 0xa3, 0xb9, 0xff, 0xa3, 0xb9, 0xff, 0xc3, 0xb9, 0xff, 0xa3, 0xb9, 0xff, 0xa3, 0xb9, 0xff, 0xa3, 0xb9, 0xff, 0xa3, 0xb9, 0xff, 
    0xa3, 0xb1, 0xff, 0xa3, 0xb1, 0xff, 0x05, 0xba, 0xff, 0xa7, 0xca, 0xfd, 0xe8, 0xca, 0xeb, 0xc8, 0xc2, 0xf0, 0xc8, 0xc2, 0xd5, 0x2a, 0xc3, 0xa4, 
    0x09, 0xbb, 0xb1, 0x09, 0xb3, 0x9f, 0xe9, 0xaa, 0x5d, 0xc9, 0xa2, 0x40, 0xc9, 0xa2, 0x56, 0x2a, 0xab, 0x33, 0x29, 0x9b, 0x0a, 0xe7, 0x99, 0x08, 
    0x00, 0xf8, 0x01, 0x00, 0x00, 0x00, 0x00, 0x00, 0x00, 0x00, 0x00, 0x00, 0x00, 0x00, 0x00, 0x00, 0x00, 0x00, 0x00, 0x00, 0x00, 0x00, 0x00, 0x00, 
    0x00, 0x00, 0x00, 0x00, 0x00, 0x01, 0x00, 0x00, 0x00, 0x00, 0x00, 0x00, 0x00, 0x00, 0x00, 0x00, 0x00, 0x00, 0x00, 0x00, 0x00, 0x00, 0x00, 0x00, 
    0x00, 0x00, 0x00, 0x00, 0x00, 0x00, 0x00, 0x00, 0x00, 0x00, 0x00, 0x00, 0x00, 0x00, 0x00, 0x00, 0x00, 0x00, 0x00, 0x00, 0x00, 0x00, 0x00, 0x00, 
    0xff, 0xff, 0x01, 0x00, 0x00, 0x00, 0xff, 0xff, 0x12, 0xff, 0xff, 0xc3, 0xff, 0xff, 0xff, 0xff, 0xff, 0xfb, 0xff, 0xff, 0xfe, 0xff, 0xff, 0xff, 
    0xff, 0xff, 0xff, 0xff, 0xff, 0xff, 0xff, 0xff, 0xff, 0xff, 0xff, 0xff, 0xff, 0xff, 0xff, 0xff, 0xff, 0xfc, 0xff, 0xff, 0xfe, 0xff, 0xff, 0xff, 
    0xff, 0xff, 0xff, 0xff, 0xff, 0xff, 0xff, 0xff, 0xff, 0xff, 0xff, 0xf5, 0xff, 0xff, 0xea, 0xff, 0xff, 0xf1, 0xff, 0xff, 0xff, 0xff, 0xff, 0xff, 
    0xff, 0xff, 0xff, 0xff, 0xff, 0xff, 0xff, 0xff, 0xff, 0xff, 0xff, 0xfc, 0xff, 0xff, 0xfd, 0xff, 0xff, 0xff, 0xff, 0xff, 0xff, 0xff, 0xff, 0xff, 
    0xff, 0xff, 0xff, 0xff, 0xff, 0xff, 0xff, 0xff, 0xff, 0xff, 0xff, 0xfb, 0xff, 0xff, 0xfd, 0xff, 0xff, 0x9a, 0x00, 0x00, 0x00, 0xff, 0xff, 0x03, 
    0x00, 0x00, 0x00, 0x00, 0x00, 0x00, 0xff, 0xff, 0x03, 0x00, 0x00, 0x00, 0xff, 0xff, 0x62, 0xff, 0xff, 0xff, 0xff, 0xff, 0xfc, 0xff, 0xff, 0xff, 
    0xff, 0xff, 0xff, 0xff, 0xff, 0xff, 0xff, 0xff, 0xff, 0xff, 0xff, 0xfe, 0xff, 0xff, 0xfd, 0xff, 0xff, 0x3a, 0x00, 0x00, 0x00, 0xff, 0xff, 0x03, 
    0x00, 0x00, 0x00, 0x00, 0x00, 0x00, 0x00, 0x00, 0x00, 0x00, 0x00, 0x00, 0x00, 0x00, 0x00, 0x00, 0x00, 0x00, 0x00, 0x00, 0x00, 0x00, 0x00, 0x00, 
    0x00, 0x00, 0x00, 0x00, 0x00, 0x00, 0x00, 0x00, 0x00, 0x00, 0x00, 0x00, 0x00, 0x00, 0x00, 0x00, 0x00, 0x00, 0x00, 0x00, 0x00, 0x00, 0x00, 0x00, 
    0x00, 0x00, 0x00, 0x00, 0x00, 0x00, 0x00, 0x00, 0x00, 0xff, 0xff, 0x02, 0x00, 0x00, 0x00, 0xff, 0xff, 0x2a, 0xff, 0xff, 0xf8, 0xff, 0xff, 0xfe, 
    0xff, 0xff, 0xfe, 0xff, 0xff, 0xff, 0xff, 0xff, 0xff, 0xff, 0xff, 0xff, 0xff, 0xff, 0xfc, 0xff, 0xff, 0xff, 0xff, 0xff, 0xa7, 0x00, 0x00, 0x00, 
    0xff, 0xff, 0x03, 0x00, 0x00, 0x00, 0x00, 0x00, 0x00, 0x00, 0x00, 0x00, 0x00, 0x00, 0x00, 0x00, 0x00, 0x00, 0x00, 0x00, 0x00, 0xff, 0xff, 0x04, 
    0x00, 0x00, 0x00, 0xff, 0xff, 0x7a, 0xff, 0xff, 0xff, 0xff, 0xff, 0xfe, 0xff, 0xff, 0xfd, 0xff, 0xff, 0xff, 0xff, 0xff, 0xff, 0xff, 0xff, 0xff, 
    0xff, 0xff, 0xff, 0xff, 0xff, 0xff, 0xff, 0xff, 0xff, 0xff, 0xff, 0xfd, 0xff, 0xff, 0xfc, 0xff, 0xff, 0xff, 0xff, 0xff, 0xff, 0xff, 0xff, 0xff, 
    0xff, 0xff, 0xff, 0xff, 0xff, 0xf9, 0xff, 0xff, 0xf0, 0xff, 0xff, 0xed, 0xff, 0xff, 0xf9, 0xff, 0xff, 0xff, 0xff, 0xff, 0xff, 0xff, 0xff, 0xff, 
    0xff, 0xff, 0xff, 0xff, 0xff, 0xfe, 0xff, 0xff, 0xfc, 0xff, 0xff, 0xfe, 0xff, 0xff, 0xff, 0xff, 0xff, 0xff, 0xff, 0xff, 0xff, 0xff, 0xff, 0xff, 
    0xff, 0xff, 0xff, 0xff, 0xff, 0xff, 0xff, 0xff, 0xfd, 0xff, 0xff, 0xff, 0xff, 0xff, 0x2a, 0x00, 0x00, 0x00, 0xff, 0xff, 0x02, 0x00, 0x00, 0x00, 
    0x00, 0x00, 0x00, 0x00, 0x00, 0x00, 0x00, 0x00, 0x00, 0x00, 0x00, 0x00, 0x00, 0x00, 0x00, 0x00, 0x00, 0x00, 0x00, 0x00, 0x00, 0xff, 0xff, 0x03, 
    0x00, 0x00, 0x00, 0xff, 0xff, 0x63, 0xff, 0xff, 0xff, 0xff, 0xff, 0xff, 0xff, 0xff, 0xfd, 0xff, 0xff, 0xff, 0xff, 0xff, 0xff, 0xff, 0xff, 0xff, 
    0xff, 0xff, 0xff, 0xff, 0xff, 0xff, 0xff, 0xff, 0xff, 0xff, 0xff, 0xfe, 0xff, 0xff, 0xfc, 0xff, 0xff, 0xff, 0xff, 0xff, 0xff, 0xff, 0xff, 0xff, 
    0xff, 0xff, 0xff, 0xff, 0xff, 0xff, 0xff, 0xff, 0xf1, 0xff, 0xff, 0xf0, 0xff, 0xff, 0xf6, 0xff, 0xff, 0xff, 0xff, 0xff, 0xff, 0xff, 0xff, 0xff, 
    0xff, 0xff, 0xff, 0xff, 0xff, 0xff, 0xff, 0xff, 0xfb, 0xff, 0xff, 0xfe, 0xff, 0xff, 0xff, 0xff, 0xff, 0xff, 0xff, 0xff, 0xff, 0xff, 0xff, 0xff, 
    0xff, 0xff, 0xff, 0xff, 0xff, 0xff, 0xff, 0xff, 0xfa, 0xff, 0xff, 0xff, 0xff, 0xff, 0x57, 0x00, 0x00, 0x00, 0xff, 0xff, 0x03, 0x00, 0x00, 0x00, 
    0x00, 0x00, 0x00, 0x00, 0x00, 0x00, 0x00, 0x00, 0x00, 0x00, 0x00, 0x00, 0xff, 0xff, 0x04, 0x00, 0x00, 0x00, 0xff, 0xff, 0x8a, 0xff, 0xff, 0xff, 
    0xff, 0xff, 0xfc, 0xff, 0xff, 0xff, 0xff, 0xff, 0xff, 0xff, 0xff, 0xff, 0xff, 0xff, 0xfb, 0xff, 0xff, 0xff, 0xff, 0xff, 0xa1, 0x00, 0x00, 0x00, 
    0x79, 0xce, 0x05, 0x00, 0x00, 0x00, 0x00, 0x00, 0x00, 0x00, 0x00, 0x00, 0x00, 0x00, 0x00, 0x00, 0x00, 0x01, 0xef, 0x7b, 0x02, 0xe7, 0x9a, 0x08, 
    0xc9, 0x8a, 0x1f, 0xeb, 0x9a, 0x08, 0x00, 0xf8, 0x01, 0x00, 0x00, 0x00, 0x00, 0x00, 0x00, 0x00, 0x78, 0x02, 0x00, 0x00, 0x00, 0xe4, 0x99, 0x8e, 
    0xe4, 0xb1, 0xff, 0xe4, 0xa9, 0xff, 0x46, 0xa2, 0x73, 0x47, 0xa2, 0xc1, 0x26, 0x9a, 0xeb, 0x2a, 0xc3, 0x93, 0xe9, 0xc2, 0xe3, 0x25, 0xba, 0xfe, 
    0x83, 0xb1, 0xff, 0xa3, 0xb9, 0xff, 0xa3, 0xb9, 0xff, 0xa3, 0xb9, 0xff, 0xa3, 0xb9, 0xff, 0xa3, 0xb9, 0xff, 0x83, 0xb1, 0xfe, 0xa3, 0xb9, 0xff, 
    0x46, 0xba, 0xf3, 0xe9, 0xc2, 0xb0, 0xa9, 0xaa, 0x8d, 0xa8, 0xa2, 0x41, 0xa9, 0xaa, 0x3b, 0x09, 0xb3, 0x64, 0x67, 0xb2, 0x9d, 0xe5, 0xb1, 0xf0, 
    0x04, 0xba, 0xff, 0xa3, 0xb1, 0xff, 0xa3, 0xb9, 0xfe, 0xa3, 0xb9, 0xff, 0xa3, 0xb9, 0xff, 0xa3, 0xb9, 0xff, 0xa3, 0xb9, 0xff, 0xa3, 0xb9, 0xff, 
    0xa3, 0xb9, 0xff, 0xa3, 0xb9, 0xff, 0xa3, 0xb9, 0xff, 0x83, 0xb1, 0xff, 0x83, 0xb1, 0xff, 0x66, 0xc2, 0xff, 0x09, 0xc3, 0xb8, 0x2a, 0xc3, 0x68, 
    0xc9, 0xaa, 0x4b, 0xc9, 0xb2, 0x0e, 0x49, 0x92, 0x07, 0xef, 0xfb, 0x02, 0xe7, 0x79, 0x04, 0x47, 0x9a, 0x2d, 0xa9, 0xb2, 0x78, 0x05, 0xb2, 0xf1, 
    0x83, 0xb1, 0xff, 0xa3, 0xb9, 0xfe, 0xa3, 0xb9, 0xff, 0xa3, 0xb9, 0xff, 0xa3, 0xb9, 0xff, 0xa3, 0xb9, 0xff, 0xa3, 0xb9, 0xfe, 0xe4, 0xb1, 0xfd, 
    0x88, 0xb2, 0xa2, 0xa8, 0xa2, 0x21, 0x00, 0x00, 0x00, 0x00, 0xf8, 0x01, 0x00, 0x00, 0x00, 0x00, 0x00, 0x00, 0x00, 0x00, 0x00, 0x00, 0x00, 0x00, 
    0x00, 0x00, 0x00, 0x00, 0x00, 0x00, 0x00, 0x00, 0x00, 0x00, 0x00, 0x01, 0xe7, 0xa9, 0x0c, 0xa9, 0xa2, 0x3f, 0xe9, 0xba, 0x79, 0x66, 0xba, 0xcd, 
    0xe4, 0xb9, 0xff, 0xa3, 0xb9, 0xff, 0xa3, 0xb9, 0xfe, 0xa3, 0xb9, 0xff, 0xa3, 0xb9, 0xff, 0xa3, 0xb9, 0xff, 0xa3, 0xb9, 0xff, 0xa3, 0xb9, 0xff, 
    0xa3, 0xb9, 0xff, 0xa3, 0xb9, 0xff, 0xa3, 0xb9, 0xff, 0xa3, 0xb9, 0xff, 0xa3, 0xb9, 0xff, 0xa3, 0xb9, 0xff, 0xa3, 0xb9, 0xff, 0xa3, 0xb9, 0xff, 
    0xa3, 0xb9, 0xff, 0xa3, 0xb9, 0xff, 0xa3, 0xb9, 0xff, 0xa3, 0xb9, 0xff, 0xa3, 0xb9, 0xff, 0xa4, 0xb9, 0xff, 0xa4, 0xb9, 0xff, 0xa3, 0xb9, 0xff, 
    0xa3, 0xb9, 0xff, 0xa3, 0xb9, 0xff, 0xa4, 0xb9, 0xff, 0xa4, 0xb9, 0xff, 0xa3, 0xb9, 0xff, 0xa3, 0xb9, 0xff, 0xa3, 0xb9, 0xff, 0xa3, 0xb9, 0xff, 
    0xa3, 0xb9, 0xff, 0xa3, 0xb9, 0xff, 0xa3, 0xb9, 0xff, 0xa3, 0xb9, 0xff, 0xa3, 0xb9, 0xff, 0xa3, 0xb9, 0xff, 0x83, 0xb9, 0xfe, 0xa3, 0xb9, 0xff, 
    0xa3, 0xb9, 0xff, 0xa3, 0xb9, 0xfe, 0xa3, 0xb9, 0xfe, 0xa3, 0xb9, 0xff, 0xa3, 0xb9, 0xff, 0xa3, 0xb9, 0xff, 0xe4, 0xb9, 0xff, 0xa7, 0xc2, 0xee, 
    0x86, 0xc2, 0xf6, 0x66, 0xc2, 0xfb, 0x87, 0xc2, 0xf5, 0x46, 0xc2, 0xfb, 0xe4, 0xb9, 0xff, 0x25, 0xc2, 0xff, 0x25, 0xc2, 0xff, 0x66, 0xc2, 0xfd, 
    0x05, 0xba, 0xfe, 0x66, 0xc2, 0xfd, 0x25, 0xba, 0xf9, 0x67, 0xba, 0xf1, 0x87, 0xc2, 0xf0, 0xc8, 0xc2, 0xce, 0xe8, 0xba, 0xd9, 0x2a, 0xc3, 0x80, 
    0xc9, 0xaa, 0x80, 0xc8, 0xa2, 0x5d, 0xc9, 0xa2, 0x1a, 0xc9, 0x92, 0x0e, 0x00, 0x00, 0x00, 0x00, 0x00, 0x00, 0x00, 0x00, 0x01, 0x00, 0x00, 0x00, 
    0x00, 0x00, 0x00, 0x00, 0x00, 0x00, 0x00, 0x00, 0x00, 0x00, 0x00, 0x00, 0x00, 0x00, 0x00, 0x00, 0x00, 0x00, 0x00, 0x00, 0x00, 0x00, 0x00, 0x00, 
    0x00, 0x00, 0x00, 0x00, 0x00, 0x00, 0x00, 0x00, 0x00, 0x00, 0x00, 0x00, 0x00, 0x00, 0x00, 0x00, 0x00, 0x00, 0x00, 0x00, 0x00, 0x00, 0x00, 0x00, 
    0x00, 0x00, 0x00, 0x00, 0x00, 0x00, 0x00, 0x00, 0x00, 0x00, 0x00, 0x00, 0x00, 0x00, 0x00, 0xff, 0xff, 0x02, 0x00, 0x00, 0x00, 0xff, 0xff, 0x0d, 
    0xff, 0xff, 0xae, 0xff, 0xff, 0xff, 0xff, 0xff, 0xfe, 0xff, 0xff, 0xfd, 0xff, 0xff, 0xff, 0xff, 0xff, 0xff, 0xff, 0xff, 0xff, 0xff, 0xff, 0xff, 
    0xff, 0xff, 0xff, 0xff, 0xff, 0xff, 0xff, 0xff, 0xff, 0xff, 0xff, 0xfd, 0xff, 0xff, 0xfc, 0xff, 0xff, 0xfc, 0xff, 0xff, 0xfe, 0xff, 0xff, 0xff, 
    0xff, 0xff, 0xff, 0xff, 0xff, 0xff, 0xff, 0xff, 0xff, 0xff, 0xff, 0xfd, 0xff, 0xff, 0xfc, 0xff, 0xff, 0xfc, 0xff, 0xff, 0xfe, 0xff, 0xff, 0xff, 
    0xff, 0xff, 0xff, 0xff, 0xff, 0xff, 0xff, 0xff, 0xff, 0xff, 0xff, 0xff, 0xff, 0xff, 0xff, 0xff, 0xff, 0xff, 0xff, 0xff, 0xfc, 0xff, 0xff, 0xfe, 
    0xff, 0xff, 0xff, 0xff, 0xff, 0x77, 0x00, 0x00, 0x00, 0xff, 0xff, 0x03, 0x00, 0x00, 0x00, 0x00, 0x00, 0x00, 0xff, 0xff, 0x01, 0xff, 0xff, 0x07, 
    0xff, 0xff, 0xcd, 0xff, 0xff, 0xfe, 0xff, 0xff, 0xfc, 0xff, 0xff, 0xff, 0xff, 0xff, 0xff, 0xff, 0xff, 0xff, 0xff, 0xff, 0xfc, 0xff, 0xff, 0xfe, 
    0xff, 0xff, 0xc2, 0x00, 0x00, 0x00, 0xff, 0xff, 0x01, 0x00, 0x00, 0x00, 0x00, 0x00, 0x00, 0x00, 0x00, 0x00, 0x00, 0x00, 0x00, 0x00, 0x00, 0x00, 
    0x00, 0x00, 0x00, 0x00, 0x00, 0x00, 0x00, 0x00, 0x00, 0x00, 0x00, 0x00, 0x00, 0x00, 0x00, 0x00, 0x00, 0x00, 0x00, 0x00, 0x00, 0x00, 0x00, 0x00, 
    0x00, 0x00, 0x00, 0x00, 0x00, 0x00, 0x00, 0x00, 0x00, 0x00, 0x00, 0x00, 0x00, 0x00, 0x00, 0x00, 0x00, 0x00, 0x00, 0x00, 0x00, 0x00, 0x00, 0x00, 
    0xff, 0xff, 0x02, 0x00, 0x00, 0x00, 0xff, 0xff, 0xb3, 0xff, 0xff, 0xff, 0xff, 0xff, 0xfc, 0xff, 0xff, 0xff, 0xff, 0xff, 0xff, 0xff, 0xff, 0xff, 
    0xff, 0xff, 0xff, 0xff, 0xff, 0xfe, 0xff, 0xff, 0xf6, 0xff, 0xff, 0x28, 0xff, 0xff, 0x01, 0xff, 0xff, 0x02, 0x00, 0x00, 0x00, 0x00, 0x00, 0x00, 
    0x00, 0x00, 0x00, 0x00, 0x00, 0x00, 0x00, 0x00, 0x00, 0x00, 0x00, 0x00, 0xff, 0xff, 0x03, 0x00, 0x00, 0x00, 0xff, 0xff, 0x70, 0xff, 0xff, 0xff, 
    0xff, 0xff, 0xff, 0xff, 0xff, 0xfb, 0xff, 0xff, 0xff, 0xff, 0xff, 0xff, 0xff, 0xff, 0xff, 0xff, 0xff, 0xff, 0xff, 0xff, 0xff, 0xff, 0xff, 0xff, 
    0xff, 0xff, 0xff, 0xff, 0xff, 0xfe, 0xff, 0xff, 0xfc, 0xff, 0xff, 0xfc, 0xff, 0xff, 0xfd, 0xff, 0xff, 0xff, 0xff, 0xff, 0xff, 0xff, 0xff, 0xff, 
    0xff, 0xff, 0xff, 0xff, 0xff, 0xfd, 0xff, 0xff, 0xfc, 0xff, 0xff, 0xfb, 0xff, 0xff, 0xfd, 0xff, 0xff, 0xff, 0xff, 0xff, 0xff, 0xff, 0xff, 0xff, 
    0xff, 0xff, 0xff, 0xff, 0xff, 0xff, 0xff, 0xff, 0xff, 0xff, 0xff, 0xff, 0xff, 0xff, 0xfe, 0xff, 0xff, 0xfa, 0xff, 0xff, 0xff, 0xff, 0xff, 0xe9, 
    0xff, 0xff, 0x17, 0xff, 0xff, 0x01, 0xff, 0xff, 0x01, 0x00, 0x00, 0x00, 0x00, 0x00, 0x00, 0x00, 0x00, 0x00, 0x00, 0x00, 0x00, 0x00, 0x00, 0x00, 
    0x00, 0x00, 0x00, 0x00, 0x00, 0x00, 0x00, 0x00, 0x00, 0x00, 0x00, 0x00, 0xff, 0xff, 0x04, 0x00, 0x00, 0x00, 0xff, 0xff, 0x5b, 0xff, 0xff, 0xf6, 
    0xff, 0xff, 0xff, 0xff, 0xff, 0xfb, 0xff, 0xff, 0xfe, 0xff, 0xff, 0xff, 0xff, 0xff, 0xff, 0xff, 0xff, 0xff, 0xff, 0xff, 0xff, 0xff, 0xff, 0xff, 
    0xff, 0xff, 0xff, 0xff, 0xff, 0xfe, 0xff, 0xff, 0xfc, 0xff, 0xff, 0xfc, 0xff, 0xff, 0xfc, 0xff, 0xff, 0xff, 0xff, 0xff, 0xff, 0xff, 0xff, 0xff, 
    0xff, 0xff, 0xff, 0xff, 0xff, 0xfd, 0xff, 0xff, 0xfc, 0xff, 0xff, 0xfc, 0xff, 0xff, 0xfd, 0xff, 0xff, 0xff, 0xff, 0xff, 0xff, 0xff, 0xff, 0xff, 
    0xff, 0xff, 0xff, 0xff, 0xff, 0xff, 0xff, 0xff, 0xff, 0xff, 0xff, 0xff, 0xff, 0xff, 0xfe, 0xff, 0xff, 0xfb, 0xff, 0xff, 0xff, 0xff, 0xff, 0xff, 
    0xff, 0xff, 0x3c, 0x00, 0x00, 0x00, 0xff, 0xff, 0x02, 0x00, 0x00, 0x00, 0x00, 0x00, 0x00, 0x00, 0x00, 0x00, 0x00, 0x00, 0x00, 0x00, 0x00, 0x00, 
    0xff, 0xff, 0x04, 0x00, 0x00, 0x00, 0xff, 0xff, 0x8a, 0xff, 0xff, 0xff, 0xff, 0xff, 0xfc, 0xff, 0xff, 0xff, 0xff, 0xff, 0xff, 0xff, 0xff, 0xff, 
    0xff, 0xff, 0xfb, 0xff, 0xff, 0xff, 0xff, 0xff, 0xa3, 0x00, 0x00, 0x00, 0xff, 0xff, 0x04, 0x00, 0x00, 0x00, 0x00, 0x00, 0x01, 0x00, 0x00, 0x00, 
    0xaa, 0xaa, 0x03, 0x2c, 0x9b, 0x0a, 0xc9, 0x92, 0x11, 0xc9, 0x9a, 0x17, 0x09, 0x9b, 0x0d, 0xea, 0xa2, 0x13, 0xe9, 0x8a, 0x10, 0xc9, 0x92, 0x11, 
    0x0a, 0x93, 0x22, 0xc9, 0xa2, 0x0e, 0xa5, 0x7a, 0x06, 0x69, 0xb2, 0x0a, 0x26, 0xa2, 0x62, 0x26, 0xa2, 0x51, 0x2c, 0xab, 0x0f, 0x87, 0xaa, 0x5e, 
    0x47, 0xa2, 0x91, 0x0a, 0xbb, 0x8f, 0x09, 0xcb, 0xe2, 0x26, 0xba, 0xfe, 0x83, 0xb1, 0xff, 0xa3, 0xb9, 0xff, 0xa3, 0xb9, 0xff, 0xa3, 0xb9, 0xff, 
    0xa3, 0xb9, 0xff, 0xa3, 0xb9, 0xff, 0x83, 0xb1, 0xfe, 0xa3, 0xb9, 0xff, 0x05, 0xba, 0xf7, 0xc9, 0xc2, 0xd3, 0xe9, 0xc2, 0x9e, 0xe9, 0xba, 0x91, 
    0xc8, 0xba, 0xc4, 0x26, 0xb2, 0xdd, 0xa4, 0xa9, 0xff, 0x83, 0xb1, 0xff, 0x83, 0xb1, 0xfd, 0xa3, 0xb9, 0xfe, 0xa3, 0xb9, 0xff, 0xa3, 0xb9, 0xff, 
    0xa3, 0xb9, 0xff, 0xa3, 0xb9, 0xff, 0xa3, 0xb9, 0xff, 0xa3, 0xb9, 0xff, 0xa3, 0xb9, 0xff, 0xa3, 0xb9, 0xff, 0xa3, 0xb9, 0xfd, 0x04, 0xba, 0xff, 
    0x46, 0xb2, 0xec, 0x2a, 0xc3, 0x88, 0x2a, 0xb3, 0x5b, 0xe8, 0xaa, 0x39, 0xe8, 0xa2, 0x24, 0xe7, 0xb9, 0x04, 0xe7, 0x79, 0x08, 0x47, 0x92, 0x22, 
    0xaa, 0xfa, 0x03, 0xe7, 0x91, 0x18, 0xe9, 0xba, 0x5a, 0x25, 0xb2, 0xea, 0x83, 0xb1, 0xff, 0xa3, 0xb9, 0xfe, 0xa3, 0xb9, 0xff, 0xa3, 0xb9, 0xff, 
    0xa3, 0xb9, 0xff, 0xa3, 0xb9, 0xff, 0xa3, 0xb9, 0xfd, 0xa3, 0xb9, 0xff, 0x66, 0xba, 0xd4, 0x09, 0xb3, 0x43, 0x00, 0x00, 0x00, 0x00, 0xf8, 0x01, 
    0x00, 0x00, 0x00, 0x00, 0x00, 0x00, 0x00, 0x00, 0x00, 0x00, 0x00, 0x00, 0x00, 0x00, 0x00, 0x00, 0x00, 0x00, 0x00, 0x00, 0x00, 0x00, 0x00, 0x01, 
    0x00, 0x00, 0x00, 0xe7, 0x91, 0x0c, 0xa7, 0xa2, 0x24, 0x0a, 0xbb, 0x64, 0xe9, 0xc2, 0xbe, 0x25, 0xba, 0xf8, 0xa3, 0xb9, 0xff, 0xa3, 0xb9, 0xfd, 
    0xa3, 0xb9, 0xff, 0xa3, 0xb9, 0xff, 0xa3, 0xb9, 0xff, 0xa3, 0xb9, 0xff, 0xa3, 0xb9, 0xff, 0xa3, 0xb9, 0xff, 0xa3, 0xb9, 0xff, 0xa3, 0xb9, 0xff, 
    0xa3, 0xb9, 0xff, 0xa3, 0xb9, 0xff, 0xa3, 0xb9, 0xff, 0xa3, 0xb9, 0xff, 0xa3, 0xb9, 0xff, 0xa3, 0xb9, 0xff, 0xa3, 0xb9, 0xff, 0xa3, 0xb9, 0xff, 
    0xa4, 0xb9, 0xff, 0xa3, 0xb9, 0xff, 0xa3, 0xb9, 0xff, 0xa3, 0xb9, 0xff, 0xa3, 0xb9, 0xff, 0xa3, 0xb9, 0xff, 0xa3, 0xb9, 0xff, 0xa3, 0xb9, 0xff, 
    0xa3, 0xb9, 0xff, 0xa3, 0xb9, 0xff, 0xa3, 0xb9, 0xff, 0xa3, 0xb9, 0xff, 0xa3, 0xb9, 0xff, 0xa3, 0xb9, 0xff, 0xa3, 0xb9, 0xfe, 0x83, 0xb9, 0xff, 
    0xa3, 0xb9, 0xfe, 0xe4, 0xb9, 0xff, 0x25, 0xc2, 0xff, 0xa3, 0xb9, 0xff, 0x83, 0xb9, 0xff, 0xe4, 0xb9, 0xff, 0xc4, 0xb9, 0xff, 0xa3, 0xb9, 0xff, 
    0xa3, 0xb9, 0xfe, 0xe4, 0xb1, 0xfe, 0xe9, 0xc2, 0xbf, 0x4a, 0xcb, 0xbe, 0x4a, 0xcb, 0xde, 0x4a, 0xcb, 0xcb, 0x4a, 0xd3, 0xc7, 0xe8, 0xc2, 0xef, 
    0xa7, 0xc2, 0xee, 0xc8, 0xca, 0xf0, 0x46, 0xc2, 0xfd, 0xc4, 0xb9, 0xff, 0x83, 0xb1, 0xff, 0xa3, 0xb1, 0xff, 0x83, 0xb1, 0xff, 0xa3, 0xb1, 0xff, 
    0xa3, 0xb1, 0xff, 0xe4, 0xb9, 0xff, 0x25, 0xba, 0xff, 0x87, 0xba, 0xe6, 0x2a, 0xc3, 0x96, 0x09, 0xab, 0x51, 0xa8, 0x9a, 0x27, 0x88, 0x9a, 0x2b, 
    0x00, 0x78, 0x02, 0x00, 0x00, 0x01, 0x00, 0x00, 0x00, 0x00, 0x00, 0x00, 0x00, 0x00, 0x00, 0x00, 0x00, 0x00, 0x00, 0x00, 0x00, 0x00, 0x00, 0x00, 
    0xe7, 0x79, 0x08, 0xe7, 0x79, 0x08, 0x00, 0x00, 0x00, 0x00, 0x00, 0x00, 0x00, 0x00, 0x00, 0x00, 0x00, 0x00, 0x00, 0x00, 0x00, 0x00, 0x00, 0x00, 
    0x00, 0x00, 0x00, 0x00, 0x00, 0x00, 0x00, 0x00, 0x00, 0x00, 0x00, 0x00, 0x00, 0x00, 0x00, 0x00, 0x00, 0x00, 0x00, 0x00, 0x00, 0x00, 0x00, 0x00, 
    0x00, 0x00, 0x00, 0x00, 0x00, 0x00, 0xff, 0xff, 0x02, 0x00, 0x00, 0x00, 0xff, 0xff, 0x01, 0xff, 0xff, 0x84, 0xff, 0xff, 0xfe, 0xff, 0xff, 0xff, 
    0xff, 0xff, 0xfc, 0xff, 0xff, 0xfd, 0xff, 0xff, 0xff, 0xff, 0xff, 0xff, 0xff, 0xff, 0xff, 0xff, 0xff, 0xff, 0xff, 0xff, 0xff, 0xff, 0xff, 0xff, 
    0xff, 0xff, 0xff, 0xff, 0xff, 0xff, 0xff, 0xff, 0xff, 0xff, 0xff, 0xfe, 0xff, 0xff, 0xfe, 0xff, 0xff, 0xfe, 0xff, 0xff, 0xfe, 0xff, 0xff, 0xff, 
    0xff, 0xff, 0xff, 0xff, 0xff, 0xff, 0xff, 0xff, 0xff, 0xff, 0xff, 0xff, 0xff, 0xff, 0xff, 0xff, 0xff, 0xff, 0xff, 0xff, 0xff, 0xff, 0xff, 0xfe, 
    0xff, 0xff, 0xfc, 0xff, 0xff, 0xfd, 0xff, 0xff, 0xff, 0xff, 0xff, 0xf7, 0xff, 0xff, 0x76, 0xff, 0xff, 0x02, 0xff, 0xff, 0x01, 0x00, 0x00, 0x00, 
    0x00, 0x00, 0x00, 0xff, 0xff, 0x03, 0xff, 0xff, 0x01, 0xff, 0xff, 0x44, 0xff, 0xff, 0xff, 0xff, 0xff, 0xfd, 0xff, 0xff, 0xff, 0xff, 0xff, 0xff, 
    0xff, 0xff, 0xff, 0xff, 0xff, 0xff, 0xff, 0xff, 0xfd, 0xff, 0xff, 0xff, 0xff, 0xff, 0x56, 0x00, 0x00, 0x00, 0xff, 0xff, 0x03, 0x00, 0x00, 0x00, 
    0x00, 0x00, 0x00, 0x00, 0x00, 0x00, 0x00, 0x00, 0x00, 0x00, 0x00, 0x00, 0x00, 0x00, 0x00, 0x00, 0x00, 0x00, 0x00, 0x00, 0x00, 0x00, 0x00, 0x00, 
    0x00, 0x00, 0x00, 0x00, 0x00, 0x00, 0x00, 0x00, 0x00, 0x00, 0x00, 0x00, 0x00, 0x00, 0x00, 0x00, 0x00, 0x00, 0x00, 0x00, 0x00, 0x00, 0x00, 0x00, 
    0x00, 0x00, 0x00, 0x00, 0x00, 0x00, 0x00, 0x00, 0x00, 0x00, 0x00, 0x00, 0xff, 0xff, 0x03, 0x00, 0x00, 0x00, 0xff, 0xff, 0x4c, 0xff, 0xff, 0xff, 
    0xff, 0xff, 0xfd, 0xff, 0xff, 0xff, 0xff, 0xff, 0xff, 0xff, 0xff, 0xff, 0xff, 0xff, 0xff, 0xff, 0xff, 0xfc, 0xff, 0xff, 0xff, 0xff, 0xff, 0x9e, 
    0x00, 0x00, 0x00, 0xff, 0xff, 0x03, 0x00, 0x00, 0x00, 0x00, 0x00, 0x00, 0x00, 0x00, 0x00, 0x00, 0x00, 0x00, 0x00, 0x00, 0x00, 0x00, 0x00, 0x00, 
    0x00, 0x00, 0x00, 0xff, 0xff, 0x03, 0x00, 0x00, 0x00, 0xff, 0xff, 0x4c, 0xff, 0xff, 0xe2, 0xff, 0xff, 0xff, 0xff, 0xff, 0xfe, 0xff, 0xff, 0xfc, 
    0xff, 0xff, 0xff, 0xff, 0xff, 0xff, 0xff, 0xff, 0xff, 0xff, 0xff, 0xff, 0xff, 0xff, 0xff, 0xff, 0xff, 0xff, 0xff, 0xff, 0xff, 0xff, 0xff, 0xff, 
    0xff, 0xff, 0xff, 0xff, 0xff, 0xfe, 0xff, 0xff, 0xfe, 0xff, 0xff, 0xfe, 0xff, 0xff, 0xfe, 0xff, 0xff, 0xff, 0xff, 0xff, 0xff, 0xff, 0xff, 0xff, 
    0xff, 0xff, 0xff, 0xff, 0xff, 0xff, 0xff, 0xff, 0xff, 0xff, 0xff, 0xff, 0xff, 0xff, 0xff, 0xff, 0xff, 0xff, 0xff, 0xff, 0xfe, 0xff, 0xff, 0xfc, 
    0xff, 0xff, 0xff, 0xff, 0xff, 0xff, 0xff, 0xff, 0xcd, 0xff, 0xff, 0x2e, 0x00, 0x00, 0x00, 0xff, 0xff, 0x01, 0x00, 0x00, 0x00, 0x00, 0x00, 0x00, 
    0x00, 0x00, 0x00, 0x00, 0x00, 0x00, 0x00, 0x00, 0x00, 0x00, 0x00, 0x00, 0x00, 0x00, 0x00, 0x00, 0x00, 0x00, 0x00, 0x00, 0x00, 0x00, 0x00, 0x00, 
    0x00, 0x00, 0x00, 0xff, 0xff, 0x04, 0x00, 0x00, 0x00, 0xff, 0xff, 0x3d, 0xff, 0xff, 0xdb, 0xff, 0xff, 0xff, 0xff, 0xff, 0xff, 0xff, 0xff, 0xfc, 
    0xff, 0xff, 0xfe, 0xff, 0xff, 0xff, 0xff, 0xff, 0xff, 0xff, 0xff, 0xff, 0xff, 0xff, 0xff, 0xff, 0xff, 0xff, 0xff, 0xff, 0xff, 0xff, 0xff, 0xff, 
    0xff, 0xff, 0xff, 0xff, 0xff, 0xff, 0xff, 0xff, 0xfe, 0xff, 0xff, 0xfe, 0xff, 0xff, 0xfe, 0xff, 0xff, 0xff, 0xff, 0xff, 0xff, 0xff, 0xff, 0xff, 
    0xff, 0xff, 0xff, 0xff, 0xff, 0xff, 0xff, 0xff, 0xff, 0xff, 0xff, 0xff, 0xff, 0xff, 0xff, 0xff, 0xff, 0xff, 0xff, 0xff, 0xfe, 0xff, 0xff, 0xfc, 
    0xff, 0xff, 0xff, 0xff, 0xff, 0xff, 0xff, 0xff, 0xe2, 0xff, 0xff, 0x4f, 0x00, 0x00, 0x00, 0xff, 0xff, 0x02, 0x00, 0x00, 0x00, 0x00, 0x00, 0x00, 
    0x00, 0x00, 0x00, 0x00, 0x00, 0x00, 0x00, 0x00, 0x00, 0x00, 0x00, 0x00, 0xff, 0xff, 0x04, 0x00, 0x00, 0x00, 0xff, 0xff, 0x8b, 0xff, 0xff, 0xff, 
    0xff, 0xff, 0xfc, 0xff, 0xff, 0xff, 0xff, 0xff, 0xff, 0xff, 0xff, 0xff, 0xff, 0xff, 0xfb, 0xff, 0xff, 0xff, 0xff, 0xff, 0xa2, 0x00, 0x00, 0x00, 
    0xff, 0xff, 0x04, 0x00, 0x00, 0x00, 0x00, 0x00, 0x00, 0xc9, 0x92, 0x0e, 0xa9, 0x92, 0x1d, 0xa9, 0x92, 0x1d, 0xaa, 0x7a, 0x06, 0xaa, 0xaa, 0x03, 
    0x00, 0x00, 0x00, 0xe8, 0xa2, 0x0b, 0x09, 0x9b, 0x34, 0xc9, 0x9a, 0x30, 0x0a, 0x9b, 0x2f, 0xc9, 0x92, 0x40, 0x4a, 0xab, 0x13, 0x2c, 0x9b, 0x05, 
    0x00, 0x00, 0x00, 0x00, 0x00, 0x00, 0xe7, 0xb9, 0x04, 0xcb, 0xa2, 0x0e, 0x2a, 0xb3, 0x2a, 0x0a, 0xb3, 0x4f, 0x2a, 0xcb, 0xb9, 0x46, 0xba, 0xfe, 
    0xa3, 0xb1, 0xff, 0xa3, 0xb9, 0xff, 0xa3, 0xb9, 0xff, 0xa3, 0xb9, 0xff, 0xa3, 0xb9, 0xff, 0xa3, 0xb9, 0xff, 0xa3, 0xb9, 0xff, 0xa3, 0xb9, 0xff, 
    0xa3, 0xb9, 0xff, 0x87, 0xc2, 0xf4, 0xc8, 0xca, 0xdb, 0x46, 0xba, 0xf8, 0xe4, 0xb9, 0xff, 0xa3, 0xb9, 0xff, 0x83, 0xb1, 0xfe, 0x83, 0xb1, 0xfe, 
    0xa3, 0xb9, 0xff, 0xa3, 0xb9, 0xff, 0xa3, 0xb9, 0xff, 0xa3, 0xb9, 0xff, 0xa3, 0xb9, 0xff, 0xa3, 0xb9, 0xff, 0xa3, 0xb9, 0xff, 0xa3, 0xb9, 0xff, 
    0xa3, 0xb9, 0xfe, 0x83, 0xb1, 0xfe, 0xa3, 0xb1, 0xff, 0xe8, 0xc2, 0xf7, 0xab, 0xd3, 0x99, 0xe9, 0xaa, 0x33, 0xe9, 0xaa, 0x2c, 0x29, 0xa3, 0x14, 
    0x00, 0x00, 0x00, 0x00, 0x00, 0x00, 0x00, 0xf8, 0x01, 0xa8, 0x9a, 0x12, 0x00, 0x00, 0x00, 0xc7, 0x89, 0x09, 0xea, 0xba, 0x3e, 0x05, 0xaa, 0xd1, 
    0x83, 0xb1, 0xff, 0xa3, 0xb9, 0xfd, 0xa3, 0xb9, 0xff, 0xa3, 0xb9, 0xff, 0xa3, 0xb9, 0xff, 0xa3, 0xb9, 0xff, 0xa3, 0xb9, 0xff, 0x83, 0xb9, 0xff, 
    0x05, 0xb2, 0xf6, 0xe9, 0xba, 0x81, 0x45, 0x79, 0x06, 0x00, 0x00, 0x00, 0x00, 0x00, 0x00, 0x00, 0x00, 0x00, 0x00, 0x00, 0x00, 0x00, 0x00, 0x00, 
    0x00, 0x00, 0x00, 0x00, 0x00, 0x00, 0x00, 0x00, 0x00, 0x00, 0x00, 0x00, 0x00, 0x00, 0x00, 0x00, 0x00, 0x00, 0x49, 0xb2, 0x07, 0x88, 0xa2, 0x31, 
    0xe9, 0xb2, 0x4c, 0x29, 0xc3, 0xa7, 0x46, 0xba, 0xeb, 0xc3, 0xb9, 0xff, 0x62, 0xb1, 0xfe, 0xa3, 0xb9, 0xff, 0xa3, 0xb9, 0xff, 0xa3, 0xb9, 0xff, 
    0xa3, 0xb9, 0xff, 0xa3, 0xb9, 0xff, 0xa3, 0xb9, 0xff, 0xa3, 0xb9, 0xff, 0xa3, 0xb9, 0xff, 0xa3, 0xb9, 0xff, 0xa3, 0xb9, 0xff, 0xa3, 0xb9, 0xff, 
    0xa3, 0xb9, 0xff, 0xa3, 0xb9, 0xff, 0xa3, 0xb9, 0xff, 0xa3, 0xb9, 0xff, 0xa3, 0xb9, 0xff, 0xa3, 0xb9, 0xff, 0xa3, 0xb9, 0xff, 0xa3, 0xb9, 0xff, 
    0xa3, 0xb9, 0xff, 0xa3, 0xb9, 0xff, 0xa3, 0xb9, 0xff, 0xa3, 0xb9, 0xff, 0xa3, 0xb9, 0xff, 0x83, 0xb9, 0xff, 0x82, 0xb1, 0xfe, 0x82, 0xb1, 0xfe, 
    0x82, 0xb1, 0xff, 0x83, 0xb9, 0xff, 0xc4, 0xb9, 0xff, 0x87, 0xc2, 0xff, 0x26, 0xba, 0xff, 0xa7, 0xc2, 0xf8, 0x29, 0xcb, 0xf4, 0xc4, 0xb9, 0xff, 
    0x83, 0xb1, 0xff, 0xc8, 0xca, 0xe8, 0x87, 0xba, 0xea, 0x83, 0xb1, 0xff, 0xe4, 0xb9, 0xff, 0xa8, 0xba, 0xa7, 0x4b, 0xbb, 0x37, 0x09, 0xb3, 0x71, 
    0x2a, 0xc3, 0xa0, 0x2a, 0xc3, 0xab, 0xe9, 0xba, 0xc6, 0xe9, 0xc2, 0xd7, 0xc8, 0xc2, 0xe7, 0xe8, 0xca, 0xec, 0x87, 0xc2, 0xf4, 0x83, 0xb1, 0xff, 
    0xa3, 0xb9, 0xff, 0xa3, 0xb9, 0xff, 0xa3, 0xb9, 0xff, 0xa3, 0xb9, 0xfe, 0xa3, 0xb9, 0xff, 0xa3, 0xb9, 0xfe, 0xa3, 0xb9, 0xfe, 0xc3, 0xb1, 0xff, 
    0x67, 0xba, 0xee, 0xc8, 0xba, 0xb0, 0xe9, 0xaa, 0x4d, 0xa8, 0xa2, 0x33, 0x09, 0xb3, 0x0d, 0x00, 0x00, 0x01, 0x00, 0x00, 0x00, 0x00, 0x00, 0x00, 
    0x00, 0x00, 0x00, 0x00, 0x00, 0x00, 0xe0, 0x7b, 0x02, 0x00, 0x00, 0x00, 0xe6, 0x81, 0x5c, 0xe6, 0x81, 0x9d, 0x00, 0x00, 0x00, 0x00, 0x00, 0x01, 
    0x00, 0x00, 0x00, 0x00, 0x00, 0x00, 0x00, 0x00, 0x00, 0x00, 0x00, 0x00, 0x00, 0x00, 0x00, 0x00, 0x00, 0x00, 0x00, 0x00, 0x00, 0x00, 0x00, 0x00, 
    0x00, 0x00, 0x00, 0x00, 0x00, 0x00, 0x00, 0x00, 0x00, 0x00, 0x00, 0x00, 0x00, 0x00, 0x00, 0x00, 0x00, 0x00, 0x00, 0x00, 0x00, 0xff, 0xff, 0x01, 
    0xff, 0xff, 0x01, 0x00, 0x00, 0x00, 0xff, 0xff, 0x46, 0xff, 0xff, 0xd2, 0xff, 0xff, 0xff, 0xff, 0xff, 0xff, 0xff, 0xff, 0xfc, 0xff, 0xff, 0xfc, 
    0xff, 0xff, 0xfe, 0xff, 0xff, 0xff, 0xff, 0xff, 0xff, 0xff, 0xff, 0xff, 0xff, 0xff, 0xff, 0xff, 0xff, 0xff, 0xff, 0xff, 0xff, 0xff, 0xff, 0xff, 
    0xff, 0xff, 0xff, 0xff, 0xff, 0xff, 0xff, 0xff, 0xff, 0xff, 0xff, 0xff, 0xff, 0xff, 0xff, 0xff, 0xff, 0xff, 0xff, 0xff, 0xff, 0xff, 0xff, 0xff, 
    0xff, 0xff, 0xff, 0xff, 0xff, 0xfd, 0xff, 0xff, 0xfb, 0xff, 0xff, 0xff, 0xff, 0xff, 0xff, 0xff, 0xff, 0xff, 0xff, 0xff, 0xb7, 0xff, 0xff, 0x35, 
    0x00, 0x00, 0x00, 0xff, 0xff, 0x01, 0x00, 0x00, 0x00, 0x00, 0x00, 0x00, 0x00, 0x00, 0x00, 0xff, 0xff, 0x02, 0x00, 0x00, 0x00, 0xff, 0xff, 0xaa, 
    0xff, 0xff, 0xff, 0xff, 0xff, 0xfc, 0xff, 0xff, 0xff, 0xff, 0xff, 0xff, 0xff, 0xff, 0xff, 0xff, 0xff, 0xfd, 0xff, 0xff, 0xfe, 0xff, 0xff, 0xdc, 
    0xff, 0xff, 0x0b, 0xff, 0xff, 0x01, 0xff, 0xff, 0x01, 0x00, 0x00, 0x00, 0x00, 0x00, 0x00, 0x00, 0x00, 0x00, 0x00, 0x00, 0x00, 0x00, 0x00, 0x00, 
    0x00, 0x00, 0x00, 0x00, 0x00, 0x00, 0x00, 0x00, 0x00, 0x00, 0x00, 0x00, 0x00, 0x00, 0x00, 0x00, 0x00, 0x00, 0x00, 0x00, 0x00, 0x00, 0x00, 0x00, 
    0x00, 0x00, 0x00, 0x00, 0x00, 0x00, 0x00, 0x00, 0x00, 0x00, 0x00, 0x00, 0x00, 0x00, 0x00, 0x00, 0x00, 0x00, 0x00, 0x00, 0x00, 0x00, 0x00, 0x00, 
    0x00, 0x00, 0x00, 0xff, 0xff, 0x01, 0xff, 0xff, 0x07, 0xff, 0xff, 0xd1, 0xff, 0xff, 0xfe, 0xff, 0xff, 0xfd, 0xff, 0xff, 0xff, 0xff, 0xff, 0xff, 
    0xff, 0xff, 0xff, 0xff, 0xff, 0xfe, 0xff, 0xff, 0xfe, 0xff, 0xff, 0xf4, 0xff, 0xff, 0x21, 0x00, 0x00, 0x00, 0xff, 0xff, 0x02, 0x00, 0x00, 0x00, 
    0x00, 0x00, 0x00, 0x00, 0x00, 0x00, 0x00, 0x00, 0x00, 0x00, 0x00, 0x00, 0x00, 0x00, 0x00, 0x00, 0x00, 0x00, 0xff, 0xff, 0x03, 0x00, 0x00, 0x00, 
    0xff, 0xff, 0x1a, 0xff, 0xff, 0x98, 0xff, 0xff, 0xfe, 0xff, 0xff, 0xff, 0xff, 0xff, 0xfe, 0xff, 0xff, 0xfc, 0xff, 0xff, 0xfe, 0xff, 0xff, 0xff, 
    0xff, 0xff, 0xff, 0xff, 0xff, 0xff, 0xff, 0xff, 0xff, 0xff, 0xff, 0xff, 0xff, 0xff, 0xff, 0xff, 0xff, 0xff, 0xff, 0xff, 0xff, 0xff, 0xff, 0xff, 
    0xff, 0xff, 0xff, 0xff, 0xff, 0xff, 0xff, 0xff, 0xff, 0xff, 0xff, 0xff, 0xff, 0xff, 0xff, 0xff, 0xff, 0xff, 0xff, 0xff, 0xff, 0xff, 0xff, 0xfe, 
    0xff, 0xff, 0xfc, 0xff, 0xff, 0xfc, 0xff, 0xff, 0xff, 0xff, 0xff, 0xff, 0xff, 0xff, 0xe9, 0xff, 0xff, 0x82, 0xff, 0xff, 0x0b, 0x00, 0x00, 0x00, 
    0xff, 0xff, 0x01, 0x00, 0x00, 0x00, 0x00, 0x00, 0x00, 0x00, 0x00, 0x00, 0x00, 0x00, 0x00, 0x00, 0x00, 0x00, 0x00, 0x00, 0x00, 0x00, 0x00, 0x00, 
    0x00, 0x00, 0x00, 0x00, 0x00, 0x00, 0x00, 0x00, 0x00, 0x00, 0x00, 0x00, 0x00, 0x00, 0x00, 0x00, 0x00, 0x00, 0xff, 0xff, 0x03, 0x00, 0x00, 0x00, 
    0xff, 0xff, 0x12, 0xff, 0xff, 0x92, 0xff, 0xff, 0xf5, 0xff, 0xff, 0xff, 0xff, 0xff, 0xff, 0xff, 0xff, 0xfc, 0xff, 0xff, 0xfd, 0xff, 0xff, 0xff, 
    0xff, 0xff, 0xff, 0xff, 0xff, 0xff, 0xff, 0xff, 0xff, 0xff, 0xff, 0xff, 0xff, 0xff, 0xff, 0xff, 0xff, 0xff, 0xff, 0xff, 0xff, 0xff, 0xff, 0xff, 
    0xff, 0xff, 0xff, 0xff, 0xff, 0xff, 0xff, 0xff, 0xff, 0xff, 0xff, 0xff, 0xff, 0xff, 0xff, 0xff, 0xff, 0xff, 0xff, 0xff, 0xff, 0xff, 0xff, 0xfe, 
    0xff, 0xff, 0xfd, 0xff, 0xff, 0xfb, 0xff, 0xff, 0xff, 0xff, 0xff, 0xff, 0xff, 0xff, 0xf3, 0xff, 0xff, 0x8f, 0xff, 0xff, 0x16, 0x00, 0x00, 0x00, 
    0xff, 0xff, 0x02, 0x00, 0x00, 0x00, 0x00, 0x00, 0x00, 0x00, 0x00, 0x00, 0x00, 0x00, 0x00, 0x00, 0x00, 0x00, 0x00, 0x00, 0x00, 0x00, 0x00, 0x00, 
    0xff, 0xff, 0x04, 0x00, 0x00, 0x00, 0xff, 0xff, 0x8b, 0xff, 0xff, 0xff, 0xff, 0xff, 0xfc, 0xff, 0xff, 0xff, 0xff, 0xff, 0xff, 0xff, 0xff, 0xff, 
    0xff, 0xff, 0xfb, 0xff, 0xff, 0xff, 0xff, 0xff, 0xa2, 0x00, 0x00, 0x00, 0x79, 0xce, 0x05, 0x00, 0x00, 0x00, 0x27, 0x72, 0x25, 0x68, 0x82, 0x3d, 
    0x68, 0x82, 0x51, 0x28, 0x8a, 0x16, 0xaa, 0xd2, 0x06, 0x09, 0xb3, 0x0d, 0xaa, 0xaa, 0x09, 0xc8, 0x9a, 0x25, 0xc9, 0x9a, 0x51, 0x8b, 0xbb, 0x24, 
    0x0a, 0xa3, 0x2c, 0x09, 0xa3, 0x24, 0xa8, 0x92, 0x52, 0xe9, 0x9a, 0x37, 0xaa, 0xaa, 0x06, 0x09, 0x9b, 0x0d, 0xaa, 0xfa, 0x03, 0xc9, 0xa2, 0x0e, 
    0xc9, 0xa2, 0x2e, 0xea, 0xaa, 0x2e, 0xe9, 0xba, 0xa7, 0x87, 0xc2, 0xfc, 0xa3, 0xb1, 0xff, 0xa3, 0xb9, 0xff, 0xa3, 0xb9, 0xff, 0xa3, 0xb9, 0xff, 
    0xa3, 0xb9, 0xff, 0xa3, 0xb9, 0xff, 0xa3, 0xb9, 0xff, 0xa3, 0xb9, 0xff, 0xa3, 0xb9, 0xff, 0xc4, 0xb9, 0xfe, 0xc4, 0xb9, 0xff, 0xa3, 0xb9, 0xff, 
    0x83, 0xb9, 0xfe, 0xa3, 0xb9, 0xfe, 0xa3, 0xb9, 0xff, 0xa3, 0xb9, 0xff, 0xa3, 0xb9, 0xff, 0xa3, 0xb9, 0xff, 0xa3, 0xb9, 0xff, 0xa3, 0xb9, 0xff, 
    0xa3, 0xb9, 0xff, 0xa3, 0xb9, 0xff, 0xa3, 0xb9, 0xff, 0xa3, 0xb9, 0xfe, 0x83, 0xb1, 0xff, 0x46, 0xba, 0xfd, 0x2a, 0xcb, 0xaf, 0x2a, 0xbb, 0x97, 
    0x2a, 0xb3, 0x4f, 0xe9, 0xa2, 0x31, 0xc8, 0xa2, 0x2b, 0x00, 0x00, 0x00, 0x00, 0xf8, 0x01, 0x00, 0x00, 0x00, 0x00, 0x00, 0x00, 0x00, 0x00, 0x00, 
    0x00, 0xf8, 0x01, 0x00, 0xf8, 0x01, 0x4a, 0xc3, 0x22, 0x25, 0xaa, 0xd4, 0x83, 0xb1, 0xff, 0xa3, 0xb9, 0xfd, 0xa3, 0xb9, 0xff, 0xa3, 0xb1, 0xff, 
    0xa3, 0xb9, 0xff, 0xa3, 0xb9, 0xff, 0xa3, 0xb9, 0xff, 0x83, 0xb1, 0xff, 0xa3, 0xb1, 0xff, 0xe9, 0xc2, 0xae, 0xc8, 0x9a, 0x25, 0x00, 0x00, 0x00, 
    0x00, 0x00, 0x01, 0x00, 0x00, 0x00, 0x00, 0x00, 0x00, 0x00, 0x00, 0x00, 0x00, 0x00, 0x00, 0x00, 0x00, 0x00, 0x00, 0x00, 0x00, 0x00, 0x00, 0x00, 
    0x00, 0x00, 0x00, 0x00, 0x00, 0x01, 0xef, 0xfb, 0x02, 0x69, 0xaa, 0x10, 0x88, 0xaa, 0x32, 0xc9, 0xaa, 0x4c, 0x4a, 0xcb, 0x8d, 0x86, 0xba, 0xdb, 
    0xe4, 0xb9, 0xff, 0xa3, 0xb9, 0xfe, 0xa3, 0xb9, 0xff, 0xa3, 0xb9, 0xff, 0xa3, 0xb9, 0xff, 0xa3, 0xb9, 0xff, 0xa3, 0xb9, 0xff, 0xa3, 0xb9, 0xff, 
    0xa3, 0xb9, 0xff, 0xa3, 0xb9, 0xff, 0xa3, 0xb9, 0xff, 0xa3, 0xb9, 0xff, 0xa3, 0xb9, 0xff, 0xa3, 0xb9, 0xff, 0xa3, 0xb9, 0xff, 0xa3, 0xb9, 0xff, 
    0xa3, 0xb9, 0xff, 0xa3, 0xb9, 0xff, 0xa4, 0xb9, 0xff, 0xa3, 0xb9, 0xff, 0xa3, 0xb9, 0xff, 0xa3, 0xb9, 0xff, 0xa3, 0xb9, 0xff, 0xa3, 0xb9, 0xff, 
    0xa3, 0xb9, 0xfe, 0x83, 0xb1, 0xfe, 0xa3, 0xb9, 0xff, 0x05, 0xba, 0xff, 0x66, 0xc2, 0xff, 0x66, 0xba, 0xfd, 0xe8, 0xc2, 0xeb, 0x4a, 0xcb, 0xd1, 
    0x2a, 0xc3, 0xae, 0x0a, 0xc3, 0x9a, 0x4b, 0xc3, 0x8e, 0xe5, 0xb1, 0xef, 0xa3, 0xb9, 0xff, 0xe9, 0xba, 0xb0, 0x87, 0xb2, 0xb2, 0x83, 0xb9, 0xff, 
    0x05, 0xaa, 0xdf, 0x6b, 0xbb, 0x3d, 0xe9, 0xa2, 0x34, 0x09, 0xab, 0x4a, 0xea, 0xb2, 0x75, 0x0a, 0xbb, 0x8e, 0x09, 0xbb, 0x9a, 0x09, 0xc3, 0xb9, 
    0x87, 0xc2, 0xf2, 0x67, 0xc2, 0xfd, 0xe4, 0xb9, 0xfc, 0xa3, 0xb9, 0xff, 0xa3, 0xb9, 0xff, 0xa3, 0xb9, 0xff, 0xa3, 0xb9, 0xff, 0xa3, 0xb9, 0xff, 
    0xa3, 0xb9, 0xff, 0xa3, 0xb9, 0xff, 0xc3, 0xb9, 0xff, 0xc3, 0xb9, 0xfe, 0xc4, 0xb9, 0xff, 0x66, 0xc2, 0xff, 0xa8, 0xb2, 0xc3, 0xe9, 0xa2, 0x42, 
    0x67, 0x8a, 0x41, 0xaa, 0xaa, 0x06, 0x00, 0xf8, 0x01, 0x00, 0x00, 0x00, 0x00, 0x00, 0x00, 0x00, 0x00, 0x00, 0x00, 0x00, 0x00, 0x00, 0x00, 0x00, 
    0xe5, 0x89, 0x10, 0x26, 0x8a, 0x25, 0x00, 0x00, 0x00, 0x00, 0x00, 0x00, 0x00, 0x00, 0x00, 0x00, 0x00, 0x00, 0x00, 0x00, 0x00, 0x00, 0x00, 0x00, 
    0x00, 0x00, 0x00, 0x00, 0x00, 0x00, 0x00, 0x00, 0x00, 0x00, 0x00, 0x00, 0x00, 0x00, 0x00, 0x00, 0x00, 0x00, 0x00, 0x00, 0x00, 0x00, 0x00, 0x00, 
    0x00, 0x00, 0x00, 0x00, 0x00, 0x00, 0x00, 0x00, 0x00, 0x00, 0x00, 0x00, 0xff, 0xff, 0x01, 0xff, 0xff, 0x03, 0x00, 0x00, 0x00, 0xff, 0xff, 0x08, 
    0xff, 0xff, 0x6a, 0xff, 0xff, 0xda, 0xff, 0xff, 0xff, 0xff, 0xff, 0xff, 0xff, 0xff, 0xff, 0xff, 0xff, 0xfc, 0xff, 0xff, 0xfc, 0xff, 0xff, 0xfc, 
    0xff, 0xff, 0xfe, 0xff, 0xff, 0xfe, 0xff, 0xff, 0xfe, 0xff, 0xff, 0xff, 0xff, 0xff, 0xff, 0xff, 0xff, 0xff, 0xff, 0xff, 0xff, 0xff, 0xff, 0xfe, 
    0xff, 0xff, 0xfe, 0xff, 0xff, 0xfc, 0xff, 0xff, 0xfc, 0xff, 0xff, 0xfc, 0xff, 0xff, 0xfe, 0xff, 0xff, 0xff, 0xff, 0xff, 0xff, 0xff, 0xff, 0xfc, 
    0xff, 0xff, 0xb9, 0xff, 0xff, 0x4c, 0x00, 0x00, 0x00, 0x00, 0x00, 0x00, 0xff, 0xff, 0x03, 0x00, 0x00, 0x00, 0x00, 0x00, 0x00, 0x00, 0x00, 0x00, 
    0xff, 0xff, 0x02, 0x00, 0x00, 0x00, 0xff, 0xff, 0x20, 0xff, 0xff, 0xf3, 0xff, 0xff, 0xfb, 0xff, 0xff, 0xfb, 0xff, 0xff, 0xfc, 0xff, 0xff, 0xfc, 
    0xff, 0xff, 0xfc, 0xff, 0xff, 0xf9, 0xff, 0xff, 0xff, 0xff, 0xff, 0x72, 0x00, 0x00, 0x00, 0xff, 0xff, 0x03, 0x00, 0x00, 0x00, 0x00, 0x00, 0x00, 
    0x00, 0x00, 0x00, 0x00, 0x00, 0x00, 0x00, 0x00, 0x00, 0x00, 0x00, 0x00, 0x00, 0x00, 0x00, 0x00, 0x00, 0x00, 0x00, 0x00, 0x00, 0x00, 0x00, 0x00, 
    0x00, 0x00, 0x00, 0x00, 0x00, 0x00, 0x00, 0x00, 0x00, 0x00, 0x00, 0x00, 0x00, 0x00, 0x00, 0x00, 0x00, 0x00, 0x00, 0x00, 0x00, 0x00, 0x00, 0x00, 
    0x00, 0x00, 0x00, 0x00, 0x00, 0x00, 0x00, 0x00, 0x00, 0x00, 0x00, 0x00, 0x00, 0x00, 0x00, 0xff, 0xff, 0x03, 0x00, 0x00, 0x00, 0xff, 0xff, 0x68, 
    0xff, 0xff, 0xff, 0xff, 0xff, 0xf9, 0xff, 0xff, 0xfc, 0xff, 0xff, 0xfc, 0xff, 0xff, 0xfc, 0xff, 0xff, 0xfc, 0xff, 0xff, 0xf8, 0xff, 0xff, 0xfd, 
    0xff, 0xff, 0x84, 0x00, 0x00, 0x00, 0xff, 0xff, 0x03, 0x00, 0x00, 0x00, 0x00, 0x00, 0x00, 0x00, 0x00, 0x00, 0x00, 0x00, 0x00, 0x00, 0x00, 0x00, 
    0x00, 0x00, 0x00, 0x00, 0x00, 0x00, 0x00, 0x00, 0x00, 0xff, 0xff, 0x03, 0x00, 0x00, 0x00, 0x00, 0x00, 0x00, 0xff, 0xff, 0x41, 0xff, 0xff, 0xb8, 
    0xff, 0xff, 0xff, 0xff, 0xff, 0xff, 0xff, 0xff, 0xff, 0xff, 0xff, 0xfc, 0xff, 0xff, 0xfc, 0xff, 0xff, 0xfc, 0xff, 0xff, 0xfd, 0xff, 0xff, 0xfe, 
    0xff, 0xff, 0xff, 0xff, 0xff, 0xff, 0xff, 0xff, 0xff, 0xff, 0xff, 0xff, 0xff, 0xff, 0xff, 0xff, 0xff, 0xff, 0xff, 0xff, 0xfe, 0xff, 0xff, 0xfd, 
    0xff, 0xff, 0xfc, 0xff, 0xff, 0xfc, 0xff, 0xff, 0xfc, 0xff, 0xff, 0xff, 0xff, 0xff, 0xff, 0xff, 0xff, 0xff, 0xff, 0xff, 0xe9, 0xff, 0xff, 0x87, 
    0xff, 0xff, 0x1c, 0x00, 0x00, 0x00, 0x00, 0x00, 0x00, 0xff, 0xff, 0x02, 0x00, 0x00, 0x00, 0x00, 0x00, 0x00, 0x00, 0x00, 0x00, 0x00, 0x00, 0x00, 
    0x00, 0x00, 0x00, 0x00, 0x00, 0x00, 0x00, 0x00, 0x00, 0x00, 0x00, 0x00, 0x00, 0x00, 0x00, 0x00, 0x00, 0x00, 0x00, 0x00, 0x00, 0x00, 0x00, 0x00, 
    0x00, 0x00, 0x00, 0x00, 0x00, 0x00, 0x00, 0x00, 0x00, 0xff, 0xff, 0x02, 0x00, 0x00, 0x00, 0x00, 0x00, 0x00, 0xff, 0xff, 0x2e, 0xff, 0xff, 0xa8, 
    0xff, 0xff, 0xfa, 0xff, 0xff, 0xff, 0xff, 0xff, 0xff, 0xff, 0xff, 0xfd, 0xff, 0xff, 0xfc, 0xff, 0xff, 0xfc, 0xff, 0xff, 0xfd, 0xff, 0xff, 0xfe, 
    0xff, 0xff, 0xff, 0xff, 0xff, 0xff, 0xff, 0xff, 0xff, 0xff, 0xff, 0xff, 0xff, 0xff, 0xff, 0xff, 0xff, 0xff, 0xff, 0xff, 0xfe, 0xff, 0xff, 0xfe, 
    0xff, 0xff, 0xfc, 0xff, 0xff, 0xfc, 0xff, 0xff, 0xfc, 0xff, 0xff, 0xff, 0xff, 0xff, 0xff, 0xff, 0xff, 0xff, 0xff, 0xff, 0xf4, 0xff, 0xff, 0x9e, 
    0xff, 0xff, 0x2b, 0x00, 0x00, 0x00, 0x00, 0x00, 0x00, 0xff, 0xff, 0x03, 0x00, 0x00, 0x00, 0x00, 0x00, 0x00, 0x00, 0x00, 0x00, 0x00, 0x00, 0x00, 
    0x00, 0x00, 0x00, 0x00, 0x00, 0x00, 0x00, 0x00, 0x00, 0x00, 0x00, 0x00, 0xff, 0xff, 0x04, 0x00, 0x00, 0x00, 0xff, 0xff, 0x89, 0xff, 0xff, 0xfc, 
    0xff, 0xff, 0xf9, 0xff, 0xff, 0xfc, 0xff, 0xff, 0xfc, 0xff, 0xff, 0xfc, 0xff, 0xff, 0xf8, 0xff, 0xff, 0xfc, 0xff, 0xff, 0xa0, 0x00, 0x00, 0x00, 
    0xff, 0xff, 0x03, 0xef, 0x7b, 0x02, 0x26, 0x72, 0x20, 0x67, 0x7a, 0x1a, 0x68, 0x82, 0x3e, 0xa9, 0x92, 0x54, 0xe9, 0xa2, 0x2e, 0x2a, 0xab, 0x3a, 
    0xa8, 0x9a, 0x7e, 0xe9, 0xa2, 0x75, 0xc9, 0xaa, 0x7a, 0x46, 0x9a, 0xb8, 0x2a, 0xab, 0x5f, 0x2a, 0xab, 0x4f, 0xe9, 0xa2, 0x7c, 0xe9, 0xa2, 0x4f, 
    0x09, 0xa3, 0x2a, 0x29, 0xa3, 0x14, 0xe7, 0x9a, 0x08, 0x2a, 0xab, 0x1c, 0xc9, 0xa2, 0x30, 0xea, 0xaa, 0x52, 0x0a, 0xbb, 0x9c, 0xc8, 0xc2, 0xea, 
    0xe4, 0xb9, 0xff, 0xa3, 0xb1, 0xff, 0xa3, 0xb9, 0xff, 0xa3, 0xb9, 0xff, 0xa3, 0xb9, 0xff, 0xa3, 0xb9, 0xff, 0xa3, 0xb9, 0xff, 0xa3, 0xb9, 0xff, 
    0xa3, 0xb9, 0xff, 0xa3, 0xb9, 0xff, 0xa3, 0xb9, 0xfe, 0xa3, 0xb9, 0xfe, 0xa3, 0xb9, 0xff, 0xa3, 0xb9, 0xff, 0xa3, 0xb9, 0xff, 0xa3, 0xb9, 0xff, 
    0xa3, 0xb9, 0xff, 0xa3, 0xb9, 0xff, 0xa3, 0xb9, 0xff, 0xa3, 0xb9, 0xff, 0xa3, 0xb9, 0xff, 0xa3, 0xb9, 0xff, 0xc3, 0xb9, 0xfe, 0xc4, 0xb9, 0xff, 
    0x05, 0xb2, 0xe8, 0x29, 0xbb, 0x99, 0x6b, 0xbb, 0x5c, 0x2a, 0xab, 0x34, 0xa8, 0xaa, 0x0f, 0xaa, 0xaa, 0x03, 0xaa, 0xaa, 0x06, 0x00, 0x00, 0x00, 
    0x00, 0x00, 0x00, 0x00, 0x00, 0x00, 0x00, 0x00, 0x00, 0x00, 0x00, 0x01, 0x00, 0xf8, 0x01, 0x00, 0x00, 0x00, 0xc9, 0xb2, 0x3c, 0x67, 0xb2, 0xd8, 
    0x83, 0xb1, 0xff, 0xa3, 0xb9, 0xfe, 0xa3, 0xb9, 0xff, 0xa3, 0xb9, 0xff, 0xa3, 0xb9, 0xff, 0xa3, 0xb9, 0xff, 0xa3, 0xb9, 0xff, 0x83, 0xb1, 0xfd, 
    0x62, 0xb1, 0xff, 0x67, 0xb2, 0xc8, 0xea, 0xa2, 0x2b, 0xc7, 0x89, 0x09, 0x00, 0x00, 0x00, 0x00, 0x00, 0x00, 0x00, 0x00, 0x00, 0x00, 0x00, 0x00, 
    0x00, 0x00, 0x00, 0x00, 0x00, 0x00, 0x00, 0x00, 0x00, 0x00, 0x00, 0x00, 0x00, 0x00, 0x00, 0x00, 0x00, 0x00, 0x00, 0x00, 0x00, 0x00, 0x00, 0x00, 
    0xaa, 0xaa, 0x03, 0x69, 0xb2, 0x0d, 0xa8, 0xa2, 0x3d, 0x29, 0xc3, 0x80, 0x08, 0xcb, 0xe7, 0x25, 0xba, 0xfe, 0xa3, 0xb1, 0xfe, 0xa3, 0xb9, 0xff, 
    0xa3, 0xb9, 0xff, 0xa3, 0xb9, 0xff, 0xa3, 0xb9, 0xff, 0xa3, 0xb9, 0xff, 0xa3, 0xb9, 0xff, 0xa3, 0xb9, 0xff, 0xa3, 0xb9, 0xff, 0xa3, 0xb9, 0xff, 
    0xa3, 0xb9, 0xff, 0xa3, 0xb9, 0xff, 0xa3, 0xb9, 0xff, 0xa3, 0xb9, 0xff, 0xa3, 0xb9, 0xff, 0xa3, 0xb9, 0xff, 0xa3, 0xb9, 0xff, 0xa3, 0xb9, 0xff, 
    0xa3, 0xb9, 0xff, 0xa3, 0xb9, 0xff, 0xa3, 0xb9, 0xff, 0xa3, 0xb1, 0xff, 0xc4, 0xb9, 0xff, 0x87, 0xc2, 0xff, 0xe9, 0xca, 0xe0, 0x09, 0xc3, 0xd1, 
    0x6a, 0xcb, 0xae, 0x2a, 0xc3, 0xac, 0x6b, 0xc3, 0x7c, 0xea, 0xb2, 0x59, 0x2b, 0xb3, 0x6a, 0xea, 0xaa, 0x6e, 0x6b, 0xab, 0x23, 0xc4, 0xb1, 0xc6, 
    0xe4, 0xc1, 0xff, 0xe9, 0xb2, 0x60, 0x26, 0xa2, 0x75, 0xa3, 0xc1, 0xff, 0x05, 0xaa, 0xa7, 0x55, 0xc5, 0x09, 0xc9, 0xaa, 0x2a, 0xea, 0xa2, 0x3c, 
    0xc9, 0xa2, 0x43, 0x0a, 0xb3, 0x76, 0xe9, 0xb2, 0x8b, 0x09, 0xc3, 0xb1, 0xe8, 0xca, 0xe3, 0xc4, 0xb9, 0xff, 0xa3, 0xb9, 0xfe, 0xc3, 0xb9, 0xff, 
    0xa3, 0xb9, 0xff, 0xa3, 0xb9, 0xff, 0xa3, 0xb9, 0xff, 0xa3, 0xb9, 0xff, 0xa3, 0xb9, 0xff, 0xa3, 0xb9, 0xff, 0xa3, 0xb9, 0xff, 0xa3, 0xb9, 0xff, 
    0xa3, 0xb9, 0xfd, 0x05, 0xba, 0xff, 0xe9, 0xc2, 0xc9, 0xe9, 0xaa, 0x68, 0x67, 0x8a, 0x28, 0x86, 0x99, 0x05, 0x00, 0xf8, 0x01, 0x00, 0x00, 0x00, 
    0x00, 0x00, 0x00, 0x00, 0x00, 0x00, 0x00, 0x00, 0x00, 0x00, 0x00, 0x00, 0x00, 0x00, 0x00, 0x00, 0x00, 0x00, 0x00, 0x00, 0x00, 0x00, 0x00, 0x00, 
    0x00, 0x00, 0x00, 0x00, 0x00, 0x00, 0x00, 0x00, 0x00, 0x00, 0x00, 0x00, 0x00, 0x00, 0x00, 0x00, 0x00, 0x00, 0x00, 0x00, 0x00, 0x00, 0x00, 0x00, 
    0x00, 0x00, 0x00, 0x00, 0x00, 0x00, 0x00, 0x00, 0x00, 0x00, 0x00, 0x00, 0x00, 0x00, 0x00, 0x00, 0x00, 0x00, 0x00, 0x00, 0x00, 0x00, 0x00, 0x00, 
    0x00, 0x00, 0x00, 0x00, 0x00, 0x00, 0xff, 0xff, 0x03, 0x00, 0x00, 0x00, 0x00, 0x00, 0x00, 0xff, 0xff, 0x0d, 0xff, 0xff, 0x58, 0xff, 0xff, 0xb1, 
    0xff, 0xff, 0xf0, 0xff, 0xff, 0xff, 0xff, 0xff, 0xff, 0xff, 0xff, 0xff, 0xff, 0xff, 0xff, 0xff, 0xff, 0xff, 0xff, 0xff, 0xff, 0xff, 0xff, 0xfe, 
    0xff, 0xff, 0xfe, 0xff, 0xff, 0xfe, 0xff, 0xff, 0xff, 0xff, 0xff, 0xff, 0xff, 0xff, 0xff, 0xff, 0xff, 0xff, 0xff, 0xff, 0xff, 0xff, 0xff, 0xff, 
    0xff, 0xff, 0xff, 0xff, 0xff, 0xd9, 0xff, 0xff, 0x8a, 0xff, 0xff, 0x35, 0x00, 0x00, 0x00, 0x00, 0x00, 0x00, 0xff, 0xff, 0x01, 0xff, 0xff, 0x02, 
    0x00, 0x00, 0x00, 0x00, 0x00, 0x00, 0x00, 0x00, 0x00, 0x00, 0x00, 0x00, 0xff, 0xff, 0x03, 0x00, 0x00, 0x00, 0xff, 0xff, 0x9c, 0xff, 0xff, 0xff, 
    0xff, 0xff, 0xff, 0xff, 0xff, 0xff, 0xff, 0xff, 0xff, 0xff, 0xff, 0xff, 0xff, 0xff, 0xff, 0xff, 0xff, 0xff, 0xff, 0xff, 0xf4, 0xff, 0xff, 0x18, 
    0xff, 0xff, 0x01, 0xff, 0xff, 0x01, 0x00, 0x00, 0x00, 0x00, 0x00, 0x00, 0x00, 0x00, 0x00, 0x00, 0x00, 0x00, 0x00, 0x00, 0x00, 0x00, 0x00, 0x00, 
    0x00, 0x00, 0x00, 0x00, 0x00, 0x00, 0x00, 0x00, 0x00, 0x00, 0x00, 0x00, 0x00, 0x00, 0x00, 0x00, 0x00, 0x00, 0x00, 0x00, 0x00, 0x00, 0x00, 0x00, 
    0x00, 0x00, 0x00, 0x00, 0x00, 0x00, 0x00, 0x00, 0x00, 0x00, 0x00, 0x00, 0x00, 0x00, 0x00, 0x00, 0x00, 0x00, 0x00, 0x00, 0x00, 0x00, 0x00, 0x00, 
    0x00, 0x00, 0x00, 0xff, 0xff, 0x01, 0xff, 0xff, 0x01, 0xff, 0xff, 0x12, 0xff, 0xff, 0xec, 0xff, 0xff, 0xff, 0xff, 0xff, 0xff, 0xff, 0xff, 0xff, 
    0xff, 0xff, 0xff, 0xff, 0xff, 0xff, 0xff, 0xff, 0xff, 0xff, 0xff, 0xff, 0xff, 0xff, 0xf6, 0xff, 0xff, 0x18, 0x00, 0x00, 0x00, 0xff, 0xff, 0x02, 
    0x00, 0x00, 0x00, 0x00, 0x00, 0x00, 0x00, 0x00, 0x00, 0x00, 0x00, 0x00, 0x00, 0x00, 0x00, 0x00, 0x00, 0x00, 0x00, 0x00, 0x00, 0x00, 0x00, 0x00, 
    0xff, 0xff, 0x01, 0xff, 0xff, 0x02, 0x00, 0x00, 0x00, 0x00, 0x00, 0x00, 0xff, 0xff, 0x3c, 0xff, 0xff, 0x9b, 0xff, 0xff, 0xe8, 0xff, 0xff, 0xff, 
    0xff, 0xff, 0xff, 0xff, 0xff, 0xff, 0xff, 0xff, 0xff, 0xff, 0xff, 0xff, 0xff, 0xff, 0xff, 0xff, 0xff, 0xfe, 0xff, 0xff, 0xfd, 0xff, 0xff, 0xfe, 
    0xff, 0xff, 0xfe, 0xff, 0xff, 0xff, 0xff, 0xff, 0xff, 0xff, 0xff, 0xff, 0xff, 0xff, 0xff, 0xff, 0xff, 0xff, 0xff, 0xff, 0xff, 0xff, 0xff, 0xf5, 
    0xff, 0xff, 0xbe, 0xff, 0xff, 0x68, 0xff, 0xff, 0x18, 0x00, 0x00, 0x00, 0x00, 0x00, 0x00, 0xff, 0xff, 0x03, 0xff, 0xff, 0x01, 0x00, 0x00, 0x00, 
    0x00, 0x00, 0x00, 0x00, 0x00, 0x00, 0x00, 0x00, 0x00, 0x00, 0x00, 0x00, 0x00, 0x00, 0x00, 0x00, 0x00, 0x00, 0x00, 0x00, 0x00, 0x00, 0x00, 0x00, 
    0x00, 0x00, 0x00, 0x00, 0x00, 0x00, 0x00, 0x00, 0x00, 0x00, 0x00, 0x00, 0x00, 0x00, 0x00, 0x00, 0x00, 0x00, 0x00, 0x00, 0x00, 0x00, 0x00, 0x00, 
    0xff, 0xff, 0x01, 0xff, 0xff, 0x03, 0x00, 0x00, 0x00, 0x00, 0x00, 0x00, 0xff, 0xff, 0x30, 0xff, 0xff, 0x91, 0xff, 0xff, 0xe1, 0xff, 0xff, 0xff, 
    0xff, 0xff, 0xff, 0xff, 0xff, 0xff, 0xff, 0xff, 0xff, 0xff, 0xff, 0xff, 0xff, 0xff, 0xff, 0xff, 0xff, 0xfe, 0xff, 0xff, 0xfe, 0xff, 0xff, 0xfe, 
    0xff, 0xff, 0xfe, 0xff, 0xff, 0xff, 0xff, 0xff, 0xff, 0xff, 0xff, 0xff, 0xff, 0xff, 0xff, 0xff, 0xff, 0xff, 0xff, 0xff, 0xff, 0xff, 0xff, 0xfb, 
    0xff, 0xff, 0xcc, 0xff, 0xff, 0x79, 0xff, 0xff, 0x24, 0x00, 0x00, 0x00, 0x00, 0x00, 0x00, 0xff, 0xff, 0x03, 0xff, 0xff, 0x01, 0x00, 0x00, 0x00, 
    0x00, 0x00, 0x00, 0x00, 0x00, 0x00, 0x00, 0x00, 0x00, 0x00, 0x00, 0x00, 0x00, 0x00, 0x00, 0x00, 0x00, 0x00, 0x00, 0x00, 0x00, 0x00, 0x00, 0x00, 
    0xff, 0xff, 0x04, 0x00, 0x00, 0x00, 0xff, 0xff, 0x95, 0xff, 0xff, 0xff, 0xff, 0xff, 0xff, 0xff, 0xff, 0xff, 0xff, 0xff, 0xff, 0xff, 0xff, 0xff, 
    0xff, 0xff, 0xff, 0xff, 0xff, 0xff, 0xff, 0xff, 0xad, 0x00, 0x00, 0x00, 0x55, 0xad, 0x06, 0x86, 0x61, 0x05, 0xc9, 0x92, 0x0e, 0xea, 0xab, 0x06, 
    0xe9, 0xa2, 0x20, 0xc9, 0x9a, 0x65, 0xe9, 0xaa, 0x49, 0xe9, 0xa2, 0x63, 0x09, 0xb3, 0x88, 0x09, 0xb3, 0x99, 0x29, 0xbb, 0x91, 0xc8, 0xb2, 0xdd, 
    0x4a, 0xc3, 0xae, 0x09, 0xb3, 0xa2, 0x2a, 0xb3, 0x8c, 0x09, 0xab, 0x72, 0x09, 0xab, 0x55, 0xea, 0xa2, 0x49, 0x0a, 0xab, 0x45, 0xc9, 0xa2, 0x43, 
    0xea, 0xaa, 0x46, 0x0a, 0xb3, 0x84, 0x0a, 0xc3, 0xa1, 0x09, 0xcb, 0xd2, 0x05, 0xba, 0xff, 0x83, 0xb9, 0xff, 0xa3, 0xb9, 0xff, 0xa3, 0xb9, 0xff, 
    0xa3, 0xb9, 0xff, 0xa3, 0xb9, 0xff, 0xa3, 0xb9, 0xff, 0xa3, 0xb9, 0xff, 0xa3, 0xb9, 0xff, 0xa3, 0xb9, 0xff, 0xa3, 0xb9, 0xff, 0xa3, 0xb9, 0xff, 
    0xa3, 0xb9, 0xff, 0xa3, 0xb9, 0xff, 0xa3, 0xb9, 0xff, 0xa3, 0xb9, 0xff, 0xa3, 0xb9, 0xff, 0xa3, 0xb9, 0xff, 0xa3, 0xb9, 0xff, 0xa3, 0xb9, 0xff, 
    0xa3, 0xb9, 0xfe, 0xa3, 0xb1, 0xff, 0x66, 0xc2, 0xff, 0xc8, 0xc2, 0xef, 0x2a, 0xbb, 0x78, 0x09, 0xab, 0x2e, 0xe9, 0xa2, 0x39, 0x08, 0xab, 0x12, 
    0x00, 0xf8, 0x01, 0x00, 0x00, 0x00, 0x00, 0x00, 0x00, 0x00, 0x00, 0x00, 0x00, 0x00, 0x00, 0x00, 0x00, 0x00, 0x00, 0x00, 0x00, 0x00, 0x00, 0x00, 
    0x00, 0xf8, 0x01, 0x00, 0xf8, 0x01, 0x09, 0xab, 0x25, 0x87, 0xba, 0xb2, 0xa3, 0xb1, 0xff, 0xa3, 0xb9, 0xfe, 0xa3, 0xb9, 0xff, 0xa3, 0xb9, 0xff, 
    0xa3, 0xb9, 0xff, 0xa3, 0xb9, 0xff, 0xa3, 0xb9, 0xff, 0x83, 0xb1, 0xfd, 0x42, 0xb1, 0xff, 0x26, 0xb2, 0xc6, 0x4b, 0xb3, 0x2e, 0x24, 0x69, 0x07, 
    0x00, 0x00, 0x00, 0x00, 0x00, 0x00, 0x00, 0x00, 0x00, 0x00, 0x00, 0x00, 0x00, 0x00, 0x00, 0x00, 0x00, 0x00, 0x00, 0x00, 0x00, 0x00, 0x00, 0x00, 
    0x00, 0x00, 0x00, 0x00, 0x00, 0x00, 0x00, 0x00, 0x00, 0x00, 0x00, 0x00, 0x00, 0xf8, 0x01, 0x00, 0x00, 0x00, 0xa8, 0x9a, 0x12, 0xa9, 0xa2, 0x29, 
    0xa8, 0xb2, 0x95, 0x29, 0xcb, 0xf1, 0x25, 0xc2, 0xfb, 0xa3, 0xb9, 0xff, 0xa3, 0xb9, 0xff, 0xa4, 0xb9, 0xff, 0xa3, 0xb9, 0xff, 0xa3, 0xb9, 0xff, 
    0xa3, 0xb9, 0xff, 0xa3, 0xb9, 0xff, 0xa3, 0xb9, 0xff, 0xa3, 0xb9, 0xff, 0xa3, 0xb9, 0xff, 0xa3, 0xb9, 0xff, 0xa3, 0xb9, 0xff, 0xa3, 0xb9, 0xff, 
    0xa3, 0xb9, 0xff, 0xa3, 0xb9, 0xff, 0xa3, 0xb9, 0xff, 0xa3, 0xb9, 0xff, 0xa3, 0xb9, 0xff, 0x83, 0xb9, 0xff, 0xa3, 0xb1, 0xff, 0x46, 0xc2, 0xfe, 
    0xa8, 0xc2, 0xf4, 0x6a, 0xcb, 0xe9, 0x4a, 0xbb, 0x82, 0x4b, 0xb3, 0x42, 0x0a, 0xab, 0x3f, 0xe9, 0xa2, 0x4b, 0x0a, 0xab, 0x4a, 0xea, 0xaa, 0x28, 
    0x8a, 0xa2, 0x19, 0xa9, 0xaa, 0x15, 0xef, 0xbb, 0x10, 0xe4, 0xb1, 0xc3, 0xe4, 0xc1, 0xff, 0xe9, 0xb2, 0x53, 0x26, 0xa2, 0x71, 0xa3, 0xc1, 0xff, 
    0x05, 0xaa, 0xa1, 0x00, 0x00, 0x00, 0xc9, 0xa2, 0x1f, 0x09, 0xa3, 0x35, 0xa9, 0x9a, 0x38, 0xe9, 0xaa, 0x63, 0xe9, 0xb2, 0x76, 0x09, 0xc3, 0xc8, 
    0x25, 0xba, 0xf7, 0xa3, 0xb9, 0xff, 0xa3, 0xb9, 0xff, 0xa3, 0xb9, 0xff, 0xa3, 0xb9, 0xff, 0xc3, 0xb9, 0xff, 0xa4, 0xb9, 0xff, 0xa3, 0xb9, 0xff, 
    0xa3, 0xb9, 0xff, 0xa4, 0xb9, 0xff, 0xa4, 0xb9, 0xff, 0xa3, 0xb9, 0xff, 0xa3, 0xb9, 0xfe, 0xc4, 0xb1, 0xff, 0xa8, 0xba, 0xde, 0xe9, 0xb2, 0x72, 
    0xa9, 0xa2, 0x2c, 0xa8, 0x9a, 0x0f, 0x00, 0x78, 0x02, 0x00, 0x00, 0x00, 0x00, 0x00, 0x00, 0x00, 0x00, 0x00, 0x00, 0x00, 0x00, 0x00, 0x00, 0x00, 
    0x00, 0x00, 0x01, 0x00, 0xf8, 0x01, 0x00, 0x00, 0x00, 0x00, 0x00, 0x00, 0x00, 0x00, 0x00, 0x00, 0x00, 0x00, 0x00, 0x00, 0x00, 0x00, 0x00, 0x00, 
    0x00, 0x00, 0x00, 0x00, 0x00, 0x00, 0x00, 0x00, 0x00, 0x00, 0x00, 0x00, 0x00, 0x00, 0x00, 0x00, 0x00, 0x00, 0x00, 0x00, 0x00, 0x00, 0x00, 0x00, 
    0x00, 0x00, 0x00, 0x00, 0x00, 0x00, 0x00, 0x00, 0x00, 0x00, 0x00, 0x00, 0x00, 0x00, 0x00, 0x00, 0x00, 0x00, 0x00, 0x00, 0x00, 0xff, 0xff, 0x01, 
    0xff, 0xff, 0x03, 0x00, 0x00, 0x00, 0x00, 0x00, 0x00, 0x00, 0x00, 0x00, 0xff, 0xff, 0x20, 0xff, 0xff, 0x59, 0xff, 0xff, 0x97, 0xff, 0xff, 0xc4, 
    0xff, 0xff, 0xe4, 0xff, 0xff, 0xf3, 0xff, 0xff, 0xfc, 0xff, 0xff, 0xff, 0xff, 0xff, 0xff, 0xff, 0xff, 0xff, 0xff, 0xff, 0xff, 0xff, 0xff, 0xf8, 
    0xff, 0xff, 0xe7, 0xff, 0xff, 0xcb, 0xff, 0xff, 0xa8, 0xff, 0xff, 0x73, 0xff, 0xff, 0x39, 0xff, 0xff, 0x07, 0x00, 0x00, 0x00, 0x00, 0x00, 0x00, 
    0xff, 0xff, 0x01, 0xff, 0xff, 0x03, 0x00, 0x00, 0x00, 0x00, 0x00, 0x00, 0x00, 0x00, 0x00, 0x00, 0x00, 0x00, 0x00, 0x00, 0x00, 0x00, 0x00, 0x00, 
    0x00, 0x00, 0x00, 0xff, 0xff, 0x06, 0xff, 0xff, 0x97, 0xff, 0xff, 0xb5, 0xff, 0xff, 0xb3, 0xff, 0xff, 0xae, 0xff, 0xff, 0xae, 0xff, 0xff, 0xb0, 
    0xff, 0xff, 0xad, 0xff, 0xff, 0xb6, 0xff, 0xff, 0x74, 0x00, 0x00, 0x00, 0xff, 0xff, 0x02, 0x00, 0x00, 0x00, 0x00, 0x00, 0x00, 0x00, 0x00, 0x00, 
    0x00, 0x00, 0x00, 0x00, 0x00, 0x00, 0x00, 0x00, 0x00, 0x00, 0x00, 0x00, 0x00, 0x00, 0x00, 0x00, 0x00, 0x00, 0x00, 0x00, 0x00, 0x00, 0x00, 0x00, 
    0x00, 0x00, 0x00, 0x00, 0x00, 0x00, 0x00, 0x00, 0x00, 0x00, 0x00, 0x00, 0x00, 0x00, 0x00, 0x00, 0x00, 0x00, 0x00, 0x00, 0x00, 0x00, 0x00, 0x00, 
    0x00, 0x00, 0x00, 0x00, 0x00, 0x00, 0x00, 0x00, 0x00, 0x00, 0x00, 0x00, 0x00, 0x00, 0x00, 0x00, 0x00, 0x00, 0xff, 0xff, 0x02, 0x00, 0x00, 0x00, 
    0xff, 0xff, 0x60, 0xff, 0xff, 0xaf, 0xff, 0xff, 0xa8, 0xff, 0xff, 0xab, 0xff, 0xff, 0xab, 0xff, 0xff, 0xad, 0xff, 0xff, 0xab, 0xff, 0xff, 0xa7, 
    0xff, 0xff, 0xb1, 0xff, 0xff, 0x38, 0x00, 0x00, 0x00, 0xff, 0xff, 0x02, 0x00, 0x00, 0x00, 0x00, 0x00, 0x00, 0x00, 0x00, 0x00, 0x00, 0x00, 0x00, 
    0x00, 0x00, 0x00, 0x00, 0x00, 0x00, 0x00, 0x00, 0x00, 0x00, 0x00, 0x00, 0x00, 0x00, 0x00, 0x00, 0x00, 0x00, 0xff, 0xff, 0x03, 0xff, 0xff, 0x01, 
    0x00, 0x00, 0x00, 0x00, 0x00, 0x00, 0xff, 0xff, 0x18, 0xff, 0xff, 0x51, 0xff, 0xff, 0x8a, 0xff, 0xff, 0xbe, 0xff, 0xff, 0xe1, 0xff, 0xff, 0xf7, 
    0xff, 0xff, 0xff, 0xff, 0xff, 0xff, 0xff, 0xff, 0xff, 0xff, 0xff, 0xff, 0xff, 0xff, 0xff, 0xff, 0xff, 0xff, 0xff, 0xff, 0xf6, 0xff, 0xff, 0xe2, 
    0xff, 0xff, 0xbf, 0xff, 0xff, 0x94, 0xff, 0xff, 0x57, 0xff, 0xff, 0x26, 0x00, 0x00, 0x00, 0x00, 0x00, 0x00, 0x00, 0x00, 0x00, 0xff, 0xff, 0x03, 
    0xff, 0xff, 0x01, 0x00, 0x00, 0x00, 0x00, 0x00, 0x00, 0x00, 0x00, 0x00, 0x00, 0x00, 0x00, 0x00, 0x00, 0x00, 0x00, 0x00, 0x00, 0x00, 0x00, 0x00, 
    0x00, 0x00, 0x00, 0x00, 0x00, 0x00, 0x00, 0x00, 0x00, 0x00, 0x00, 0x00, 0x00, 0x00, 0x00, 0x00, 0x00, 0x00, 0x00, 0x00, 0x00, 0x00, 0x00, 0x00, 
    0x00, 0x00, 0x00, 0x00, 0x00, 0x00, 0x00, 0x00, 0x00, 0x00, 0x00, 0x00, 0x00, 0x00, 0x00, 0x00, 0x00, 0x00, 0xff, 0xff, 0x02, 0xff, 0xff, 0x02, 
    0x00, 0x00, 0x00, 0x00, 0x00, 0x00, 0xff, 0xff, 0x0f, 0xff, 0xff, 0x49, 0xff, 0xff, 0x8a, 0xff, 0xff, 0xb5, 0xff, 0xff, 0xdb, 0xff, 0xff, 0xf2, 
    0xff, 0xff, 0xff, 0xff, 0xff, 0xff, 0xff, 0xff, 0xff, 0xff, 0xff, 0xff, 0xff, 0xff, 0xff, 0xff, 0xff, 0xff, 0xff, 0xff, 0xf6, 0xff, 0xff, 0xe3, 
    0xff, 0xff, 0xc6, 0xff, 0xff, 0x99, 0xff, 0xff, 0x5c, 0xff, 0xff, 0x2c, 0xff, 0xff, 0x02, 0x00, 0x00, 0x00, 0x00, 0x00, 0x00, 0xff, 0xff, 0x02, 
    0xff, 0xff, 0x02, 0x00, 0x00, 0x00, 0x00, 0x00, 0x00, 0x00, 0x00, 0x00, 0x00, 0x00, 0x00, 0x00, 0x00, 0x00, 0x00, 0x00, 0x00, 0x00, 0x00, 0x00, 
    0x00, 0x00, 0x00, 0x00, 0x00, 0x00, 0x00, 0x00, 0x00, 0x00, 0x00, 0x00, 0xff, 0xff, 0x03, 0x00, 0x00, 0x00, 0xff, 0xff, 0x65, 0xff, 0xff, 0xb5, 
    0xff, 0xff, 0xae, 0xff, 0xff, 0xb3, 0xff, 0xff, 0xb4, 0xff, 0xff, 0xb2, 0xff, 0xff, 0xb0, 0xff, 0xff, 0xb5, 0xff, 0xff, 0x6c, 0x00, 0x00, 0x00, 
    0x5f, 0xad, 0x03, 0xaa, 0xaa, 0x03, 0xaa, 0x9a, 0x0f, 0x88, 0x92, 0x57, 0xc9, 0x9a, 0x35, 0x0a, 0xab, 0x5c, 0x2a, 0xb3, 0x99, 0x09, 0xbb, 0xb8, 
    0x09, 0xc3, 0xc3, 0xe8, 0xc2, 0xaf, 0x09, 0xc3, 0xbd, 0x29, 0xcb, 0xe0, 0xe9, 0xc2, 0xef, 0x6a, 0xcb, 0xcf, 0x09, 0xc3, 0xd4, 0x09, 0xbb, 0x9a, 
    0x2a, 0xc3, 0x9a, 0x0a, 0xbb, 0x9c, 0x0a, 0xb3, 0x89, 0x2a, 0xbb, 0x7e, 0x4a, 0xc3, 0x9c, 0x09, 0xcb, 0xcd, 0xe9, 0xca, 0xcd, 0x87, 0xc2, 0xda, 
    0xe4, 0xb9, 0xff, 0xa3, 0xb9, 0xff, 0xa3, 0xb9, 0xff, 0xa3, 0xb9, 0xff, 0xa3, 0xb9, 0xff, 0xa3, 0xb9, 0xff, 0xa3, 0xb9, 0xff, 0xa3, 0xb9, 0xff, 
    0xa3, 0xb9, 0xff, 0xa3, 0xb9, 0xff, 0xa3, 0xb9, 0xff, 0xa3, 0xb9, 0xff, 0xa3, 0xb9, 0xff, 0xa3, 0xb9, 0xff, 0xa3, 0xb9, 0xff, 0xa3, 0xb9, 0xff, 
    0xa3, 0xb9, 0xff, 0xa3, 0xb9, 0xff, 0x83, 0xb9, 0xff, 0x83, 0xb1, 0xff, 0xe4, 0xb9, 0xff, 0x66, 0xc2, 0xf8, 0xe9, 0xc2, 0xe3, 0x29, 0xbb, 0x91, 
    0x09, 0xab, 0x68, 0xc9, 0xaa, 0x22, 0xa9, 0xaa, 0x15, 0xe8, 0xa2, 0x0b, 0x00, 0x00, 0x00, 0x00, 0x00, 0x00, 0x00, 0x00, 0x00, 0x00, 0x00, 0x00, 
    0x00, 0x00, 0x00, 0x00, 0x00, 0x00, 0x00, 0x00, 0x00, 0x00, 0x00, 0x00, 0x00, 0xf8, 0x01, 0x00, 0x00, 0x00, 0xe9, 0xb2, 0x18, 0x87, 0xb2, 0xbb, 
    0xc4, 0xb9, 0xff, 0x83, 0xb1, 0xfd, 0xa3, 0xb9, 0xff, 0xa3, 0xb9, 0xff, 0xa3, 0xb9, 0xff, 0xa3, 0xb9, 0xff, 0xa3, 0xb9, 0xff, 0xa3, 0xb9, 0xfd, 
    0x62, 0xb1, 0xff, 0x05, 0xaa, 0xe4, 0x09, 0xb3, 0x42, 0x86, 0x99, 0x05, 0x00, 0xf8, 0x01, 0x00, 0x00, 0x00, 0x00, 0x00, 0x00, 0x00, 0x00, 0x00, 
    0x00, 0x00, 0x00, 0x00, 0x00, 0x00, 0x00, 0x00, 0x00, 0x00, 0x00, 0x00, 0x00, 0x00, 0x00, 0x00, 0x00, 0x00, 0x00, 0x00, 0x00, 0x00, 0x00, 0x00, 
    0x00, 0x00, 0x00, 0xaa, 0xaa, 0x06, 0x88, 0xa2, 0x16, 0x88, 0xa2, 0x37, 0xa9, 0xaa, 0x5e, 0x09, 0xc3, 0x94, 0xa8, 0xc2, 0xee, 0xe4, 0xb9, 0xff, 
    0xa3, 0xb9, 0xff, 0xa3, 0xb9, 0xff, 0xa3, 0xb9, 0xff, 0xa3, 0xb9, 0xff, 0xa3, 0xb9, 0xff, 0xa3, 0xb9, 0xff, 0xa3, 0xb9, 0xff, 0xa3, 0xb9, 0xff, 
    0xa3, 0xb9, 0xff, 0xa3, 0xb9, 0xff, 0xa3, 0xb9, 0xff, 0xa3, 0xb9, 0xff, 0xa3, 0xb9, 0xff, 0xa3, 0xb9, 0xff, 0xa3, 0xb9, 0xff, 0xa3, 0xb9, 0xff, 
    0xc4, 0xb9, 0xff, 0x25, 0xba, 0xfe, 0x87, 0xc2, 0xfb, 0x4a, 0xcb, 0xd8, 0x6b, 0xc3, 0xa5, 0x2a, 0xb3, 0x80, 0x09, 0xa3, 0x37, 0x67, 0x8a, 0x78, 
    0xe9, 0x9a, 0x3a, 0xe9, 0xaa, 0x21, 0x09, 0xab, 0x2a, 0xe9, 0xaa, 0x10, 0xea, 0xa2, 0x16, 0xaa, 0xaa, 0x06, 0xff, 0xbd, 0x04, 0xe5, 0xb1, 0xc5, 
    0xe4, 0xc1, 0xff, 0xc9, 0xaa, 0x4a, 0x06, 0xa2, 0x77, 0xa3, 0xc1, 0xff, 0x05, 0xaa, 0xa6, 0x00, 0x00, 0x00, 0x86, 0xc9, 0x05, 0xc9, 0xb2, 0x11, 
    0xc9, 0xa2, 0x4d, 0xc9, 0xa2, 0x71, 0x2a, 0xbb, 0x83, 0xe9, 0xc2, 0xc3, 0xe4, 0xb1, 0xff, 0xa3, 0xb9, 0xfe, 0xa3, 0xb9, 0xff, 0xa3, 0xb9, 0xff, 
    0xa3, 0xb9, 0xff, 0xa4, 0xb9, 0xff, 0xa4, 0xb9, 0xff, 0xa4, 0xb9, 0xff, 0xa4, 0xb9, 0xff, 0xa4, 0xb9, 0xff, 0xa4, 0xb9, 0xff, 0xa3, 0xb9, 0xff, 
    0xa3, 0xb9, 0xff, 0xc4, 0xb9, 0xff, 0x46, 0xba, 0xff, 0x09, 0xbb, 0x95, 0xc9, 0x9a, 0x34, 0xa8, 0x92, 0x27, 0x69, 0x9a, 0x0a, 0x00, 0x00, 0x00, 
    0x00, 0x00, 0x00, 0x00, 0x00, 0x00, 0x00, 0x00, 0x00, 0x00, 0x00, 0x00, 0x00, 0x00, 0x00, 0x00, 0x00, 0x00, 0x00, 0x00, 0x00, 0x00, 0x00, 0x00, 
    0x00, 0x00, 0x00, 0x00, 0x00, 0x00, 0x00, 0x00, 0x00, 0x00, 0x00, 0x00, 0x00, 0x00, 0x00, 0x00, 0x00, 0x00, 0x00, 0x00, 0x00, 0x00, 0x00, 0x00, 
    0x00, 0x00, 0x00, 0x00, 0x00, 0x00, 0x00, 0x00, 0x00, 0x00, 0x00, 0x00, 0x00, 0x00, 0x00, 0x00, 0x00, 0x00, 0x00, 0x00, 0x00, 0x00, 0x00, 0x00, 
    0x00, 0x00, 0x00, 0x00, 0x00, 0x00, 0x00, 0x00, 0x00, 0x00, 0x00, 0x00, 0x00, 0x00, 0x00, 0xff, 0xff, 0x01, 0xff, 0xff, 0x03, 0xff, 0xff, 0x02, 
    0x00, 0x00, 0x00, 0x00, 0x00, 0x00, 0x00, 0x00, 0x00, 0x00, 0x00, 0x00, 0xff, 0xff, 0x12, 0xff, 0xff, 0x1d, 0xff, 0xff, 0x28, 0xff, 0xff, 0x3a, 
    0xff, 0xff, 0x3f, 0xff, 0xff, 0x3e, 0xff, 0xff, 0x30, 0xff, 0xff, 0x22, 0xff, 0xff, 0x14, 0xff, 0xff, 0x02, 0x00, 0x00, 0x00, 0x00, 0x00, 0x00, 
    0x00, 0x00, 0x00, 0x00, 0x00, 0x00, 0xff, 0xff, 0x03, 0xff, 0xff, 0x02, 0x00, 0x00, 0x00, 0x00, 0x00, 0x00, 0x00, 0x00, 0x00, 0x00, 0x00, 0x00, 
    0x00, 0x00, 0x00, 0x00, 0x00, 0x00, 0x00, 0x00, 0x00, 0x00, 0x00, 0x00, 0x00, 0x00, 0x00, 0x00, 0x00, 0x00, 0x00, 0x00, 0x00, 0x00, 0x00, 0x00, 
    0x00, 0x00, 0x00, 0x00, 0x00, 0x00, 0x00, 0x00, 0x00, 0x00, 0x00, 0x00, 0x00, 0x00, 0x00, 0x00, 0x00, 0x00, 0x00, 0x00, 0x00, 0xff, 0xff, 0x01, 
    0x00, 0x00, 0x00, 0x00, 0x00, 0x00, 0x00, 0x00, 0x00, 0x00, 0x00, 0x00, 0x00, 0x00, 0x00, 0x00, 0x00, 0x00, 0x00, 0x00, 0x00, 0x00, 0x00, 0x00, 
    0x00, 0x00, 0x00, 0x00, 0x00, 0x00, 0x00, 0x00, 0x00, 0x00, 0x00, 0x00, 0x00, 0x00, 0x00, 0x00, 0x00, 0x00, 0x00, 0x00, 0x00, 0x00, 0x00, 0x00, 
    0x00, 0x00, 0x00, 0x00, 0x00, 0x00, 0x00, 0x00, 0x00, 0x00, 0x00, 0x00, 0x00, 0x00, 0x00, 0x00, 0x00, 0x00, 0x00, 0x00, 0x00, 0x00, 0x00, 0x00, 
    0x00, 0x00, 0x00, 0x00, 0x00, 0x00, 0x00, 0x00, 0x00, 0xff, 0xff, 0x01, 0x00, 0x00, 0x00, 0x00, 0x00, 0x00, 0x00, 0x00, 0x00, 0x00, 0x00, 0x00, 
    0x00, 0x00, 0x00, 0x00, 0x00, 0x00, 0x00, 0x00, 0x00, 0x00, 0x00, 0x00, 0x00, 0x00, 0x00, 0x00, 0x00, 0x00, 0x00, 0x00, 0x00, 0x00, 0x00, 0x00, 
    0x00, 0x00, 0x00, 0x00, 0x00, 0x00, 0x00, 0x00, 0x00, 0x00, 0x00, 0x00, 0x00, 0x00, 0x00, 0x00, 0x00, 0x00, 0x00, 0x00, 0x00, 0x00, 0x00, 0x00, 
    0x00, 0x00, 0x00, 0x00, 0x00, 0x00, 0x00, 0x00, 0x00, 0x00, 0x00, 0x00, 0xff, 0xff, 0x03, 0xff, 0xff, 0x03, 0x00, 0x00, 0x00, 0x00, 0x00, 0x00, 
    0x00, 0x00, 0x00, 0x00, 0x00, 0x00, 0xff, 0xff, 0x0f, 0xff, 0xff, 0x20, 0xff, 0xff, 0x31, 0xff, 0xff, 0x42, 0xff, 0xff, 0x4d, 0xff, 0xff, 0x46, 
    0xff, 0xff, 0x42, 0xff, 0xff, 0x32, 0xff, 0xff, 0x1f, 0xff, 0xff, 0x10, 0x00, 0x00, 0x00, 0x00, 0x00, 0x00, 0x00, 0x00, 0x00, 0x00, 0x00, 0x00, 
    0xff, 0xff, 0x01, 0xff, 0xff, 0x04, 0xff, 0xff, 0x01, 0x00, 0x00, 0x00, 0x00, 0x00, 0x00, 0x00, 0x00, 0x00, 0x00, 0x00, 0x00, 0x00, 0x00, 0x00, 
    0x00, 0x00, 0x00, 0x00, 0x00, 0x00, 0x00, 0x00, 0x00, 0x00, 0x00, 0x00, 0x00, 0x00, 0x00, 0x00, 0x00, 0x00, 0x00, 0x00, 0x00, 0x00, 0x00, 0x00, 
    0x00, 0x00, 0x00, 0x00, 0x00, 0x00, 0x00, 0x00, 0x00, 0x00, 0x00, 0x00, 0x00, 0x00, 0x00, 0x00, 0x00, 0x00, 0x00, 0x00, 0x00, 0x00, 0x00, 0x00, 
    0x00, 0x00, 0x00, 0x00, 0x00, 0x00, 0x00, 0x00, 0x00, 0x00, 0x00, 0x00, 0xff, 0xff, 0x02, 0xff, 0xff, 0x03, 0x00, 0x00, 0x00, 0x00, 0x00, 0x00, 
    0x00, 0x00, 0x00, 0x00, 0x00, 0x00, 0xff, 0xff, 0x0b, 0xff, 0xff, 0x1b, 0xff, 0xff, 0x2f, 0xff, 0xff, 0x3e, 0xff, 0xff, 0x46, 0xff, 0xff, 0x47, 
    0xff, 0xff, 0x3d, 0xff, 0xff, 0x34, 0xff, 0xff, 0x20, 0xff, 0xff, 0x11, 0x00, 0x00, 0x00, 0x00, 0x00, 0x00, 0x00, 0x00, 0x00, 0x00, 0x00, 0x00, 
    0x00, 0x00, 0x00, 0xff, 0xff, 0x03, 0xff, 0xff, 0x02, 0x00, 0x00, 0x00, 0x00, 0x00, 0x00, 0x00, 0x00, 0x00, 0x00, 0x00, 0x00, 0x00, 0x00, 0x00, 
    0x00, 0x00, 0x00, 0x00, 0x00, 0x00, 0x00, 0x00, 0x00, 0x00, 0x00, 0x00, 0x00, 0x00, 0x00, 0x00, 0x00, 0x00, 0x00, 0x00, 0x00, 0x00, 0x00, 0x00, 
    0x00, 0x00, 0x00, 0x00, 0x00, 0x00, 0x00, 0x00, 0x00, 0x00, 0x00, 0x00, 0x00, 0x00, 0x00, 0x00, 0x00, 0x00, 0x00, 0x00, 0x00, 0x00, 0x00, 0x00, 
    0x00, 0x00, 0x00, 0x00, 0x00, 0x00, 0x00, 0x00, 0x00, 0x45, 0x51, 0x06, 0x69, 0x7a, 0x0a, 0xef, 0x7b, 0x02, 0xc9, 0xa2, 0x11, 0xa9, 0x9a, 0x58, 
    0xc9, 0xa2, 0x54, 0x0a, 0xab, 0x87, 0x0a, 0xbb, 0xac, 0xe9, 0xc2, 0xea, 0xc8, 0xc2, 0xfb, 0x66, 0xba, 0xff, 0x87, 0xc2, 0xff, 0x25, 0xc2, 0xff, 
    0x05, 0xba, 0xff, 0x46, 0xba, 0xf6, 0x26, 0xba, 0xff, 0x46, 0xba, 0xfa, 0x87, 0xc2, 0xf8, 0x46, 0xba, 0xf6, 0xa8, 0xc2, 0xcf, 0x87, 0xba, 0xdd, 
    0x26, 0xba, 0xf0, 0x05, 0xb2, 0xff, 0xe5, 0xb9, 0xff, 0xe4, 0xb9, 0xff, 0xa3, 0xb9, 0xff, 0xa3, 0xb9, 0xff, 0xa3, 0xb9, 0xff, 0xa4, 0xb9, 0xff, 
    0xa3, 0xb9, 0xff, 0xa3, 0xb9, 0xff, 0xa3, 0xb9, 0xff, 0xa3, 0xb9, 0xff, 0xc3, 0xb9, 0xff, 0xa3, 0xb9, 0xff, 0xa3, 0xb9, 0xff, 0xc3, 0xb9, 0xff, 
    0xa3, 0xb9, 0xff, 0xa3, 0xb9, 0xff, 0xa3, 0xb9, 0xff, 0xa3, 0xb9, 0xff, 0xa3, 0xb9, 0xff, 0xc4, 0xb9, 0xff, 0x25, 0xc2, 0xff, 0x46, 0xba, 0xf6, 
    0xa7, 0xc2, 0xf1, 0xe8, 0xc2, 0xc7, 0x4a, 0xb3, 0x55, 0x09, 0xa3, 0x3a, 0xe9, 0xa2, 0x29, 0xe8, 0xba, 0x0b, 0x00, 0xf8, 0x01, 0x00, 0x00, 0x00, 
    0x00, 0x00, 0x00, 0x00, 0x00, 0x00, 0x00, 0x00, 0x00, 0x00, 0x00, 0x00, 0x00, 0x00, 0x00, 0x00, 0x00, 0x00, 0x00, 0x00, 0x00, 0x00, 0x00, 0x00, 
    0x00, 0x00, 0x00, 0xe0, 0xfb, 0x02, 0xa9, 0xaa, 0x15, 0xa8, 0xb2, 0x7d, 0xe4, 0xb1, 0xfb, 0x83, 0xb1, 0xfe, 0xa3, 0xb9, 0xff, 0xa3, 0xb9, 0xff, 
    0xa3, 0xb9, 0xff, 0xa3, 0xb9, 0xff, 0xa3, 0xb9, 0xff, 0xa3, 0xb9, 0xfe, 0x62, 0xb1, 0xff, 0x05, 0xb2, 0xfc, 0xe9, 0xba, 0x67, 0x27, 0x7a, 0x12, 
    0x00, 0xf8, 0x01, 0x00, 0x00, 0x00, 0x00, 0x00, 0x00, 0x00, 0x00, 0x00, 0x00, 0x00, 0x00, 0x00, 0x00, 0x00, 0x00, 0x00, 0x00, 0x00, 0x00, 0x00, 
    0x00, 0x00, 0x00, 0x00, 0x00, 0x00, 0x00, 0x00, 0x00, 0x00, 0x00, 0x00, 0x00, 0x00, 0x00, 0xaa, 0xaa, 0x03, 0x47, 0x92, 0x18, 0xa8, 0x9a, 0x2a, 
    0xa8, 0xa2, 0x40, 0xa9, 0xaa, 0x6c, 0xc9, 0xba, 0x9f, 0xc8, 0xca, 0xef, 0x05, 0xba, 0xff, 0xc3, 0xb9, 0xfe, 0xa3, 0xb9, 0xff, 0xa3, 0xb9, 0xff, 
    0xa3, 0xb9, 0xff, 0xa3, 0xb9, 0xff, 0xa3, 0xb9, 0xff, 0xa3, 0xb9, 0xff, 0xa3, 0xb9, 0xff, 0xa3, 0xb9, 0xff, 0xa3, 0xb9, 0xff, 0xa3, 0xb9, 0xff, 
    0xa3, 0xb9, 0xff, 0xa3, 0xb9, 0xff, 0xa3, 0xb9, 0xff, 0xe4, 0xb1, 0xff, 0xc8, 0xc2, 0xf5, 0x8b, 0xd3, 0xdc, 0x2a, 0xc3, 0xa8, 0x2a, 0xbb, 0x5e, 
    0xc9, 0x9a, 0x35, 0xea, 0xa2, 0x36, 0x2a, 0xab, 0x0f, 0x67, 0x8a, 0x4c, 0x66, 0x9a, 0x0a, 0x00, 0x00, 0x00, 0xe7, 0x9a, 0x08, 0xaa, 0xaa, 0x03, 
    0xaa, 0xaa, 0x06, 0x00, 0xa8, 0x03, 0x00, 0x00, 0x00, 0xe4, 0xa9, 0xae, 0xe4, 0xc1, 0xff, 0xc9, 0xb2, 0x48, 0x06, 0xa2, 0x7a, 0xc4, 0xc1, 0xff, 
    0x05, 0xaa, 0x9d, 0x00, 0x00, 0x00, 0xe7, 0x99, 0x08, 0xc9, 0xb2, 0x14, 0xc9, 0xa2, 0x52, 0xe9, 0xaa, 0x7a, 0x0a, 0xbb, 0x8f, 0xc8, 0xc2, 0xda, 
    0xe4, 0xb9, 0xff, 0xa3, 0xb9, 0xfe, 0xa3, 0xb9, 0xff, 0xa4, 0xb9, 0xff, 0xa4, 0xb9, 0xff, 0xa4, 0xb9, 0xff, 0xa4, 0xb9, 0xff, 0xa4, 0xb9, 0xff, 
    0xa4, 0xb9, 0xff, 0xa4, 0xb9, 0xff, 0xa4, 0xb9, 0xff, 0xa3, 0xb9, 0xff, 0xa3, 0xb9, 0xff, 0xc4, 0xb9, 0xff, 0x66, 0xba, 0xfd, 0xe9, 0xba, 0x85, 
    0xe9, 0xa2, 0x34, 0x89, 0x9a, 0x1c, 0x00, 0xf8, 0x01, 0xaa, 0xaa, 0x03, 0xe0, 0xff, 0x01, 0x00, 0x00, 0x00, 0x00, 0x00, 0x00, 0x00, 0x00, 0x00, 
    0x00, 0x00, 0x00, 0x00, 0x00, 0x00, 0x00, 0x00, 0x00, 0x00, 0x00, 0x00, 0x00, 0x00, 0x00, 0x00, 0x00, 0x00, 0x00, 0x00, 0x00, 0x00, 0x00, 0x00, 
    0x00, 0x00, 0x00, 0x00, 0x00, 0x00, 0x00, 0x00, 0x00, 0x00, 0x00, 0x00, 0x00, 0x00, 0x00, 0x00, 0x00, 0x00, 0x00, 0x00, 0x00, 0x00, 0x00, 0x00, 
    0x00, 0x00, 0x00, 0x00, 0x00, 0x00, 0x00, 0x00, 0x00, 0x00, 0x00, 0x00, 0x00, 0x00, 0x00, 0x00, 0x00, 0x00, 0x00, 0x00, 0x00, 0x00, 0x00, 0x00, 
    0x00, 0x00, 0x00, 0x00, 0x00, 0x00, 0x00, 0x00, 0x00, 0x00, 0x00, 0x00, 0xff, 0xff, 0x02, 0xff, 0xff, 0x03, 0xff, 0xff, 0x04, 0x00, 0x00, 0x00, 
    0x00, 0x00, 0x00, 0x00, 0x00, 0x00, 0x00, 0x00, 0x00, 0x00, 0x00, 0x00, 0x00, 0x00, 0x00, 0x00, 0x00, 0x00, 0x00, 0x00, 0x00, 0x00, 0x00, 0x00, 
    0x00, 0x00, 0x00, 0x00, 0x00, 0x00, 0xff, 0xff, 0x03, 0xff, 0xff, 0x03, 0xff, 0xff, 0x03, 0xff, 0xff, 0x01, 0x00, 0x00, 0x00, 0x00, 0x00, 0x00, 
    0x00, 0x00, 0x00, 0x00, 0x00, 0x00, 0x00, 0x00, 0x00, 0x00, 0x00, 0x00, 0x00, 0x00, 0x00, 0x00, 0x00, 0x00, 0x00, 0x00, 0x00, 0x00, 0x00, 0x00, 
    0x00, 0x00, 0x00, 0x00, 0x00, 0x00, 0xff, 0xff, 0x02, 0xff, 0xff, 0x03, 0xff, 0xff, 0x03, 0xff, 0xff, 0x03, 0xff, 0xff, 0x03, 0xff, 0xff, 0x03, 
    0xff, 0xff, 0x03, 0xff, 0xff, 0x03, 0xff, 0xff, 0x02, 0x00, 0x00, 0x00, 0x00, 0x00, 0x00, 0x00, 0x00, 0x00, 0x00, 0x00, 0x00, 0x00, 0x00, 0x00, 
    0x00, 0x00, 0x00, 0x00, 0x00, 0x00, 0x00, 0x00, 0x00, 0x00, 0x00, 0x00, 0x00, 0x00, 0x00, 0x00, 0x00, 0x00, 0x00, 0x00, 0x00, 0x00, 0x00, 0x00, 
    0x00, 0x00, 0x00, 0x00, 0x00, 0x00, 0x00, 0x00, 0x00, 0x00, 0x00, 0x00, 0x00, 0x00, 0x00, 0x00, 0x00, 0x00, 0x00, 0x00, 0x00, 0x00, 0x00, 0x00, 
    0x00, 0x00, 0x00, 0x00, 0x00, 0x00, 0x00, 0x00, 0x00, 0x00, 0x00, 0x00, 0x00, 0x00, 0x00, 0x00, 0x00, 0x00, 0x00, 0x00, 0x00, 0x00, 0x00, 0x00, 
    0xff, 0xff, 0x02, 0xff, 0xff, 0x03, 0xff, 0xff, 0x03, 0xff, 0xff, 0x03, 0xff, 0xff, 0x03, 0xff, 0xff, 0x03, 0xff, 0xff, 0x03, 0xff, 0xff, 0x03, 
    0xff, 0xff, 0x03, 0xff, 0xff, 0x01, 0x00, 0x00, 0x00, 0x00, 0x00, 0x00, 0x00, 0x00, 0x00, 0x00, 0x00, 0x00, 0x00, 0x00, 0x00, 0x00, 0x00, 0x00, 
    0x00, 0x00, 0x00, 0x00, 0x00, 0x00, 0x00, 0x00, 0x00, 0x00, 0x00, 0x00, 0x00, 0x00, 0x00, 0x00, 0x00, 0x00, 0x00, 0x00, 0x00, 0x00, 0x00, 0x00, 
    0x00, 0x00, 0x00, 0x00, 0x00, 0x00, 0xff, 0xff, 0x01, 0xff, 0xff, 0x03, 0xff, 0xff, 0x03, 0xff, 0xff, 0x01, 0x00, 0x00, 0x00, 0x00, 0x00, 0x00, 
    0x00, 0x00, 0x00, 0x00, 0x00, 0x00, 0x00, 0x00, 0x00, 0x00, 0x00, 0x00, 0x00, 0x00, 0x00, 0x00, 0x00, 0x00, 0x00, 0x00, 0x00, 0x00, 0x00, 0x00, 
    0xff, 0xff, 0x01, 0xff, 0xff, 0x03, 0xff, 0xff, 0x03, 0xff, 0xff, 0x02, 0x00, 0x00, 0x00, 0x00, 0x00, 0x00, 0x00, 0x00, 0x00, 0x00, 0x00, 0x00, 
    0x00, 0x00, 0x00, 0x00, 0x00, 0x00, 0x00, 0x00, 0x00, 0x00, 0x00, 0x00, 0x00, 0x00, 0x00, 0x00, 0x00, 0x00, 0x00, 0x00, 0x00, 0x00, 0x00, 0x00, 
    0x00, 0x00, 0x00, 0x00, 0x00, 0x00, 0x00, 0x00, 0x00, 0x00, 0x00, 0x00, 0x00, 0x00, 0x00, 0x00, 0x00, 0x00, 0x00, 0x00, 0x00, 0x00, 0x00, 0x00, 
    0x00, 0x00, 0x00, 0x00, 0x00, 0x00, 0x00, 0x00, 0x00, 0x00, 0x00, 0x00, 0x00, 0x00, 0x00, 0x00, 0x00, 0x00, 0x00, 0x00, 0x00, 0x00, 0x00, 0x00, 
    0x00, 0x00, 0x00, 0x00, 0x00, 0x00, 0xff, 0xff, 0x01, 0xff, 0xff, 0x03, 0xff, 0xff, 0x03, 0xff, 0xff, 0x02, 0x00, 0x00, 0x00, 0x00, 0x00, 0x00, 
    0x00, 0x00, 0x00, 0x00, 0x00, 0x00, 0x00, 0x00, 0x00, 0x00, 0x00, 0x00, 0x00, 0x00, 0x00, 0x00, 0x00, 0x00, 0x00, 0x00, 0x00, 0x00, 0x00, 0x00, 
    0x00, 0x00, 0x00, 0xff, 0xff, 0x03, 0xff, 0xff, 0x03, 0xff, 0xff, 0x02, 0xff, 0xff, 0x01, 0x00, 0x00, 0x00, 0x00, 0x00, 0x00, 0x00, 0x00, 0x00, 
    0x00, 0x00, 0x00, 0x00, 0x00, 0x00, 0x00, 0x00, 0x00, 0x00, 0x00, 0x00, 0x00, 0x00, 0x00, 0x00, 0x00, 0x00, 0x00, 0x00, 0x00, 0x00, 0x00, 0x00, 
    0x00, 0x00, 0x00, 0x00, 0x00, 0x00, 0x00, 0x00, 0x00, 0x00, 0x00, 0x00, 0x00, 0x00, 0x00, 0x00, 0x00, 0x00, 0xff, 0xff, 0x01, 0xff, 0xff, 0x03, 
    0xff, 0xff, 0x03, 0xff, 0xff, 0x03, 0xff, 0xff, 0x03, 0xff, 0xff, 0x03, 0xff, 0xff, 0x03, 0xff, 0xff, 0x03, 0x55, 0xad, 0x03, 0x49, 0x6a, 0x07, 
    0xa7, 0x7a, 0x0c, 0xa9, 0x92, 0x3c, 0xca, 0x9a, 0x35, 0x2a, 0xab, 0x1c, 0xea, 0xaa, 0x38, 0x2a, 0xbb, 0x72, 0x29, 0xc3, 0xd2, 0x87, 0xba, 0xf0, 
    0x46, 0xba, 0xfd, 0xa8, 0xca, 0xfc, 0xc4, 0xb9, 0xfe, 0x83, 0xb1, 0xfe, 0x83, 0xb1, 0xff, 0x62, 0xb1, 0xff, 0x62, 0xa9, 0xfe, 0x83, 0xb1, 0xff, 
    0x83, 0xb1, 0xff, 0xa3, 0xb1, 0xff, 0xa3, 0xb1, 0xff, 0x83, 0xb1, 0xff, 0x83, 0xb1, 0xff, 0x83, 0xb1, 0xff, 0x83, 0xb1, 0xff, 0xa3, 0xb1, 0xfe, 
    0xa3, 0xb9, 0xff, 0xa3, 0xb9, 0xff, 0xa3, 0xb9, 0xff, 0xa3, 0xb9, 0xff, 0xa3, 0xb9, 0xff, 0xa3, 0xb9, 0xff, 0xa3, 0xb9, 0xff, 0xa3, 0xb9, 0xff, 
    0xa3, 0xb9, 0xff, 0xa3, 0xb9, 0xff, 0xc3, 0xb9, 0xff, 0xc3, 0xb9, 0xff, 0xa3, 0xb9, 0xff, 0xa3, 0xb9, 0xff, 0xa3, 0xb9, 0xff, 0xa3, 0xb1, 0xff, 
    0x25, 0xba, 0xff, 0xc8, 0xc2, 0xfa, 0xc8, 0xc2, 0xed, 0x6a, 0xcb, 0xb1, 0x29, 0xbb, 0x93, 0xc8, 0xaa, 0x59, 0xe7, 0x9a, 0x10, 0xa9, 0x9a, 0x2a, 
    0xaa, 0xaa, 0x09, 0x00, 0x00, 0x00, 0x00, 0x00, 0x00, 0x00, 0x00, 0x00, 0x00, 0x00, 0x00, 0x00, 0x00, 0x00, 0x00, 0x00, 0x00, 0x00, 0x00, 0x00, 
    0x00, 0x00, 0x00, 0x00, 0x00, 0x00, 0x00, 0x00, 0x00, 0x00, 0x00, 0x00, 0x00, 0x00, 0x00, 0x00, 0xf8, 0x01, 0x27, 0x8a, 0x12, 0x0a, 0xc3, 0x5a, 
    0x26, 0xb2, 0xe9, 0xa3, 0xb9, 0xff, 0xa3, 0xb9, 0xfe, 0xa3, 0xb9, 0xff, 0xa3, 0xb9, 0xff, 0xa3, 0xb9, 0xff, 0xa3, 0xb9, 0xff, 0xa3, 0xb9, 0xfe, 
    0x42, 0xb1, 0xff, 0x46, 0xba, 0xfa, 0x2a, 0xc3, 0x66, 0x25, 0x8a, 0x0b, 0x00, 0x00, 0x01, 0x00, 0x00, 0x01, 0x00, 0x00, 0x00, 0x00, 0x00, 0x00, 
    0x00, 0x00, 0x00, 0x00, 0x00, 0x00, 0x00, 0x00, 0x00, 0x00, 0x00, 0x00, 0x00, 0x00, 0x00, 0x00, 0x00, 0x00, 0x00, 0x00, 0x00, 0x00, 0x00, 0x00, 
    0x00, 0x00, 0x00, 0x00, 0x00, 0x00, 0xe7, 0x79, 0x04, 0x67, 0x9a, 0x0d, 0x68, 0x9a, 0x21, 0xa9, 0xa2, 0x30, 0xc9, 0xb2, 0x50, 0xc9, 0xba, 0xc5, 
    0x09, 0xcb, 0xce, 0x46, 0xba, 0xfe, 0xa3, 0xb9, 0xff, 0xa3, 0xb9, 0xff, 0xa3, 0xb9, 0xff, 0xa3, 0xb9, 0xff, 0xa3, 0xb9, 0xff, 0xa3, 0xb9, 0xff, 
    0xa3, 0xb9, 0xff, 0xa3, 0xb9, 0xff, 0xa3, 0xb9, 0xff, 0xa3, 0xb9, 0xff, 0xa3, 0xb9, 0xff, 0xc3, 0xb9, 0xff, 0xe4, 0xb9, 0xff, 0xe8, 0xca, 0xf2, 
    0x4a, 0xcb, 0xc5, 0x6b, 0xc3, 0x88, 0x2a, 0xb3, 0x56, 0xca, 0xa2, 0x22, 0x69, 0x93, 0x07, 0xeb, 0x9a, 0x08, 0x00, 0x00, 0x00, 0x00, 0x00, 0x00, 
    0x00, 0x00, 0x00, 0x00, 0xf8, 0x01, 0x00, 0x00, 0x00, 0x00, 0x00, 0x00, 0x00, 0x00, 0x00, 0xa0, 0xaa, 0x03, 0x00, 0x00, 0x00, 0xe4, 0xa9, 0xa6, 
    0xe4, 0xc1, 0xff, 0xc8, 0xb2, 0x47, 0xe5, 0x99, 0x82, 0xc4, 0xc1, 0xff, 0x05, 0xaa, 0x9b, 0x00, 0x00, 0x00, 0xaa, 0xd2, 0x06, 0x09, 0xa3, 0x17, 
    0xc9, 0xaa, 0x41, 0xc9, 0xa2, 0x6a, 0x09, 0xbb, 0x80, 0x87, 0xba, 0xe0, 0xe4, 0xb9, 0xff, 0xa3, 0xb9, 0xfe, 0xc4, 0xb9, 0xff, 0xa3, 0xb9, 0xff, 
    0xa4, 0xb9, 0xff, 0xa4, 0xb9, 0xff, 0xa4, 0xb9, 0xff, 0xa4, 0xb9, 0xff, 0xa4, 0xb9, 0xff, 0xa4, 0xb9, 0xff, 0xa4, 0xb9, 0xff, 0xa3, 0xb9, 0xff, 
    0xc3, 0xb9, 0xfe, 0xc4, 0xb9, 0xff, 0xa7, 0xc2, 0xf1, 0x0a, 0xbb, 0x96, 0xc9, 0xa2, 0x50, 0x49, 0x92, 0x07, 0xef, 0x7b, 0x02, 0xaa, 0xaa, 0x03, 
    0x00, 0x78, 0x02, 0x00, 0x00, 0x00, 0x00, 0x00, 0x00, 0x00, 0x00, 0x00, 0x00, 0x00, 0x00, 0x00, 0x00, 0x00, 0x00, 0x00, 0x00, 0x00, 0x00, 0x00, 
    0x00, 0x00, 0x00, 0x00, 0x00, 0x00, 0x00, 0x00, 0x00, 0x00, 0x00, 0x00, 0x00, 0x00, 0x00, 0x00, 0x00, 0x00, 0x00, 0x00, 0x00, 0x00, 0x00, 0x00, 
    0x00, 0x00, 0x00, 0x00, 0x00, 0x00, 0x00, 0x00, 0x00, 0x00, 0x00, 0x00, 0x00, 0x00, 0x00, 0x00, 0x00, 0x00, 0x00, 0x00, 0x00, 0x00, 0x00, 0x00, 
    0x00, 0x00, 0x00, 0x00, 0x00, 0x00, 0x00, 0x00, 0x00, 0x00, 0x00, 0x00, 0x00, 0x00, 0x00, 0x00, 0x00, 0x00, 0x00, 0x00, 0x00, 0x00, 0x00, 0x00, 
    0x00, 0x00, 0x00, 0x00, 0x00, 0x00, 0x00, 0x00, 0x00, 0xff, 0xff, 0x01, 0xff, 0xff, 0x01, 0xff, 0xff, 0x02, 0xff, 0xff, 0x02, 0xff, 0xff, 0x03, 
    0xff, 0xff, 0x03, 0xff, 0xff, 0x03, 0xff, 0xff, 0x02, 0xff, 0xff, 0x02, 0xff, 0xff, 0x01, 0xff, 0xff, 0x01, 0x00, 0x00, 0x00, 0x00, 0x00, 0x00, 
    0x00, 0x00, 0x00, 0x00, 0x00, 0x00, 0x00, 0x00, 0x00, 0x00, 0x00, 0x00, 0x00, 0x00, 0x00, 0x00, 0x00, 0x00, 0x00, 0x00, 0x00, 0x00, 0x00, 0x00, 
    0x00, 0x00, 0x00, 0x00, 0x00, 0x00, 0x00, 0x00, 0x00, 0x00, 0x00, 0x00, 0x00, 0x00, 0x00, 0x00, 0x00, 0x00, 0x00, 0x00, 0x00, 0x00, 0x00, 0x00, 
    0x00, 0x00, 0x00, 0x00, 0x00, 0x00, 0x00, 0x00, 0x00, 0x00, 0x00, 0x00, 0x00, 0x00, 0x00, 0x00, 0x00, 0x00, 0x00, 0x00, 0x00, 0x00, 0x00, 0x00, 
    0x00, 0x00, 0x00, 0x00, 0x00, 0x00, 0x00, 0x00, 0x00, 0x00, 0x00, 0x00, 0x00, 0x00, 0x00, 0x00, 0x00, 0x00, 0x00, 0x00, 0x00, 0x00, 0x00, 0x00, 
    0x00, 0x00, 0x00, 0x00, 0x00, 0x00, 0x00, 0x00, 0x00, 0x00, 0x00, 0x00, 0x00, 0x00, 0x00, 0x00, 0x00, 0x00, 0x00, 0x00, 0x00, 0x00, 0x00, 0x00, 
    0x00, 0x00, 0x00, 0x00, 0x00, 0x00, 0x00, 0x00, 0x00, 0x00, 0x00, 0x00, 0x00, 0x00, 0x00, 0x00, 0x00, 0x00, 0x00, 0x00, 0x00, 0x00, 0x00, 0x00, 
    0x00, 0x00, 0x00, 0x00, 0x00, 0x00, 0x00, 0x00, 0x00, 0x00, 0x00, 0x00, 0x00, 0x00, 0x00, 0x00, 0x00, 0x00, 0x00, 0x00, 0x00, 0x00, 0x00, 0x00, 
    0x00, 0x00, 0x00, 0x00, 0x00, 0x00, 0x00, 0x00, 0x00, 0x00, 0x00, 0x00, 0x00, 0x00, 0x00, 0x00, 0x00, 0x00, 0x00, 0x00, 0x00, 0x00, 0x00, 0x00, 
    0x00, 0x00, 0x00, 0x00, 0x00, 0x00, 0x00, 0x00, 0x00, 0x00, 0x00, 0x00, 0x00, 0x00, 0x00, 0x00, 0x00, 0x00, 0x00, 0x00, 0x00, 0x00, 0x00, 0x00, 
    0x00, 0x00, 0x00, 0x00, 0x00, 0x00, 0x00, 0x00, 0x00, 0x00, 0x00, 0x00, 0x00, 0x00, 0x00, 0x00, 0x00, 0x00, 0x00, 0x00, 0x00, 0x00, 0x00, 0x00, 
    0x00, 0x00, 0x00, 0x00, 0x00, 0x00, 0xff, 0xff, 0x01, 0xff, 0xff, 0x02, 0xff, 0xff, 0x02, 0xff, 0xff, 0x03, 0xff, 0xff, 0x03, 0xff, 0xff, 0x03, 
    0xff, 0xff, 0x03, 0xff, 0xff, 0x02, 0xff, 0xff, 0x02, 0xff, 0xff, 0x01, 0x00, 0x00, 0x00, 0x00, 0x00, 0x00, 0x00, 0x00, 0x00, 0x00, 0x00, 0x00, 
    0x00, 0x00, 0x00, 0x00, 0x00, 0x00, 0x00, 0x00, 0x00, 0x00, 0x00, 0x00, 0x00, 0x00, 0x00, 0x00, 0x00, 0x00, 0x00, 0x00, 0x00, 0x00, 0x00, 0x00, 
    0x00, 0x00, 0x00, 0x00, 0x00, 0x00, 0x00, 0x00, 0x00, 0x00, 0x00, 0x00, 0x00, 0x00, 0x00, 0x00, 0x00, 0x00, 0x00, 0x00, 0x00, 0x00, 0x00, 0x00, 
    0x00, 0x00, 0x00, 0x00, 0x00, 0x00, 0x00, 0x00, 0x00, 0x00, 0x00, 0x00, 0x00, 0x00, 0x00, 0x00, 0x00, 0x00, 0x00, 0x00, 0x00, 0x00, 0x00, 0x00, 
    0x00, 0x00, 0x00, 0x00, 0x00, 0x00, 0x00, 0x00, 0x00, 0x00, 0x00, 0x00, 0x00, 0x00, 0x00, 0x00, 0x00, 0x00, 0x00, 0x00, 0x00, 0x00, 0x00, 0x00, 
    0x00, 0x00, 0x00, 0x00, 0x00, 0x00, 0xff, 0xff, 0x01, 0xff, 0xff, 0x02, 0xff, 0xff, 0x02, 0xff, 0xff, 0x03, 0xff, 0xff, 0x03, 0xff, 0xff, 0x03, 
    0xff, 0xff, 0x03, 0xff, 0xff, 0x02, 0xff, 0xff, 0x02, 0xff, 0xff, 0x01, 0xff, 0xff, 0x01, 0x00, 0x00, 0x00, 0x00, 0x00, 0x00, 0x00, 0x00, 0x00, 
    0x00, 0x00, 0x00, 0x00, 0x00, 0x00, 0x00, 0x00, 0x00, 0x00, 0x00, 0x00, 0x00, 0x00, 0x00, 0x00, 0x00, 0x00, 0x00, 0x00, 0x00, 0x00, 0x00, 0x00, 
    0x00, 0x00, 0x00, 0x00, 0x00, 0x00, 0x00, 0x00, 0x00, 0x00, 0x00, 0x00, 0x00, 0x00, 0x00, 0x00, 0x00, 0x00, 0x00, 0x00, 0x00, 0x00, 0x00, 0x00, 
    0x00, 0x00, 0x00, 0x00, 0x00, 0x00, 0x00, 0x00, 0x00, 0x00, 0x00, 0x00, 0x00, 0x00, 0x00, 0x00, 0x00, 0x00, 0x00, 0x00, 0x00, 0x00, 0x00, 0x00, 
    0x00, 0x00, 0x00, 0x00, 0x00, 0x00, 0x00, 0x00, 0x00, 0x00, 0x00, 0x00, 0xe7, 0x79, 0x04, 0xc9, 0x9a, 0x27, 0xea, 0xa2, 0x36, 0xe9, 0xa2, 0x51, 
    0x0a, 0xab, 0x4a, 0xe9, 0xb2, 0x85, 0x4a, 0xc3, 0xba, 0xa7, 0xc2, 0xf1, 0x05, 0xba, 0xff, 0xc4, 0xb9, 0xfe, 0x83, 0xb1, 0xff, 0xa3, 0xb9, 0xff, 
    0xa3, 0xb1, 0xff, 0xa3, 0xb9, 0xff, 0xa3, 0xb1, 0xff, 0xa3, 0xb1, 0xff, 0xa3, 0xb1, 0xfe, 0xa3, 0xb1, 0xfe, 0xa3, 0xb1, 0xfe, 0xa3, 0xb1, 0xfe, 
    0xa3, 0xb1, 0xfe, 0xa3, 0xb1, 0xff, 0xa3, 0xb9, 0xff, 0xa3, 0xb9, 0xff, 0xa3, 0xb9, 0xff, 0xa3, 0xb9, 0xff, 0xa4, 0xb9, 0xff, 0xa4, 0xb9, 0xff, 
    0xa3, 0xb9, 0xff, 0xa3, 0xb9, 0xff, 0xa3, 0xb9, 0xff, 0xa3, 0xb9, 0xff, 0xa3, 0xb9, 0xff, 0xa3, 0xb9, 0xff, 0xa3, 0xb9, 0xff, 0xa3, 0xb9, 0xff, 
    0xa3, 0xb9, 0xff, 0xa3, 0xb9, 0xff, 0x05, 0xba, 0xfe, 0xc8, 0xc2, 0xf7, 0xe8, 0xc2, 0xe5, 0x4a, 0xcb, 0xb5, 0x0a, 0xbb, 0x88, 0x09, 0xb3, 0x62, 
    0xc9, 0xa2, 0x4b, 0xe9, 0x9a, 0x42, 0xe7, 0x9a, 0x08, 0xef, 0xfb, 0x02, 0x00, 0x00, 0x00, 0x00, 0x00, 0x00, 0x00, 0x00, 0x00, 0x00, 0x00, 0x00, 
    0x00, 0x00, 0x00, 0x00, 0x00, 0x00, 0x00, 0x00, 0x00, 0x00, 0x00, 0x00, 0x00, 0x00, 0x00, 0x00, 0x00, 0x00, 0x00, 0x00, 0x00, 0x00, 0x00, 0x00, 
    0x00, 0x00, 0x00, 0x00, 0x00, 0x00, 0x28, 0xaa, 0x0f, 0xe9, 0xb2, 0x41, 0x87, 0xba, 0xcd, 0xa3, 0xb9, 0xff, 0x83, 0xb1, 0xfd, 0x83, 0xb1, 0xff, 
    0xa3, 0xb9, 0xff, 0xa3, 0xb9, 0xff, 0xa3, 0xb9, 0xff, 0x83, 0xb1, 0xfe, 0xa3, 0xb1, 0xff, 0x47, 0xb2, 0xe3, 0x09, 0xb3, 0x44, 0xa5, 0x7a, 0x06, 
    0x00, 0x00, 0x00, 0x00, 0x00, 0x01, 0x00, 0x00, 0x00, 0x00, 0x00, 0x00, 0x00, 0x00, 0x00, 0x00, 0x00, 0x00, 0x00, 0x00, 0x00, 0x00, 0x00, 0x00, 
    0x00, 0x00, 0x00, 0x00, 0x00, 0x00, 0x00, 0x00, 0x00, 0x00, 0x00, 0x00, 0x00, 0x00, 0x00, 0x00, 0x78, 0x02, 0x00, 0x00, 0x00, 0x06, 0x82, 0x2f, 
    0x27, 0x8a, 0x47, 0x47, 0x92, 0x4a, 0x68, 0x9a, 0x4d, 0xc9, 0xb2, 0x56, 0xe9, 0xba, 0x8a, 0xe8, 0xc2, 0xd9, 0x66, 0xc2, 0xf4, 0xa3, 0xb9, 0xff, 
    0xa3, 0xb9, 0xfe, 0xa3, 0xb9, 0xff, 0xa3, 0xb9, 0xff, 0xa3, 0xb9, 0xff, 0xa3, 0xb9, 0xff, 0xa3, 0xb9, 0xff, 0x83, 0xb1, 0xff, 0x83, 0xb1, 0xff, 
    0xa3, 0xb1, 0xff, 0xa7, 0xca, 0xf8, 0xe8, 0xca, 0xf6, 0x2a, 0xc3, 0xc9, 0x4b, 0xbb, 0x8d, 0x2a, 0xb3, 0x45, 0xe8, 0xa2, 0x16, 0xcb, 0xa2, 0x11, 
    0xaa, 0xaa, 0x03, 0x00, 0x00, 0x00, 0x00, 0xf8, 0x01, 0xaa, 0x52, 0x03, 0x00, 0x00, 0x00, 0x00, 0x00, 0x00, 0x00, 0x00, 0x00, 0x00, 0x00, 0x00, 
    0x00, 0x00, 0x00, 0xa0, 0xaa, 0x03, 0x00, 0x00, 0x00, 0xc4, 0xa9, 0x9f, 0xe4, 0xb9, 0xfe, 0x68, 0xa2, 0x52, 0xe5, 0xa1, 0x81, 0xc4, 0xc1, 0xff, 
    0x06, 0xaa, 0x98, 0x00, 0x00, 0x00, 0x88, 0xa2, 0x13, 0xc9, 0xa2, 0x31, 0xc9, 0xa2, 0x44, 0xca, 0xa2, 0x49, 0xe9, 0xaa, 0x63, 0xe9, 0xba, 0xb3, 
    0xe4, 0xb1, 0xf7, 0xa3, 0xb9, 0xff, 0xc4, 0xb9, 0xff, 0xa3, 0xb9, 0xff, 0xa4, 0xb9, 0xff, 0xa4, 0xb9, 0xff, 0xa4, 0xb9, 0xff, 0xa4, 0xb9, 0xff, 
    0xa4, 0xb9, 0xff, 0xa4, 0xb9, 0xff, 0xa4, 0xb9, 0xff, 0xc4, 0xb9, 0xff, 0xa3, 0xb9, 0xfe, 0x05, 0xba, 0xfe, 0x09, 0xcb, 0xd2, 0x0a, 0xb3, 0x8f, 
    0xe9, 0xa2, 0x4f, 0x4a, 0xab, 0x0c, 0x00, 0xf8, 0x01, 0x00, 0x00, 0x00, 0x00, 0x00, 0x00, 0x00, 0x00, 0x00, 0x00, 0x00, 0x00, 0x00, 0x00, 0x00, 
    0x00, 0x00, 0x00, 0x00, 0x00, 0x00, 0x00, 0x00, 0x00, 0x00, 0x00, 0x00, 0x00, 0x00, 0x00, 0x00, 0x00, 0x00, 0x00, 0x00, 0x00, 0x00, 0x00, 0x00, 
    0x00, 0x00, 0x00, 0x00, 0x00, 0x00, 0x00, 0x00, 0x00, 0x00, 0x00, 0x00, 0x00, 0x00, 0x00, 0x00, 0x00, 0x00, 0x00, 0x00, 0x00, 0x00, 0x00, 0x00, 
    0x00, 0x00, 0x00, 0x00, 0x00, 0x00, 0x00, 0x00, 0x00, 0x00, 0x00, 0x00, 0x00, 0x00, 0x00, 0x00, 0x00, 0x00, 0x00, 0x00, 0x00, 0x00, 0x00, 0x00, 
    0x00, 0x00, 0x00, 0x00, 0x00, 0x00, 0x00, 0x00, 0x00, 0x00, 0x00, 0x00, 0x00, 0x00, 0x00, 0x00, 0x00, 0x00, 0x00, 0x00, 0x00, 0x00, 0x00, 0x00, 
    0x00, 0x00, 0x00, 0x00, 0x00, 0x00, 0x00, 0x00, 0x00, 0x00, 0x00, 0x00, 0x00, 0x00, 0x00, 0x00, 0x00, 0x00, 0x00, 0x00, 0x00, 0x00, 0x00, 0x00, 
    0x00, 0x00, 0x00, 0x00, 0x00, 0x00, 0x00, 0x00, 0x00, 0x00, 0x00, 0x00, 0x00, 0x00, 0x00, 0x00, 0x00, 0x00, 0x00, 0x00, 0x00, 0x00, 0x00, 0x00, 
    0x00, 0x00, 0x00, 0x00, 0x00, 0x00, 0x00, 0x00, 0x00, 0x00, 0x00, 0x00, 0x00, 0x00, 0x00, 0x00, 0x00, 0x00, 0x00, 0x00, 0x00, 0x00, 0x00, 0x00, 
    0x00, 0x00, 0x00, 0x00, 0x00, 0x00, 0x00, 0x00, 0x00, 0x00, 0x00, 0x00, 0x00, 0x00, 0x00, 0x00, 0x00, 0x00, 0x00, 0x00, 0x00, 0x00, 0x00, 0x00, 
    0x00, 0x00, 0x00, 0x00, 0x00, 0x00, 0x00, 0x00, 0x00, 0x00, 0x00, 0x00, 0x00, 0x00, 0x00, 0x00, 0x00, 0x00, 0x00, 0x00, 0x00, 0x00, 0x00, 0x00, 
    0x00, 0x00, 0x00, 0x00, 0x00, 0x00, 0x00, 0x00, 0x00, 0x00, 0x00, 0x00, 0x00, 0x00, 0x00, 0x00, 0x00, 0x00, 0x00, 0x00, 0x00, 0x00, 0x00, 0x00, 
    0x00, 0x00, 0x00, 0x00, 0x00, 0x00, 0x00, 0x00, 0x00, 0x00, 0x00, 0x00, 0x00, 0x00, 0x00, 0x00, 0x00, 0x00, 0x00, 0x00, 0x00, 0x00, 0x00, 0x00, 
    0x00, 0x00, 0x00, 0x00, 0x00, 0x00, 0x00, 0x00, 0x00, 0x00, 0x00, 0x00, 0x00, 0x00, 0x00, 0x00, 0x00, 0x00, 0x00, 0x00, 0x00, 0x00, 0x00, 0x00, 
    0x00, 0x00, 0x00, 0x00, 0x00, 0x00, 0x00, 0x00, 0x00, 0x00, 0x00, 0x00, 0x00, 0x00, 0x00, 0x00, 0x00, 0x00, 0x00, 0x00, 0x00, 0x00, 0x00, 0x00, 
    0x00, 0x00, 0x00, 0x00, 0x00, 0x00, 0x00, 0x00, 0x00, 0x00, 0x00, 0x00, 0x00, 0x00, 0x00, 0x00, 0x00, 0x00, 0x00, 0x00, 0x00, 0x00, 0x00, 0x00, 
    0x00, 0x00, 0x00, 0x00, 0x00, 0x00, 0x00, 0x00, 0x00, 0x00, 0x00, 0x00, 0x00, 0x00, 0x00, 0x00, 0x00, 0x00, 0x00, 0x00, 0x00, 0x00, 0x00, 0x00, 
    0x00, 0x00, 0x00, 0x00, 0x00, 0x00, 0x00, 0x00, 0x00, 0x00, 0x00, 0x00, 0x00, 0x00, 0x00, 0x00, 0x00, 0x00, 0x00, 0x00, 0x00, 0x00, 0x00, 0x00, 
    0x00, 0x00, 0x00, 0x00, 0x00, 0x00, 0x00, 0x00, 0x00, 0x00, 0x00, 0x00, 0x00, 0x00, 0x00, 0x00, 0x00, 0x00, 0x00, 0x00, 0x00, 0x00, 0x00, 0x00, 
    0x00, 0x00, 0x00, 0x00, 0x00, 0x00, 0x00, 0x00, 0x00, 0x00, 0x00, 0x00, 0x00, 0x00, 0x00, 0x00, 0x00, 0x00, 0x00, 0x00, 0x00, 0x00, 0x00, 0x00, 
    0x00, 0x00, 0x00, 0x00, 0x00, 0x00, 0x00, 0x00, 0x00, 0x00, 0x00, 0x00, 0x00, 0x00, 0x00, 0x00, 0x00, 0x00, 0x00, 0x00, 0x00, 0x00, 0x00, 0x00, 
    0x00, 0x00, 0x00, 0x00, 0x00, 0x00, 0x00, 0x00, 0x00, 0x00, 0x00, 0x00, 0x00, 0x00, 0x00, 0x00, 0x00, 0x00, 0x00, 0x00, 0x00, 0x00, 0x00, 0x00, 
    0x00, 0x00, 0x00, 0x00, 0x00, 0x00, 0x00, 0x00, 0x00, 0x00, 0x00, 0x00, 0x00, 0x00, 0x00, 0x00, 0x00, 0x00, 0x00, 0x00, 0x00, 0x00, 0x00, 0x00, 
    0x00, 0x00, 0x00, 0x00, 0x00, 0x00, 0x00, 0x00, 0x00, 0x00, 0x00, 0x00, 0x00, 0x00, 0x00, 0x00, 0x00, 0x00, 0x00, 0x00, 0x00, 0x00, 0x00, 0x00, 
    0x00, 0x00, 0x00, 0x00, 0x00, 0x00, 0x00, 0x00, 0x00, 0x00, 0x00, 0x00, 0x00, 0x00, 0x00, 0x00, 0x00, 0x00, 0x00, 0x00, 0x00, 0x00, 0x00, 0x00, 
    0x00, 0x00, 0x00, 0x00, 0x00, 0x00, 0x00, 0x00, 0x00, 0x00, 0x00, 0x00, 0x00, 0x00, 0x00, 0x00, 0x00, 0x00, 0x00, 0x00, 0x00, 0x00, 0x00, 0x00, 
    0x00, 0x00, 0x00, 0x00, 0x00, 0x00, 0x00, 0x00, 0x00, 0x00, 0x00, 0x00, 0x00, 0x00, 0x00, 0x00, 0x00, 0x00, 0x00, 0x00, 0x00, 0x00, 0x00, 0x00, 
    0x00, 0x00, 0x00, 0x00, 0x00, 0x00, 0x00, 0x00, 0x00, 0x00, 0x00, 0x00, 0x00, 0x00, 0x00, 0x00, 0x00, 0x00, 0x00, 0x00, 0x00, 0x00, 0x00, 0x00, 
    0x00, 0x00, 0x00, 0x00, 0x00, 0x00, 0x00, 0x00, 0x00, 0x00, 0x00, 0x00, 0x00, 0x00, 0x00, 0x00, 0x00, 0x00, 0x26, 0x6a, 0x25, 0xca, 0x71, 0x09, 
    0x00, 0xf8, 0x01, 0xc9, 0xa2, 0x0e, 0xca, 0xa2, 0x1c, 0x0a, 0xab, 0x34, 0xe9, 0xaa, 0x84, 0x2a, 0xbb, 0x87, 0x2a, 0xc3, 0xb7, 0x66, 0xc2, 0xfb, 
    0xc3, 0xb9, 0xff, 0x83, 0xb1, 0xff, 0xa3, 0xb9, 0xff, 0xa3, 0xb9, 0xff, 0xa3, 0xb9, 0xff, 0xa3, 0xb9, 0xff, 0xa3, 0xb9, 0xff, 0xa3, 0xb9, 0xff, 
    0xa3, 0xb9, 0xff, 0xa3, 0xb9, 0xff, 0xa3, 0xb9, 0xff, 0xa3, 0xb9, 0xff, 0xa3, 0xb9, 0xff, 0xa3, 0xb9, 0xff, 0xa3, 0xb9, 0xff, 0xa3, 0xb9, 0xff, 
    0xa3, 0xb9, 0xff, 0xa3, 0xb9, 0xff, 0xa3, 0xb9, 0xff, 0xa3, 0xb9, 0xff, 0xa3, 0xb9, 0xff, 0xa3, 0xb9, 0xff, 0xa3, 0xb9, 0xff, 0xa3, 0xb9, 0xff, 
    0xa3, 0xb9, 0xff, 0xc3, 0xb9, 0xff, 0xa3, 0xb9, 0xff, 0xa3, 0xb9, 0xff, 0x46, 0xc2, 0xff, 0x87, 0xc2, 0xf4, 0x29, 0xcb, 0xd6, 0x2a, 0xc3, 0xbe, 
    0x2a, 0xc3, 0x96, 0x2a, 0xb3, 0x75, 0xe9, 0xaa, 0x34, 0xe8, 0x9a, 0x2f, 0xe9, 0xa2, 0x23, 0xa8, 0x9a, 0x0f, 0x2c, 0x9b, 0x05, 0x00, 0x00, 0x00, 
    0x00, 0x00, 0x00, 0x00, 0x00, 0x00, 0x00, 0x00, 0x00, 0x00, 0x00, 0x00, 0x00, 0x00, 0x00, 0x00, 0x00, 0x00, 0x00, 0x00, 0x00, 0x00, 0x00, 0x00, 
    0x00, 0x00, 0x00, 0x00, 0x00, 0x00, 0x00, 0x00, 0x00, 0x00, 0x00, 0x00, 0x00, 0x00, 0x00, 0x00, 0x00, 0x00, 0xa7, 0xaa, 0x09, 0x48, 0xa2, 0x1b, 
    0x09, 0xc3, 0x87, 0x45, 0xba, 0xf8, 0x62, 0xb1, 0xff, 0x82, 0xb1, 0xfe, 0xa3, 0xb9, 0xff, 0xa3, 0xb9, 0xff, 0xa3, 0xb9, 0xfe, 0x82, 0xb1, 0xfd, 
    0x25, 0xba, 0xfb, 0x2a, 0xc3, 0x89, 0x06, 0x92, 0x13, 0xef, 0x7b, 0x02, 0x00, 0x00, 0x00, 0x00, 0x00, 0x00, 0x00, 0x00, 0x00, 0x00, 0x00, 0x00, 
    0x00, 0x00, 0x00, 0x00, 0x00, 0x00, 0x00, 0x00, 0x00, 0x00, 0x00, 0x00, 0x00, 0x00, 0x00, 0x00, 0x00, 0x00, 0x00, 0x00, 0x00, 0x00, 0x00, 0x00, 
    0x00, 0x00, 0x00, 0x00, 0x00, 0x00, 0x00, 0x00, 0x00, 0x26, 0x9b, 0x05, 0xaa, 0x8a, 0x09, 0x68, 0x92, 0x21, 0x67, 0x92, 0x5d, 0xa8, 0x9a, 0x39, 
    0xc9, 0xaa, 0x5a, 0x09, 0xbb, 0x88, 0xc8, 0xc2, 0xd9, 0x66, 0xc2, 0xfe, 0xc4, 0xb9, 0xff, 0x83, 0xb9, 0xff, 0xa3, 0xb9, 0xff, 0xa3, 0xb9, 0xff, 
    0xa3, 0xb9, 0xff, 0xa3, 0xb9, 0xff, 0xc4, 0xb9, 0xff, 0x05, 0xba, 0xfc, 0x66, 0xc2, 0xff, 0xe8, 0xc2, 0xe9, 0x29, 0xc3, 0xe4, 0x2a, 0xbb, 0x98, 
    0x2a, 0xab, 0x42, 0xea, 0xaa, 0x28, 0xea, 0xaa, 0x13, 0xef, 0xfb, 0x02, 0xaa, 0xaa, 0x03, 0x00, 0x00, 0x00, 0x00, 0x00, 0x00, 0x00, 0x00, 0x00, 
    0x00, 0x00, 0x00, 0x00, 0x00, 0x00, 0x00, 0x00, 0x00, 0x00, 0x00, 0x00, 0x00, 0x00, 0x00, 0x00, 0xa8, 0x03, 0x00, 0x00, 0x00, 0xe4, 0xa9, 0xad, 
    0xe4, 0xc1, 0xff, 0x67, 0xaa, 0x53, 0xe5, 0x99, 0x7e, 0xa4, 0xc1, 0xff, 0x05, 0xaa, 0x91, 0x00, 0x00, 0x00, 0xa8, 0xaa, 0x12, 0xc9, 0xa2, 0x28, 
    0xc9, 0x9a, 0x3b, 0xea, 0xa2, 0x42, 0xe9, 0xaa, 0x69, 0xc9, 0xba, 0xc5, 0xc4, 0xb1, 0xf9, 0xa3, 0xb9, 0xff, 0xa3, 0xb9, 0xff, 0xa4, 0xb9, 0xff, 
    0xa4, 0xb9, 0xff, 0xa4, 0xb9, 0xff, 0xa4, 0xb9, 0xff, 0xa4, 0xb9, 0xff, 0xa4, 0xb9, 0xff, 0xa4, 0xb9, 0xff, 0xa4, 0xb9, 0xff, 0xa3, 0xb9, 0xff, 
    0xa3, 0xb9, 0xfe, 0x05, 0xba, 0xff, 0xc8, 0xba, 0xb8, 0x0a, 0xb3, 0x58, 0xa8, 0x9a, 0x39, 0x2c, 0xcb, 0x05, 0xaa, 0xaa, 0x03, 0x00, 0x00, 0x01, 
    0x00, 0x00, 0x00, 0x00, 0xf8, 0x01, 0x00, 0x78, 0x02, 0x00, 0x00, 0x00, 0x00, 0x00, 0x00, 0x00, 0x00, 0x00, 0x00, 0x00, 0x00, 0x00, 0x00, 0x00, 
    0x00, 0x00, 0x00, 0x00, 0x00, 0x00, 0x00, 0x00, 0x00, 0x00, 0x00, 0x00, 0x00, 0x00, 0x00, 0x00, 0x00, 0x00, 0x00, 0x00, 0x00, 0x00, 0x00, 0x00, 
    0x00, 0x00, 0x00, 0x00, 0x00, 0x00, 0x00, 0x00, 0x00, 0x00, 0x00, 0x00, 0x00, 0x00, 0x00, 0x00, 0x00, 0x00, 0x00, 0x00, 0x00, 0x00, 0x00, 0x00, 
    0x00, 0x00, 0x00, 0x00, 0x00, 0x00, 0x00, 0x00, 0x00, 0x00, 0x00, 0x00, 0x00, 0x00, 0x00, 0x00, 0x00, 0x00, 0x00, 0x00, 0x00, 0x00, 0x00, 0x00, 
    0x00, 0x00, 0x00, 0x00, 0x00, 0x00, 0x00, 0x00, 0x00, 0x00, 0x00, 0x00, 0x00, 0x00, 0x00, 0x00, 0x00, 0x00, 0x00, 0x00, 0x00, 0x00, 0x00, 0x00, 
    0x00, 0x00, 0x00, 0x00, 0x00, 0x00, 0x00, 0x00, 0x00, 0x00, 0x00, 0x00, 0x00, 0x00, 0x00, 0x00, 0x00, 0x00, 0x00, 0x00, 0x00, 0x00, 0x00, 0x00, 
    0x00, 0x00, 0x00, 0x00, 0x00, 0x00, 0x00, 0x00, 0x00, 0x00, 0x00, 0x00, 0x00, 0x00, 0x00, 0x00, 0x00, 0x00, 0x00, 0x00, 0x00, 0x00, 0x00, 0x00, 
    0x00, 0x00, 0x00, 0x00, 0x00, 0x00, 0x00, 0x00, 0x00, 0x00, 0x00, 0x00, 0x00, 0x00, 0x00, 0x00, 0x00, 0x00, 0x00, 0x00, 0x00, 0x00, 0x00, 0x00, 
    0x00, 0x00, 0x00, 0x00, 0x00, 0x00, 0x00, 0x00, 0x00, 0x00, 0x00, 0x00, 0x00, 0x00, 0x00, 0x00, 0x00, 0x00, 0x00, 0x00, 0x00, 0x00, 0x00, 0x00, 
    0x00, 0x00, 0x00, 0x00, 0x00, 0x00, 0x00, 0x00, 0x00, 0x00, 0x00, 0x00, 0x00, 0x00, 0x00, 0x00, 0x00, 0x00, 0x00, 0x00, 0x00, 0x00, 0x00, 0x00, 
    0x00, 0x00, 0x00, 0x00, 0x00, 0x00, 0x00, 0x00, 0x00, 0x00, 0x00, 0x00, 0x00, 0x00, 0x00, 0x00, 0x00, 0x00, 0x00, 0x00, 0x00, 0x00, 0x00, 0x00, 
    0x00, 0x00, 0x00, 0x00, 0x00, 0x00, 0x00, 0x00, 0x00, 0x00, 0x00, 0x00, 0x00, 0x00, 0x00, 0x00, 0x00, 0x00, 0x00, 0x00, 0x00, 0x00, 0x00, 0x00, 
    0x00, 0x00, 0x00, 0x00, 0x00, 0x00, 0x00, 0x00, 0x00, 0x00, 0x00, 0x00, 0x00, 0x00, 0x00, 0x00, 0x00, 0x00, 0x00, 0x00, 0x00, 0x00, 0x00, 0x00, 
    0x00, 0x00, 0x00, 0x00, 0x00, 0x00, 0x00, 0x00, 0x00, 0x00, 0x00, 0x00, 0x00, 0x00, 0x00, 0x00, 0x00, 0x00, 0x00, 0x00, 0x00, 0x00, 0x00, 0x00, 
    0x00, 0x00, 0x00, 0x00, 0x00, 0x00, 0x00, 0x00, 0x00, 0x00, 0x00, 0x00, 0x00, 0x00, 0x00, 0x00, 0x00, 0x00, 0x00, 0x00, 0x00, 0x00, 0x00, 0x00, 
    0x00, 0x00, 0x00, 0x00, 0x00, 0x00, 0x00, 0x00, 0x00, 0x00, 0x00, 0x00, 0x00, 0x00, 0x00, 0x00, 0x00, 0x00, 0x00, 0x00, 0x00, 0x00, 0x00, 0x00, 
    0x00, 0x00, 0x00, 0x00, 0x00, 0x00, 0x00, 0x00, 0x00, 0x00, 0x00, 0x00, 0x00, 0x00, 0x00, 0x00, 0x00, 0x00, 0x00, 0x00, 0x00, 0x00, 0x00, 0x00, 
    0x00, 0x00, 0x00, 0x00, 0x00, 0x00, 0x00, 0x00, 0x00, 0x00, 0x00, 0x00, 0x00, 0x00, 0x00, 0x00, 0x00, 0x00, 0x00, 0x00, 0x00, 0x00, 0x00, 0x00, 
    0x00, 0x00, 0x00, 0x00, 0x00, 0x00, 0x00, 0x00, 0x00, 0x00, 0x00, 0x00, 0x00, 0x00, 0x00, 0x00, 0x00, 0x00, 0x00, 0x00, 0x00, 0x00, 0x00, 0x00, 
    0x00, 0x00, 0x00, 0x00, 0x00, 0x00, 0x00, 0x00, 0x00, 0x00, 0x00, 0x00, 0x00, 0x00, 0x00, 0x00, 0x00, 0x00, 0x00, 0x00, 0x00, 0x00, 0x00, 0x00, 
    0x00, 0x00, 0x00, 0x00, 0x00, 0x00, 0x00, 0x00, 0x00, 0x00, 0x00, 0x00, 0x00, 0x00, 0x00, 0x00, 0x00, 0x00, 0x00, 0x00, 0x00, 0x00, 0x00, 0x00, 
    0x00, 0x00, 0x00, 0x00, 0x00, 0x00, 0x00, 0x00, 0x00, 0x00, 0x00, 0x00, 0x00, 0x00, 0x00, 0x00, 0x00, 0x00, 0x00, 0x00, 0x00, 0x00, 0x00, 0x00, 
    0x00, 0x00, 0x00, 0x00, 0x00, 0x00, 0x00, 0x00, 0x00, 0x00, 0x00, 0x00, 0x00, 0x00, 0x00, 0x00, 0x00, 0x00, 0x00, 0x00, 0x00, 0x00, 0x00, 0x00, 
    0x00, 0x00, 0x00, 0x00, 0x00, 0x00, 0x00, 0x00, 0x00, 0x00, 0x00, 0x00, 0x00, 0x00, 0x00, 0x00, 0x00, 0x00, 0x00, 0x00, 0x00, 0x00, 0x00, 0x00, 
    0x00, 0x00, 0x00, 0x00, 0x00, 0x00, 0x00, 0x00, 0x00, 0x00, 0x00, 0x00, 0x00, 0x00, 0x00, 0x00, 0x00, 0x00, 0x00, 0x00, 0x00, 0x00, 0x00, 0x00, 
    0x00, 0x00, 0x00, 0x00, 0x00, 0x00, 0x00, 0x00, 0x00, 0x00, 0x00, 0x00, 0x00, 0x00, 0x00, 0x00, 0x00, 0x00, 0x00, 0x00, 0x00, 0x00, 0x00, 0x00, 
    0x00, 0x00, 0x00, 0x00, 0x00, 0x00, 0x00, 0x00, 0x00, 0x00, 0x00, 0x00, 0x00, 0x00, 0x00, 0x00, 0x00, 0x00, 0x00, 0x00, 0x00, 0x00, 0x00, 0x00, 
    0x00, 0x00, 0x00, 0x00, 0x00, 0x00, 0xe7, 0x69, 0x0c, 0x69, 0x7a, 0x0a, 0x09, 0x9b, 0x0d, 0xea, 0xa2, 0x26, 0xcb, 0x9a, 0x1a, 0xeb, 0xaa, 0x16, 
    0xea, 0xaa, 0x64, 0x0a, 0xb3, 0xad, 0x4a, 0xcb, 0xaf, 0xc7, 0xc2, 0xf3, 0xe4, 0xb9, 0xff, 0x83, 0xb1, 0xfe, 0xa3, 0xb9, 0xff, 0xa3, 0xb9, 0xff, 
    0xa3, 0xb9, 0xff, 0xa3, 0xb9, 0xff, 0xa3, 0xb9, 0xff, 0xa3, 0xb9, 0xff, 0xa3, 0xb9, 0xff, 0xa3, 0xb9, 0xff, 0xa3, 0xb9, 0xff, 0xa3, 0xb9, 0xff, 
    0xa3, 0xb9, 0xff, 0xa3, 0xb9, 0xff, 0xa3, 0xb9, 0xff, 0xa3, 0xb9, 0xff, 0xa3, 0xb9, 0xff, 0xa3, 0xb9, 0xff, 0xa3, 0xb9, 0xff, 0xa3, 0xb9, 0xff, 
    0xa3, 0xb9, 0xff, 0xa3, 0xb9, 0xff, 0xc4, 0xb9, 0xff, 0xa4, 0xb9, 0xff, 0xa3, 0xb9, 0xff, 0xa3, 0xb9, 0xff, 0x83, 0xb1, 0xff, 0x45, 0xc2, 0xfa, 
    0x09, 0xcb, 0xe9, 0x4a, 0xcb, 0xbe, 0x2a, 0xbb, 0x82, 0xe9, 0xaa, 0x48, 0xe9, 0xa2, 0x46, 0xc9, 0xa2, 0x41, 0xea, 0xa2, 0x16, 0xc9, 0x9a, 0x1a, 
    0x1f, 0xf8, 0x01, 0x00, 0x00, 0x00, 0x00, 0x00, 0x00, 0x00, 0x00, 0x01, 0x00, 0x00, 0x00, 0x00, 0x00, 0x00, 0x00, 0x00, 0x00, 0x00, 0x00, 0x00, 
    0x00, 0x00, 0x00, 0x00, 0x00, 0x00, 0x00, 0x00, 0x00, 0x00, 0x00, 0x00, 0x00, 0x00, 0x00, 0x00, 0x00, 0x00, 0x00, 0x00, 0x00, 0x00, 0x00, 0x00, 
    0x00, 0x00, 0x00, 0x00, 0x00, 0x00, 0x00, 0x00, 0x00, 0xe7, 0x79, 0x04, 0xe9, 0xb2, 0x29, 0x4a, 0xcb, 0x9c, 0x25, 0xb2, 0xf3, 0x83, 0xb1, 0xff, 
    0xa3, 0xb9, 0xff, 0xa3, 0xb9, 0xff, 0xa3, 0xb9, 0xff, 0xc3, 0xb9, 0xff, 0x87, 0xba, 0xcc, 0x0a, 0xb3, 0x62, 0xe7, 0x91, 0x0c, 0x00, 0x00, 0x00, 
    0x00, 0x00, 0x00, 0x00, 0x00, 0x00, 0x00, 0x00, 0x00, 0x00, 0x00, 0x00, 0x00, 0x00, 0x00, 0x00, 0x00, 0x00, 0x00, 0x00, 0x00, 0x00, 0x00, 0x00, 
    0x00, 0x00, 0x00, 0x00, 0x00, 0x00, 0x00, 0x00, 0x00, 0x00, 0x00, 0x00, 0x00, 0x00, 0x00, 0x00, 0x00, 0x00, 0x00, 0x00, 0x00, 0x00, 0x00, 0x00, 
    0xef, 0x7b, 0x02, 0x00, 0x00, 0x00, 0x88, 0xa2, 0x16, 0xa8, 0x9a, 0x48, 0xa9, 0xa2, 0x35, 0xe9, 0xb2, 0x45, 0x87, 0xba, 0xbd, 0xa8, 0xc2, 0xf6, 
    0x87, 0xc2, 0xec, 0x46, 0xc2, 0xfd, 0xc4, 0xb9, 0xff, 0xc4, 0xb9, 0xff, 0xc4, 0xb9, 0xff, 0xc4, 0xb9, 0xff, 0x46, 0xc2, 0xfe, 0x09, 0xcb, 0xec, 
    0xe9, 0xc2, 0xd4, 0x2a, 0xcb, 0xa0, 0x09, 0xbb, 0xaa, 0xc9, 0xaa, 0x97, 0x2a, 0xab, 0x33, 0x69, 0xb2, 0x0d, 0xaa, 0xaa, 0x06, 0xaa, 0xaa, 0x09, 
    0xc9, 0xa2, 0x0e, 0x2c, 0x9b, 0x05, 0xc9, 0xa2, 0x0e, 0xaa, 0x7a, 0x06, 0x49, 0x92, 0x07, 0xe7, 0x79, 0x04, 0x00, 0x00, 0x00, 0x00, 0x00, 0x00, 
    0x00, 0x00, 0x00, 0xa0, 0xaa, 0x03, 0x00, 0x00, 0x00, 0xe5, 0xa1, 0x88, 0xe5, 0xa1, 0xe7, 0x0b, 0xb3, 0x1a, 0xe5, 0x99, 0x86, 0xa3, 0xc1, 0xff, 
    0x06, 0xaa, 0x8f, 0x00, 0x00, 0x00, 0x26, 0xcb, 0x05, 0xe7, 0xba, 0x08, 0xe9, 0xa2, 0x23, 0xca, 0xa2, 0x39, 0xca, 0xaa, 0x46, 0xe9, 0xb2, 0xbc, 
    0x05, 0xb2, 0xfb, 0xa3, 0xb9, 0xfe, 0xa4, 0xb9, 0xff, 0xa4, 0xb9, 0xff, 0xa4, 0xb9, 0xff, 0xa4, 0xb9, 0xff, 0xa4, 0xb9, 0xff, 0xa4, 0xb9, 0xff, 
    0xa4, 0xb9, 0xff, 0xa4, 0xb9, 0xff, 0xa4, 0xb9, 0xff, 0xa3, 0xb9, 0xfe, 0xc3, 0xb9, 0xff, 0x66, 0xba, 0xe9, 0x2a, 0xc3, 0x9a, 0xc9, 0xa2, 0x49, 
    0xc9, 0xa2, 0x17, 0xa8, 0x9a, 0x12, 0xaa, 0xaa, 0x06, 0x00, 0x00, 0x01, 0x00, 0x00, 0x00, 0x00, 0x00, 0x00, 0x00, 0x00, 0x00, 0x00, 0x00, 0x00, 
    0x00, 0x00, 0x00, 0x00, 0x00, 0x00, 0x00, 0x00, 0x00, 0x00, 0x00, 0x00, 0x00, 0x00, 0x00, 0x00, 0x00, 0x00, 0x00, 0x00, 0x00, 0x00, 0x00, 0x00, 
    0x00, 0x00, 0x00, 0x00, 0x00, 0x00, 0x00, 0x00, 0x00, 0x00, 0x00, 0x00, 0x00, 0x00, 0x00, 0x00, 0x00, 0x00, 0x00, 0x00, 0x00, 0x00, 0x00, 0x00, 
    0x00, 0x00, 0x00, 0x00, 0x00, 0x00, 0x00, 0x00, 0x00, 0x00, 0x00, 0x00, 0x00, 0x00, 0x00, 0x00, 0x00, 0x00, 0x00, 0x00, 0x00, 0x00, 0x00, 0x00, 
    0x00, 0x00, 0x00, 0x00, 0x00, 0x00, 0x00, 0x00, 0x00, 0x00, 0x00, 0x00, 0x00, 0x00, 0x00, 0x00, 0x00, 0x00, 0x00, 0x00, 0x00, 0x00, 0x00, 0x00, 
    0x00, 0x00, 0x00, 0x00, 0x00, 0x00, 0x00, 0x00, 0x00, 0x00, 0x00, 0x00, 0x00, 0x00, 0x00, 0x00, 0x00, 0x00, 0x00, 0x00, 0x00, 0x00, 0x00, 0x00, 
    0x00, 0x00, 0x00, 0x00, 0x00, 0x00, 0x00, 0x00, 0x00, 0x00, 0x00, 0x00, 0x00, 0x00, 0x00, 0x00, 0x00, 0x00, 0x00, 0x00, 0x00, 0x00, 0x00, 0x00, 
    0x00, 0x00, 0x00, 0x00, 0x00, 0x00, 0x00, 0x00, 0x00, 0x00, 0x00, 0x00, 0x00, 0x00, 0x00, 0x00, 0x00, 0x00, 0x00, 0x00, 0x00, 0x00, 0x00, 0x00, 
    0x00, 0x00, 0x00, 0x00, 0x00, 0x00, 0x00, 0x00, 0x00, 0x00, 0x00, 0x00, 0x00, 0x00, 0x00, 0x00, 0x00, 0x00, 0x00, 0x00, 0x00, 0x00, 0x00, 0x00, 
    0x00, 0x00, 0x00, 0x00, 0x00, 0x00, 0x00, 0x00, 0x00, 0x00, 0x00, 0x00, 0x00, 0x00, 0x00, 0x00, 0x00, 0x00, 0x00, 0x00, 0x00, 0x00, 0x00, 0x00, 
    0x00, 0x00, 0x00, 0x00, 0x00, 0x00, 0x00, 0x00, 0x00, 0x00, 0x00, 0x00, 0x00, 0x00, 0x00, 0x00, 0x00, 0x00, 0x00, 0x00, 0x00, 0x00, 0x00, 0x00, 
    0x00, 0x00, 0x00, 0x00, 0x00, 0x00, 0x00, 0x00, 0x00, 0x00, 0x00, 0x00, 0x00, 0x00, 0x00, 0x00, 0x00, 0x00, 0x00, 0x00, 0x00, 0x00, 0x00, 0x00, 
    0x00, 0x00, 0x00, 0x00, 0x00, 0x00, 0x00, 0x00, 0x00, 0x00, 0x00, 0x00, 0x00, 0x00, 0x00, 0x00, 0x00, 0x00, 0x00, 0x00, 0x00, 0x00, 0x00, 0x00, 
    0x00, 0x00, 0x00, 0x00, 0x00, 0x00, 0x00, 0x00, 0x00, 0x00, 0x00, 0x00, 0x00, 0x00, 0x00, 0x00, 0x00, 0x00, 0x00, 0x00, 0x00, 0x00, 0x00, 0x00, 
    0x00, 0x00, 0x00, 0x00, 0x00, 0x00, 0x00, 0x00, 0x00, 0x00, 0x00, 0x00, 0x00, 0x00, 0x00, 0x00, 0x00, 0x00, 0x00, 0x00, 0x00, 0x00, 0x00, 0x00, 
    0x00, 0x00, 0x00, 0x00, 0x00, 0x00, 0x00, 0x00, 0x00, 0x00, 0x00, 0x00, 0x00, 0x00, 0x00, 0x00, 0x00, 0x00, 0x00, 0x00, 0x00, 0x00, 0x00, 0x00, 
    0x00, 0x00, 0x00, 0x00, 0x00, 0x00, 0x00, 0x00, 0x00, 0x00, 0x00, 0x00, 0x00, 0x00, 0x00, 0x00, 0x00, 0x00, 0x00, 0x00, 0x00, 0x00, 0x00, 0x00, 
    0x00, 0x00, 0x00, 0x00, 0x00, 0x00, 0x00, 0x00, 0x00, 0x00, 0x00, 0x00, 0x00, 0x00, 0x00, 0x00, 0x00, 0x00, 0x00, 0x00, 0x00, 0x00, 0x00, 0x00, 
    0x00, 0x00, 0x00, 0x00, 0x00, 0x00, 0x00, 0x00, 0x00, 0x00, 0x00, 0x00, 0x00, 0x00, 0x00, 0x00, 0x00, 0x00, 0x00, 0x00, 0x00, 0x00, 0x00, 0x00, 
    0x00, 0x00, 0x00, 0x00, 0x00, 0x00, 0x00, 0x00, 0x00, 0x00, 0x00, 0x00, 0x00, 0x00, 0x00, 0x00, 0x00, 0x00, 0x00, 0x00, 0x00, 0x00, 0x00, 0x00, 
    0x00, 0x00, 0x00, 0x00, 0x00, 0x00, 0x00, 0x00, 0x00, 0x00, 0x00, 0x00, 0x00, 0x00, 0x00, 0x00, 0x00, 0x00, 0x00, 0x00, 0x00, 0x00, 0x00, 0x00, 
    0x00, 0x00, 0x00, 0x00, 0x00, 0x00, 0x00, 0x00, 0x00, 0x00, 0x00, 0x00, 0x00, 0x00, 0x00, 0x00, 0x00, 0x00, 0x00, 0x00, 0x00, 0x00, 0x00, 0x00, 
    0x00, 0x00, 0x00, 0x00, 0x00, 0x00, 0x00, 0x00, 0x00, 0x00, 0x00, 0x00, 0x00, 0x00, 0x00, 0x00, 0x00, 0x00, 0x00, 0x00, 0x00, 0x00, 0x00, 0x00, 
    0x00, 0x00, 0x00, 0x00, 0x00, 0x00, 0x00, 0x00, 0x00, 0x00, 0x00, 0x00, 0x00, 0x00, 0x00, 0x00, 0x00, 0x00, 0x00, 0x00, 0x00, 0x00, 0x00, 0x00, 
    0x00, 0x00, 0x00, 0x00, 0x00, 0x00, 0x00, 0x00, 0x00, 0x00, 0x00, 0x00, 0x00, 0x00, 0x00, 0x00, 0x00, 0x00, 0x00, 0x00, 0x00, 0x00, 0x00, 0x00, 
    0x00, 0x00, 0x00, 0x00, 0x00, 0x00, 0x00, 0x00, 0x00, 0x00, 0x00, 0x00, 0x00, 0x00, 0x00, 0x00, 0x00, 0x00, 0x00, 0x00, 0x00, 0x00, 0x00, 0x00, 
    0x00, 0x00, 0x00, 0x00, 0x00, 0x00, 0x00, 0x00, 0x00, 0x00, 0x00, 0x00, 0x00, 0x00, 0x00, 0x00, 0x00, 0x00, 0x00, 0x00, 0x00, 0x00, 0x00, 0x00, 
    0x00, 0x00, 0x00, 0x00, 0x00, 0x00, 0x00, 0x00, 0x00, 0x00, 0x00, 0x00, 0x00, 0x00, 0x00, 0x00, 0x00, 0x00, 0x00, 0x00, 0x00, 0xef, 0x7b, 0x02, 
    0x8a, 0x92, 0x13, 0xaa, 0x9a, 0x23, 0xaa, 0x9a, 0x27, 0xa9, 0x9a, 0x27, 0x0a, 0xab, 0x3f, 0x0a, 0xb3, 0x7b, 0x2a, 0xc3, 0xa2, 0xe8, 0xc2, 0xe4, 
    0xa7, 0xca, 0xfb, 0xa3, 0xb1, 0xfe, 0x83, 0xb1, 0xff, 0xa3, 0xb9, 0xff, 0xa3, 0xb9, 0xff, 0xa3, 0xb9, 0xff, 0xa3, 0xb9, 0xff, 0xa3, 0xb9, 0xff, 
    0xa3, 0xb9, 0xff, 0xa3, 0xb9, 0xff, 0xa3, 0xb9, 0xff, 0xa3, 0xb9, 0xff, 0xa3, 0xb9, 0xff, 0xa3, 0xb9, 0xff, 0xa3, 0xb9, 0xff, 0xa3, 0xb9, 0xff, 
    0xa3, 0xb9, 0xff, 0xa4, 0xb9, 0xff, 0xa4, 0xb9, 0xfe, 0xa3, 0xb9, 0xfe, 0xa3, 0xb9, 0xff, 0xa3, 0xb9, 0xff, 0xa3, 0xb9, 0xff, 0xa3, 0xb9, 0xff, 
    0xa3, 0xb9, 0xff, 0xa3, 0xb9, 0xfe, 0x83, 0xb1, 0xff, 0x66, 0xba, 0xee, 0x6b, 0xcb, 0x9d, 0xe9, 0xb2, 0x7c, 0x09, 0xab, 0x4e, 0xe9, 0xa2, 0x37, 
    0xc9, 0xa2, 0x28, 0xaa, 0xa2, 0x23, 0xaa, 0xaa, 0x0f, 0xe7, 0xb9, 0x04, 0xa7, 0x92, 0x0c, 0xc9, 0x92, 0x0e, 0x00, 0x00, 0x00, 0x00, 0x00, 0x00, 
    0x00, 0x00, 0x00, 0x00, 0x00, 0x00, 0x00, 0x00, 0x00, 0x00, 0x00, 0x00, 0x00, 0x00, 0x00, 0x00, 0x00, 0x00, 0x00, 0x00, 0x00, 0x00, 0x00, 0x00, 
    0x00, 0x00, 0x00, 0x00, 0x00, 0x00, 0x00, 0x00, 0x00, 0x00, 0x00, 0x00, 0x00, 0x00, 0x00, 0x00, 0x00, 0x00, 0x00, 0x00, 0x00, 0x00, 0xf8, 0x01, 
    0xa5, 0x7a, 0x06, 0xc8, 0xb2, 0x47, 0x2a, 0xcb, 0x9f, 0x46, 0xba, 0xec, 0xa3, 0xb1, 0xff, 0xa3, 0xb9, 0xfe, 0x04, 0xba, 0xfa, 0x87, 0xba, 0xd0, 
    0x0a, 0xbb, 0x55, 0x88, 0xa2, 0x2b, 0xe7, 0xb9, 0x04, 0x00, 0x00, 0x00, 0x00, 0x00, 0x00, 0x00, 0x00, 0x00, 0x00, 0x00, 0x00, 0x00, 0x00, 0x00, 
    0x00, 0x00, 0x00, 0x00, 0x00, 0x00, 0x00, 0x00, 0x00, 0x00, 0x00, 0x00, 0x00, 0x00, 0x00, 0x00, 0x00, 0x00, 0x00, 0x00, 0x00, 0x00, 0x00, 0x00, 
    0x00, 0x00, 0x00, 0x00, 0x00, 0x01, 0x00, 0x00, 0x00, 0x00, 0xf8, 0x01, 0x00, 0x00, 0x01, 0x00, 0x78, 0x02, 0x00, 0x00, 0x00, 0xaa, 0xaa, 0x09, 
    0x09, 0xa3, 0x17, 0xa8, 0xaa, 0x4e, 0x26, 0xaa, 0xcc, 0x87, 0xba, 0xf1, 0x09, 0xcb, 0xad, 0xc8, 0xc2, 0xde, 0x66, 0xc2, 0xff, 0x46, 0xc2, 0xf8, 
    0x46, 0xc2, 0xf8, 0x66, 0xc2, 0xfc, 0xc8, 0xc2, 0xf3, 0x09, 0xcb, 0xcf, 0x09, 0xc3, 0xb8, 0x0a, 0xb3, 0x7a, 0xea, 0xb2, 0x64, 0xc9, 0xaa, 0x4b, 
    0xc9, 0xaa, 0x33, 0x67, 0x9a, 0x10, 0xe7, 0x9a, 0x08, 0xaa, 0xaa, 0x0c, 0xa9, 0xa2, 0x29, 0xc8, 0xa2, 0x41, 0xa9, 0x9a, 0x4a, 0xa9, 0x9a, 0x15, 
    0x29, 0x9b, 0x0a, 0x29, 0x9b, 0x0a, 0x00, 0xf8, 0x01, 0x00, 0x00, 0x00, 0x00, 0x00, 0x00, 0x00, 0x00, 0x00, 0x00, 0x00, 0x00, 0xe7, 0x9a, 0x08, 
    0x48, 0x8a, 0x1b, 0x00, 0x00, 0x00, 0xc5, 0x99, 0x8d, 0xa3, 0xc1, 0xff, 0xe5, 0xa9, 0xa2, 0x00, 0x00, 0x00, 0x47, 0x92, 0x1b, 0x67, 0x92, 0x28, 
    0xa9, 0x9a, 0x20, 0xc9, 0xa2, 0x48, 0xa9, 0xa2, 0x43, 0x0a, 0xb3, 0x88, 0x46, 0xb2, 0xdf, 0xa3, 0xb9, 0xff, 0xa3, 0xb9, 0xfc, 0xa4, 0xb9, 0xfe, 
    0xa4, 0xb9, 0xff, 0xa4, 0xb9, 0xff, 0xa4, 0xb9, 0xff, 0xa4, 0xb9, 0xff, 0xa4, 0xb9, 0xff, 0xa4, 0xb9, 0xff, 0xa4, 0xb9, 0xff, 0xa3, 0xb9, 0xfd, 
    0xe4, 0xb9, 0xff, 0xc9, 0xc2, 0xcb, 0xea, 0xb2, 0x6d, 0xa9, 0x9a, 0x4d, 0xe9, 0x9a, 0x21, 0x89, 0x9a, 0x1c, 0xe7, 0x79, 0x08, 0x00, 0x00, 0x02, 
    0x00, 0x00, 0x00, 0xa5, 0x71, 0x44, 0xa5, 0x69, 0x79, 0x00, 0x00, 0x00, 0x00, 0xf8, 0x01, 0xa0, 0x52, 0x03, 0x00, 0x00, 0x00, 0x00, 0x00, 0x00, 
    0x00, 0x00, 0x00, 0x00, 0x00, 0x00, 0x00, 0x00, 0x00, 0x00, 0x00, 0x00, 0x00, 0x00, 0x00, 0x00, 0x00, 0x00, 0x00, 0x00, 0x00, 0x00, 0x00, 0x00, 
    0x00, 0x00, 0x00, 0x00, 0x00, 0x00, 0x00, 0x00, 0x00, 0x00, 0x00, 0x00, 0x00, 0x00, 0x00, 0x00, 0x00, 0x00, 0x00, 0x00, 0x00, 0x00, 0x00, 0x00, 
    0x00, 0x00, 0x00, 0x00, 0x00, 0x00, 0x00, 0x00, 0x00, 0x00, 0x00, 0x00, 0x00, 0x00, 0x00, 0x00, 0x00, 0x00, 0x00, 0x00, 0x00, 0x00, 0x00, 0x00, 
    0x00, 0x00, 0x00, 0x00, 0x00, 0x00, 0x00, 0x00, 0x00, 0x00, 0x00, 0x00, 0x00, 0x00, 0x00, 0x00, 0x00, 0x00, 0x00, 0x00, 0x00, 0x00, 0x00, 0x00, 
    0x00, 0x00, 0x00, 0x00, 0x00, 0x00, 0x00, 0x00, 0x00, 0x00, 0x00, 0x00, 0x00, 0x00, 0x00, 0x00, 0x00, 0x00, 0x00, 0x00, 0x00, 0x00, 0x00, 0x00, 
    0x00, 0x00, 0x00, 0x00, 0x00, 0x00, 0x00, 0x00, 0x00, 0x00, 0x00, 0x00, 0x00, 0x00, 0x00, 0x00, 0x00, 0x00, 0x00, 0x00, 0x00, 0x00, 0x00, 0x00, 
    0x00, 0x00, 0x00, 0x00, 0x00, 0x00, 0x00, 0x00, 0x00, 0x00, 0x00, 0x00, 0x00, 0x00, 0x00, 0x00, 0x00, 0x00, 0x00, 0x00, 0x00, 0x00, 0x00, 0x00, 
    0x00, 0x00, 0x00, 0x00, 0x00, 0x00, 0x00, 0x00, 0x00, 0x00, 0x00, 0x00, 0x00, 0x00, 0x00, 0x00, 0x00, 0x00, 0x00, 0x00, 0x00, 0x00, 0x00, 0x00, 
    0x00, 0x00, 0x00, 0x00, 0x00, 0x00, 0x00, 0x00, 0x00, 0x00, 0x00, 0x00, 0x00, 0x00, 0x00, 0x00, 0x00, 0x00, 0x00, 0x00, 0x00, 0x00, 0x00, 0x00, 
    0x00, 0x00, 0x00, 0x00, 0x00, 0x00, 0x00, 0x00, 0x00, 0x00, 0x00, 0x00, 0x00, 0x00, 0x00, 0x00, 0x00, 0x00, 0x00, 0x00, 0x00, 0x00, 0x00, 0x00, 
    0x00, 0x00, 0x00, 0x00, 0x00, 0x00, 0x00, 0x00, 0x00, 0x00, 0x00, 0x00, 0x00, 0x00, 0x00, 0x00, 0x00, 0x00, 0x00, 0x00, 0x00, 0x00, 0x00, 0x00, 
    0x00, 0x00, 0x00, 0x00, 0x00, 0x00, 0x00, 0x00, 0x00, 0x00, 0x00, 0x00, 0x00, 0x00, 0x00, 0x00, 0x00, 0x00, 0x00, 0x00, 0x00, 0x00, 0x00, 0x00, 
    0x00, 0x00, 0x00, 0x00, 0x00, 0x00, 0x00, 0x00, 0x00, 0x00, 0x00, 0x00, 0x00, 0x00, 0x00, 0x00, 0x00, 0x00, 0x00, 0x00, 0x00, 0x00, 0x00, 0x00, 
    0x00, 0x00, 0x00, 0x00, 0x00, 0x00, 0x00, 0x00, 0x00, 0x00, 0x00, 0x00, 0x00, 0x00, 0x00, 0x00, 0x00, 0x00, 0x00, 0x00, 0x00, 0x00, 0x00, 0x00, 
    0x00, 0x00, 0x00, 0x00, 0x00, 0x00, 0x00, 0x00, 0x00, 0x00, 0x00, 0x00, 0x00, 0x00, 0x00, 0x00, 0x00, 0x00, 0x00, 0x00, 0x00, 0x00, 0x00, 0x00, 
    0x00, 0x00, 0x00, 0x00, 0x00, 0x00, 0x00, 0x00, 0x00, 0x00, 0x00, 0x00, 0x00, 0x00, 0x00, 0x00, 0x00, 0x00, 0x00, 0x00, 0x00, 0x00, 0x00, 0x00, 
    0x00, 0x00, 0x00, 0x00, 0x00, 0x00, 0x00, 0x00, 0x00, 0x00, 0x00, 0x00, 0x00, 0x00, 0x00, 0x00, 0x00, 0x00, 0x00, 0x00, 0x00, 0x00, 0x00, 0x00, 
    0x00, 0x00, 0x00, 0x00, 0x00, 0x00, 0x00, 0x00, 0x00, 0x00, 0x00, 0x00, 0x00, 0x00, 0x00, 0x00, 0x00, 0x00, 0x00, 0x00, 0x00, 0x00, 0x00, 0x00, 
    0x00, 0x00, 0x00, 0x00, 0x00, 0x00, 0x00, 0x00, 0x00, 0x00, 0x00, 0x00, 0x00, 0x00, 0x00, 0x00, 0x00, 0x00, 0x00, 0x00, 0x00, 0x00, 0x00, 0x00, 
    0x00, 0x00, 0x00, 0x00, 0x00, 0x00, 0x00, 0x00, 0x00, 0x00, 0x00, 0x00, 0x00, 0x00, 0x00, 0x00, 0x00, 0x00, 0x00, 0x00, 0x00, 0x00, 0x00, 0x00, 
    0x00, 0x00, 0x00, 0x00, 0x00, 0x00, 0x00, 0x00, 0x00, 0x00, 0x00, 0x00, 0x00, 0x00, 0x00, 0x00, 0x00, 0x00, 0x00, 0x00, 0x00, 0x00, 0x00, 0x00, 
    0x00, 0x00, 0x00, 0x00, 0x00, 0x00, 0x00, 0x00, 0x00, 0x00, 0x00, 0x00, 0x00, 0x00, 0x00, 0x00, 0x00, 0x00, 0x00, 0x00, 0x00, 0x00, 0x00, 0x00, 
    0x00, 0x00, 0x00, 0x00, 0x00, 0x00, 0x00, 0x00, 0x00, 0x00, 0x00, 0x00, 0x00, 0x00, 0x00, 0x00, 0x00, 0x00, 0x00, 0x00, 0x00, 0x00, 0x00, 0x00, 
    0x00, 0x00, 0x00, 0x00, 0x00, 0x00, 0x00, 0x00, 0x00, 0x00, 0x00, 0x00, 0x00, 0x00, 0x00, 0x00, 0x00, 0x00, 0x00, 0x00, 0x00, 0x00, 0x00, 0x00, 
    0x00, 0x00, 0x00, 0x00, 0x00, 0x00, 0x00, 0x00, 0x00, 0x00, 0x00, 0x00, 0x00, 0x00, 0x00, 0x00, 0x00, 0x00, 0x00, 0x00, 0x00, 0x00, 0x00, 0x00, 
    0x00, 0x00, 0x00, 0x00, 0x00, 0x00, 0x00, 0x00, 0x00, 0x00, 0x00, 0x00, 0x00, 0x00, 0x00, 0x00, 0x00, 0x00, 0x00, 0x00, 0x00, 0x00, 0x00, 0x00, 
    0x00, 0x00, 0x00, 0x00, 0x00, 0x00, 0x00, 0x00, 0x01, 0xe7, 0x79, 0x04, 0x00, 0x00, 0x01, 0xe7, 0x79, 0x04, 0xa9, 0x9a, 0x2c, 0xc9, 0x9a, 0x17, 
    0xe9, 0xa2, 0x4e, 0x0a, 0xab, 0x75, 0x09, 0xb3, 0x99, 0x4a, 0xcb, 0xc9, 0xa7, 0xc2, 0xf9, 0xe4, 0xb9, 0xff, 0x83, 0xb1, 0xfe, 0xa3, 0xb9, 0xff, 
    0xa3, 0xb9, 0xff, 0xa3, 0xb9, 0xff, 0xa3, 0xb9, 0xff, 0xa3, 0xb9, 0xff, 0xa3, 0xb9, 0xff, 0xa3, 0xb9, 0xff, 0xa3, 0xb9, 0xff, 0xa3, 0xb9, 0xff, 
    0xa3, 0xb9, 0xff, 0xa3, 0xb9, 0xff, 0xa3, 0xb9, 0xff, 0xa3, 0xb9, 0xfe, 0xa3, 0xb9, 0xfe, 0xa3, 0xb1, 0xff, 0xa3, 0xb9, 0xff, 0xa3, 0xb9, 0xff, 
    0xa3, 0xb9, 0xff, 0xa3, 0xb9, 0xfe, 0xa3, 0xb9, 0xff, 0xa3, 0xb9, 0xff, 0xa3, 0xb9, 0xff, 0x83, 0xb1, 0xfe, 0x83, 0xb1, 0xff, 0xc8, 0xba, 0xc7, 
    0x4a, 0xbb, 0x63, 0xc9, 0xa2, 0x2a, 0xc9, 0xa2, 0x1c, 0xe9, 0x9a, 0x18, 0xe9, 0xa2, 0x1b, 0x67, 0x9a, 0x10, 0xe7, 0x79, 0x04, 0xa0, 0xaa, 0x03, 
    0x86, 0x99, 0x05, 0x49, 0x92, 0x07, 0x00, 0x00, 0x00, 0x25, 0x8a, 0x12, 0x00, 0x78, 0x02, 0x00, 0x00, 0x00, 0x00, 0x00, 0x00, 0x00, 0x00, 0x00, 
    0x00, 0x00, 0x00, 0x00, 0x00, 0x00, 0x00, 0x00, 0x00, 0x00, 0x00, 0x00, 0x00, 0x00, 0x00, 0x00, 0x00, 0x00, 0x00, 0x00, 0x00, 0x00, 0x00, 0x00, 
    0x00, 0x00, 0x00, 0x00, 0x00, 0x00, 0x00, 0x00, 0x00, 0x00, 0xf8, 0x01, 0x67, 0x9a, 0x10, 0x87, 0xa2, 0x31, 0x0a, 0xbb, 0x45, 0x87, 0xba, 0xb8, 
    0xc3, 0xb1, 0xff, 0xa3, 0xb9, 0xff, 0x87, 0xba, 0xc2, 0x4b, 0xbb, 0x4f, 0x87, 0x9a, 0x35, 0xa8, 0xaa, 0x0f, 0xe7, 0xb9, 0x04, 0x00, 0x00, 0x00, 
    0x00, 0x00, 0x00, 0x00, 0x00, 0x00, 0x00, 0x00, 0x00, 0x00, 0x00, 0x00, 0x00, 0x00, 0x00, 0x00, 0x00, 0x00, 0x00, 0x00, 0x00, 0x00, 0x00, 0x00, 
    0x00, 0x00, 0x00, 0x00, 0xf8, 0x01, 0x00, 0xf8, 0x01, 0x00, 0xf8, 0x01, 0x00, 0xf8, 0x01, 0x00, 0x00, 0x00, 0x00, 0x00, 0x01, 0x00, 0x00, 0x00, 
    0x00, 0x00, 0x00, 0x86, 0x99, 0x0a, 0xe7, 0x99, 0x08, 0xe7, 0x9a, 0x08, 0x68, 0x92, 0x31, 0xea, 0x92, 0x13, 0x46, 0xa2, 0x8c, 0x46, 0xa2, 0xd0, 
    0x4a, 0xc3, 0x42, 0xc8, 0xc2, 0x9d, 0x46, 0xba, 0xfe, 0xc9, 0xca, 0xdb, 0xe9, 0xca, 0xde, 0xe8, 0xca, 0xe6, 0x4a, 0xd3, 0xc3, 0x4a, 0xd3, 0xb9, 
    0x2a, 0xc3, 0xae, 0x0a, 0xbb, 0x5c, 0x0a, 0xbb, 0x6b, 0x0a, 0xbb, 0x75, 0xe9, 0xba, 0x73, 0x0a, 0xc3, 0x49, 0xe9, 0xba, 0x69, 0x09, 0xbb, 0x59, 
    0x0a, 0xbb, 0x52, 0xe9, 0xb2, 0x82, 0xc9, 0xaa, 0x3d, 0xa8, 0xa2, 0x32, 0xa8, 0xa2, 0x32, 0xaa, 0xa2, 0x23, 0xe7, 0xb9, 0x04, 0xe7, 0x79, 0x04, 
    0xaa, 0xaa, 0x06, 0xe7, 0xbb, 0x04, 0x00, 0x00, 0x00, 0x00, 0x00, 0x00, 0x00, 0x00, 0x00, 0x00, 0xf8, 0x01, 0xe5, 0xa1, 0x7f, 0xa3, 0xc1, 0xff, 
    0xe5, 0xa9, 0xa3, 0x00, 0x00, 0x00, 0x26, 0x9a, 0x0f, 0x67, 0x92, 0x1a, 0x86, 0x99, 0x05, 0xa9, 0xa2, 0x27, 0xa9, 0x9a, 0x5d, 0xea, 0xaa, 0x57, 
    0xc8, 0xba, 0xb0, 0x05, 0xb2, 0xf5, 0xc4, 0xb9, 0xff, 0xa3, 0xb9, 0xff, 0xa3, 0xb9, 0xff, 0xa3, 0xb9, 0xfe, 0xa3, 0xb9, 0xff, 0xa3, 0xb9, 0xfe, 
    0xa3, 0xb9, 0xfe, 0xc4, 0xb9, 0xfe, 0xa3, 0xb9, 0xff, 0xc4, 0xb9, 0xff, 0x67, 0xba, 0xf9, 0xc9, 0xba, 0x8c, 0xc9, 0xa2, 0x4b, 0x89, 0x92, 0x28, 
    0x88, 0x92, 0x16, 0x26, 0x9b, 0x05, 0xe0, 0xff, 0x01, 0x00, 0xf8, 0x01, 0x00, 0x00, 0x00, 0xe5, 0x79, 0x31, 0x06, 0x7a, 0x4d, 0x00, 0x00, 0x00, 
    0x00, 0x00, 0x00, 0x00, 0x00, 0x00, 0x00, 0x00, 0x00, 0x00, 0x00, 0x00, 0x00, 0x00, 0x00, 0x00, 0x00, 0x00, 0x00, 0x00, 0x00, 0x00, 0x00, 0x00, 
    0x00, 0x00, 0x00, 0x00, 0x00, 0x00, 0x00, 0x00, 0x00, 0x00, 0x00, 0x00, 0x00, 0x00, 0x00, 0x00, 0x00, 0x00, 0x00, 0x00, 0x00, 0x00, 0x00, 0x00, 
    0x00, 0x00, 0x00, 0x00, 0x00, 0x00, 0x00, 0x00, 0x00, 0x00, 0x00, 0x00, 0x00, 0x00, 0x00, 0x00, 0x00, 0x00, 0x00, 0x00, 0x00, 0x00, 0x00, 0x00, 
    0x00, 0x00, 0x00, 0x00, 0x00, 0x00, 0x00, 0x00, 0x00, 0x00, 0x00, 0x00, 0x00, 0x00, 0x00, 0x00, 0x00, 0x00, 0x00, 0x00, 0x00, 0x00, 0x00, 0x00, 
    0x00, 0x00, 0x00, 0x00, 0x00, 0x00, 0x00, 0x00, 0x00, 0x00, 0x00, 0x00, 0x00, 0x00, 0x00, 0x00, 0x00, 0x00, 0x00, 0x00, 0x00, 0x00, 0x00, 0x00, 
    0x00, 0x00, 0x00, 0x00, 0x00, 0x00, 0x00, 0x00, 0x00, 0x00, 0x00, 0x00, 0x00, 0x00, 0x00, 0x00, 0x00, 0x00, 0x00, 0x00, 0x00, 0x00, 0x00, 0x00, 
    0x00, 0x00, 0x00, 0x00, 0x00, 0x00, 0x00, 0x00, 0x00, 0x00, 0x00, 0x00, 0x00, 0x00, 0x00, 0x00, 0x00, 0x00, 0x00, 0x00, 0x00, 0x00, 0x00, 0x00, 
    0x00, 0x00, 0x00, 0x00, 0x00, 0x00, 0x00, 0x00, 0x00, 0x00, 0x00, 0x00, 0x00, 0x00, 0x00, 0x00, 0x00, 0x00, 0x00, 0x00, 0x00, 0x00, 0x00, 0x00, 
    0x00, 0x00, 0x00, 0x00, 0x00, 0x00, 0x00, 0x00, 0x00, 0x00, 0x00, 0x00, 0x00, 0x00, 0x00, 0x00, 0x00, 0x00, 0x00, 0x00, 0x00, 0x00, 0x00, 0x00, 
    0x00, 0x00, 0x00, 0x00, 0x00, 0x00, 0x00, 0x00, 0x00, 0x00, 0x00, 0x00, 0x00, 0x00, 0x00, 0x00, 0x00, 0x00, 0x00, 0x00, 0x00, 0x00, 0x00, 0x00, 
    0x00, 0x00, 0x00, 0x00, 0x00, 0x00, 0x00, 0x00, 0x00, 0x00, 0x00, 0x00, 0x00, 0x00, 0x00, 0x00, 0x00, 0x00, 0x00, 0x00, 0x00, 0x00, 0x00, 0x00, 
    0x00, 0x00, 0x00, 0x00, 0x00, 0x00, 0x00, 0x00, 0x00, 0x00, 0x00, 0x00, 0x00, 0x00, 0x00, 0x00, 0x00, 0x00, 0x00, 0x00, 0x00, 0x00, 0x00, 0x00, 
    0x00, 0x00, 0x00, 0x00, 0x00, 0x00, 0x00, 0x00, 0x00, 0x00, 0x00, 0x00, 0x00, 0x00, 0x00, 0x00, 0x00, 0x00, 0x00, 0x00, 0x00, 0x00, 0x00, 0x00, 
    0x00, 0x00, 0x00, 0x00, 0x00, 0x00, 0x00, 0x00, 0x00, 0x00, 0x00, 0x00, 0x00, 0x00, 0x00, 0x00, 0x00, 0x00, 0x00, 0x00, 0x00, 0x00, 0x00, 0x00, 
    0x00, 0x00, 0x00, 0x00, 0x00, 0x00, 0x00, 0x00, 0x00, 0x00, 0x00, 0x00, 0x00, 0x00, 0x00, 0x00, 0x00, 0x00, 0x00, 0x00, 0x00, 0x00, 0x00, 0x00, 
    0x00, 0x00, 0x00, 0x00, 0x00, 0x00, 0x00, 0x00, 0x00, 0x00, 0x00, 0x00, 0x00, 0x00, 0x00, 0x00, 0x00, 0x00, 0x00, 0x00, 0x00, 0x00, 0x00, 0x00, 
    0x00, 0x00, 0x00, 0x00, 0x00, 0x00, 0x00, 0x00, 0x00, 0x00, 0x00, 0x00, 0x00, 0x00, 0x00, 0x00, 0x00, 0x00, 0x00, 0x00, 0x00, 0x00, 0x00, 0x00, 
    0x00, 0x00, 0x00, 0x00, 0x00, 0x00, 0x00, 0x00, 0x00, 0x00, 0x00, 0x00, 0x00, 0x00, 0x00, 0x00, 0x00, 0x00, 0x00, 0x00, 0x00, 0x00, 0x00, 0x00, 
    0x00, 0x00, 0x00, 0x00, 0x00, 0x00, 0x00, 0x00, 0x00, 0x00, 0x00, 0x00, 0x00, 0x00, 0x00, 0x00, 0x00, 0x00, 0x00, 0x00, 0x00, 0x00, 0x00, 0x00, 
    0x00, 0x00, 0x00, 0x00, 0x00, 0x00, 0x00, 0x00, 0x00, 0x00, 0x00, 0x00, 0x00, 0x00, 0x00, 0x00, 0x00, 0x00, 0x00, 0x00, 0x00, 0x00, 0x00, 0x00, 
    0x00, 0x00, 0x00, 0x00, 0x00, 0x00, 0x00, 0x00, 0x00, 0x00, 0x00, 0x00, 0x00, 0x00, 0x00, 0x00, 0x00, 0x00, 0x00, 0x00, 0x00, 0x00, 0x00, 0x00, 
    0x00, 0x00, 0x00, 0x00, 0x00, 0x00, 0x00, 0x00, 0x00, 0x00, 0x00, 0x00, 0x00, 0x00, 0x00, 0x00, 0x00, 0x00, 0x00, 0x00, 0x00, 0x00, 0x00, 0x00, 
    0x00, 0x00, 0x00, 0x00, 0x00, 0x00, 0x00, 0x00, 0x00, 0x00, 0x00, 0x00, 0x00, 0x00, 0x00, 0x00, 0x00, 0x00, 0x00, 0x00, 0x00, 0x00, 0x00, 0x00, 
    0x00, 0x00, 0x00, 0x00, 0x00, 0x00, 0x00, 0x00, 0x00, 0x00, 0x00, 0x00, 0x00, 0x00, 0x00, 0x00, 0x00, 0x00, 0x00, 0x00, 0x00, 0x00, 0x00, 0x00, 
    0x00, 0x00, 0x00, 0x00, 0x00, 0x00, 0x00, 0x00, 0x00, 0x00, 0x00, 0x00, 0x00, 0x00, 0x00, 0x00, 0x00, 0x00, 0x00, 0x00, 0x00, 0x00, 0x00, 0x00, 
    0x00, 0x00, 0x00, 0x00, 0x00, 0x00, 0x00, 0x00, 0x00, 0x00, 0x00, 0x00, 0x00, 0x00, 0x00, 0x00, 0x00, 0x00, 0x00, 0x00, 0x00, 0x00, 0x00, 0x00, 
    0x00, 0x00, 0x00, 0x00, 0x00, 0x00, 0x00, 0x00, 0x00, 0x00, 0x00, 0x00, 0x00, 0x00, 0x00, 0x00, 0x00, 0x00, 0x00, 0x00, 0x00, 0xa8, 0x8a, 0x0f, 
    0xa8, 0x8a, 0x12, 0xaa, 0xaa, 0x06, 0x69, 0x9a, 0x0d, 0xe9, 0x9a, 0x10, 0xc9, 0x9a, 0x1a, 0xe9, 0xaa, 0x55, 0x0a, 0xab, 0x69, 0x09, 0xbb, 0x8d, 
    0x09, 0xc3, 0xe3, 0xa8, 0xc2, 0xf1, 0xc4, 0xb1, 0xff, 0xa3, 0xb9, 0xff, 0xa3, 0xb1, 0xfe, 0xa3, 0xb1, 0xff, 0xa3, 0xb9, 0xfe, 0xa3, 0xb9, 0xff, 
    0xa3, 0xb9, 0xff, 0xa3, 0xb9, 0xfe, 0xa3, 0xb1, 0xfe, 0xa3, 0xb1, 0xfe, 0xc3, 0xb9, 0xfe, 0xc3, 0xb9, 0xff, 0xc4, 0xb9, 0xff, 0xc4, 0xb9, 0xff, 
    0xe4, 0xb9, 0xff, 0x46, 0xba, 0xfa, 0x66, 0xba, 0xef, 0x66, 0xba, 0xef, 0x05, 0xba, 0xff, 0xe4, 0xb9, 0xff, 0xa3, 0xb9, 0xff, 0xa3, 0xb9, 0xff, 
    0xc4, 0xb9, 0xff, 0x83, 0xb1, 0xfe, 0xa3, 0xb1, 0xff, 0xe8, 0xba, 0xa5, 0x2a, 0xab, 0x3d, 0x88, 0x92, 0x40, 0xa8, 0x9a, 0x1e, 0x69, 0x9a, 0x0a, 
    0x2c, 0xcb, 0x05, 0x00, 0x00, 0x00, 0x00, 0x00, 0x00, 0x00, 0x00, 0x01, 0x00, 0x00, 0x00, 0x00, 0x00, 0x00, 0x00, 0x00, 0x00, 0x46, 0x92, 0x15, 
    0xe7, 0x39, 0x04, 0x00, 0x00, 0x00, 0x00, 0x00, 0x00, 0x00, 0x00, 0x00, 0x00, 0x00, 0x00, 0x00, 0x00, 0x00, 0x00, 0x00, 0x00, 0x00, 0x00, 0x00, 
    0x00, 0x00, 0x00, 0x00, 0x00, 0x00, 0x00, 0x00, 0x00, 0x00, 0x00, 0x00, 0x00, 0x00, 0x00, 0x00, 0x00, 0x00, 0x00, 0x00, 0x00, 0x00, 0xf8, 0x01, 
    0xaa, 0xaa, 0x03, 0x87, 0xa2, 0x19, 0xa9, 0x9a, 0x18, 0xa8, 0xb2, 0x67, 0xc4, 0xb1, 0xf7, 0xc4, 0xb9, 0xff, 0x67, 0xaa, 0x7f, 0xaa, 0xaa, 0x09, 
    0x88, 0x9a, 0x19, 0x00, 0x00, 0x00, 0x00, 0x00, 0x00, 0x00, 0x00, 0x00, 0x00, 0x00, 0x00, 0x00, 0x00, 0x01, 0x00, 0xf8, 0x01, 0x00, 0xf8, 0x01, 
    0xe0, 0x7b, 0x02, 0xe0, 0x7b, 0x02, 0xe0, 0x7b, 0x02, 0x00, 0x78, 0x02, 0x00, 0x00, 0x00, 0x00, 0x00, 0x00, 0x00, 0x00, 0x00, 0x00, 0x00, 0x00, 
    0x00, 0x00, 0x00, 0xeb, 0xb9, 0x08, 0xef, 0xbd, 0x04, 0x6e, 0xac, 0x09, 0x09, 0xbb, 0x1d, 0xc9, 0xb2, 0x34, 0xc9, 0xaa, 0x45, 0x88, 0xaa, 0x47, 
    0xa8, 0xaa, 0x73, 0xc8, 0xb2, 0x66, 0x87, 0xb2, 0xa2, 0xa8, 0xba, 0xaa, 0xc8, 0xc2, 0x7b, 0x46, 0xba, 0xcb, 0xe4, 0xb9, 0xff, 0x46, 0xc2, 0xf0, 
    0x87, 0xc2, 0xeb, 0x46, 0xba, 0xf2, 0x66, 0xc2, 0xe3, 0x26, 0xba, 0xe8, 0x46, 0xba, 0xde, 0x25, 0xb2, 0xe2, 0x25, 0xb2, 0xe1, 0x05, 0xb2, 0xea, 
    0x05, 0xb2, 0xf9, 0x05, 0xb2, 0xe9, 0x05, 0xb2, 0xfb, 0x25, 0xb2, 0xf1, 0x25, 0xb2, 0xf3, 0x67, 0xba, 0xda, 0xc8, 0xc2, 0xb2, 0xe9, 0xba, 0xa2, 
    0x0a, 0xbb, 0x84, 0xc9, 0xaa, 0x55, 0xc9, 0xa2, 0x2b, 0xc9, 0xa2, 0x11, 0x89, 0x9a, 0x1f, 0x48, 0x92, 0x2c, 0x00, 0x00, 0x00, 0xef, 0x7b, 0x02, 
    0xe0, 0xb9, 0x04, 0x00, 0x00, 0x00, 0xe5, 0x99, 0x85, 0xa3, 0xc1, 0xff, 0xe5, 0xa9, 0x98, 0x00, 0x00, 0x00, 0x00, 0xf8, 0x01, 0x00, 0x00, 0x00, 
    0xe7, 0x9a, 0x08, 0xc9, 0xa2, 0x17, 0xca, 0xa2, 0x36, 0x88, 0x9a, 0x53, 0x88, 0x9a, 0xbc, 0xea, 0xba, 0x96, 0x87, 0xba, 0xb1, 0x05, 0xb2, 0xed, 
    0xc4, 0xb9, 0xff, 0x05, 0xba, 0xff, 0x04, 0xba, 0xff, 0xe4, 0xb9, 0xff, 0x05, 0xba, 0xff, 0xc4, 0xb1, 0xff, 0x05, 0xba, 0xfd, 0x46, 0xb2, 0xf8, 
    0xe9, 0xba, 0xa8, 0xc9, 0xaa, 0x52, 0x88, 0x9a, 0x2e, 0x89, 0x92, 0x1f, 0x88, 0x82, 0x13, 0xa7, 0x92, 0x0c, 0x00, 0x00, 0x00, 0x00, 0x00, 0x00, 
    0x00, 0x00, 0x00, 0x00, 0x00, 0x00, 0x00, 0x00, 0x00, 0x00, 0x00, 0x00, 0xa7, 0x8a, 0x09, 0xe5, 0x71, 0x6b, 0xe6, 0x79, 0x14, 0x00, 0x00, 0x00, 
    0x00, 0xf8, 0x01, 0x00, 0x00, 0x00, 0x00, 0x00, 0x00, 0x00, 0x00, 0x00, 0x00, 0x00, 0x00, 0x00, 0x00, 0x00, 0x00, 0x00, 0x00, 0x00, 0x00, 0x00, 
    0x00, 0x00, 0x00, 0x00, 0x00, 0x00, 0x00, 0x00, 0x00, 0x00, 0x00, 0x00, 0x00, 0x00, 0x00, 0x00, 0x00, 0x00, 0x00, 0x00, 0x00, 0x00, 0x00, 0x00, 
    0x00, 0x00, 0x00, 0x00, 0x00, 0x00, 0x00, 0x00, 0x00, 0x00, 0x00, 0x00, 0x00, 0x00, 0x00, 0x00, 0x00, 0x00, 0x00, 0x00, 0x00, 0x00, 0x00, 0x00, 
    0x00, 0x00, 0x00, 0x00, 0x00, 0x00, 0x00, 0x00, 0x00, 0x00, 0x00, 0x00, 0x00, 0x00, 0x00, 0x00, 0x00, 0x00, 0x00, 0x00, 0x00, 0x00, 0x00, 0x00, 
    0x00, 0x00, 0x00, 0x00, 0x00, 0x00, 0x00, 0x00, 0x00, 0x00, 0x00, 0x00, 0x00, 0x00, 0x00, 0x00, 0x00, 0x00, 0x00, 0x00, 0x00, 0x00, 0x00, 0x00, 
    0x00, 0x00, 0x00, 0x00, 0x00, 0x00, 0x00, 0x00, 0x00, 0x00, 0x00, 0x00, 0x00, 0x00, 0x00, 0x00, 0x00, 0x00, 0x00, 0x00, 0x00, 0x00, 0x00, 0x00, 
    0x00, 0x00, 0x00, 0x00, 0x00, 0x00, 0x00, 0x00, 0x00, 0x00, 0x00, 0x00, 0x00, 0x00, 0x00, 0x00, 0x00, 0x00, 0x00, 0x00, 0x00, 0x00, 0x00, 0x00, 
    0x00, 0x00, 0x00, 0x00, 0x00, 0x00, 0x00, 0x00, 0x00, 0x00, 0x00, 0x00, 0x00, 0x00, 0x00, 0x00, 0x00, 0x00, 0x00, 0x00, 0x00, 0x00, 0x00, 0x00, 
    0x00, 0x00, 0x00, 0x00, 0x00, 0x00, 0x00, 0x00, 0x00, 0x00, 0x00, 0x00, 0x00, 0x00, 0x00, 0x00, 0x00, 0x00, 0x00, 0x00, 0x00, 0x00, 0x00, 0x00, 
    0x00, 0x00, 0x00, 0x00, 0x00, 0x00, 0x00, 0x00, 0x00, 0x00, 0x00, 0x00, 0x00, 0x00, 0x00, 0x00, 0x00, 0x00, 0x00, 0x00, 0x00, 0x00, 0x00, 0x00, 
    0x00, 0x00, 0x00, 0x00, 0x00, 0x00, 0x00, 0x00, 0x00, 0x00, 0x00, 0x00, 0x00, 0x00, 0x00, 0x00, 0x00, 0x00, 0x00, 0x00, 0x00, 0x00, 0x00, 0x00, 
    0x00, 0x00, 0x00, 0x00, 0x00, 0x00, 0x00, 0x00, 0x00, 0x00, 0x00, 0x00, 0x00, 0x00, 0x00, 0x00, 0x00, 0x00, 0x00, 0x00, 0x00, 0x00, 0x00, 0x00, 
    0x00, 0x00, 0x00, 0x00, 0x00, 0x00, 0x00, 0x00, 0x00, 0x00, 0x00, 0x00, 0x00, 0x00, 0x00, 0x00, 0x00, 0x00, 0x00, 0x00, 0x00, 0x00, 0x00, 0x00, 
    0x00, 0x00, 0x00, 0x00, 0x00, 0x00, 0x00, 0x00, 0x00, 0x00, 0x00, 0x00, 0x00, 0x00, 0x00, 0x00, 0x00, 0x00, 0x00, 0x00, 0x00, 0x00, 0x00, 0x00, 
    0x00, 0x00, 0x00, 0x00, 0x00, 0x00, 0x00, 0x00, 0x00, 0x00, 0x00, 0x00, 0x00, 0x00, 0x00, 0x00, 0x00, 0x00, 0x00, 0x00, 0x00, 0x00, 0x00, 0x00, 
    0x00, 0x00, 0x00, 0x00, 0x00, 0x00, 0x00, 0x00, 0x00, 0x00, 0x00, 0x00, 0x00, 0x00, 0x00, 0x00, 0x00, 0x00, 0x00, 0x00, 0x00, 0x00, 0x00, 0x00, 
    0x00, 0x00, 0x00, 0x00, 0x00, 0x00, 0x00, 0x00, 0x00, 0x00, 0x00, 0x00, 0x00, 0x00, 0x00, 0x00, 0x00, 0x00, 0x00, 0x00, 0x00, 0x00, 0x00, 0x00, 
    0x00, 0x00, 0x00, 0x00, 0x00, 0x00, 0x00, 0x00, 0x00, 0x00, 0x00, 0x00, 0x00, 0x00, 0x00, 0x00, 0x00, 0x00, 0x00, 0x00, 0x00, 0x00, 0x00, 0x00, 
    0x00, 0x00, 0x00, 0x00, 0x00, 0x00, 0x00, 0x00, 0x00, 0x00, 0x00, 0x00, 0x00, 0x00, 0x00, 0x00, 0x00, 0x00, 0x00, 0x00, 0x00, 0x00, 0x00, 0x00, 
    0x00, 0x00, 0x00, 0x00, 0x00, 0x00, 0x00, 0x00, 0x00, 0x00, 0x00, 0x00, 0x00, 0x00, 0x00, 0x00, 0x00, 0x00, 0x00, 0x00, 0x00, 0x00, 0x00, 0x00, 
    0x00, 0x00, 0x00, 0x00, 0x00, 0x00, 0x00, 0x00, 0x00, 0x00, 0x00, 0x00, 0x00, 0x00, 0x00, 0x00, 0x00, 0x00, 0x00, 0x00, 0x00, 0x00, 0x00, 0x00, 
    0x00, 0x00, 0x00, 0x00, 0x00, 0x00, 0x00, 0x00, 0x00, 0x00, 0x00, 0x00, 0x00, 0x00, 0x00, 0x00, 0x00, 0x00, 0x00, 0x00, 0x00, 0x00, 0x00, 0x00, 
    0x00, 0x00, 0x00, 0x00, 0x00, 0x00, 0x00, 0x00, 0x00, 0x00, 0x00, 0x00, 0x00, 0x00, 0x00, 0x00, 0x00, 0x00, 0x00, 0x00, 0x00, 0x00, 0x00, 0x00, 
    0x00, 0x00, 0x00, 0x00, 0x00, 0x00, 0x00, 0x00, 0x00, 0x00, 0x00, 0x00, 0x00, 0x00, 0x00, 0x00, 0x00, 0x00, 0x00, 0x00, 0x00, 0x00, 0x00, 0x00, 
    0x00, 0x00, 0x00, 0x00, 0x00, 0x00, 0x00, 0x00, 0x00, 0x00, 0x00, 0x00, 0x00, 0x00, 0x00, 0x00, 0x00, 0x00, 0x00, 0x00, 0x00, 0x00, 0x00, 0x00, 
    0x00, 0x00, 0x00, 0x00, 0x00, 0x00, 0x00, 0x00, 0x00, 0x00, 0x00, 0x00, 0x00, 0x00, 0x00, 0x00, 0x00, 0x00, 0x00, 0x00, 0x00, 0x00, 0x00, 0x00, 
    0x00, 0x00, 0x00, 0x00, 0x00, 0x00, 0x00, 0x00, 0x00, 0xe0, 0x7b, 0x02, 0xc9, 0x92, 0x0e, 0xe7, 0x79, 0x04, 0xe7, 0x79, 0x08, 0x49, 0x92, 0x07, 
    0xca, 0x9a, 0x19, 0xe9, 0xa2, 0x3f, 0x0a, 0xab, 0x2c, 0xe9, 0xaa, 0x64, 0x2a, 0xbb, 0xa8, 0x29, 0xcb, 0xd7, 0xc8, 0xca, 0xea, 0x05, 0xba, 0xfe, 
    0xa3, 0xb1, 0xff, 0xc4, 0xb1, 0xff, 0xa3, 0xb9, 0xff, 0xa3, 0xb9, 0xff, 0xa3, 0xb1, 0xff, 0xc4, 0xb9, 0xff, 0xe4, 0xb9, 0xff, 0x04, 0xba, 0xff, 
    0x25, 0xba, 0xff, 0x25, 0xba, 0xfe, 0x66, 0xba, 0xfb, 0xe8, 0xca, 0xe1, 0xe9, 0xc2, 0xe3, 0x09, 0xc3, 0xe3, 0x4a, 0xc3, 0xc9, 0x29, 0xbb, 0x9b, 
    0x29, 0xc3, 0xa0, 0x46, 0xb2, 0xe2, 0xa3, 0xb9, 0xff, 0xa3, 0xb9, 0xff, 0x25, 0xba, 0xda, 0xc4, 0xb1, 0xe7, 0xa3, 0xb1, 0xff, 0x87, 0xb2, 0x64, 
    0x2b, 0xa3, 0x14, 0x68, 0x92, 0x27, 0xa8, 0x9a, 0x1e, 0xef, 0x7b, 0x02, 0xaa, 0x52, 0x03, 0x49, 0x92, 0x07, 0x06, 0x82, 0x13, 0x00, 0xf8, 0x01, 
    0x00, 0x00, 0x00, 0x00, 0x00, 0x00, 0x00, 0x00, 0x00, 0x00, 0x00, 0x00, 0x00, 0x00, 0x00, 0x00, 0x00, 0x00, 0x00, 0x00, 0x00, 0x00, 0x00, 0x00, 
    0x00, 0x00, 0x00, 0x00, 0x00, 0x00, 0x00, 0x00, 0x00, 0x00, 0x00, 0x00, 0x00, 0x00, 0x00, 0x00, 0x00, 0x00, 0x00, 0x00, 0x00, 0x00, 0x00, 0x00, 
    0x00, 0x00, 0x00, 0x00, 0x00, 0x00, 0x00, 0x00, 0x00, 0x00, 0x00, 0x00, 0x00, 0x00, 0x00, 0xaa, 0xaa, 0x03, 0x00, 0xf8, 0x01, 0xa9, 0xaa, 0x20, 
    0xa3, 0xa9, 0xe5, 0xc4, 0xb1, 0xff, 0x67, 0xaa, 0x3d, 0x00, 0x00, 0x01, 0xaa, 0xaa, 0x03, 0xa0, 0xaa, 0x03, 0xe0, 0x7b, 0x02, 0x00, 0xf8, 0x01, 
    0x00, 0x00, 0x01, 0x00, 0x00, 0x00, 0x00, 0x00, 0x00, 0x00, 0x00, 0x00, 0x00, 0x00, 0x00, 0x00, 0x00, 0x00, 0x00, 0x00, 0x00, 0x00, 0x00, 0x00, 
    0xff, 0xff, 0x02, 0x6b, 0xb3, 0x17, 0xe9, 0xba, 0x38, 0xe8, 0xba, 0x48, 0x88, 0xb2, 0x5d, 0x87, 0xb2, 0x79, 0x46, 0xb2, 0x93, 0x26, 0xaa, 0xab, 
    0x46, 0xb2, 0xb1, 0x26, 0xb2, 0xc4, 0xe5, 0xa9, 0xd9, 0xc4, 0xa9, 0xf0, 0xe4, 0xb1, 0xe7, 0xc4, 0xa9, 0xfc, 0xc4, 0xa9, 0xf9, 0xc4, 0xb1, 0xfc, 
    0xe4, 0xb1, 0xff, 0xa3, 0xb1, 0xff, 0x83, 0xb1, 0xff, 0xa3, 0xb1, 0xff, 0xa3, 0xb1, 0xff, 0xa3, 0xb1, 0xff, 0xa3, 0xb9, 0xff, 0x83, 0xb1, 0xff, 
    0xa3, 0xb9, 0xff, 0x83, 0xb9, 0xff, 0x83, 0xb1, 0xff, 0x83, 0xb1, 0xff, 0x83, 0xb1, 0xff, 0x83, 0xb9, 0xff, 0x83, 0xb1, 0xff, 0x83, 0xb1, 0xff, 
    0x83, 0xb1, 0xff, 0xa3, 0xb9, 0xff, 0xc4, 0xb1, 0xff, 0x25, 0xba, 0xfc, 0x09, 0xcb, 0xde, 0xe9, 0xba, 0xa2, 0xe9, 0xaa, 0x78, 0xea, 0xaa, 0x2c, 
    0x8a, 0xa2, 0x13, 0xe7, 0x79, 0x08, 0x00, 0x00, 0x00, 0x00, 0x00, 0x00, 0x00, 0x78, 0x02, 0x00, 0x00, 0x00, 0xe5, 0x99, 0x8e, 0xa3, 0xc1, 0xff, 
    0xe5, 0xa9, 0x9d, 0x00, 0x00, 0x00, 0x00, 0xa8, 0x03, 0xe7, 0xb9, 0x04, 0xe7, 0x99, 0x08, 0xc9, 0xb2, 0x0e, 0xa9, 0x9a, 0x27, 0x89, 0x92, 0x22, 
    0x89, 0xa2, 0x49, 0xa9, 0xa2, 0x61, 0xea, 0xaa, 0x6d, 0xc8, 0xba, 0x9f, 0x67, 0xba, 0xee, 0x87, 0xba, 0xea, 0xe9, 0xc2, 0xdf, 0x67, 0xb2, 0xde, 
    0xa8, 0xba, 0xc3, 0x46, 0xb2, 0xdf, 0xc8, 0xba, 0xcd, 0xe9, 0xba, 0x8f, 0xc9, 0xaa, 0x63, 0xa8, 0x9a, 0x64, 0x88, 0x92, 0x1f, 0x68, 0x92, 0x1d, 
    0x07, 0x7a, 0x35, 0x46, 0x7a, 0x1c, 0x00, 0x00, 0x00, 0x00, 0x00, 0x01, 0x00, 0x00, 0x00, 0x00, 0xf8, 0x01, 0x00, 0x78, 0x02, 0x00, 0x00, 0x00, 
    0xe7, 0x7a, 0x08, 0xe5, 0x71, 0x67, 0xc5, 0x71, 0x16, 0x00, 0x00, 0x00, 0x00, 0x00, 0x01, 0x00, 0x00, 0x00, 0x00, 0x00, 0x00, 0x00, 0x00, 0x00, 
    0x00, 0x00, 0x00, 0x00, 0x00, 0x00, 0x00, 0x00, 0x00, 0x00, 0x00, 0x00, 0x00, 0x00, 0x00, 0x00, 0x00, 0x00, 0x00, 0x00, 0x00, 0x00, 0x00, 0x00, 
    0x00, 0x00, 0x00, 0x00, 0x00, 0x00, 0x00, 0x00, 0x00, 0x00, 0x00, 0x00, 0x00, 0x00, 0x00, 0x00, 0x00, 0x00, 0x00, 0x00, 0x00, 0x00, 0x00, 0x00, 
    0x00, 0x00, 0x00, 0x00, 0x00, 0x00, 0x00, 0x00, 0x00, 0x00, 0x00, 0x00, 0x00, 0x00, 0x00, 0x00, 0x00, 0x00, 0x00, 0x00, 0x00, 0x00, 0x00, 0x00, 
    0x00, 0x00, 0x00, 0x00, 0x00, 0x00, 0x00, 0x00, 0x00, 0x00, 0x00, 0x00, 0x00, 0x00, 0x00, 0x00, 0x00, 0x00, 0x00, 0x00, 0x00, 0x00, 0x00, 0x00, 
    0x00, 0x00, 0x00, 0x00, 0x00, 0x00, 0x00, 0x00, 0x00, 0x00, 0x00, 0x00, 0x00, 0x00, 0x00, 0x00, 0x00, 0x00, 0x00, 0x00, 0x00, 0x00, 0x00, 0x00, 
    0x00, 0x00, 0x00, 0x00, 0x00, 0x00, 0x00, 0x00, 0x00, 0x00, 0x00, 0x00, 0x00, 0x00, 0x00, 0x00, 0x00, 0x00, 0x00, 0x00, 0x00, 0x00, 0x00, 0x00, 
    0x00, 0x00, 0x00, 0x00, 0x00, 0x00, 0x00, 0x00, 0x00, 0x00, 0x00, 0x00, 0x00, 0x00, 0x00, 0x00, 0x00, 0x00, 0x00, 0x00, 0x00, 0x00, 0x00, 0x00, 
    0x00, 0x00, 0x00, 0x00, 0x00, 0x00, 0x00, 0x00, 0x00, 0x00, 0x00, 0x00, 0x00, 0x00, 0x00, 0x00, 0x00, 0x00, 0x00, 0x00, 0x00, 0x00, 0x00, 0x00, 
    0x00, 0x00, 0x00, 0x00, 0x00, 0x00, 0x00, 0x00, 0x00, 0x00, 0x00, 0x00, 0x00, 0x00, 0x00, 0x00, 0x00, 0x00, 0x00, 0x00, 0x00, 0x00, 0x00, 0x00, 
    0x00, 0x00, 0x00, 0x00, 0x00, 0x00, 0x00, 0x00, 0x00, 0x00, 0x00, 0x00, 0x00, 0x00, 0x00, 0x00, 0x00, 0x00, 0x00, 0x00, 0x00, 0x00, 0x00, 0x00, 
    0x00, 0x00, 0x00, 0x00, 0x00, 0x00, 0x00, 0x00, 0x00, 0x00, 0x00, 0x00, 0x00, 0x00, 0x00, 0x00, 0x00, 0x00, 0x00, 0x00, 0x00, 0x00, 0x00, 0x00, 
    0x00, 0x00, 0x00, 0x00, 0x00, 0x00, 0x00, 0x00, 0x00, 0x00, 0x00, 0x00, 0x00, 0x00, 0x00, 0x00, 0x00, 0x00, 0x00, 0x00, 0x00, 0x00, 0x00, 0x00, 
    0x00, 0x00, 0x00, 0x00, 0x00, 0x00, 0x00, 0x00, 0x00, 0x00, 0x00, 0x00, 0x00, 0x00, 0x00, 0x00, 0x00, 0x00, 0x00, 0x00, 0x00, 0x00, 0x00, 0x00, 
    0x00, 0x00, 0x00, 0x00, 0x00, 0x00, 0x00, 0x00, 0x00, 0x00, 0x00, 0x00, 0x00, 0x00, 0x00, 0x00, 0x00, 0x00, 0x00, 0x00, 0x00, 0x00, 0x00, 0x00, 
    0x00, 0x00, 0x00, 0x00, 0x00, 0x00, 0x00, 0x00, 0x00, 0x00, 0x00, 0x00, 0x00, 0x00, 0x00, 0x00, 0x00, 0x00, 0x00, 0x00, 0x00, 0x00, 0x00, 0x00, 
    0x00, 0x00, 0x00, 0x00, 0x00, 0x00, 0x00, 0x00, 0x00, 0x00, 0x00, 0x00, 0x00, 0x00, 0x00, 0x00, 0x00, 0x00, 0x00, 0x00, 0x00, 0x00, 0x00, 0x00, 
    0x00, 0x00, 0x00, 0x00, 0x00, 0x00, 0x00, 0x00, 0x00, 0x00, 0x00, 0x00, 0x00, 0x00, 0x00, 0x00, 0x00, 0x00, 0x00, 0x00, 0x00, 0x00, 0x00, 0x00, 
    0x00, 0x00, 0x00, 0x00, 0x00, 0x00, 0x00, 0x00, 0x00, 0x00, 0x00, 0x00, 0x00, 0x00, 0x00, 0x00, 0x00, 0x00, 0x00, 0x00, 0x00, 0x00, 0x00, 0x00, 
    0x00, 0x00, 0x00, 0x00, 0x00, 0x00, 0x00, 0x00, 0x00, 0x00, 0x00, 0x00, 0x00, 0x00, 0x00, 0x00, 0x00, 0x00, 0x00, 0x00, 0x00, 0x00, 0x00, 0x00, 
    0x00, 0x00, 0x00, 0x00, 0x00, 0x00, 0x00, 0x00, 0x00, 0x00, 0x00, 0x00, 0x00, 0x00, 0x00, 0x00, 0x00, 0x00, 0x00, 0x00, 0x00, 0x00, 0x00, 0x00, 
    0x00, 0x00, 0x00, 0x00, 0x00, 0x00, 0x00, 0x00, 0x00, 0x00, 0x00, 0x00, 0x00, 0x00, 0x00, 0x00, 0x00, 0x00, 0x00, 0x00, 0x00, 0x00, 0x00, 0x00, 
    0x00, 0x00, 0x00, 0x00, 0x00, 0x00, 0x00, 0x00, 0x00, 0x00, 0x00, 0x00, 0x00, 0x00, 0x00, 0x00, 0x00, 0x00, 0x00, 0x00, 0x00, 0x00, 0x00, 0x00, 
    0x00, 0x00, 0x00, 0x00, 0x00, 0x00, 0x00, 0x00, 0x00, 0x00, 0x00, 0x00, 0x00, 0x00, 0x00, 0x00, 0x00, 0x00, 0x00, 0x00, 0x00, 0x00, 0x00, 0x00, 
    0x00, 0x00, 0x00, 0x00, 0x00, 0x00, 0x00, 0x00, 0x00, 0x00, 0x00, 0x00, 0x00, 0x00, 0x00, 0x00, 0x00, 0x00, 0x00, 0x00, 0x00, 0x00, 0x00, 0x00, 
    0x00, 0x00, 0x00, 0x00, 0x00, 0x00, 0x00, 0x00, 0x00, 0x00, 0x00, 0x00, 0x00, 0x00, 0x00, 0x00, 0x00, 0x00, 0x00, 0x00, 0x00, 0x00, 0x00, 0x00, 
    0x00, 0x00, 0x00, 0x00, 0x00, 0x00, 0x00, 0x00, 0x00, 0x00, 0x00, 0x00, 0x00, 0x00, 0x00, 0x00, 0x00, 0x00, 0x00, 0x00, 0x00, 0x00, 0x00, 0x00, 
    0x00, 0x00, 0x00, 0x00, 0x00, 0x00, 0x00, 0x00, 0x00, 0x00, 0x00, 0x00, 0xe8, 0xa2, 0x0b, 0xea, 0xa2, 0x13, 0xa9, 0x92, 0x51, 0xc9, 0xa2, 0x61, 
    0x29, 0xab, 0x3a, 0x09, 0xbb, 0x97, 0x09, 0xc3, 0xd3, 0x09, 0xcb, 0xe4, 0xc8, 0xc2, 0xeb, 0xc8, 0xc2, 0xed, 0x67, 0xba, 0xee, 0xa7, 0xc2, 0xf9, 
    0xa7, 0xc2, 0xfa, 0xa8, 0xc2, 0xf2, 0xe8, 0xc2, 0xe5, 0x2a, 0xcb, 0xd5, 0xe9, 0xc2, 0xd0, 0x0a, 0xc3, 0xbc, 0x2a, 0xc3, 0xb5, 0x2a, 0xbb, 0xad, 
    0x2a, 0xb3, 0x9e, 0x2a, 0xbb, 0x81, 0xc8, 0xaa, 0xae, 0x67, 0x9a, 0xbe, 0x2a, 0xb3, 0x5f, 0xa8, 0xb2, 0x80, 0xc4, 0xb1, 0xfd, 0xc3, 0xc1, 0xff, 
    0x46, 0xb2, 0xa5, 0xc4, 0xa9, 0xc7, 0xc4, 0xb9, 0xff, 0x87, 0xaa, 0x5f, 0x69, 0xa3, 0x0e, 0x67, 0x92, 0x20, 0xaa, 0xaa, 0x06, 0x00, 0x78, 0x02, 
    0x00, 0x00, 0x00, 0xe6, 0x79, 0x24, 0xe6, 0x71, 0x5e, 0x00, 0x00, 0x00, 0x00, 0x00, 0x00, 0x00, 0x00, 0x00, 0x00, 0x00, 0x00, 0x00, 0x00, 0x01, 
    0x00, 0x00, 0x00, 0x00, 0x00, 0x00, 0x00, 0x00, 0x00, 0x00, 0x00, 0x00, 0x00, 0x00, 0x00, 0x00, 0x00, 0x00, 0x00, 0x00, 0x00, 0x00, 0x00, 0x00, 
    0x00, 0x00, 0x00, 0x00, 0x00, 0x00, 0x00, 0x00, 0x00, 0x00, 0x00, 0x00, 0x00, 0x00, 0x00, 0x00, 0x00, 0x00, 0x00, 0x00, 0x00, 0x00, 0x00, 0x00, 
    0x00, 0x00, 0x00, 0x00, 0x00, 0x00, 0x00, 0x78, 0x02, 0xed, 0xab, 0x0c, 0xa4, 0xb1, 0xd4, 0xa4, 0xa9, 0xff, 0x67, 0xa2, 0x35, 0x00, 0x78, 0x02, 
    0x00, 0x00, 0x01, 0x00, 0x00, 0x00, 0x00, 0x00, 0x00, 0x00, 0x00, 0x00, 0x00, 0x00, 0x00, 0xd3, 0xfc, 0x05, 0xe9, 0xba, 0x18, 0xc8, 0xb2, 0x2b, 
    0x67, 0xaa, 0x35, 0x46, 0xa2, 0x44, 0x87, 0xaa, 0x66, 0x46, 0xaa, 0x8c, 0x05, 0xaa, 0xb9, 0x05, 0xb2, 0xd8, 0x05, 0xb2, 0xe4, 0xe4, 0xb1, 0xee, 
    0xc4, 0xa9, 0xfb, 0xc4, 0xb1, 0xff, 0xc4, 0xb1, 0xff, 0xc3, 0xb9, 0xff, 0xc3, 0xb9, 0xff, 0xa3, 0xb9, 0xff, 0xa3, 0xb9, 0xff, 0xa3, 0xb9, 0xff, 
    0xa3, 0xb9, 0xff, 0x83, 0xb9, 0xff, 0x83, 0xb9, 0xff, 0x83, 0xb9, 0xff, 0x83, 0xb9, 0xfe, 0xa3, 0xb9, 0xfe, 0xa3, 0xb9, 0xff, 0xa3, 0xb9, 0xff, 
    0xa3, 0xb9, 0xfe, 0xa3, 0xb1, 0xff, 0xa3, 0xb1, 0xfe, 0xa3, 0xb9, 0xfe, 0xa3, 0xb9, 0xfe, 0xa3, 0xb1, 0xfe, 0xa3, 0xb1, 0xfe, 0xa3, 0xb1, 0xfe, 
    0xa3, 0xb1, 0xfe, 0xa3, 0xb1, 0xfe, 0xa3, 0xb1, 0xfe, 0xa3, 0xb1, 0xfe, 0xa3, 0xb1, 0xfe, 0xa3, 0xb1, 0xfe, 0xa3, 0xb1, 0xfd, 0xa3, 0xb1, 0xff, 
    0x05, 0xba, 0xff, 0xe9, 0xc2, 0xe1, 0x2a, 0xc3, 0x94, 0xea, 0xaa, 0x39, 0xca, 0xa2, 0x19, 0x49, 0x92, 0x07, 0x00, 0x00, 0x00, 0x00, 0x00, 0x00, 
    0xa0, 0xaa, 0x03, 0x00, 0x00, 0x00, 0xe4, 0x99, 0x83, 0xa3, 0xc1, 0xff, 0xe5, 0xa9, 0x9b, 0x00, 0x00, 0x00, 0x00, 0xf8, 0x02, 0xef, 0x7b, 0x02, 
    0x26, 0x9b, 0x05, 0x86, 0x99, 0x05, 0x49, 0x92, 0x07, 0x69, 0x9a, 0x14, 0x49, 0x92, 0x11, 0x88, 0x92, 0x3d, 0x89, 0x9a, 0x37, 0xa8, 0xaa, 0x77, 
    0xe9, 0xb2, 0xb6, 0xc9, 0xb2, 0x73, 0xc8, 0xaa, 0x84, 0xe9, 0xaa, 0x71, 0xe9, 0xb2, 0x68, 0x26, 0xaa, 0xcc, 0x88, 0xaa, 0x96, 0xe8, 0xaa, 0x5a, 
    0x46, 0x8a, 0xa1, 0x68, 0x92, 0x2a, 0x47, 0x92, 0x11, 0xa7, 0x92, 0x0c, 0xe7, 0x7a, 0x08, 0x00, 0x00, 0x01, 0x00, 0x00, 0x00, 0x00, 0x00, 0x00, 
    0x00, 0x00, 0x00, 0x00, 0x00, 0x00, 0x00, 0x00, 0x00, 0x00, 0x00, 0x00, 0x00, 0x00, 0x00, 0x00, 0x00, 0x00, 0x00, 0x00, 0x00, 0x00, 0x00, 0x00, 
    0x00, 0x00, 0x00, 0x00, 0x00, 0x00, 0x00, 0x00, 0x00, 0x00, 0x00, 0x00, 0x00, 0x00, 0x00, 0x00, 0x00, 0x00, 0x00, 0x00, 0x00, 0x00, 0x00, 0x00, 
    0x00, 0x00, 0x00, 0x00, 0x00, 0x00, 0x00, 0x00, 0x00, 0x00, 0x00, 0x00, 0x00, 0x00, 0x00, 0x00, 0x00, 0x00, 0x00, 0x00, 0x00, 0x00, 0x00, 0x00, 
    0x00, 0x00, 0x00, 0x00, 0x00, 0x00, 0x00, 0x00, 0x00, 0x00, 0x00, 0x00, 0x00, 0x00, 0x00, 0x00, 0x00, 0x00, 0x00, 0x00, 0x00, 0x00, 0x00, 0x00, 
    0x00, 0x00, 0x00, 0x00, 0x00, 0x00, 0x00, 0x00, 0x00, 0x00, 0x00, 0x00, 0x00, 0x00, 0x00, 0x00, 0x00, 0x00, 0x00, 0x00, 0x00, 0x00, 0x00, 0x00, 
    0x00, 0x00, 0x00, 0x00, 0x00, 0x00, 0x00, 0x00, 0x00, 0x00, 0x00, 0x00, 0x00, 0x00, 0x00, 0x00, 0x00, 0x00, 0x00, 0x00, 0x00, 0x00, 0x00, 0x00, 
    0x00, 0x00, 0x00, 0x00, 0x00, 0x00, 0x00, 0x00, 0x00, 0x00, 0x00, 0x00, 0x00, 0x00, 0x00, 0x00, 0x00, 0x00, 0x00, 0x00, 0x00, 0x00, 0x00, 0x00, 
    0x00, 0x00, 0x00, 0x00, 0x00, 0x00, 0x00, 0x00, 0x00, 0x00, 0x00, 0x00, 0x00, 0x00, 0x00, 0x00, 0x00, 0x00, 0x00, 0x00, 0x00, 0x00, 0x00, 0x00, 
    0x00, 0x00, 0x00, 0x00, 0x00, 0x00, 0x00, 0x00, 0x00, 0x00, 0x00, 0x00, 0x00, 0x00, 0x00, 0x00, 0x00, 0x00, 0x00, 0x00, 0x00, 0x00, 0x00, 0x00, 
    0x00, 0x00, 0x00, 0x00, 0x00, 0x00, 0x00, 0x00, 0x00, 0x00, 0x00, 0x00, 0x00, 0x00, 0x00, 0x00, 0x00, 0x00, 0x00, 0x00, 0x00, 0x00, 0x00, 0x00, 
    0x00, 0x00, 0x00, 0x00, 0x00, 0x00, 0x00, 0x00, 0x00, 0x00, 0x00, 0x00, 0x00, 0x00, 0x00, 0x00, 0x00, 0x00, 0x00, 0x00, 0x00, 0x00, 0x00, 0x00, 
    0x00, 0x00, 0x00, 0x00, 0x00, 0x00, 0x00, 0x00, 0x00, 0x00, 0x00, 0x00, 0x00, 0x00, 0x00, 0x00, 0x00, 0x00, 0x00, 0x00, 0x00, 0x00, 0x00, 0x00, 
    0x00, 0x00, 0x00, 0x00, 0x00, 0x00, 0x00, 0x00, 0x00, 0x00, 0x00, 0x00, 0x00, 0x00, 0x00, 0x00, 0x00, 0x00, 0x00, 0x00, 0x00, 0x00, 0x00, 0x00, 
    0x00, 0x00, 0x00, 0x00, 0x00, 0x00, 0x00, 0x00, 0x00, 0x00, 0x00, 0x00, 0x00, 0x00, 0x00, 0x00, 0x00, 0x00, 0x00, 0x00, 0x00, 0x00, 0x00, 0x00, 
    0x00, 0x00, 0x00, 0x00, 0x00, 0x00, 0x00, 0x00, 0x00, 0x00, 0x00, 0x00, 0x00, 0x00, 0x00, 0x00, 0x00, 0x00, 0x00, 0x00, 0x00, 0x00, 0x00, 0x00, 
    0x00, 0x00, 0x00, 0x00, 0x00, 0x00, 0x00, 0x00, 0x00, 0x00, 0x00, 0x00, 0x00, 0x00, 0x00, 0x00, 0x00, 0x00, 0x00, 0x00, 0x00, 0x00, 0x00, 0x00, 
    0x00, 0x00, 0x00, 0x00, 0x00, 0x00, 0x00, 0x00, 0x00, 0x00, 0x00, 0x00, 0x00, 0x00, 0x00, 0x00, 0x00, 0x00, 0x00, 0x00, 0x00, 0x00, 0x00, 0x00, 
    0x00, 0x00, 0x00, 0x00, 0x00, 0x00, 0x00, 0x00, 0x00, 0x00, 0x00, 0x00, 0x00, 0x00, 0x00, 0x00, 0x00, 0x00, 0x00, 0x00, 0x00, 0x00, 0x00, 0x00, 
    0x00, 0x00, 0x00, 0x00, 0x00, 0x00, 0x00, 0x00, 0x00, 0x00, 0x00, 0x00, 0x00, 0x00, 0x00, 0x00, 0x00, 0x00, 0x00, 0x00, 0x00, 0x00, 0x00, 0x00, 
    0x00, 0x00, 0x00, 0x00, 0x00, 0x00, 0x00, 0x00, 0x00, 0x00, 0x00, 0x00, 0x00, 0x00, 0x00, 0x00, 0x00, 0x00, 0x00, 0x00, 0x00, 0x00, 0x00, 0x00, 
    0x00, 0x00, 0x00, 0x00, 0x00, 0x00, 0x00, 0x00, 0x00, 0x00, 0x00, 0x00, 0x00, 0x00, 0x00, 0x00, 0x00, 0x00, 0x00, 0x00, 0x00, 0x00, 0x00, 0x00, 
    0x00, 0x00, 0x00, 0x00, 0x00, 0x00, 0x00, 0x00, 0x00, 0x00, 0x00, 0x00, 0x00, 0x00, 0x00, 0x00, 0x00, 0x00, 0x00, 0x00, 0x00, 0x00, 0x00, 0x00, 
    0x00, 0x00, 0x00, 0x00, 0x00, 0x00, 0x00, 0x00, 0x00, 0x00, 0x00, 0x00, 0x00, 0x00, 0x00, 0x00, 0x00, 0x00, 0x00, 0x00, 0x00, 0x00, 0x00, 0x00, 
    0x00, 0x00, 0x00, 0x00, 0x00, 0x00, 0x00, 0x00, 0x00, 0x00, 0x00, 0x00, 0x00, 0x00, 0x00, 0x00, 0x00, 0x00, 0x00, 0x00, 0x00, 0x00, 0x00, 0x00, 
    0x00, 0x00, 0x00, 0x00, 0x00, 0x00, 0x00, 0x00, 0x00, 0x00, 0x00, 0x00, 0x00, 0x00, 0x00, 0x00, 0x00, 0x00, 0x00, 0x00, 0x00, 0x00, 0x00, 0x00, 
    0x00, 0x00, 0x00, 0x00, 0x00, 0x00, 0x00, 0x00, 0x00, 0x00, 0x00, 0x00, 0x00, 0x00, 0x00, 0x00, 0x00, 0x00, 0x00, 0x00, 0x00, 0xaa, 0x52, 0x03, 
    0x24, 0x49, 0x0d, 0x00, 0x00, 0x00, 0x00, 0x00, 0x00, 0x00, 0x00, 0x00, 0x00, 0x00, 0x00, 0x00, 0x00, 0x00, 0x00, 0x00, 0x00, 0x00, 0x00, 0x00, 
    0x00, 0x00, 0x00, 0x00, 0x00, 0x00, 0x00, 0x00, 0x00, 0x00, 0x00, 0x00, 0x00, 0x00, 0x00, 0x00, 0x00, 0x00, 0x00, 0x00, 0x00, 0x00, 0x00, 0x00, 
    0x00, 0x00, 0x01, 0x00, 0x00, 0x00, 0x68, 0x8a, 0x44, 0xc9, 0x9a, 0x2e, 0xe9, 0xa2, 0x2b, 0xe9, 0xa2, 0x5b, 0x2a, 0xbb, 0x76, 0x09, 0xbb, 0xb8, 
    0x09, 0xbb, 0xb0, 0xe9, 0xba, 0xc5, 0x09, 0xc3, 0xa9, 0x09, 0xc3, 0xb3, 0xe9, 0xba, 0xdb, 0x2a, 0xbb, 0x95, 0x2a, 0xb3, 0x75, 0x2a, 0xb3, 0x68, 
    0x0a, 0xb3, 0x63, 0x0a, 0xab, 0x59, 0xe9, 0xaa, 0x53, 0xc9, 0xa2, 0x46, 0xa8, 0x9a, 0x2f, 0xe9, 0xaa, 0x2b, 0x09, 0xb3, 0x35, 0xe9, 0xb2, 0x31, 
    0xe9, 0xaa, 0x42, 0xa8, 0xb2, 0x40, 0xc4, 0xb1, 0xf1, 0xc3, 0xc1, 0xff, 0x66, 0xb2, 0x92, 0xc4, 0xa9, 0xba, 0xc4, 0xb9, 0xfe, 0x47, 0xaa, 0x3e, 
    0xe7, 0x7b, 0x04, 0x00, 0x78, 0x02, 0x00, 0x00, 0x00, 0x00, 0x00, 0x00, 0x00, 0x00, 0x00, 0xe0, 0xff, 0x01, 0x00, 0xf8, 0x01, 0x00, 0x00, 0x00, 
    0x00, 0x00, 0x00, 0x00, 0x00, 0x00, 0x00, 0x00, 0x00, 0x00, 0x00, 0x00, 0x00, 0x00, 0x00, 0x00, 0x00, 0x00, 0x00, 0x00, 0x00, 0x00, 0x00, 0x00, 
    0x00, 0x00, 0x00, 0x00, 0x00, 0x00, 0x00, 0x00, 0x00, 0x00, 0x00, 0x00, 0x00, 0x00, 0x00, 0xe0, 0x79, 0x04, 0x00, 0x00, 0x00, 0x00, 0x00, 0x00, 
    0x00, 0x00, 0x00, 0x00, 0x00, 0x00, 0x00, 0x00, 0x01, 0x00, 0xf8, 0x01, 0xe0, 0x7b, 0x02, 0xe0, 0xfb, 0x02, 0x00, 0xf8, 0x02, 0x6b, 0xa3, 0x0e, 
    0xa4, 0xa9, 0xdb, 0xa4, 0xa9, 0xf6, 0xc8, 0xa2, 0x19, 0x00, 0x00, 0x00, 0x0b, 0xc3, 0x17, 0x89, 0xba, 0x26, 0x87, 0xb2, 0x38, 0xa8, 0xba, 0x57, 
    0x46, 0xb2, 0x92, 0x46, 0xb2, 0xa7, 0x25, 0xb2, 0xcb, 0x05, 0xb2, 0xe7, 0xe4, 0xb1, 0xf3, 0xc4, 0xa9, 0xfe, 0xe5, 0xb9, 0xff, 0xe4, 0xb9, 0xff, 
    0xa3, 0xb9, 0xff, 0xa3, 0xb9, 0xff, 0xa3, 0xb9, 0xff, 0xa3, 0xb9, 0xff, 0xa3, 0xb9, 0xff, 0xa3, 0xb1, 0xff, 0xa3, 0xb1, 0xfd, 0xa3, 0xb1, 0xfd, 
    0xa3, 0xb1, 0xfd, 0xa3, 0xb9, 0xfd, 0xa3, 0xb1, 0xfd, 0xa3, 0xb1, 0xfe, 0xa3, 0xb1, 0xfe, 0xa3, 0xb1, 0xfe, 0xa3, 0xb9, 0xff, 0xa3, 0xb9, 0xff, 
    0xa3, 0xb9, 0xff, 0xa3, 0xb9, 0xff, 0xa3, 0xb9, 0xff, 0xa3, 0xb9, 0xff, 0xa3, 0xb9, 0xff, 0xa3, 0xb9, 0xff, 0xa3, 0xb9, 0xff, 0xa3, 0xb9, 0xff, 
    0xa3, 0xb9, 0xff, 0xa3, 0xb9, 0xff, 0xa3, 0xb9, 0xff, 0xa3, 0xb9, 0xff, 0xa3, 0xb9, 0xff, 0xa3, 0xb9, 0xff, 0xa3, 0xb9, 0xff, 0xa3, 0xb9, 0xff, 
    0xa3, 0xb9, 0xff, 0xa4, 0xb9, 0xff, 0xc4, 0xb9, 0xff, 0xa3, 0xb9, 0xfe, 0xa3, 0xb1, 0xfe, 0xc8, 0xca, 0xec, 0x4a, 0xc3, 0xb1, 0xc9, 0xa2, 0x4e, 
    0xe9, 0xa2, 0x24, 0x2a, 0xab, 0x0f, 0x00, 0x00, 0x01, 0x00, 0x00, 0x00, 0xa0, 0xaa, 0x03, 0x00, 0x00, 0x00, 0xc5, 0x99, 0x7e, 0xc3, 0xc1, 0xff, 
    0xc5, 0xa1, 0x9e, 0x00, 0x00, 0x00, 0x00, 0xa8, 0x03, 0x00, 0x00, 0x00, 0x00, 0x00, 0x00, 0x00, 0x00, 0x00, 0x00, 0x00, 0x01, 0x49, 0x92, 0x07, 
    0xa7, 0xaa, 0x0c, 0xa9, 0x92, 0x18, 0x88, 0x9a, 0x19, 0xc9, 0x9a, 0x48, 0xe9, 0xa2, 0x4d, 0xa8, 0x9a, 0x47, 0xc9, 0x9a, 0x4b, 0x88, 0x9a, 0x84, 
    0xa8, 0xa2, 0x5f, 0x26, 0xa2, 0xcf, 0x67, 0xa2, 0xa4, 0xc8, 0x9a, 0x3d, 0x26, 0x82, 0x37, 0x87, 0x8a, 0x1c, 0x47, 0x82, 0x1f, 0xef, 0x7b, 0x02, 
    0x00, 0x00, 0x00, 0x00, 0x00, 0x00, 0x00, 0x00, 0x00, 0x00, 0x00, 0x00, 0x00, 0x00, 0x00, 0x00, 0x00, 0x00, 0x00, 0x00, 0x00, 0x00, 0x00, 0x00, 
    0x00, 0x00, 0x00, 0xa0, 0x52, 0x03, 0x00, 0x00, 0x00, 0x00, 0x00, 0x00, 0x00, 0x00, 0x00, 0x00, 0x00, 0x00, 0x00, 0x00, 0x00, 0x00, 0x00, 0x00, 
    0x00, 0x00, 0x00, 0x00, 0x00, 0x00, 0x00, 0x00, 0x00, 0x00, 0x00, 0x00, 0x00, 0x00, 0x00, 0x00, 0x00, 0x00, 0x00, 0x00, 0x00, 0x00, 0x00, 0x00, 
    0x00, 0x00, 0x00, 0x00, 0x00, 0x00, 0x00, 0x00, 0x00, 0x00, 0x00, 0x00, 0x00, 0x00, 0x00, 0x00, 0x00, 0x00, 0x00, 0x00, 0x00, 0x00, 0x00, 0x00, 
    0x00, 0x00, 0x00, 0x00, 0x00, 0x00, 0x00, 0x00, 0x00, 0x00, 0x00, 0x00, 0x00, 0x00, 0x00, 0x00, 0x00, 0x00, 0x00, 0x00, 0x00, 0x00, 0x00, 0x00, 
    0x00, 0x00, 0x00, 0x00, 0x00, 0x00, 0x00, 0x00, 0x00, 0x00, 0x00, 0x00, 0x00, 0x00, 0x00, 0x00, 0x00, 0x00, 0x00, 0x00, 0x00, 0x00, 0x00, 0x00, 
    0x00, 0x00, 0x00, 0x00, 0x00, 0x00, 0x00, 0x00, 0x00, 0x00, 0x00, 0x00, 0x00, 0x00, 0x00, 0x00, 0x00, 0x00, 0x00, 0x00, 0x00, 0x00, 0x00, 0x00, 
    0x00, 0x00, 0x00, 0x00, 0x00, 0x00, 0x00, 0x00, 0x00, 0x00, 0x00, 0x00, 0x00, 0x00, 0x00, 0x00, 0x00, 0x00, 0x00, 0x00, 0x00, 0x00, 0x00, 0x00, 
    0x00, 0x00, 0x00, 0x00, 0x00, 0x00, 0x00, 0x00, 0x00, 0x00, 0x00, 0x00, 0x00, 0x00, 0x00, 0x00, 0x00, 0x00, 0x00, 0x00, 0x00, 0x00, 0x00, 0x00, 
    0x00, 0x00, 0x00, 0x00, 0x00, 0x00, 0x00, 0x00, 0x00, 0x00, 0x00, 0x00, 0x00, 0x00, 0x00, 0x00, 0x00, 0x00, 0x00, 0x00, 0x00, 0x00, 0x00, 0x00, 
    0x00, 0x00, 0x00, 0x00, 0x00, 0x00, 0x00, 0x00, 0x00, 0x00, 0x00, 0x00, 0x00, 0x00, 0x00, 0x00, 0x00, 0x00, 0x00, 0x00, 0x00, 0x00, 0x00, 0x00, 
    0x00, 0x00, 0x00, 0x00, 0x00, 0x00, 0x00, 0x00, 0x00, 0x00, 0x00, 0x00, 0x00, 0x00, 0x00, 0x00, 0x00, 0x00, 0x00, 0x00, 0x00, 0x00, 0x00, 0x00, 
    0x00, 0x00, 0x00, 0x00, 0x00, 0x00, 0x00, 0x00, 0x00, 0x00, 0x00, 0x00, 0x00, 0x00, 0x00, 0x00, 0x00, 0x00, 0x00, 0x00, 0x00, 0x00, 0x00, 0x00, 
    0x00, 0x00, 0x00, 0x00, 0x00, 0x00, 0x00, 0x00, 0x00, 0x00, 0x00, 0x00, 0x00, 0x00, 0x00, 0x00, 0x00, 0x00, 0x00, 0x00, 0x00, 0x00, 0x00, 0x00, 
    0x00, 0x00, 0x00, 0x00, 0x00, 0x00, 0x00, 0x00, 0x00, 0x00, 0x00, 0x00, 0x00, 0x00, 0x00, 0x00, 0x00, 0x00, 0x00, 0x00, 0x00, 0x00, 0x00, 0x00, 
    0x00, 0x00, 0x00, 0x00, 0x00, 0x00, 0x00, 0x00, 0x00, 0x00, 0x00, 0x00, 0x00, 0x00, 0x00, 0x00, 0x00, 0x00, 0x00, 0x00, 0x00, 0x00, 0x00, 0x00, 
    0x00, 0x00, 0x00, 0x00, 0x00, 0x00, 0x00, 0x00, 0x00, 0x00, 0x00, 0x00, 0x00, 0x00, 0x00, 0x00, 0x00, 0x00, 0x00, 0x00, 0x00, 0x00, 0x00, 0x00, 
    0x00, 0x00, 0x00, 0x00, 0x00, 0x00, 0x00, 0x00, 0x00, 0x00, 0x00, 0x00, 0x00, 0x00, 0x00, 0x00, 0x00, 0x00, 0x00, 0x00, 0x00, 0x00, 0x00, 0x00, 
    0x00, 0x00, 0x00, 0x00, 0x00, 0x00, 0x00, 0x00, 0x00, 0x00, 0x00, 0x00, 0x00, 0x00, 0x00, 0x00, 0x00, 0x00, 0x00, 0x00, 0x00, 0x00, 0x00, 0x00, 
    0x00, 0x00, 0x00, 0x00, 0x00, 0x00, 0x00, 0x00, 0x00, 0x00, 0x00, 0x00, 0x00, 0x00, 0x00, 0x00, 0x00, 0x00, 0x00, 0x00, 0x00, 0x00, 0x00, 0x00, 
    0x00, 0x00, 0x00, 0x00, 0x00, 0x00, 0x00, 0x00, 0x00, 0x00, 0x00, 0x00, 0x00, 0x00, 0x00, 0x00, 0x00, 0x00, 0x00, 0x00, 0x00, 0x00, 0x00, 0x00, 
    0x00, 0x00, 0x00, 0x00, 0x00, 0x00, 0x00, 0x00, 0x00, 0x00, 0x00, 0x00, 0x00, 0x00, 0x00, 0x00, 0x00, 0x00, 0x00, 0x00, 0x00, 0x00, 0x00, 0x00, 
    0x00, 0x00, 0x00, 0x00, 0x00, 0x00, 0x00, 0x00, 0x00, 0x00, 0x00, 0x00, 0x00, 0x00, 0x00, 0x00, 0x00, 0x00, 0x00, 0x00, 0x00, 0x00, 0x00, 0x00, 
    0x00, 0x00, 0x00, 0x00, 0x00, 0x00, 0x00, 0x00, 0x00, 0x00, 0x00, 0x00, 0x00, 0x00, 0x00, 0x00, 0x00, 0x00, 0x00, 0x00, 0x00, 0x00, 0x00, 0x00, 
    0x00, 0x00, 0x00, 0x00, 0x00, 0x00, 0x00, 0x00, 0x00, 0x00, 0x00, 0x00, 0x00, 0x00, 0x00, 0x00, 0x00, 0x00, 0x00, 0x00, 0x00, 0x00, 0x00, 0x00, 
    0x00, 0x00, 0x00, 0x00, 0x00, 0x00, 0x00, 0x00, 0x00, 0x00, 0x00, 0x00, 0x00, 0x00, 0x00, 0x00, 0x00, 0x00, 0x00, 0x00, 0x00, 0x00, 0x00, 0x00, 
    0x00, 0x00, 0x00, 0x00, 0x00, 0x00, 0x00, 0x00, 0x00, 0xe5, 0x69, 0x0c, 0xc4, 0x59, 0x2f, 0x00, 0x00, 0x00, 0x00, 0x00, 0x01, 0x00, 0x00, 0x00, 
    0x00, 0x00, 0x00, 0x00, 0x00, 0x00, 0x00, 0x00, 0x00, 0x00, 0x00, 0x00, 0x00, 0x00, 0x00, 0x00, 0x00, 0x00, 0x00, 0x00, 0x00, 0x00, 0x00, 0x00, 
    0x00, 0x00, 0x00, 0x00, 0x00, 0x00, 0x00, 0x00, 0x00, 0x00, 0x00, 0x00, 0x00, 0x00, 0x00, 0x00, 0xf8, 0x01, 0x00, 0x00, 0x00, 0x88, 0x8a, 0x3c, 
    0xc9, 0x9a, 0x2d, 0xe9, 0xaa, 0x18, 0xe9, 0x9a, 0x2e, 0xe9, 0xa2, 0x47, 0xc8, 0xa2, 0x4e, 0xe9, 0xaa, 0x70, 0xc8, 0xa2, 0x7c, 0xe9, 0xaa, 0x3c, 
    0xe9, 0xaa, 0x53, 0xe9, 0xa2, 0x57, 0xc9, 0xa2, 0x27, 0xe8, 0x9a, 0x24, 0xa9, 0x9a, 0x43, 0xc9, 0xa2, 0x17, 0xc9, 0xa2, 0x17, 0x8a, 0xa2, 0x16, 
    0x00, 0x00, 0x01, 0x67, 0xb2, 0x0d, 0xc9, 0xa2, 0x11, 0x88, 0x92, 0x13, 0x69, 0x9a, 0x0a, 0xc9, 0xba, 0x22, 0xe4, 0xa9, 0xe5, 0xe4, 0xc1, 0xff, 
    0x66, 0xb2, 0x7e, 0xc4, 0xa9, 0xb3, 0xc4, 0xb9, 0xff, 0x67, 0xa2, 0x43, 0x00, 0x00, 0x00, 0xe0, 0xb9, 0x04, 0x00, 0x00, 0x00, 0x00, 0x00, 0x00, 
    0x00, 0x00, 0x00, 0x00, 0x00, 0x00, 0x00, 0x00, 0x00, 0x00, 0x00, 0x00, 0x00, 0x00, 0x00, 0x00, 0x00, 0x00, 0x00, 0x00, 0x00, 0x00, 0x00, 0x00, 
    0x00, 0x00, 0x00, 0x00, 0x00, 0x00, 0x00, 0x00, 0x00, 0x00, 0x00, 0x00, 0x00, 0x00, 0x00, 0x00, 0x00, 0x00, 0x00, 0x00, 0x00, 0x00, 0x00, 0x00, 
    0x00, 0xf8, 0x01, 0xe7, 0xb9, 0x04, 0x00, 0x00, 0x01, 0x00, 0xf8, 0x01, 0xe0, 0x7b, 0x02, 0xe0, 0xfb, 0x02, 0x00, 0x00, 0x01, 0x00, 0x00, 0x00, 
    0x00, 0x00, 0x00, 0x00, 0x00, 0x00, 0x00, 0x00, 0x00, 0x4a, 0xc3, 0x2d, 0xa4, 0xa9, 0xe7, 0xa4, 0xb1, 0xf4, 0x67, 0xba, 0x6b, 0x66, 0xb2, 0x81, 
    0x06, 0xb2, 0xb8, 0xa4, 0xa9, 0xeb, 0x83, 0xa9, 0xf7, 0xc4, 0xb1, 0xfc, 0xa3, 0xb1, 0xff, 0xa3, 0xb1, 0xff, 0x83, 0xb1, 0xff, 0xa3, 0xb1, 0xff, 
    0xa3, 0xb9, 0xff, 0xa3, 0xb9, 0xff, 0x83, 0xb1, 0xfd, 0x83, 0xb1, 0xfc, 0x83, 0xb9, 0xfc, 0x83, 0xb1, 0xfd, 0x83, 0xb1, 0xfe, 0xa3, 0xb1, 0xfe, 
    0xa3, 0xb1, 0xfe, 0xa3, 0xb1, 0xff, 0xa3, 0xb1, 0xff, 0xa3, 0xb1, 0xff, 0xa3, 0xb1, 0xff, 0xa3, 0xb1, 0xff, 0xa3, 0xb1, 0xff, 0xa3, 0xb1, 0xff, 
    0xa3, 0xb9, 0xff, 0xa3, 0xb9, 0xff, 0xa3, 0xb9, 0xff, 0xa3, 0xb1, 0xff, 0xa3, 0xb9, 0xff, 0xa3, 0xb9, 0xff, 0xa3, 0xb9, 0xff, 0xa4, 0xb9, 0xff, 
    0xa3, 0xb9, 0xff, 0xa3, 0xb9, 0xff, 0xa3, 0xb9, 0xff, 0xa3, 0xb9, 0xff, 0xa3, 0xb9, 0xff, 0xa3, 0xb9, 0xff, 0xa3, 0xb9, 0xff, 0xa3, 0xb9, 0xff, 
    0xa3, 0xb9, 0xff, 0xa3, 0xb9, 0xff, 0xa3, 0xb9, 0xff, 0xa3, 0xb9, 0xff, 0xa3, 0xb9, 0xff, 0xa3, 0xb9, 0xff, 0xa3, 0xb9, 0xff, 0xa3, 0xb9, 0xff, 
    0xa3, 0xb9, 0xfe, 0x67, 0xc2, 0xfc, 0x2a, 0xc3, 0xb9, 0x0a, 0xb3, 0x4e, 0xc9, 0xa2, 0x51, 0xaa, 0xa2, 0x23, 0x00, 0x00, 0x00, 0x00, 0x78, 0x02, 
    0xa0, 0xaa, 0x03, 0x00, 0x00, 0x00, 0xc4, 0x99, 0x7a, 0xc4, 0xc1, 0xff, 0xe5, 0xa9, 0x94, 0x00, 0x00, 0x00, 0xa0, 0xaa, 0x03, 0x00, 0x00, 0x00, 
    0x00, 0x00, 0x00, 0x00, 0x00, 0x00, 0x00, 0x00, 0x00, 0x00, 0xf8, 0x01, 0x26, 0x9b, 0x05, 0xaa, 0xaa, 0x06, 0x68, 0x9a, 0x21, 0x87, 0x92, 0x1c, 
    0x88, 0x92, 0x1f, 0xc9, 0x9a, 0x22, 0x88, 0x92, 0x46, 0xa8, 0x92, 0x3e, 0xc9, 0xaa, 0x38, 0x47, 0xa2, 0xba, 0x67, 0x9a, 0x76, 0xa9, 0x9a, 0x23, 
    0x69, 0x9a, 0x0d, 0x66, 0x9a, 0x0a, 0x27, 0x7a, 0x12, 0x00, 0xf8, 0x01, 0x00, 0x00, 0x00, 0x00, 0x00, 0x00, 0x00, 0x00, 0x00, 0x00, 0x00, 0x00, 
    0x00, 0x00, 0x00, 0x00, 0x00, 0x00, 0x00, 0x00, 0x00, 0x00, 0x00, 0x00, 0x00, 0x00, 0x00, 0x00, 0x00, 0x00, 0x00, 0x00, 0x00, 0x00, 0x00, 0x00, 
    0x00, 0x00, 0x00, 0x00, 0x00, 0x00, 0x00, 0x00, 0x00, 0x00, 0x00, 0x00, 0x00, 0x00, 0x00, 0x00, 0x00, 0x00, 0x00, 0x00, 0x00, 0x00, 0x00, 0x00, 
    0x00, 0x00, 0x00, 0x00, 0x00, 0x00, 0x00, 0x00, 0x00, 0x00, 0x00, 0x00, 0x00, 0x00, 0x00, 0x00, 0x00, 0x00, 0x00, 0x00, 0x00, 0x00, 0x00, 0x00, 
    0x00, 0x00, 0x00, 0x00, 0x00, 0x00, 0x00, 0x00, 0x00, 0x00, 0x00, 0x00, 0x00, 0x00, 0x00, 0x00, 0x00, 0x00, 0x00, 0x00, 0x00, 0x00, 0x00, 0x00, 
    0x00, 0x00, 0x00, 0x00, 0x00, 0x00, 0x00, 0x00, 0x00, 0x00, 0x00, 0x00, 0x00, 0x00, 0x00, 0x00, 0x00, 0x00, 0x00, 0x00, 0x00, 0x00, 0x00, 0x00, 
    0x00, 0x00, 0x00, 0x00, 0x00, 0x00, 0x00, 0x00, 0x00, 0x00, 0x00, 0x00, 0x00, 0x00, 0x00, 0x00, 0x00, 0x00, 0x00, 0x00, 0x00, 0x00, 0x00, 0x00, 
    0x00, 0x00, 0x00, 0x00, 0x00, 0x00, 0x00, 0x00, 0x00, 0x00, 0x00, 0x00, 0x00, 0x00, 0x00, 0x00, 0x00, 0x00, 0x00, 0x00, 0x00, 0x00, 0x00, 0x00, 
    0x00, 0x00, 0x00, 0x00, 0x00, 0x00, 0x00, 0x00, 0x00, 0x00, 0x00, 0x00, 0x00, 0x00, 0x00, 0x00, 0x00, 0x00, 0x00, 0x00, 0x00, 0x00, 0x00, 0x00, 
    0x00, 0x00, 0x00, 0x00, 0x00, 0x00, 0x00, 0x00, 0x00, 0x00, 0x00, 0x00, 0x00, 0x00, 0x00, 0x00, 0x00, 0x00, 0x00, 0x00, 0x00, 0x00, 0x00, 0x00, 
    0x00, 0x00, 0x00, 0x00, 0x00, 0x00, 0x00, 0x00, 0x00, 0x00, 0x00, 0x00, 0x00, 0x00, 0x00, 0x00, 0x00, 0x00, 0x00, 0x00, 0x00, 0x00, 0x00, 0x00, 
    0x00, 0x00, 0x00, 0x00, 0x00, 0x00, 0x00, 0x00, 0x00, 0x00, 0x00, 0x00, 0x00, 0x00, 0x00, 0x00, 0x00, 0x00, 0x00, 0x00, 0x00, 0x00, 0x00, 0x00, 
    0x00, 0x00, 0x00, 0x00, 0x00, 0x00, 0x00, 0x00, 0x00, 0x00, 0x00, 0x00, 0x00, 0x00, 0x00, 0x00, 0x00, 0x00, 0x00, 0x00, 0x00, 0x00, 0x00, 0x00, 
    0x00, 0x00, 0x00, 0x00, 0x00, 0x00, 0x00, 0x00, 0x00, 0x00, 0x00, 0x00, 0x00, 0x00, 0x00, 0x00, 0x00, 0x00, 0x00, 0x00, 0x00, 0x00, 0x00, 0x00, 
    0x00, 0x00, 0x00, 0x00, 0x00, 0x00, 0x00, 0x00, 0x00, 0x00, 0x00, 0x00, 0x00, 0x00, 0x00, 0x00, 0x00, 0x00, 0x00, 0x00, 0x00, 0x00, 0x00, 0x00, 
    0x00, 0x00, 0x00, 0x00, 0x00, 0x00, 0x00, 0x00, 0x00, 0x00, 0x00, 0x00, 0x00, 0x00, 0x00, 0x00, 0x00, 0x00, 0x00, 0x00, 0x00, 0x00, 0x00, 0x00, 
    0x00, 0x00, 0x00, 0x00, 0x00, 0x00, 0x00, 0x00, 0x00, 0x00, 0x00, 0x00, 0x00, 0x00, 0x00, 0x00, 0x00, 0x00, 0x00, 0x00, 0x00, 0x00, 0x00, 0x00, 
    0x00, 0x00, 0x00, 0x00, 0x00, 0x00, 0x00, 0x00, 0x00, 0x00, 0x00, 0x00, 0x00, 0x00, 0x00, 0x00, 0x00, 0x00, 0x00, 0x00, 0x00, 0x00, 0x00, 0x00, 
    0x00, 0x00, 0x00, 0x00, 0x00, 0x00, 0x00, 0x00, 0x00, 0x00, 0x00, 0x00, 0x00, 0x00, 0x00, 0x00, 0x00, 0x00, 0x00, 0x00, 0x00, 0x00, 0x00, 0x00, 
    0x00, 0x00, 0x00, 0x00, 0x00, 0x00, 0x00, 0x00, 0x00, 0x00, 0x00, 0x00, 0x00, 0x00, 0x00, 0x00, 0x00, 0x00, 0x00, 0x00, 0x00, 0x00, 0x00, 0x00, 
    0x00, 0x00, 0x00, 0x00, 0x00, 0x00, 0x00, 0x00, 0x00, 0x00, 0x00, 0x00, 0x00, 0x00, 0x00, 0x00, 0x00, 0x00, 0x00, 0x00, 0x00, 0x00, 0x00, 0x00, 
    0x00, 0x00, 0x00, 0x00, 0x00, 0x00, 0x00, 0x00, 0x00, 0x00, 0x00, 0x00, 0x00, 0x00, 0x00, 0x00, 0x00, 0x00, 0x00, 0x00, 0x00, 0x00, 0x00, 0x00, 
    0x00, 0x00, 0x00, 0x00, 0x00, 0x00, 0x00, 0x00, 0x00, 0x00, 0x00, 0x00, 0x00, 0x00, 0x00, 0x00, 0x00, 0x00, 0x00, 0x00, 0x00, 0x00, 0x00, 0x00, 
    0x00, 0x00, 0x00, 0x00, 0x00, 0x00, 0x00, 0x00, 0x00, 0x00, 0x00, 0x00, 0x00, 0x00, 0x00, 0x00, 0x00, 0x00, 0x00, 0x00, 0x00, 0x00, 0x00, 0x00, 
    0x00, 0x00, 0x00, 0x00, 0x00, 0x00, 0x00, 0x00, 0x00, 0x00, 0x00, 0x00, 0x00, 0x00, 0x00, 0x00, 0x00, 0x00, 0x00, 0x00, 0x00, 0x00, 0x00, 0x00, 
    0x00, 0x00, 0x00, 0x00, 0x00, 0x00, 0x00, 0x00, 0x00, 0x00, 0x00, 0x00, 0x00, 0x00, 0x00, 0x00, 0x00, 0x00, 0x00, 0x00, 0x00, 0x00, 0x00, 0x00, 
    0x00, 0x00, 0x00, 0x00, 0x00, 0x00, 0x00, 0x00, 0x00, 0x00, 0x00, 0x00, 0x00, 0x00, 0x00, 0x00, 0x00, 0x00, 0x00, 0x00, 0x00, 0x00, 0x00, 0x00, 
    0x00, 0x00, 0x00, 0x00, 0x00, 0x00, 0x00, 0x00, 0x00, 0x00, 0x00, 0x00, 0x00, 0x00, 0x00, 0x00, 0x00, 0x00, 0x00, 0x00, 0x00, 0x00, 0x00, 0x00, 
    0x00, 0x00, 0x00, 0x00, 0x00, 0x00, 0x00, 0x00, 0x00, 0x00, 0x00, 0x00, 0x00, 0x00, 0x00, 0x00, 0x00, 0x00, 0x00, 0x00, 0x00, 0x00, 0x00, 0x00, 
    0x00, 0x00, 0x00, 0x00, 0x00, 0x00, 0x00, 0x78, 0x02, 0xa7, 0x7a, 0x0c, 0xe7, 0x9a, 0x08, 0xc9, 0x92, 0x11, 0xa9, 0x9a, 0x1e, 0xc9, 0x9a, 0x1c, 
    0xc8, 0x92, 0x1a, 0xe8, 0x92, 0x24, 0xc8, 0x9a, 0x3f, 0xc8, 0x9a, 0x1a, 0xa8, 0x92, 0x30, 0xc9, 0x9a, 0x1f, 0xe8, 0xa2, 0x0b, 0xc8, 0x9a, 0x17, 
    0x89, 0xa2, 0x1c, 0xc8, 0x9a, 0x17, 0x49, 0x92, 0x0e, 0xaa, 0xaa, 0x09, 0x00, 0xf8, 0x01, 0x00, 0x78, 0x02, 0x26, 0xcb, 0x05, 0x29, 0x9b, 0x0a, 
    0x27, 0x92, 0x16, 0x4b, 0xbb, 0x1a, 0xe5, 0xa9, 0xd5, 0xe4, 0xc1, 0xff, 0x26, 0xb2, 0x72, 0x06, 0xa2, 0x89, 0xe5, 0xa1, 0xf6, 0x06, 0x92, 0x2a, 
    0xe7, 0xb9, 0x04, 0xe7, 0x79, 0x04, 0x00, 0x00, 0x00, 0x00, 0x00, 0x00, 0x00, 0x00, 0x00, 0x00, 0x00, 0x00, 0x00, 0x00, 0x00, 0x00, 0x00, 0x00, 
    0x00, 0x00, 0x00, 0x00, 0x00, 0x00, 0x00, 0x00, 0x00, 0x00, 0x00, 0x00, 0x00, 0x00, 0x00, 0x00, 0x00, 0x00, 0x00, 0x00, 0x00, 0x00, 0x00, 0x00, 
    0x00, 0x00, 0x00, 0x00, 0x00, 0x00, 0x00, 0x00, 0x00, 0x00, 0x00, 0x00, 0xe0, 0xfb, 0x02, 0xe7, 0xb9, 0x04, 0x00, 0xa8, 0x03, 0x00, 0x00, 0x00, 
    0x00, 0x00, 0x00, 0x00, 0x00, 0x00, 0x00, 0x00, 0x00, 0x29, 0xa3, 0x14, 0xa8, 0xaa, 0x39, 0xc8, 0xba, 0x68, 0x67, 0xb2, 0x90, 0x46, 0xba, 0xc6, 
    0xa3, 0xb1, 0xfc, 0xa3, 0xb1, 0xff, 0xc4, 0xb1, 0xff, 0xa4, 0xb9, 0xff, 0x83, 0xb1, 0xff, 0x62, 0xb1, 0xff, 0x42, 0xa9, 0xff, 0x62, 0xa9, 0xff, 
    0x82, 0xb1, 0xfd, 0x62, 0xb1, 0xfc, 0x62, 0xa9, 0xfd, 0x63, 0xa9, 0xfe, 0x62, 0xa9, 0xfe, 0x62, 0xa9, 0xfe, 0x83, 0xb1, 0xff, 0x83, 0xb1, 0xfe, 
    0x83, 0xb1, 0xff, 0x83, 0xb1, 0xfe, 0x83, 0xb1, 0xfe, 0x83, 0xb1, 0xfd, 0x83, 0xb1, 0xfd, 0x83, 0xb1, 0xfc, 0x83, 0xb1, 0xfd, 0x83, 0xb1, 0xfc, 
    0x83, 0xb1, 0xfd, 0x83, 0xb1, 0xfd, 0x83, 0xb1, 0xfd, 0x83, 0xb1, 0xfd, 0x83, 0xb1, 0xfd, 0x83, 0xb1, 0xfd, 0x83, 0xb1, 0xfd, 0x83, 0xb1, 0xfd, 
    0xa3, 0xb9, 0xfd, 0xa3, 0xb1, 0xfd, 0xa3, 0xb1, 0xfd, 0xa3, 0xb1, 0xfd, 0xa3, 0xb9, 0xfd, 0xa3, 0xb9, 0xfd, 0xa3, 0xb1, 0xfe, 0xa3, 0xb9, 0xfd, 
    0xa3, 0xb9, 0xfe, 0xa3, 0xb9, 0xfe, 0xa3, 0xb9, 0xff, 0xa3, 0xb9, 0xff, 0xa3, 0xb9, 0xff, 0xa3, 0xb9, 0xff, 0xa3, 0xb9, 0xff, 0xa3, 0xb9, 0xff, 
    0xa3, 0xb9, 0xff, 0xa3, 0xb9, 0xff, 0xa3, 0xb9, 0xff, 0xa4, 0xb9, 0xff, 0xa3, 0xb1, 0xff, 0x46, 0xba, 0xf9, 0x29, 0xc3, 0xd1, 0x09, 0xb3, 0x76, 
    0xe9, 0xa2, 0x4b, 0xa9, 0x9a, 0x2d, 0x00, 0x00, 0x00, 0x00, 0x00, 0x00, 0xa0, 0xaa, 0x03, 0x00, 0x00, 0x00, 0xe5, 0xa1, 0x66, 0xa3, 0xb9, 0xfe, 
    0xc4, 0xa1, 0x93, 0x00, 0x00, 0x00, 0xa0, 0xaa, 0x03, 0x00, 0x00, 0x00, 0x00, 0x00, 0x00, 0x00, 0x00, 0x00, 0x00, 0x00, 0x00, 0x00, 0x00, 0x00, 
    0x00, 0x00, 0x00, 0xaa, 0x52, 0x03, 0xaa, 0xaa, 0x03, 0xa8, 0x9a, 0x0f, 0x88, 0x8a, 0x16, 0xa8, 0x8a, 0x12, 0xea, 0xa2, 0x13, 0x67, 0x82, 0x24, 
    0x29, 0xb3, 0x0a, 0x26, 0x92, 0x98, 0x47, 0x92, 0x62, 0xaa, 0x92, 0x15, 0x49, 0x92, 0x11, 0x00, 0x00, 0x01, 0x00, 0x00, 0x00, 0x00, 0x00, 0x00, 
    0x00, 0x00, 0x00, 0x00, 0x00, 0x00, 0x00, 0x00, 0x00, 0x00, 0x00, 0x00, 0x00, 0x00, 0x00, 0x00, 0x00, 0x00, 0x00, 0x00, 0x00, 0x00, 0x00, 0x00, 
    0x00, 0x00, 0x00, 0x00, 0x00, 0x00, 0x00, 0x00, 0x00, 0x00, 0x00, 0x00, 0x00, 0x00, 0x00, 0x00, 0x00, 0x00, 0x00, 0x00, 0x00, 0x00, 0x00, 0x00, 
    0x00, 0x00, 0x00, 0x00, 0x00, 0x00, 0x00, 0x00, 0x00, 0x00, 0x00, 0x00, 0x00, 0x00, 0x00, 0x00, 0x00, 0x00, 0x00, 0x00, 0x00, 0x00, 0x00, 0x00, 
    0x00, 0x00, 0x00, 0x00, 0x00, 0x00, 0x00, 0x00, 0x00, 0x00, 0x00, 0x00, 0x00, 0x00, 0x00, 0x00, 0x00, 0x00, 0x00, 0x00, 0x00, 0x00, 0x00, 0x00, 
    0x00, 0x00, 0x00, 0x00, 0x00, 0x00, 0x00, 0x00, 0x00, 0x00, 0x00, 0x00, 0x00, 0x00, 0x00, 0x00, 0x00, 0x00, 0x00, 0x00, 0x00, 0x00, 0x00, 0x00, 
    0x00, 0x00, 0x00, 0x00, 0x00, 0x00, 0x00, 0x00, 0x00, 0x00, 0x00, 0x00, 0x00, 0x00, 0x00, 0x00, 0x00, 0x00, 0x00, 0x00, 0x00, 0x00, 0x00, 0x00, 
    0x00, 0x00, 0x00, 0x00, 0x00, 0x00, 0x00, 0x00, 0x00, 0x00, 0x00, 0x00, 0x00, 0x00, 0x00, 0x00, 0x00, 0x00, 0x00, 0x00, 0x00, 0x00, 0x00, 0x00, 
    0x00, 0x00, 0x00, 0x00, 0x00, 0x00, 0x00, 0x00, 0x00, 0x00, 0x00, 0x00, 0x00, 0x00, 0x00, 0x00, 0x00, 0x00, 0x00, 0x00, 0x00, 0x00, 0x00, 0x00, 
    0x00, 0x00, 0x00, 0x00, 0x00, 0x00, 0x00, 0x00, 0x00, 0x00, 0x00, 0x00, 0x00, 0x00, 0x00, 0x00, 0x00, 0x00, 0x00, 0x00, 0x00, 0x00, 0x00, 0x00, 
    0x00, 0x00, 0x00, 0x00, 0x00, 0x00, 0x00, 0x00, 0x00, 0x00, 0x00, 0x00, 0x00, 0x00, 0x00, 0x00, 0x00, 0x00, 0x00, 0x00, 0x00, 0x00, 0x00, 0x00, 
    0x00, 0x00, 0x00, 0x00, 0x00, 0x00, 0x00, 0x00, 0x00, 0x00, 0x00, 0x00, 0x00, 0x00, 0x00, 0x00, 0x00, 0x00, 0x00, 0x00, 0x00, 0x00, 0x00, 0x00, 
    0x00, 0x00, 0x00, 0x00, 0x00, 0x00, 0x00, 0x00, 0x00, 0x00, 0x00, 0x00, 0x00, 0x00, 0x00, 0x00, 0x00, 0x00, 0x00, 0x00, 0x00, 0x00, 0x00, 0x00, 
    0x00, 0x00, 0x00, 0x00, 0x00, 0x00, 0x00, 0x00, 0x00, 0x00, 0x00, 0x00, 0x00, 0x00, 0x00, 0x00, 0x00, 0x00, 0x00, 0x00, 0x00, 0x00, 0x00, 0x00, 
    0x00, 0x00, 0x00, 0x00, 0x00, 0x00, 0x00, 0x00, 0x00, 0x00, 0x00, 0x00, 0x00, 0x00, 0x00, 0x00, 0x00, 0x00, 0x00, 0x00, 0x00, 0x00, 0x00, 0x00, 
    0x00, 0x00, 0x00, 0x00, 0x00, 0x00, 0x00, 0x00, 0x00, 0x00, 0x00, 0x00, 0x00, 0x00, 0x00, 0x00, 0x00, 0x00, 0x00, 0x00, 0x00, 0x00, 0x00, 0x00, 
    0x00, 0x00, 0x00, 0x00, 0x00, 0x00, 0x00, 0x00, 0x00, 0x00, 0x00, 0x00, 0x00, 0x00, 0x00, 0x00, 0x00, 0x00, 0x00, 0x00, 0x00, 0x00, 0x00, 0x00, 
    0x00, 0x00, 0x00, 0x00, 0x00, 0x00, 0x00, 0x00, 0x00, 0x00, 0x00, 0x00, 0x00, 0x00, 0x00, 0x00, 0x00, 0x00, 0x00, 0x00, 0x00, 0x00, 0x00, 0x00, 
    0x00, 0x00, 0x00, 0x00, 0x00, 0x00, 0x00, 0x00, 0x00, 0x00, 0x00, 0x00, 0x00, 0x00, 0x00, 0x00, 0x00, 0x00, 0x00, 0x00, 0x00, 0x00, 0x00, 0x00, 
    0x00, 0x00, 0x00, 0x00, 0x00, 0x00, 0x00, 0x00, 0x00, 0x00, 0x00, 0x00, 0x00, 0x00, 0x00, 0x00, 0x00, 0x00, 0x00, 0x00, 0x00, 0x00, 0x00, 0x00, 
    0x00, 0x00, 0x00, 0x00, 0x00, 0x00, 0x00, 0x00, 0x00, 0x00, 0x00, 0x00, 0x00, 0x00, 0x00, 0x00, 0x00, 0x00, 0x00, 0x00, 0x00, 0x00, 0x00, 0x00, 
    0x00, 0x00, 0x00, 0x00, 0x00, 0x00, 0x00, 0x00, 0x00, 0x00, 0x00, 0x00, 0x00, 0x00, 0x00, 0x00, 0x00, 0x00, 0x00, 0x00, 0x00, 0x00, 0x00, 0x00, 
    0x00, 0x00, 0x00, 0x00, 0x00, 0x00, 0x00, 0x00, 0x00, 0x00, 0x00, 0x00, 0x00, 0x00, 0x00, 0x00, 0x00, 0x00, 0x00, 0x00, 0x00, 0x00, 0x00, 0x00, 
    0x00, 0x00, 0x00, 0x00, 0x00, 0x00, 0x00, 0x00, 0x00, 0x00, 0x00, 0x00, 0x00, 0x00, 0x00, 0x00, 0x00, 0x00, 0x00, 0x00, 0x00, 0x00, 0x00, 0x00, 
    0x00, 0x00, 0x00, 0x00, 0x00, 0x00, 0x00, 0x00, 0x00, 0x00, 0x00, 0x00, 0x00, 0x00, 0x00, 0x00, 0x00, 0x00, 0x00, 0x00, 0x00, 0x00, 0x00, 0x00, 
    0x00, 0x00, 0x00, 0x00, 0x00, 0x00, 0x00, 0x00, 0x00, 0x00, 0x00, 0x00, 0x00, 0x00, 0x00, 0x00, 0x00, 0x00, 0x00, 0x00, 0x00, 0x00, 0x00, 0x00, 
    0x00, 0x00, 0x00, 0x00, 0x00, 0x00, 0x00, 0x00, 0x00, 0x00, 0x00, 0x00, 0x00, 0x00, 0x00, 0x00, 0x00, 0x00, 0x00, 0x00, 0x00, 0x00, 0x00, 0x00, 
    0x00, 0x00, 0x00, 0x00, 0x00, 0x00, 0x00, 0x00, 0x00, 0x00, 0x00, 0x00, 0x00, 0x00, 0x01, 0x00, 0x00, 0x00, 0x00, 0x00, 0x00, 0x00, 0x00, 0x00, 
    0x00, 0x00, 0x00, 0x00, 0x00, 0x00, 0x00, 0x00, 0x00, 0x00, 0x00, 0x00, 0x00, 0x00, 0x00, 0x00, 0x00, 0x00, 0x00, 0x00, 0x00, 0x00, 0x00, 0x00, 
    0x00, 0x00, 0x00, 0x00, 0x00, 0x00, 0x00, 0x00, 0x00, 0x00, 0x00, 0x00, 0x00, 0x00, 0x00, 0x00, 0x00, 0x00, 0x00, 0x00, 0x00, 0x00, 0x00, 0x00, 
    0x00, 0x00, 0x00, 0xa8, 0x8a, 0x0f, 0xaa, 0x7a, 0x06, 0xc7, 0x8a, 0x14, 0x67, 0x8a, 0x20, 0x88, 0x8a, 0x33, 0xe8, 0xa2, 0x0b, 0xa9, 0x92, 0x15, 
    0xa8, 0x8a, 0x27, 0xa9, 0x92, 0x15, 0xaa, 0x8a, 0x09, 0xa7, 0x92, 0x0c, 0x69, 0x9a, 0x0a, 0xa5, 0x7a, 0x06, 0x00, 0x00, 0x00, 0x00, 0x00, 0x00, 
    0x00, 0x00, 0x00, 0x00, 0x00, 0x00, 0x00, 0xf8, 0x01, 0x00, 0xf8, 0x01, 0xa9, 0x9a, 0x15, 0x8c, 0xc3, 0x12, 0xe5, 0xa9, 0xd0, 0xe4, 0xc1, 0xff, 
    0x25, 0xaa, 0x7e, 0xcd, 0xa2, 0x0e, 0x47, 0x8a, 0x2d, 0xef, 0xfb, 0x02, 0xe5, 0xa2, 0x0b, 0xe7, 0xb9, 0x04, 0x00, 0x00, 0x00, 0x00, 0x00, 0x00, 
    0x00, 0x00, 0x00, 0x00, 0x00, 0x00, 0x00, 0x00, 0x00, 0x00, 0x00, 0x00, 0x00, 0x00, 0x00, 0x00, 0x00, 0x00, 0x00, 0x00, 0x00, 0x00, 0x00, 0x00, 
    0x00, 0x00, 0x00, 0x00, 0x00, 0x00, 0x00, 0x00, 0x00, 0x00, 0x00, 0x00, 0x00, 0xf8, 0x01, 0xe0, 0x7b, 0x02, 0x00, 0x78, 0x02, 0x00, 0x00, 0x01, 
    0x00, 0x00, 0x00, 0x00, 0x00, 0x00, 0x00, 0x00, 0x00, 0x69, 0xa3, 0x0e, 0x67, 0xaa, 0x3a, 0x67, 0xb2, 0x62, 0x26, 0xb2, 0x9d, 0x26, 0xb2, 0xcf, 
    0x05, 0xb2, 0xed, 0xe5, 0xb1, 0xff, 0xc4, 0xb9, 0xff, 0xa3, 0xb9, 0xff, 0xa3, 0xb9, 0xff, 0xa3, 0xb9, 0xff, 0xa3, 0xb9, 0xfe, 0xa3, 0xb9, 0xfd, 
    0xa3, 0xb9, 0xfd, 0xa3, 0xb9, 0xfe, 0xa3, 0xb9, 0xfe, 0xa3, 0xb9, 0xfe, 0xa3, 0xb9, 0xfe, 0xc4, 0xb9, 0xfe, 0xc4, 0xb9, 0xfe, 0xa4, 0xb9, 0xfd, 
    0xa3, 0xb9, 0xfd, 0x83, 0xb1, 0xfd, 0x83, 0xb1, 0xfd, 0x83, 0xb1, 0xff, 0x83, 0xb1, 0xff, 0x62, 0xb1, 0xff, 0x62, 0xb1, 0xff, 0x83, 0xb1, 0xff, 
    0x83, 0xb1, 0xff, 0x83, 0xb9, 0xff, 0xa3, 0xb9, 0xff, 0xa3, 0xb9, 0xff, 0xa3, 0xb9, 0xff, 0xa3, 0xb1, 0xff, 0xc3, 0xb1, 0xff, 0xc3, 0xb9, 0xff, 
    0xa3, 0xb9, 0xff, 0xa3, 0xb9, 0xff, 0xa3, 0xb9, 0xff, 0xa3, 0xb9, 0xff, 0xa3, 0xb9, 0xff, 0xa3, 0xb9, 0xff, 0xa3, 0xb9, 0xff, 0xc3, 0xb9, 0xff, 
    0xa3, 0xb9, 0xff, 0xa3, 0xb9, 0xff, 0xa3, 0xb9, 0xff, 0xa3, 0xb9, 0xff, 0xa3, 0xb9, 0xff, 0x83, 0xb9, 0xff, 0xa3, 0xb9, 0xfe, 0x83, 0xb9, 0xfd, 
    0xa3, 0xb1, 0xfe, 0xa3, 0xb9, 0xfe, 0xa3, 0xb9, 0xfe, 0xa3, 0xb9, 0xff, 0xa3, 0xb9, 0xff, 0xa3, 0xb9, 0xff, 0xa4, 0xb9, 0xff, 0xa3, 0xb9, 0xff, 
    0xa3, 0xb9, 0xff, 0x26, 0xba, 0xfe, 0x2a, 0xc3, 0xc1, 0x09, 0xb3, 0x6f, 0xe9, 0xa2, 0x5d, 0xe9, 0xa2, 0x1b, 0x69, 0x93, 0x07, 0x67, 0x8a, 0x1d, 
    0xa0, 0xaa, 0x03, 0x00, 0x00, 0x00, 0xc5, 0x99, 0x6b, 0xa3, 0xc1, 0xff, 0xc4, 0xa1, 0x9b, 0x00, 0x00, 0x00, 0x00, 0xa8, 0x03, 0x00, 0x00, 0x00, 
    0x00, 0x00, 0x00, 0x00, 0x00, 0x00, 0x00, 0x00, 0x00, 0x00, 0x00, 0x00, 0x00, 0x00, 0x00, 0x00, 0x00, 0x00, 0x00, 0x00, 0x00, 0xe7, 0x79, 0x04, 
    0xaa, 0xaa, 0x03, 0x27, 0x82, 0x24, 0xe6, 0x71, 0x63, 0x25, 0x8a, 0x0b, 0x47, 0x92, 0x2d, 0x06, 0x8a, 0xac, 0x26, 0x82, 0x59, 0x00, 0x00, 0x00, 
    0xe7, 0x9a, 0x08, 0x00, 0x00, 0x00, 0x00, 0x00, 0x01, 0x00, 0x00, 0x00, 0x00, 0x00, 0x00, 0x00, 0x00, 0x00, 0x00, 0x00, 0x00, 0x00, 0x00, 0x00, 
    0x00, 0x00, 0x00, 0x00, 0x00, 0x00, 0x00, 0x00, 0x00, 0x00, 0x00, 0x00, 0x00, 0x00, 0x00, 0x00, 0x00, 0x00, 0x00, 0x00, 0x00, 0x00, 0x00, 0x00, 
    0x00, 0x00, 0x00, 0x00, 0x00, 0x00, 0x00, 0x00, 0x00, 0x00, 0x00, 0x00, 0x00, 0x00, 0x00, 0x00, 0x00, 0x00, 0x00, 0x00, 0x00, 0x00, 0x00, 0x00, 
    0x00, 0x00, 0x00, 0x00, 0x00, 0x00, 0x00, 0x00, 0x00, 0x00, 0x00, 0x00, 0x00, 0x00, 0x00, 0x00, 0x00, 0x00, 0x00, 0x00, 0x00, 0x00, 0x00, 0x00, 
    0x00, 0x00, 0x00, 0x00, 0x00, 0x00, 0x00, 0x00, 0x00, 0x00, 0x00, 0x00, 0x00, 0x00, 0x00, 0x00, 0x00, 0x00, 0x00, 0x00, 0x00, 0x00, 0x00, 0x00, 
    0x00, 0x00, 0x00, 0x00, 0x00, 0x00, 0x00, 0x00, 0x00, 0x00, 0x00, 0x00, 0x00, 0x00, 0x00, 0x00, 0x00, 0x00, 0x00, 0x00, 0x00, 0x00, 0x00, 0x00, 
    0x00, 0x00, 0x00, 0x00, 0x00, 0x00, 0x00, 0x00, 0x00, 0x00, 0x00, 0x00, 0x00, 0x00, 0x00, 0x00, 0x00, 0x00, 0x00, 0x00, 0x00, 0x00, 0x00, 0x00, 
    0x00, 0x00, 0x00, 0x00, 0x00, 0x00, 0x00, 0x00, 0x00, 0x00, 0x00, 0x00, 0x00, 0x00, 0x00, 0x00, 0x00, 0x00, 0x00, 0x00, 0x00, 0x00, 0x00, 0x00, 
    0x00, 0x00, 0x00, 0x00, 0x00, 0x00, 0x00, 0x00, 0x00, 0x00, 0x00, 0x00, 0x00, 0x00, 0x00, 0x00, 0x00, 0x00, 0x00, 0x00, 0x00, 0x00, 0x00, 0x00, 
    0x00, 0x00, 0x00, 0x00, 0x00, 0x00, 0x00, 0x00, 0x00, 0x00, 0x00, 0x00, 0x00, 0x00, 0x00, 0x00, 0x00, 0x00, 0x00, 0x00, 0x00, 0x00, 0x00, 0x00, 
    0x00, 0x00, 0x00, 0x00, 0x00, 0x00, 0x00, 0x00, 0x00, 0x00, 0x00, 0x00, 0x00, 0x00, 0x00, 0x00, 0x00, 0x00, 0x00, 0x00, 0x00, 0x00, 0x00, 0x00, 
    0x00, 0x00, 0x00, 0x00, 0x00, 0x00, 0x00, 0x00, 0x00, 0x00, 0x00, 0x00, 0x00, 0x00, 0x00, 0x00, 0x00, 0x00, 0x00, 0x00, 0x00, 0x00, 0x00, 0x00, 
    0x00, 0x00, 0x00, 0x00, 0x00, 0x00, 0x00, 0x00, 0x00, 0x00, 0x00, 0x00, 0x00, 0x00, 0x00, 0x00, 0x00, 0x00, 0x00, 0x00, 0x00, 0x00, 0x00, 0x00, 
    0x00, 0x00, 0x00, 0x00, 0x00, 0x00, 0x00, 0x00, 0x00, 0x00, 0x00, 0x00, 0x00, 0x00, 0x00, 0x00, 0x00, 0x00, 0x00, 0x00, 0x00, 0x00, 0x00, 0x00, 
    0x00, 0x00, 0x00, 0x00, 0x00, 0x00, 0x00, 0x00, 0x00, 0x00, 0x00, 0x00, 0x00, 0x00, 0x00, 0x00, 0x00, 0x00, 0x00, 0x00, 0x00, 0x00, 0x00, 0x00, 
    0x00, 0x00, 0x00, 0x00, 0x00, 0x00, 0x00, 0x00, 0x00, 0x00, 0x00, 0x00, 0x00, 0x00, 0x00, 0x00, 0x00, 0x00, 0x00, 0x00, 0x00, 0x00, 0x00, 0x00, 
    0x00, 0x00, 0x00, 0x00, 0x00, 0x00, 0x00, 0x00, 0x00, 0x00, 0x00, 0x00, 0x00, 0x00, 0x00, 0x00, 0x00, 0x00, 0x00, 0x00, 0x00, 0x00, 0x00, 0x00, 
    0x00, 0x00, 0x00, 0x00, 0x00, 0x00, 0x00, 0x00, 0x00, 0x00, 0x00, 0x00, 0x00, 0x00, 0x00, 0x00, 0x00, 0x00, 0x00, 0x00, 0x00, 0x00, 0x00, 0x00, 
    0x00, 0x00, 0x00, 0x00, 0x00, 0x00, 0x00, 0x00, 0x00, 0x00, 0x00, 0x00, 0x00, 0x00, 0x00, 0x00, 0x00, 0x00, 0x00, 0x00, 0x00, 0x00, 0x00, 0x00, 
    0x00, 0x00, 0x00, 0x00, 0x00, 0x00, 0x00, 0x00, 0x00, 0x00, 0x00, 0x00, 0x00, 0x00, 0x00, 0x00, 0x00, 0x00, 0x00, 0x00, 0x00, 0x00, 0x00, 0x00, 
    0x00, 0x00, 0x00, 0x00, 0x00, 0x00, 0x00, 0x00, 0x00, 0x00, 0x00, 0x00, 0x00, 0x00, 0x00, 0x00, 0x00, 0x00, 0x00, 0x00, 0x00, 0x00, 0x00, 0x00, 
    0x00, 0x00, 0x00, 0x00, 0x00, 0x00, 0x00, 0x00, 0x00, 0x00, 0x00, 0x00, 0x00, 0x00, 0x00, 0x00, 0x00, 0x00, 0x00, 0x00, 0x00, 0x00, 0x00, 0x00, 
    0x00, 0x00, 0x00, 0x00, 0x00, 0x00, 0x00, 0x00, 0x00, 0x00, 0x00, 0x00, 0x00, 0x00, 0x00, 0x00, 0x00, 0x00, 0x00, 0x00, 0x00, 0x00, 0x00, 0x00, 
    0x00, 0x00, 0x00, 0x00, 0x00, 0x00, 0x00, 0x00, 0x00, 0x00, 0x00, 0x00, 0x00, 0x00, 0x00, 0x00, 0x00, 0x00, 0x00, 0x00, 0x00, 0x00, 0x00, 0x00, 
    0x00, 0x00, 0x00, 0x00, 0x00, 0x00, 0x00, 0x00, 0x00, 0x00, 0x00, 0x00, 0x00, 0x00, 0x00, 0x00, 0x00, 0x00, 0x00, 0x00, 0x00, 0x00, 0x00, 0x00, 
    0x00, 0x00, 0x00, 0x00, 0x00, 0x00, 0x00, 0x00, 0x00, 0x00, 0x00, 0x00, 0x00, 0x00, 0x00, 0x00, 0x00, 0x00, 0x00, 0x00, 0x00, 0x00, 0x00, 0x00, 
    0x00, 0x00, 0x00, 0x00, 0x00, 0x00, 0x00, 0x00, 0x00, 0x00, 0x00, 0x00, 0x00, 0x00, 0x00, 0x00, 0x00, 0x00, 0x00, 0x00, 0x00, 0x00, 0x00, 0x00, 
    0x00, 0x00, 0x00, 0x00, 0x00, 0x00, 0x00, 0x00, 0x00, 0x00, 0x00, 0x00, 0x00, 0x00, 0x00, 0x00, 0x00, 0x00, 0x00, 0x00, 0x00, 0x00, 0x00, 0x00, 
    0x00, 0x00, 0x00, 0x00, 0x00, 0x00, 0x00, 0x00, 0x00, 0x00, 0x00, 0x00, 0x00, 0x00, 0x00, 0x00, 0x00, 0x00, 0x00, 0x00, 0x00, 0x00, 0x00, 0x00, 
    0x00, 0x00, 0x00, 0x00, 0x00, 0x00, 0x00, 0x00, 0x00, 0x00, 0x00, 0x00, 0x26, 0x9b, 0x05, 0xa5, 0x7a, 0x06, 0x69, 0x7a, 0x0a, 0xef, 0x7b, 0x02, 
    0x48, 0x82, 0x1f, 0x68, 0x82, 0x17, 0x00, 0x00, 0x00, 0x69, 0x93, 0x07, 0x00, 0x00, 0x00, 0x67, 0x8a, 0x0d, 0x87, 0x8a, 0x19, 0x67, 0x8a, 0x1a, 
    0xaa, 0x8a, 0x09, 0x00, 0x00, 0x00, 0x00, 0x00, 0x00, 0x00, 0x00, 0x00, 0x00, 0x00, 0x00, 0x00, 0x00, 0x00, 0x00, 0x00, 0x00, 0x00, 0x00, 0x00, 
    0x00, 0x00, 0x00, 0x4d, 0xd3, 0x0c, 0xe5, 0xa1, 0xc7, 0xe4, 0xc1, 0xff, 0x05, 0xaa, 0x8c, 0x00, 0x00, 0x00, 0x00, 0x00, 0x00, 0x00, 0x00, 0x00, 
    0x00, 0x00, 0x00, 0x00, 0x00, 0x00, 0x00, 0x00, 0x00, 0x00, 0x00, 0x00, 0x00, 0x00, 0x00, 0x00, 0x00, 0x00, 0x00, 0x00, 0x00, 0x00, 0x00, 0x00, 
    0x00, 0x00, 0x00, 0x00, 0x00, 0x00, 0x00, 0x00, 0x00, 0x00, 0x00, 0x00, 0x00, 0xf8, 0x01, 0x00, 0xf8, 0x01, 0xe0, 0xfb, 0x02, 0x00, 0x78, 0x02, 
    0x00, 0x00, 0x00, 0x00, 0x00, 0x00, 0x00, 0x00, 0x00, 0xff, 0xff, 0x01, 0xa7, 0xb2, 0x21, 0x46, 0xaa, 0x57, 0xe5, 0xa9, 0x98, 0xe4, 0xa9, 0xca, 
    0xc4, 0xa9, 0xf6, 0xe4, 0xb1, 0xff, 0xe4, 0xc1, 0xff, 0xc4, 0xc1, 0xff, 0xc3, 0xb9, 0xff, 0xa3, 0xb9, 0xfe, 0xa3, 0xb9, 0xfd, 0xa3, 0xb9, 0xfd, 
    0xa3, 0xb9, 0xff, 0xa3, 0xb9, 0xff, 0xa3, 0xb9, 0xfe, 0xa3, 0xb9, 0xfe, 0xa3, 0xb9, 0xfd, 0xa3, 0xb9, 0xfd, 0xa3, 0xb9, 0xfd, 0xa3, 0xb9, 0xfd, 
    0xa3, 0xb9, 0xff, 0xc3, 0xb9, 0xff, 0xc4, 0xb9, 0xff, 0xe4, 0xb9, 0xff, 0xe4, 0xc1, 0xff, 0xc4, 0xb9, 0xff, 0xe4, 0xb9, 0xff, 0x05, 0xba, 0xff, 
    0x05, 0xb2, 0xff, 0x05, 0xb2, 0xfd, 0x25, 0xb2, 0xfb, 0x26, 0xb2, 0xdd, 0x67, 0xb2, 0xd1, 0x46, 0xb2, 0xb3, 0x46, 0xb2, 0xa9, 0x46, 0xb2, 0xaa, 
    0x87, 0xba, 0xae, 0x87, 0xba, 0xae, 0xa7, 0xba, 0x9d, 0xc8, 0xc2, 0xa0, 0x87, 0xb2, 0xa8, 0x87, 0xba, 0xa8, 0x67, 0xb2, 0xc0, 0xa8, 0xba, 0xc7, 
    0x87, 0xba, 0xc2, 0xa8, 0xba, 0xbb, 0x87, 0xba, 0xbc, 0x87, 0xb2, 0xc5, 0x66, 0xb2, 0xc1, 0x46, 0xb2, 0xd1, 0x66, 0xba, 0xdb, 0x25, 0xb2, 0xda, 
    0x66, 0xba, 0xe1, 0x46, 0xba, 0xf1, 0x05, 0xba, 0xff, 0x05, 0xba, 0xff, 0xe4, 0xb9, 0xff, 0xc3, 0xb9, 0xff, 0xa3, 0xb9, 0xff, 0xa3, 0xb9, 0xfe, 
    0xa3, 0xb9, 0xfe, 0xa3, 0xb9, 0xff, 0xa3, 0xb9, 0xfe, 0xc4, 0xb9, 0xfe, 0x05, 0xba, 0xff, 0xc8, 0xc2, 0xd5, 0x4a, 0xbb, 0x91, 0xe9, 0xa2, 0x6d, 
    0xe9, 0xa2, 0x37, 0xa9, 0x92, 0x3f, 0xc7, 0x82, 0x11, 0x87, 0x8a, 0x16, 0x00, 0xa8, 0x03, 0x00, 0x00, 0x00, 0xe5, 0x91, 0x54, 0xe5, 0xa1, 0xe9, 
    0xe5, 0x99, 0x5d, 0x00, 0x00, 0x00, 0xe0, 0xfb, 0x02, 0x00, 0x00, 0x00, 0x00, 0x00, 0x00, 0x00, 0x00, 0x00, 0x00, 0x00, 0x00, 0x00, 0x00, 0x00, 
    0x00, 0x00, 0x00, 0x00, 0x00, 0x00, 0x00, 0x00, 0x00, 0x00, 0x00, 0x00, 0x00, 0x00, 0x00, 0xe5, 0x79, 0x10, 0x26, 0x7a, 0x38, 0x26, 0x63, 0x05, 
    0x87, 0x92, 0x23, 0xe5, 0x81, 0x4d, 0x06, 0x82, 0x44, 0x46, 0x82, 0x2f, 0xe0, 0x7b, 0x02, 0x00, 0x50, 0x03, 0x00, 0x00, 0x00, 0x00, 0x00, 0x00, 
    0x00, 0x00, 0x00, 0x00, 0x00, 0x00, 0x00, 0x00, 0x00, 0x00, 0x00, 0x00, 0x00, 0x00, 0x00, 0x00, 0x00, 0x00, 0x00, 0x00, 0x00, 0x00, 0x00, 0x00, 
    0x00, 0x00, 0x00, 0x00, 0x00, 0x00, 0x00, 0x00, 0x00, 0x00, 0x00, 0x00, 0x00, 0x00, 0x00, 0x00, 0x00, 0x00, 0x00, 0x00, 0x00, 0x00, 0x00, 0x00, 
    0x00, 0x00, 0x00, 0x00, 0x00, 0x00, 0x00, 0x00, 0x00, 0x00, 0x00, 0x00, 0x00, 0x00, 0x00, 0x00, 0x00, 0x00, 0x00, 0x00, 0x00, 0x00, 0x00, 0x00, 
    0x00, 0x00, 0x00, 0x00, 0x00, 0x00, 0x00, 0x00, 0x00, 0x00, 0x00, 0x00, 0x00, 0x00, 0x00, 0x00, 0x00, 0x00, 0x00, 0x00, 0x00, 0x00, 0x00, 0x00, 
    0x00, 0x00, 0x00, 0x00, 0x00, 0x00, 0x00, 0x00, 0x00, 0x00, 0x00, 0x00, 0x00, 0x00, 0x00, 0x00, 0x00, 0x00, 0x00, 0x00, 0x00, 0x00, 0x00, 0x00, 
    0x00, 0x00, 0x00, 0x00, 0x00, 0x00, 0x00, 0x00, 0x00, 0x00, 0x00, 0x00, 0x00, 0x00, 0x00, 0x00, 0x00, 0x00, 0x00, 0x00, 0x00, 0x00, 0x00, 0x00, 
    0x00, 0x00, 0x00, 0x00, 0x00, 0x00, 0x00, 0x00, 0x00, 0x00, 0x00, 0x00, 0x00, 0x00, 0x00, 0x00, 0x00, 0x00, 0x00, 0x00, 0x00, 0x00, 0x00, 0x00, 
    0x00, 0x00, 0x00, 0x00, 0x00, 0x00, 0x00, 0x00, 0x00, 0x00, 0x00, 0x00, 0x00, 0x00, 0x00, 0x00, 0x00, 0x00, 0x00, 0x00, 0x00, 0x00, 0x00, 0x00, 
    0x00, 0x00, 0x00, 0x00, 0x00, 0x00, 0x00, 0x00, 0x00, 0x00, 0x00, 0x00, 0x00, 0x00, 0x00, 0x00, 0x00, 0x00, 0x00, 0x00, 0x00, 0x00, 0x00, 0x00, 
    0x00, 0x00, 0x00, 0x00, 0x00, 0x00, 0x00, 0x00, 0x00, 0x00, 0x00, 0x00, 0x00, 0x00, 0x00, 0x00, 0x00, 0x00, 0x00, 0x00, 0x00, 0x00, 0x00, 0x00, 
    0x00, 0x00, 0x00, 0x00, 0x00, 0x00, 0x00, 0x00, 0x00, 0x00, 0x00, 0x00, 0x00, 0x00, 0x00, 0x00, 0x00, 0x00, 0x00, 0x00, 0x00, 0x00, 0x00, 0x00, 
    0x00, 0x00, 0x00, 0x00, 0x00, 0x00, 0x00, 0x00, 0x00, 0x00, 0x00, 0x00, 0x00, 0x00, 0x00, 0x00, 0x00, 0x00, 0x00, 0x00, 0x00, 0x00, 0x00, 0x00, 
    0x00, 0x00, 0x00, 0x00, 0x00, 0x00, 0x00, 0x00, 0x00, 0x00, 0x00, 0x00, 0x00, 0x00, 0x00, 0x00, 0x00, 0x00, 0x00, 0x00, 0x00, 0x00, 0x00, 0x00, 
    0x00, 0x00, 0x00, 0x00, 0x00, 0x00, 0x00, 0x00, 0x00, 0x00, 0x00, 0x00, 0x00, 0x00, 0x00, 0x00, 0x00, 0x00, 0x00, 0x00, 0x00, 0x00, 0x00, 0x00, 
    0x00, 0x00, 0x00, 0x00, 0x00, 0x00, 0x00, 0x00, 0x00, 0x00, 0x00, 0x00, 0x00, 0x00, 0x00, 0x00, 0x00, 0x00, 0x00, 0x00, 0x00, 0x00, 0x00, 0x00, 
    0x00, 0x00, 0x00, 0x00, 0x00, 0x00, 0x00, 0x00, 0x00, 0x00, 0x00, 0x00, 0x00, 0x00, 0x00, 0x00, 0x00, 0x00, 0x00, 0x00, 0x00, 0x00, 0x00, 0x00, 
    0x00, 0x00, 0x00, 0x00, 0x00, 0x00, 0x00, 0x00, 0x00, 0x00, 0x00, 0x00, 0x00, 0x00, 0x00, 0x00, 0x00, 0x00, 0x00, 0x00, 0x00, 0x00, 0x00, 0x00, 
    0x00, 0x00, 0x00, 0x00, 0x00, 0x00, 0x00, 0x00, 0x00, 0x00, 0x00, 0x00, 0x00, 0x00, 0x00, 0x00, 0x00, 0x00, 0x00, 0x00, 0x00, 0x00, 0x00, 0x00, 
    0x00, 0x00, 0x00, 0x00, 0x00, 0x00, 0x00, 0x00, 0x00, 0x00, 0x00, 0x00, 0x00, 0x00, 0x00, 0x00, 0x00, 0x00, 0x00, 0x00, 0x00, 0x00, 0x00, 0x00, 
    0x00, 0x00, 0x00, 0x00, 0x00, 0x00, 0x00, 0x00, 0x00, 0x00, 0x00, 0x00, 0x00, 0x00, 0x00, 0x00, 0x00, 0x00, 0x00, 0x00, 0x00, 0x00, 0x00, 0x00, 
    0x00, 0x00, 0x00, 0x00, 0x00, 0x00, 0x00, 0x00, 0x00, 0x00, 0x00, 0x00, 0x00, 0x00, 0x00, 0x00, 0x00, 0x00, 0x00, 0x00, 0x00, 0x00, 0x00, 0x00, 
    0x00, 0x00, 0x00, 0x00, 0x00, 0x00, 0x00, 0x00, 0x00, 0x00, 0x00, 0x00, 0x00, 0x00, 0x00, 0x00, 0x00, 0x00, 0x00, 0x00, 0x00, 0x00, 0x00, 0x00, 
    0x00, 0x00, 0x00, 0x00, 0x00, 0x00, 0x00, 0x00, 0x00, 0x00, 0x00, 0x00, 0x00, 0x00, 0x00, 0x00, 0x00, 0x00, 0x00, 0x00, 0x00, 0x00, 0x00, 0x00, 
    0x00, 0x00, 0x00, 0x00, 0x00, 0x00, 0x00, 0x00, 0x00, 0x00, 0x00, 0x00, 0x00, 0x00, 0x00, 0x00, 0x00, 0x00, 0x00, 0x00, 0x00, 0x00, 0x00, 0x00, 
    0x00, 0x00, 0x00, 0x00, 0x00, 0x00, 0x00, 0x00, 0x00, 0x00, 0x00, 0x00, 0x00, 0x00, 0x00, 0x00, 0x00, 0x00, 0x00, 0x00, 0x00, 0x00, 0x00, 0x00, 
    0x00, 0x00, 0x00, 0x00, 0x00, 0x00, 0x00, 0x00, 0x00, 0x00, 0x00, 0x00, 0x00, 0x00, 0x00, 0x00, 0x00, 0x00, 0x00, 0x00, 0x00, 0x00, 0x00, 0x00, 
    0x00, 0x00, 0x00, 0x00, 0x00, 0x00, 0x00, 0x00, 0x00, 0x00, 0x00, 0x00, 0x00, 0x00, 0x00, 0x00, 0x00, 0x00, 0x00, 0x00, 0x00, 0x00, 0x00, 0x00, 
    0x00, 0x00, 0x00, 0x00, 0x00, 0x00, 0x00, 0x00, 0x00, 0x00, 0x00, 0x00, 0x00, 0x00, 0x00, 0x00, 0x00, 0x00, 0x00, 0x00, 0x00, 0x00, 0x00, 0x00, 
    0x00, 0x00, 0x00, 0x00, 0x00, 0x00, 0x00, 0x00, 0x00, 0x00, 0x00, 0x00, 0x00, 0x00, 0x00, 0x00, 0x00, 0x00, 0x00, 0x00, 0x00, 0x00, 0x00, 0x00, 
    0xe7, 0x79, 0x04, 0x00, 0x78, 0x02, 0x26, 0x72, 0x1d, 0xc7, 0x89, 0x09, 0x27, 0x72, 0x1a, 0x26, 0x7a, 0x20, 0x27, 0x7a, 0x12, 0xaa, 0xaa, 0x03, 
    0xef, 0x7b, 0x02, 0x00, 0xf8, 0x01, 0xe0, 0xfb, 0x02, 0x00, 0xf8, 0x01, 0x00, 0x00, 0x00, 0x00, 0x00, 0x00, 0x00, 0x00, 0x00, 0x00, 0x00, 0x00, 
    0x00, 0x00, 0x00, 0x00, 0x00, 0x00, 0x00, 0x00, 0x00, 0x00, 0x00, 0x01, 0x00, 0x00, 0x01, 0xff, 0xff, 0x02, 0xe5, 0xa1, 0xbb, 0x05, 0xca, 0xff, 
    0xe5, 0xa1, 0x9e, 0x00, 0xf8, 0x01, 0xe0, 0xb9, 0x04, 0x00, 0x00, 0x00, 0x00, 0x00, 0x00, 0x00, 0x00, 0x00, 0x00, 0x00, 0x00, 0x00, 0x00, 0x00, 
    0x00, 0x00, 0x00, 0x00, 0x00, 0x00, 0x00, 0x00, 0x00, 0x00, 0x00, 0x00, 0x00, 0x00, 0x00, 0x00, 0xf8, 0x01, 0xa0, 0xaa, 0x03, 0x00, 0x00, 0x02, 
    0x00, 0x00, 0x00, 0x00, 0x00, 0x00, 0x00, 0x00, 0x00, 0x00, 0x00, 0x00, 0xac, 0xc3, 0x0d, 0x88, 0xaa, 0x32, 0x26, 0xaa, 0x80, 0xe5, 0xa9, 0xb4, 
    0xa4, 0xa1, 0xe4, 0x83, 0xa9, 0xff, 0x83, 0xb1, 0xff, 0x82, 0xb1, 0xff, 0x62, 0xa9, 0xff, 0x62, 0xb1, 0xfd, 0x83, 0xb1, 0xfc, 0x83, 0xb1, 0xfd, 
    0xa3, 0xb1, 0xfe, 0xa3, 0xb9, 0xfe, 0xa3, 0xb9, 0xfe, 0xa3, 0xb9, 0xfd, 0xa4, 0xb9, 0xfe, 0xa4, 0xb9, 0xff, 0xa3, 0xb9, 0xff, 0xa3, 0xb9, 0xff, 
    0xc3, 0xb9, 0xff, 0xc4, 0xb9, 0xff, 0xc4, 0xb9, 0xff, 0xe4, 0xb9, 0xff, 0xe4, 0xb1, 0xfd, 0x46, 0xba, 0xea, 0x46, 0xb2, 0xde, 0x67, 0xba, 0xc8, 
    0x67, 0xb2, 0xba, 0x67, 0xb2, 0x9a, 0x87, 0xb2, 0xa1, 0x09, 0xc3, 0x7c, 0xc8, 0xba, 0x68, 0xc9, 0xba, 0x62, 0xe9, 0xba, 0x63, 0x0a, 0xbb, 0x36, 
    0x2b, 0xb3, 0x28, 0x4b, 0xb3, 0x11, 0xac, 0x9b, 0x0d, 0x8e, 0xab, 0x09, 0x6b, 0xb3, 0x0e, 0x0a, 0xab, 0x15, 0x09, 0xa3, 0x17, 0xa8, 0xa2, 0x24, 
    0xef, 0xab, 0x06, 0xe9, 0xaa, 0x10, 0x29, 0xab, 0x28, 0x09, 0xb3, 0x3f, 0x0a, 0xb3, 0x24, 0x0a, 0xb3, 0x2a, 0x2a, 0xab, 0x32, 0x29, 0xb3, 0x21, 
    0x2a, 0xab, 0x20, 0x0a, 0xab, 0x2f, 0x09, 0xb3, 0x47, 0x2a, 0xb3, 0x3c, 0x2a, 0xb3, 0x58, 0x2a, 0xc3, 0x72, 0xc8, 0xba, 0x88, 0x09, 0xc3, 0x97, 
    0xa8, 0xba, 0xd5, 0xa7, 0xba, 0xe4, 0x87, 0xba, 0xee, 0xe4, 0xb1, 0xff, 0xa3, 0xb1, 0xff, 0xe4, 0xb9, 0xff, 0x05, 0xba, 0xff, 0x66, 0xc2, 0xff, 
    0xc9, 0xc2, 0xd9, 0x2a, 0xbb, 0x8b, 0x09, 0xab, 0x57, 0xea, 0xa2, 0x2c, 0xc9, 0x9a, 0x2d, 0xc9, 0x9a, 0x1a, 0xaa, 0xaa, 0x03, 0x00, 0x00, 0x00, 
    0x00, 0x00, 0x00, 0x00, 0x00, 0x00, 0xff, 0xff, 0x01, 0xc9, 0x9a, 0x1f, 0xcc, 0x9c, 0x05, 0x00, 0x00, 0x01, 0x00, 0x00, 0x00, 0x00, 0x00, 0x00, 
    0x00, 0x00, 0x00, 0x00, 0x00, 0x00, 0x00, 0x00, 0x00, 0x00, 0x00, 0x00, 0x00, 0x00, 0x00, 0x00, 0x00, 0x00, 0x00, 0x00, 0x00, 0x00, 0x00, 0x00, 
    0x00, 0x00, 0x00, 0x00, 0x00, 0x00, 0x00, 0x00, 0x00, 0x00, 0x00, 0x00, 0x00, 0x00, 0x00, 0x00, 0x00, 0x00, 0x27, 0x7a, 0x1e, 0x47, 0x82, 0x3d, 
    0x00, 0x00, 0x00, 0x00, 0x00, 0x00, 0x00, 0x00, 0x00, 0x00, 0x00, 0x00, 0x00, 0x00, 0x00, 0x00, 0x00, 0x00, 0x00, 0x00, 0x00, 0x00, 0x00, 0x00, 
    0x00, 0x00, 0x00, 0x00, 0x00, 0x00, 0x00, 0x00, 0x00, 0x00, 0x00, 0x00, 0x00, 0x00, 0x00, 0x00, 0x00, 0x00, 0x00, 0x00, 0x00, 0x00, 0x00, 0x00, 
    0x00, 0x00, 0x00, 0x00, 0x00, 0x00, 0x00, 0x00, 0x00, 0x00, 0x00, 0x00, 0x00, 0x00, 0x00, 0x00, 0x00, 0x00, 0x00, 0x00, 0x00, 0x00, 0x00, 0x00, 
    0x00, 0x00, 0x00, 0x00, 0x00, 0x00, 0x00, 0x00, 0x00, 0x00, 0x00, 0x00, 0x00, 0x00, 0x00, 0x00, 0x00, 0x00, 0x00, 0x00, 0x00, 0x00, 0x00, 0x00, 
    0x00, 0x00, 0x00, 0x00, 0x00, 0x00, 0x00, 0x00, 0x00, 0x00, 0x00, 0x00, 0x00, 0x00, 0x00, 0x00, 0x00, 0x00, 0x00, 0x00, 0x00, 0x00, 0x00, 0x00, 
    0x00, 0x00, 0x00, 0x00, 0x00, 0x00, 0x00, 0x00, 0x00, 0x00, 0x00, 0x00, 0x00, 0x00, 0x00, 0x00, 0x00, 0x00, 0x00, 0x00, 0x00, 0x00, 0x00, 0x00, 
    0x00, 0x00, 0x00, 0x00, 0x00, 0x00, 0x00, 0x00, 0x00, 0x00, 0x00, 0x00, 0x00, 0x00, 0x00, 0x00, 0x00, 0x00, 0x00, 0x00, 0x00, 0x00, 0x00, 0x00, 
    0x00, 0x00, 0x00, 0x00, 0x00, 0x00, 0x00, 0x00, 0x00, 0x00, 0x00, 0x00, 0x00, 0x00, 0x00, 0x00, 0x00, 0x00, 0x00, 0x00, 0x00, 0x00, 0x00, 0x00, 
    0x00, 0x00, 0x00, 0x00, 0x00, 0x00, 0x00, 0x00, 0x00, 0x00, 0x00, 0x00, 0x00, 0x00, 0x00, 0x00, 0x00, 0x00, 0x00, 0x00, 0x00, 0x00, 0x00, 0x00, 
    0x00, 0x00, 0x00, 0x00, 0x00, 0x00, 0x00, 0x00, 0x00, 0x00, 0x00, 0x00, 0x00, 0x00, 0x00, 0x00, 0x00, 0x00, 0x00, 0x00, 0x00, 0x00, 0x00, 0x00, 
    0x00, 0x00, 0x00, 0x00, 0x00, 0x00, 0x00, 0x00, 0x00, 0x00, 0x00, 0x00, 0x00, 0x00, 0x00, 0x00, 0x00, 0x00, 0x00, 0x00, 0x00, 0x00, 0x00, 0x00, 
    0x00, 0x00, 0x00, 0x00, 0x00, 0x00, 0x00, 0x00, 0x00, 0x00, 0x00, 0x00, 0x00, 0x00, 0x00, 0x00, 0x00, 0x00, 0x00, 0x00, 0x00, 0x00, 0x00, 0x00, 
    0x00, 0x00, 0x00, 0x00, 0x00, 0x00, 0x00, 0x00, 0x00, 0x00, 0x00, 0x00, 0x00, 0x00, 0x00, 0x00, 0x00, 0x00, 0x00, 0x00, 0x00, 0x00, 0x00, 0x00, 
    0x00, 0x00, 0x00, 0x00, 0x00, 0x00, 0x00, 0x00, 0x00, 0x00, 0x00, 0x00, 0x00, 0x00, 0x00, 0x00, 0x00, 0x00, 0x00, 0x00, 0x00, 0x00, 0x00, 0x00, 
    0x00, 0x00, 0x00, 0x00, 0x00, 0x00, 0x00, 0x00, 0x00, 0x00, 0x00, 0x00, 0x00, 0x00, 0x00, 0x00, 0x00, 0x00, 0x00, 0x00, 0x00, 0x00, 0x00, 0x00, 
    0x00, 0x00, 0x00, 0x00, 0x00, 0x00, 0x00, 0x00, 0x00, 0x00, 0x00, 0x00, 0x00, 0x00, 0x00, 0x00, 0x00, 0x00, 0x00, 0x00, 0x00, 0x00, 0x00, 0x00, 
    0x00, 0x00, 0x00, 0x00, 0x00, 0x00, 0x00, 0x00, 0x00, 0x00, 0x00, 0x00, 0x00, 0x00, 0x00, 0x00, 0x00, 0x00, 0x00, 0x00, 0x00, 0x00, 0x00, 0x00, 
    0x00, 0x00, 0x00, 0x00, 0x00, 0x00, 0x00, 0x00, 0x00, 0x00, 0x00, 0x00, 0x00, 0x00, 0x00, 0x00, 0x00, 0x00, 0x00, 0x00, 0x00, 0x00, 0x00, 0x00, 
    0x00, 0x00, 0x00, 0x00, 0x00, 0x00, 0x00, 0x00, 0x00, 0x00, 0x00, 0x00, 0x00, 0x00, 0x00, 0x00, 0x00, 0x00, 0x00, 0x00, 0x00, 0x00, 0x00, 0x00, 
    0x00, 0x00, 0x00, 0x00, 0x00, 0x00, 0x00, 0x00, 0x00, 0x00, 0x00, 0x00, 0x00, 0x00, 0x00, 0x00, 0x00, 0x00, 0x00, 0x00, 0x00, 0x00, 0x00, 0x00, 
    0x00, 0x00, 0x00, 0x00, 0x00, 0x00, 0x00, 0x00, 0x00, 0x00, 0x00, 0x00, 0x00, 0x00, 0x00, 0x00, 0x00, 0x00, 0x00, 0x00, 0x00, 0x00, 0x00, 0x00, 
    0x00, 0x00, 0x00, 0x00, 0x00, 0x00, 0x00, 0x00, 0x00, 0x00, 0x00, 0x00, 0x00, 0x00, 0x00, 0x00, 0x00, 0x00, 0x00, 0x00, 0x00, 0x00, 0x00, 0x00, 
    0x00, 0x00, 0x00, 0x00, 0x00, 0x00, 0x00, 0x00, 0x00, 0x00, 0x00, 0x00, 0x00, 0x00, 0x00, 0x00, 0x00, 0x00, 0x00, 0x00, 0x00, 0x00, 0x00, 0x00, 
    0x00, 0x00, 0x00, 0x00, 0x00, 0x00, 0x00, 0x00, 0x00, 0x00, 0x00, 0x00, 0x00, 0x00, 0x00, 0x00, 0x00, 0x00, 0x00, 0x00, 0x00, 0x00, 0x00, 0x00, 
    0x00, 0x00, 0x00, 0x00, 0x00, 0x00, 0x00, 0x00, 0x00, 0x00, 0x00, 0x00, 0x00, 0x00, 0x00, 0x00, 0x00, 0x00, 0x00, 0x00, 0x00, 0x00, 0x00, 0x00, 
    0x00, 0x00, 0x00, 0x00, 0x00, 0x00, 0x00, 0x00, 0x00, 0x00, 0x00, 0x00, 0x00, 0x00, 0x00, 0x00, 0x00, 0x00, 0x00, 0x00, 0x00, 0x00, 0x00, 0x00, 
    0x00, 0x00, 0x00, 0x00, 0x00, 0x00, 0x00, 0x00, 0x00, 0x00, 0x00, 0x00, 0x00, 0x00, 0x00, 0x00, 0x00, 0x00, 0x00, 0x00, 0x00, 0x25, 0x5a, 0x0b, 
    0xe4, 0x61, 0x36, 0x00, 0x00, 0x00, 0x00, 0x00, 0x01, 0x00, 0x00, 0x00, 0x00, 0x00, 0x00, 0x00, 0x00, 0x00, 0x00, 0x00, 0x00, 0x00, 0x00, 0x00, 
    0x00, 0x00, 0x00, 0x00, 0x00, 0x00, 0x00, 0x00, 0x00, 0x00, 0x00, 0x00, 0x00, 0x00, 0x00, 0x00, 0x00, 0x00, 0x00, 0x00, 0x00, 0x00, 0x00, 0x00, 
    0x00, 0x00, 0x00, 0x00, 0x00, 0x00, 0x00, 0x00, 0x00, 0x00, 0x00, 0x00, 0x00, 0x00, 0x00, 0x00, 0x00, 0x00, 0x00, 0x00, 0x00, 0x00, 0x00, 0x01, 
    0x00, 0x00, 0x00, 0x26, 0x72, 0x20, 0x66, 0x72, 0x1e, 0x1f, 0xf8, 0x01, 0xaa, 0xaa, 0x03, 0x00, 0x00, 0x00, 0x00, 0x00, 0x00, 0x00, 0x00, 0x00, 
    0x00, 0x00, 0x00, 0x00, 0x00, 0x00, 0x00, 0x00, 0x00, 0x00, 0x00, 0x00, 0x00, 0x00, 0x00, 0x00, 0x00, 0x00, 0x00, 0x00, 0x00, 0x00, 0x00, 0x01, 
    0x00, 0x00, 0x00, 0xff, 0xff, 0x02, 0xe5, 0xa1, 0xc2, 0x05, 0xca, 0xff, 0xe5, 0xa9, 0x9e, 0x00, 0x00, 0x00, 0x00, 0xf8, 0x02, 0x00, 0x00, 0x00, 
    0x00, 0x00, 0x00, 0x00, 0x00, 0x00, 0x00, 0x00, 0x00, 0x00, 0x00, 0x01, 0x00, 0x00, 0x01, 0x00, 0x00, 0x00, 0x00, 0x00, 0x00, 0x00, 0xf8, 0x01, 
    0x00, 0xf8, 0x01, 0x00, 0x00, 0x00, 0x00, 0x00, 0x00, 0xea, 0xba, 0x33, 0xc8, 0xb2, 0x54, 0x67, 0xaa, 0x37, 0x46, 0xaa, 0x5b, 0x26, 0xaa, 0x9c, 
    0x05, 0xaa, 0xce, 0xc4, 0xa9, 0xf4, 0xc4, 0xb1, 0xff, 0xc4, 0xb9, 0xff, 0xa3, 0xb9, 0xff, 0x83, 0xb1, 0xff, 0xa3, 0xb1, 0xfc, 0x83, 0xb1, 0xfd, 
    0x83, 0xb1, 0xfe, 0x83, 0xb1, 0xfd, 0x83, 0xb1, 0xfd, 0x62, 0xb1, 0xfc, 0x62, 0xb1, 0xfd, 0x62, 0xb1, 0xfe, 0x82, 0xb1, 0xff, 0x83, 0xb1, 0xff, 
    0x83, 0xb1, 0xff, 0xa3, 0xb1, 0xff, 0xc4, 0xb1, 0xff, 0xe4, 0xb1, 0xfd, 0x26, 0xb2, 0xe2, 0x46, 0xb2, 0xb2, 0x67, 0xb2, 0x94, 0x67, 0xaa, 0x77, 
    0xc8, 0xb2, 0x4b, 0x2a, 0xbb, 0x38, 0x2a, 0xbb, 0x34, 0x4b, 0xbb, 0x16, 0x4b, 0xbb, 0x13, 0xae, 0xc3, 0x0d, 0xeb, 0xa2, 0x0b, 0x00, 0x00, 0x03, 
    0x00, 0x00, 0x00, 0x00, 0x00, 0x00, 0x00, 0x00, 0x00, 0x00, 0x00, 0x00, 0x00, 0x00, 0x00, 0x00, 0x00, 0x00, 0x00, 0x00, 0x00, 0x00, 0x00, 0x00, 
    0x00, 0x00, 0x00, 0x00, 0x00, 0x00, 0xa7, 0x8a, 0x09, 0x2c, 0xb3, 0x0a, 0xc9, 0xa2, 0x11, 0xe9, 0xaa, 0x10, 0x80, 0x61, 0x05, 0x26, 0x8a, 0x0f, 
    0x87, 0x9a, 0x26, 0x87, 0xa2, 0x16, 0xa8, 0xa2, 0x1b, 0xa0, 0xaa, 0x03, 0x00, 0x00, 0x00, 0xa5, 0xaa, 0x06, 0xe0, 0x79, 0x04, 0x67, 0x92, 0x1d, 
    0x66, 0x9a, 0x17, 0xe3, 0x59, 0x08, 0xca, 0x9a, 0x1c, 0xa8, 0x9a, 0x1d, 0xc9, 0xaa, 0x2d, 0x2a, 0xb3, 0x5c, 0x2a, 0xbb, 0x75, 0x09, 0xc3, 0xb4, 
    0xa7, 0xc2, 0xe5, 0xa7, 0xc2, 0xf5, 0xe9, 0xc2, 0xe8, 0x29, 0xc3, 0xc9, 0x0a, 0xb3, 0x8c, 0xc9, 0xa2, 0x68, 0xe9, 0x9a, 0x4a, 0xe9, 0x92, 0x24, 
    0xa9, 0x92, 0x1d, 0x69, 0xb3, 0x07, 0x00, 0x00, 0x01, 0x00, 0x00, 0x01, 0x00, 0x00, 0x00, 0x00, 0x00, 0x00, 0x00, 0x00, 0x01, 0x00, 0x00, 0x00, 
    0x06, 0x7a, 0x26, 0x86, 0x82, 0x13, 0x00, 0x00, 0x00, 0x00, 0x00, 0x01, 0x00, 0x00, 0x00, 0x00, 0x00, 0x00, 0x00, 0x00, 0x00, 0x00, 0x00, 0x00, 
    0x00, 0x00, 0x00, 0x00, 0x00, 0x00, 0x00, 0x00, 0x00, 0x00, 0x00, 0x00, 0x00, 0x00, 0x00, 0x00, 0x00, 0x00, 0x00, 0x78, 0x02, 0x00, 0x00, 0x00, 
    0x00, 0x78, 0x02, 0xa0, 0xaa, 0x03, 0x25, 0x72, 0x16, 0x26, 0x7a, 0x29, 0xa5, 0x69, 0x17, 0xc4, 0x69, 0x3b, 0x00, 0x00, 0x00, 0x00, 0x00, 0x01, 
    0x00, 0x00, 0x00, 0x00, 0x00, 0x00, 0x00, 0x00, 0x00, 0x00, 0x00, 0x00, 0x00, 0x00, 0x00, 0x00, 0x00, 0x00, 0x00, 0x00, 0x00, 0x00, 0x00, 0x00, 
    0x00, 0x00, 0x00, 0x00, 0x00, 0x00, 0x00, 0x00, 0x00, 0x00, 0x00, 0x00, 0x00, 0x00, 0x00, 0x00, 0x00, 0x00, 0x00, 0x00, 0x00, 0x00, 0x00, 0x00, 
    0x00, 0x00, 0x00, 0x00, 0x00, 0x00, 0x00, 0x00, 0x00, 0x00, 0x00, 0x00, 0x00, 0x00, 0x00, 0x00, 0x00, 0x00, 0x00, 0x00, 0x00, 0x00, 0x00, 0x00, 
    0x00, 0x00, 0x00, 0x00, 0x00, 0x00, 0x00, 0x00, 0x00, 0x00, 0x00, 0x00, 0x00, 0x00, 0x00, 0x00, 0x00, 0x00, 0x00, 0x00, 0x00, 0x00, 0x00, 0x00, 
    0x00, 0x00, 0x00, 0x00, 0x00, 0x00, 0x00, 0x00, 0x00, 0x00, 0x00, 0x00, 0x00, 0x00, 0x00, 0x00, 0x00, 0x00, 0x00, 0x00, 0x00, 0x00, 0x00, 0x00, 
    0x00, 0x00, 0x00, 0x00, 0x00, 0x00, 0x00, 0x00, 0x00, 0x00, 0x00, 0x00, 0x00, 0x00, 0x00, 0x00, 0x00, 0x00, 0x00, 0x00, 0x00, 0x00, 0x00, 0x00, 
    0x00, 0x00, 0x00, 0x00, 0x00, 0x00, 0x00, 0x00, 0x00, 0x00, 0x00, 0x00, 0x00, 0x00, 0x00, 0x00, 0x00, 0x00, 0x00, 0x00, 0x00, 0x00, 0x00, 0x00, 
    0x00, 0x00, 0x00, 0x00, 0x00, 0x00, 0x00, 0x00, 0x00, 0x00, 0x00, 0x00, 0x00, 0x00, 0x00, 0x00, 0x00, 0x00, 0x00, 0x00, 0x00, 0x00, 0x00, 0x00, 
    0x00, 0x00, 0x00, 0x00, 0x00, 0x00, 0x00, 0x00, 0x00, 0x00, 0x00, 0x00, 0x00, 0x00, 0x00, 0x00, 0x00, 0x00, 0x00, 0x00, 0x00, 0x00, 0x00, 0x00, 
    0x00, 0x00, 0x00, 0x00, 0x00, 0x00, 0x00, 0x00, 0x00, 0x00, 0x00, 0x00, 0x00, 0x00, 0x00, 0x00, 0x00, 0x00, 0x00, 0x00, 0x00, 0x00, 0x00, 0x00, 
    0x00, 0x00, 0x00, 0x00, 0x00, 0x00, 0x00, 0x00, 0x00, 0x00, 0x00, 0x00, 0x00, 0x00, 0x00, 0x00, 0x00, 0x00, 0x00, 0x00, 0x00, 0x00, 0x00, 0x00, 
    0x00, 0x00, 0x00, 0x00, 0x00, 0x00, 0x00, 0x00, 0x00, 0x00, 0x00, 0x00, 0x00, 0x00, 0x00, 0x00, 0x00, 0x00, 0x00, 0x00, 0x00, 0x00, 0x00, 0x00, 
    0x00, 0x00, 0x00, 0x00, 0x00, 0x00, 0x00, 0x00, 0x00, 0x00, 0x00, 0x00, 0x00, 0x00, 0x00, 0x00, 0x00, 0x00, 0x00, 0x00, 0x00, 0x00, 0x00, 0x00, 
    0x00, 0x00, 0x00, 0x00, 0x00, 0x00, 0x00, 0x00, 0x00, 0x00, 0x00, 0x00, 0x00, 0x00, 0x00, 0x00, 0x00, 0x00, 0x00, 0x00, 0x00, 0x00, 0x00, 0x00, 
    0x00, 0x00, 0x00, 0x00, 0x00, 0x00, 0x00, 0x00, 0x00, 0x00, 0x00, 0x00, 0x00, 0x00, 0x00, 0x00, 0x00, 0x00, 0x00, 0x00, 0x00, 0x00, 0x00, 0x00, 
    0x00, 0x00, 0x00, 0x00, 0x00, 0x00, 0x00, 0x00, 0x00, 0x00, 0x00, 0x00, 0x00, 0x00, 0x00, 0x00, 0x00, 0x00, 0x00, 0x00, 0x00, 0x00, 0x00, 0x00, 
    0x00, 0x00, 0x00, 0x00, 0x00, 0x00, 0x00, 0x00, 0x00, 0x00, 0x00, 0x00, 0x00, 0x00, 0x00, 0x00, 0x00, 0x00, 0x00, 0x00, 0x00, 0x00, 0x00, 0x00, 
    0x00, 0x00, 0x00, 0x00, 0x00, 0x00, 0x00, 0x00, 0x00, 0x00, 0x00, 0x00, 0x00, 0x00, 0x00, 0x00, 0x00, 0x00, 0x00, 0x00, 0x00, 0x00, 0x00, 0x00, 
    0x00, 0x00, 0x00, 0x00, 0x00, 0x00, 0x00, 0x00, 0x00, 0x00, 0x00, 0x00, 0x00, 0x00, 0x00, 0x00, 0x00, 0x00, 0x00, 0x00, 0x00, 0x00, 0x00, 0x00, 
    0x00, 0x00, 0x00, 0x00, 0x00, 0x00, 0x00, 0x00, 0x00, 0x00, 0x00, 0x00, 0x00, 0x00, 0x00, 0x00, 0x00, 0x00, 0x00, 0x00, 0x00, 0x00, 0x00, 0x00, 
    0x00, 0x00, 0x00, 0x00, 0x00, 0x00, 0x00, 0x00, 0x00, 0x00, 0x00, 0x00, 0x00, 0x00, 0x00, 0x00, 0x00, 0x00, 0x00, 0x00, 0x00, 0x00, 0x00, 0x00, 
    0x00, 0x00, 0x00, 0x00, 0x00, 0x00, 0x00, 0x00, 0x00, 0x00, 0x00, 0x00, 0x00, 0x00, 0x00, 0x00, 0x00, 0x00, 0x00, 0x00, 0x00, 0x00, 0x00, 0x00, 
    0x00, 0x00, 0x00, 0x00, 0x00, 0x00, 0x00, 0x00, 0x00, 0x00, 0x00, 0x00, 0x00, 0x00, 0x00, 0x00, 0x00, 0x00, 0x00, 0x00, 0x00, 0x00, 0x00, 0x00, 
    0x00, 0x00, 0x00, 0x00, 0x00, 0x00, 0x00, 0x00, 0x00, 0x00, 0x00, 0x00, 0x00, 0x00, 0x00, 0x00, 0x00, 0x00, 0x00, 0x00, 0x00, 0x00, 0x00, 0x00, 
    0x00, 0x00, 0x00, 0x00, 0x00, 0x00, 0x00, 0x00, 0x00, 0x00, 0x00, 0x00, 0x00, 0x00, 0x00, 0x00, 0x00, 0x00, 0x00, 0x00, 0x00, 0x00, 0x00, 0x00, 
    0x00, 0x00, 0x00, 0x00, 0x00, 0x00, 0x00, 0x00, 0x00, 0x00, 0x00, 0x00, 0x00, 0x00, 0x00, 0x00, 0x00, 0x00, 0x00, 0x00, 0x00, 0x00, 0x00, 0x00, 
    0x00, 0x00, 0x00, 0x00, 0x00, 0x00, 0x00, 0x00, 0x00, 0x00, 0x00, 0x02, 0xc3, 0x51, 0x09, 0x00, 0x00, 0x00, 0x00, 0x00, 0x00, 0x00, 0x00, 0x00, 
    0x00, 0x00, 0x00, 0x00, 0x00, 0x00, 0x00, 0x00, 0x00, 0x00, 0x00, 0x00, 0x00, 0x00, 0x00, 0x00, 0x00, 0x00, 0x00, 0x00, 0x00, 0x00, 0x00, 0x00, 
    0x00, 0x00, 0x00, 0x00, 0x00, 0x00, 0x00, 0x00, 0x00, 0x00, 0x00, 0x00, 0x00, 0x00, 0x00, 0x00, 0x00, 0x00, 0x00, 0x00, 0x00, 0x00, 0x00, 0x00, 
    0x00, 0x00, 0x00, 0x00, 0x00, 0x00, 0x00, 0x00, 0x00, 0x00, 0x00, 0x00, 0x00, 0x00, 0x01, 0xe5, 0x69, 0x0c, 0x46, 0x72, 0x1f, 0x00, 0x00, 0x00, 
    0x00, 0x00, 0x01, 0x00, 0x00, 0x00, 0x00, 0x00, 0x00, 0x00, 0x00, 0x00, 0x00, 0x00, 0x00, 0x00, 0x00, 0x00, 0x00, 0x00, 0x00, 0x00, 0x00, 0x00, 
    0x00, 0x00, 0x00, 0x00, 0x00, 0x00, 0x00, 0x00, 0x00, 0x00, 0x00, 0x01, 0x00, 0x00, 0x00, 0xff, 0xff, 0x02, 0xe5, 0xa1, 0xb8, 0xe4, 0xc1, 0xff, 
    0xc5, 0xa1, 0xa5, 0x00, 0x00, 0x00, 0x00, 0x78, 0x02, 0x00, 0x00, 0x00, 0x00, 0x00, 0x00, 0x00, 0x00, 0x00, 0x00, 0x00, 0x00, 0x00, 0x00, 0x00, 
    0x00, 0x00, 0x00, 0xaa, 0xaa, 0x06, 0x65, 0x9a, 0x10, 0x00, 0x00, 0x00, 0x00, 0x00, 0x00, 0x09, 0xbb, 0x22, 0x26, 0xaa, 0x61, 0x46, 0xb2, 0xa1, 
    0x05, 0xb2, 0xed, 0xc4, 0xb1, 0xf7, 0xc4, 0xb1, 0xff, 0xc4, 0xb9, 0xff, 0xc3, 0xb9, 0xff, 0xa3, 0xb9, 0xff, 0xa3, 0xb9, 0xfd, 0xa3, 0xb9, 0xfc, 
    0xa3, 0xb9, 0xfd, 0xa3, 0xb9, 0xfd, 0xa3, 0xb9, 0xfd, 0xa3, 0xb9, 0xfd, 0xa3, 0xb9, 0xfe, 0xc3, 0xb9, 0xff, 0xc3, 0xb9, 0xff, 0xc4, 0xb9, 0xff, 
    0xe4, 0xb9, 0xff, 0xc4, 0xb1, 0xff, 0xe4, 0xa9, 0xf4, 0x05, 0xb2, 0xd6, 0xa3, 0xb1, 0xf1, 0xa3, 0xb1, 0xff, 0x66, 0xb2, 0x93, 0x88, 0xb2, 0x52, 
    0xe9, 0xba, 0x3e, 0x8e, 0xc3, 0x12, 0x55, 0xad, 0x03, 0x00, 0x00, 0x00, 0x00, 0x00, 0x00, 0x00, 0x00, 0x00, 0xa0, 0x52, 0x03, 0x00, 0xf8, 0x01, 
    0x00, 0x00, 0x00, 0x00, 0x00, 0x00, 0x00, 0x00, 0x00, 0x00, 0x00, 0x00, 0x00, 0x00, 0x00, 0xff, 0xff, 0x02, 0xef, 0xcb, 0x0a, 0x4e, 0xd4, 0x0b, 
    0x4a, 0xcb, 0x1d, 0xa8, 0xb2, 0x42, 0x88, 0xb2, 0x52, 0x87, 0xb2, 0x66, 0x67, 0xb2, 0x74, 0x87, 0xb2, 0x89, 0x67, 0xb2, 0x94, 0x46, 0xb2, 0x97, 
    0x67, 0xb2, 0xb3, 0x87, 0xb2, 0x9e, 0xc8, 0xba, 0x81, 0xc9, 0xb2, 0x66, 0xc8, 0xaa, 0x47, 0xa8, 0x9a, 0x12, 0xaa, 0x52, 0x03, 0xaa, 0x52, 0x03, 
    0x00, 0xf8, 0x01, 0x00, 0x00, 0x01, 0xef, 0x7b, 0x02, 0x67, 0x9a, 0x10, 0xe7, 0x79, 0x04, 0x00, 0xf8, 0x01, 0x86, 0x99, 0x05, 0x49, 0xb2, 0x07, 
    0x66, 0x9a, 0x0a, 0xa8, 0x92, 0x1b, 0xa8, 0x9a, 0x29, 0x09, 0xb3, 0x6c, 0x09, 0xbb, 0xd1, 0xe8, 0xba, 0xc4, 0x09, 0xb3, 0x68, 0xe9, 0xa2, 0x85, 
    0xc9, 0x9a, 0x4b, 0xa9, 0x92, 0x50, 0xea, 0x92, 0x23, 0xc9, 0x92, 0x17, 0x49, 0x92, 0x0e, 0xe8, 0xa2, 0x0b, 0x00, 0x00, 0x00, 0x00, 0x00, 0x00, 
    0x00, 0x00, 0x00, 0x00, 0x00, 0x00, 0x00, 0x00, 0x00, 0x00, 0xf8, 0x01, 0x86, 0x61, 0x05, 0xe0, 0x7b, 0x02, 0x00, 0x00, 0x00, 0x00, 0x00, 0x00, 
    0x00, 0x00, 0x00, 0x00, 0x00, 0x00, 0x00, 0x00, 0x00, 0x00, 0x00, 0x00, 0x00, 0x00, 0x00, 0x00, 0x00, 0x00, 0x00, 0x00, 0x00, 0x00, 0x00, 0x00, 
    0x00, 0x00, 0x00, 0x00, 0x00, 0x00, 0x00, 0x00, 0x00, 0x00, 0x00, 0x00, 0x00, 0x00, 0x00, 0x00, 0x00, 0x01, 0x00, 0x00, 0x01, 0x00, 0x00, 0x00, 
    0xc5, 0x71, 0x24, 0xa4, 0x69, 0x72, 0x00, 0x00, 0x01, 0x00, 0x00, 0x00, 0x00, 0x00, 0x00, 0x00, 0x00, 0x00, 0x00, 0x00, 0x00, 0x00, 0x00, 0x00, 
    0x00, 0x00, 0x00, 0x00, 0x00, 0x00, 0x00, 0x00, 0x00, 0x00, 0x00, 0x00, 0x00, 0x00, 0x00, 0x00, 0x00, 0x00, 0x00, 0x00, 0x00, 0x00, 0x00, 0x00, 
    0x00, 0x00, 0x00, 0x00, 0x00, 0x00, 0x00, 0x00, 0x00, 0x00, 0x00, 0x00, 0x00, 0x00, 0x00, 0x00, 0x00, 0x00, 0x00, 0x00, 0x00, 0x00, 0x00, 0x00, 
    0x00, 0x00, 0x00, 0x00, 0x00, 0x00, 0x00, 0x00, 0x00, 0x00, 0x00, 0x00, 0x00, 0x00, 0x00, 0x00, 0x00, 0x00, 0x00, 0x00, 0x00, 0x00, 0x00, 0x00, 
    0x00, 0x00, 0x00, 0x00, 0x00, 0x00, 0x00, 0x00, 0x00, 0x00, 0x00, 0x00, 0x00, 0x00, 0x00, 0x00, 0x00, 0x00, 0x00, 0x00, 0x00, 0x00, 0x00, 0x00, 
    0x00, 0x00, 0x00, 0x00, 0x00, 0x00, 0x00, 0x00, 0x00, 0x00, 0x00, 0x00, 0x00, 0x00, 0x00, 0x00, 0x00, 0x00, 0x00, 0x00, 0x00, 0x00, 0x00, 0x00, 
    0x00, 0x00, 0x00, 0x00, 0x00, 0x00, 0x00, 0x00, 0x00, 0x00, 0x00, 0x00, 0x00, 0x00, 0x00, 0x00, 0x00, 0x00, 0x00, 0x00, 0x00, 0x00, 0x00, 0x00, 
    0x00, 0x00, 0x00, 0x00, 0x00, 0x00, 0x00, 0x00, 0x00, 0x00, 0x00, 0x00, 0x00, 0x00, 0x00, 0x00, 0x00, 0x00, 0x00, 0x00, 0x00, 0x00, 0x00, 0x00, 
    0x00, 0x00, 0x00, 0x00, 0x00, 0x00, 0x00, 0x00, 0x00, 0x00, 0x00, 0x00, 0x00, 0x00, 0x00, 0x00, 0x00, 0x00, 0x00, 0x00, 0x00, 0x00, 0x00, 0x00, 
    0x00, 0x00, 0x00, 0x00, 0x00, 0x00, 0x00, 0x00, 0x00, 0x00, 0x00, 0x00, 0x00, 0x00, 0x00, 0x00, 0x00, 0x00, 0x00, 0x00, 0x00, 0x00, 0x00, 0x00, 
    0x00, 0x00, 0x00, 0x00, 0x00, 0x00, 0x00, 0x00, 0x00, 0x00, 0x00, 0x00, 0x00, 0x00, 0x00, 0x00, 0x00, 0x00, 0x00, 0x00, 0x00, 0x00, 0x00, 0x00, 
    0x00, 0x00, 0x00, 0x00, 0x00, 0x00, 0x00, 0x00, 0x00, 0x00, 0x00, 0x00, 0x00, 0x00, 0x00, 0x00, 0x00, 0x00, 0x00, 0x00, 0x00, 0x00, 0x00, 0x00, 
    0x00, 0x00, 0x00, 0x00, 0x00, 0x00, 0x00, 0x00, 0x00, 0x00, 0x00, 0x00, 0x00, 0x00, 0x00, 0x00, 0x00, 0x00, 0x00, 0x00, 0x00, 0x00, 0x00, 0x00, 
    0x00, 0x00, 0x00, 0x00, 0x00, 0x00, 0x00, 0x00, 0x00, 0x00, 0x00, 0x00, 0x00, 0x00, 0x00, 0x00, 0x00, 0x00, 0x00, 0x00, 0x00, 0x00, 0x00, 0x00, 
    0x00, 0x00, 0x00, 0x00, 0x00, 0x00, 0x00, 0x00, 0x00, 0x00, 0x00, 0x00, 0x00, 0x00, 0x00, 0x00, 0x00, 0x00, 0x00, 0x00, 0x00, 0x00, 0x00, 0x00, 
    0x00, 0x00, 0x00, 0x00, 0x00, 0x00, 0x00, 0x00, 0x00, 0x00, 0x00, 0x00, 0x00, 0x00, 0x00, 0x00, 0x00, 0x00, 0x00, 0x00, 0x00, 0x00, 0x00, 0x00, 
    0x00, 0x00, 0x00, 0x00, 0x00, 0x00, 0x00, 0x00, 0x00, 0x00, 0x00, 0x00, 0x00, 0x00, 0x00, 0x00, 0x00, 0x00, 0x00, 0x00, 0x00, 0x00, 0x00, 0x00, 
    0x00, 0x00, 0x00, 0x00, 0x00, 0x00, 0x00, 0x00, 0x00, 0x00, 0x00, 0x00, 0x00, 0x00, 0x00, 0x00, 0x00, 0x00, 0x00, 0x00, 0x00, 0x00, 0x00, 0x00, 
    0x00, 0x00, 0x00, 0x00, 0x00, 0x00, 0x00, 0x00, 0x00, 0x00, 0x00, 0x00, 0x00, 0x00, 0x00, 0x00, 0x00, 0x00, 0x00, 0x00, 0x00, 0x00, 0x00, 0x00, 
    0x00, 0x00, 0x00, 0x00, 0x00, 0x00, 0x00, 0x00, 0x00, 0x00, 0x00, 0x00, 0x00, 0x00, 0x00, 0x00, 0x00, 0x00, 0x00, 0x00, 0x00, 0x00, 0x00, 0x00, 
    0x00, 0x00, 0x00, 0x00, 0x00, 0x00, 0x00, 0x00, 0x00, 0x00, 0x00, 0x00, 0x00, 0x00, 0x00, 0x00, 0x00, 0x00, 0x00, 0x00, 0x00, 0x00, 0x00, 0x00, 
    0x00, 0x00, 0x00, 0x00, 0x00, 0x00, 0x00, 0x00, 0x00, 0x00, 0x00, 0x00, 0x00, 0x00, 0x00, 0x00, 0x00, 0x00, 0x00, 0x00, 0x00, 0x00, 0x00, 0x00, 
    0x00, 0x00, 0x00, 0x00, 0x00, 0x00, 0x00, 0x00, 0x00, 0x00, 0x00, 0x00, 0x00, 0x00, 0x00, 0x00, 0x00, 0x00, 0x00, 0x00, 0x00, 0x00, 0x00, 0x00, 
    0x00, 0x00, 0x00, 0x00, 0x00, 0x00, 0x00, 0x00, 0x00, 0x00, 0x00, 0x00, 0x00, 0x00, 0x00, 0x00, 0x00, 0x00, 0x00, 0x00, 0x00, 0x00, 0x00, 0x00, 
    0x00, 0x00, 0x00, 0x00, 0x00, 0x00, 0x00, 0x00, 0x00, 0x00, 0x00, 0x00, 0x00, 0x00, 0x00, 0x00, 0x00, 0x00, 0x00, 0x00, 0x00, 0x00, 0x00, 0x00, 
    0x00, 0x00, 0x00, 0x00, 0x00, 0x00, 0x00, 0x00, 0x00, 0x00, 0x00, 0x00, 0x00, 0x00, 0x00, 0x00, 0x00, 0x00, 0x00, 0x00, 0x00, 0x00, 0x00, 0x00, 
    0x00, 0x00, 0x00, 0x00, 0x00, 0x00, 0x00, 0x00, 0x00, 0x00, 0x00, 0x00, 0x00, 0x00, 0x00, 0x00, 0x00, 0x00, 0x00, 0x00, 0x00, 0x00, 0x00, 0x00, 
    0x00, 0x00, 0x00, 0x00, 0x00, 0x00, 0x00, 0x00, 0x00, 0x00, 0x00, 0x00, 0x00, 0x00, 0x00, 0x00, 0x00, 0x00, 0x00, 0x00, 0x00, 0x00, 0x00, 0x00, 
    0x00, 0x00, 0x00, 0x00, 0x00, 0x00, 0x00, 0x00, 0x00, 0x00, 0x00, 0x00, 0x00, 0x00, 0x00, 0x00, 0x00, 0x00, 0x00, 0x00, 0x00, 0x00, 0x00, 0x00, 
    0x00, 0x00, 0x00, 0x00, 0x00, 0x00, 0x00, 0x00, 0x00, 0x00, 0x00, 0x00, 0x00, 0x00, 0x00, 0x00, 0x00, 0x00, 0x00, 0x00, 0x00, 0x00, 0x00, 0x00, 
    0x00, 0x00, 0x00, 0xa5, 0x7a, 0x06, 0x25, 0x72, 0x0b, 0xc4, 0x59, 0x27, 0xe6, 0x69, 0x1d, 0x00, 0x00, 0x00, 0x00, 0x00, 0x01, 0x00, 0x00, 0x00, 
    0x00, 0x00, 0x00, 0x00, 0x00, 0x00, 0x00, 0x00, 0x00, 0x00, 0x00, 0x00, 0x00, 0x00, 0x00, 0x00, 0x00, 0x00, 0x00, 0x00, 0x00, 0x00, 0x00, 0x00, 
    0x00, 0xa8, 0x03, 0x00, 0x00, 0x00, 0xc4, 0x99, 0x97, 0xc4, 0xc1, 0xfe, 0xc4, 0xa1, 0xa6, 0x00, 0x00, 0x00, 0x00, 0x78, 0x02, 0x00, 0x00, 0x00, 
    0x00, 0x00, 0x00, 0xa7, 0xaa, 0x0c, 0xeb, 0x9a, 0x08, 0x88, 0xaa, 0x19, 0x88, 0xa2, 0x25, 0x08, 0xb3, 0x32, 0xe9, 0xba, 0x36, 0x87, 0xb2, 0x5f, 
    0x46, 0xb2, 0x8a, 0xa4, 0xa1, 0xd3, 0x63, 0xa9, 0xff, 0xa3, 0xb1, 0xff, 0x83, 0xb1, 0xff, 0xa3, 0xb1, 0xff, 0xa3, 0xb1, 0xfe, 0xa3, 0xb9, 0xfc, 
    0xa3, 0xb1, 0xfd, 0xa3, 0xb1, 0xfe, 0xa3, 0xb1, 0xfe, 0xa3, 0xb9, 0xfd, 0xa3, 0xb9, 0xfd, 0xa3, 0xb9, 0xff, 0xa3, 0xb9, 0xff, 0xc4, 0xb9, 0xff, 
    0xe4, 0xb1, 0xff, 0x05, 0xb2, 0xe9, 0x26, 0xb2, 0xcf, 0x26, 0xb2, 0xb5, 0x67, 0xb2, 0x93, 0xa8, 0xb2, 0x62, 0xa9, 0xaa, 0x46, 0xcc, 0xc3, 0x19, 
    0x05, 0xb2, 0xad, 0xe4, 0xb1, 0xfd, 0x26, 0x9a, 0x3d, 0x00, 0x00, 0x00, 0x00, 0x00, 0x00, 0x00, 0x78, 0x02, 0x00, 0xa8, 0x03, 0xe0, 0xb9, 0x04, 
    0x00, 0x00, 0x00, 0x00, 0x00, 0x00, 0x00, 0x00, 0x00, 0x00, 0x00, 0x00, 0xd3, 0x9c, 0x05, 0x88, 0xb2, 0x2e, 0x87, 0xb2, 0x55, 0x26, 0xaa, 0x64, 
    0xe5, 0xa1, 0x8c, 0xe5, 0xa1, 0x9c, 0xe5, 0xa1, 0xc0, 0xc4, 0xa1, 0xc6, 0xa4, 0xa1, 0xe1, 0xc4, 0xa9, 0xf9, 0xa4, 0xa9, 0xff, 0x83, 0xa9, 0xff, 
    0x83, 0xa9, 0xff, 0xa3, 0xb1, 0xff, 0x83, 0xb1, 0xff, 0x83, 0xb1, 0xff, 0xa3, 0xb1, 0xff, 0x83, 0xb1, 0xff, 0xc4, 0xb1, 0xff, 0xe5, 0xa9, 0xf9, 
    0xa8, 0xba, 0xba, 0xa8, 0xaa, 0x41, 0xe7, 0x9a, 0x08, 0xe7, 0xb9, 0x04, 0x00, 0x00, 0x00, 0x00, 0x00, 0x00, 0x00, 0x00, 0x00, 0x00, 0x00, 0x00, 
    0x00, 0x00, 0x00, 0x00, 0x00, 0x00, 0x00, 0x00, 0x00, 0x00, 0x00, 0x00, 0xe0, 0xff, 0x01, 0xef, 0x7b, 0x02, 0x88, 0x9a, 0x3a, 0x88, 0x9a, 0x52, 
    0xc8, 0xaa, 0x6b, 0x47, 0x9a, 0xa5, 0xc7, 0xa2, 0x14, 0xa9, 0x92, 0x2a, 0xa9, 0x92, 0x15, 0xc9, 0x92, 0x22, 0xa8, 0x92, 0x21, 0xe7, 0xb9, 0x04, 
    0xc8, 0x92, 0x17, 0xe7, 0x79, 0x08, 0x00, 0x00, 0x00, 0x00, 0x00, 0x00, 0x00, 0x00, 0x00, 0x00, 0x00, 0x00, 0x00, 0x00, 0x00, 0x00, 0x00, 0x00, 
    0x00, 0x00, 0x00, 0x00, 0x00, 0x00, 0x00, 0x00, 0x00, 0x00, 0x00, 0x00, 0x00, 0x00, 0x00, 0x00, 0x00, 0x00, 0x00, 0x00, 0x00, 0x00, 0x00, 0x00, 
    0x00, 0x00, 0x00, 0x00, 0x00, 0x00, 0x00, 0x00, 0x00, 0x00, 0x00, 0x00, 0x00, 0x00, 0x00, 0x00, 0x00, 0x00, 0x00, 0x00, 0x00, 0x00, 0x00, 0x00, 
    0x00, 0x00, 0x00, 0x00, 0x00, 0x00, 0x00, 0x00, 0x00, 0x00, 0xf8, 0x01, 0x00, 0x00, 0x00, 0x00, 0x00, 0x00, 0x00, 0x78, 0x02, 0x00, 0x00, 0x00, 
    0x00, 0x00, 0x00, 0x00, 0x00, 0x00, 0x00, 0x00, 0x00, 0x00, 0x00, 0x00, 0x00, 0x00, 0x00, 0x00, 0x00, 0x00, 0x00, 0x00, 0x00, 0x00, 0x00, 0x00, 
    0x00, 0x00, 0x00, 0x00, 0x00, 0x00, 0x00, 0x00, 0x00, 0x00, 0x00, 0x00, 0x00, 0x00, 0x00, 0x00, 0x00, 0x00, 0x00, 0x00, 0x00, 0x00, 0x00, 0x00, 
    0x00, 0x00, 0x00, 0x00, 0x00, 0x00, 0x00, 0x00, 0x00, 0x00, 0x00, 0x00, 0x00, 0x00, 0x00, 0x00, 0x00, 0x00, 0x00, 0x00, 0x00, 0x00, 0x00, 0x00, 
    0x00, 0x00, 0x00, 0x00, 0x00, 0x00, 0x00, 0x00, 0x00, 0x00, 0x00, 0x00, 0x00, 0x00, 0x00, 0x00, 0x00, 0x00, 0x00, 0x00, 0x00, 0x00, 0x00, 0x00, 
    0x00, 0x00, 0x00, 0x00, 0x00, 0x00, 0x00, 0x00, 0x00, 0x00, 0x00, 0x00, 0x00, 0x00, 0x00, 0x00, 0x00, 0x00, 0x00, 0x00, 0x00, 0x00, 0x00, 0x00, 
    0x00, 0x00, 0x00, 0x00, 0x00, 0x00, 0x00, 0x00, 0x00, 0x00, 0x00, 0x00, 0x00, 0x00, 0x00, 0x00, 0x00, 0x00, 0x00, 0x00, 0x00, 0x00, 0x00, 0x00, 
    0x00, 0x00, 0x00, 0x00, 0x00, 0x00, 0x00, 0x00, 0x00, 0x00, 0x00, 0x00, 0x00, 0x00, 0x00, 0x00, 0x00, 0x00, 0x00, 0x00, 0x00, 0x00, 0x00, 0x00, 
    0x00, 0x00, 0x00, 0x00, 0x00, 0x00, 0x00, 0x00, 0x00, 0x00, 0x00, 0x00, 0x00, 0x00, 0x00, 0x00, 0x00, 0x00, 0x00, 0x00, 0x00, 0x00, 0x00, 0x00, 
    0x00, 0x00, 0x00, 0x00, 0x00, 0x00, 0x00, 0x00, 0x00, 0x00, 0x00, 0x00, 0x00, 0x00, 0x00, 0x00, 0x00, 0x00, 0x00, 0x00, 0x00, 0x00, 0x00, 0x00, 
    0x00, 0x00, 0x00, 0x00, 0x00, 0x00, 0x00, 0x00, 0x00, 0x00, 0x00, 0x00, 0x00, 0x00, 0x00, 0x00, 0x00, 0x00, 0x00, 0x00, 0x00, 0x00, 0x00, 0x00, 
    0x00, 0x00, 0x00, 0x00, 0x00, 0x00, 0x00, 0x00, 0x00, 0x00, 0x00, 0x00, 0x00, 0x00, 0x00, 0x00, 0x00, 0x00, 0x00, 0x00, 0x00, 0x00, 0x00, 0x00, 
    0x00, 0x00, 0x00, 0x00, 0x00, 0x00, 0x00, 0x00, 0x00, 0x00, 0x00, 0x00, 0x00, 0x00, 0x00, 0x00, 0x00, 0x00, 0x00, 0x00, 0x00, 0x00, 0x00, 0x00, 
    0x00, 0x00, 0x00, 0x00, 0x00, 0x00, 0x00, 0x00, 0x00, 0x00, 0x00, 0x00, 0x00, 0x00, 0x00, 0x00, 0x00, 0x00, 0x00, 0x00, 0x00, 0x00, 0x00, 0x00, 
    0x00, 0x00, 0x00, 0x00, 0x00, 0x00, 0x00, 0x00, 0x00, 0x00, 0x00, 0x00, 0x00, 0x00, 0x00, 0x00, 0x00, 0x00, 0x00, 0x00, 0x00, 0x00, 0x00, 0x00, 
    0x00, 0x00, 0x00, 0x00, 0x00, 0x00, 0x00, 0x00, 0x00, 0x00, 0x00, 0x00, 0x00, 0x00, 0x00, 0x00, 0x00, 0x00, 0x00, 0x00, 0x00, 0x00, 0x00, 0x00, 
    0x00, 0x00, 0x00, 0x00, 0x00, 0x00, 0x00, 0x00, 0x00, 0x00, 0x00, 0x00, 0x00, 0x00, 0x00, 0x00, 0x00, 0x00, 0x00, 0x00, 0x00, 0x00, 0x00, 0x00, 
    0x00, 0x00, 0x00, 0x00, 0x00, 0x00, 0x00, 0x00, 0x00, 0x00, 0x00, 0x00, 0x00, 0x00, 0x00, 0x00, 0x00, 0x00, 0x00, 0x00, 0x00, 0x00, 0x00, 0x00, 
    0x00, 0x00, 0x00, 0x00, 0x00, 0x00, 0x00, 0x00, 0x00, 0x00, 0x00, 0x00, 0x00, 0x00, 0x00, 0x00, 0x00, 0x00, 0x00, 0x00, 0x00, 0x00, 0x00, 0x00, 
    0x00, 0x00, 0x00, 0x00, 0x00, 0x00, 0x00, 0x00, 0x00, 0x00, 0x00, 0x00, 0x00, 0x00, 0x00, 0x00, 0x00, 0x00, 0x00, 0x00, 0x00, 0x00, 0x00, 0x00, 
    0x00, 0x00, 0x00, 0x00, 0x00, 0x00, 0x00, 0x00, 0x00, 0x00, 0x00, 0x00, 0x00, 0x00, 0x00, 0x00, 0x00, 0x00, 0x00, 0x00, 0x00, 0x00, 0x00, 0x00, 
    0x00, 0x00, 0x00, 0x00, 0x00, 0x00, 0x00, 0x00, 0x00, 0x00, 0x00, 0x00, 0x00, 0x00, 0x00, 0x00, 0x00, 0x00, 0x00, 0x00, 0x00, 0x00, 0x00, 0x00, 
    0x00, 0x00, 0x00, 0x00, 0x00, 0x00, 0x00, 0x00, 0x00, 0x00, 0x00, 0x00, 0x00, 0x00, 0x00, 0x00, 0x00, 0x00, 0x00, 0x00, 0x00, 0x00, 0x00, 0x00, 
    0x00, 0x00, 0x00, 0x00, 0x00, 0x00, 0x00, 0x00, 0x00, 0x00, 0x00, 0x00, 0x00, 0x00, 0x00, 0x00, 0x00, 0x00, 0x00, 0x00, 0x00, 0x00, 0x00, 0x00, 
    0x00, 0x00, 0x00, 0x00, 0x00, 0x00, 0x00, 0x00, 0x00, 0x00, 0x00, 0x00, 0x00, 0x00, 0x00, 0x00, 0x00, 0x00, 0x00, 0x00, 0x00, 0x00, 0x00, 0x00, 
    0x00, 0x00, 0x00, 0x00, 0x00, 0x00, 0x00, 0x00, 0x00, 0x00, 0x00, 0x00, 0x00, 0x00, 0x00, 0x00, 0x00, 0x00, 0x00, 0x00, 0x00, 0x00, 0x00, 0x00, 
    0x00, 0x00, 0x00, 0x00, 0x00, 0x00, 0x00, 0x00, 0x00, 0x00, 0x00, 0x00, 0x00, 0x00, 0x00, 0x00, 0x00, 0x00, 0x00, 0x00, 0x00, 0x00, 0x00, 0x00, 
    0x00, 0x00, 0x00, 0x00, 0x00, 0x00, 0x00, 0x00, 0x00, 0x00, 0x00, 0x00, 0x00, 0x00, 0x00, 0x00, 0x00, 0x00, 0x00, 0x00, 0x00, 0x00, 0x00, 0x00, 
    0x00, 0x00, 0x00, 0x00, 0x00, 0x00, 0x00, 0x00, 0x00, 0x00, 0x00, 0x00, 0x00, 0x00, 0x00, 0x00, 0x00, 0x00, 0x00, 0x00, 0x00, 0x00, 0x00, 0x00, 
    0x00, 0x00, 0x00, 0x00, 0x00, 0x00, 0x00, 0x00, 0x00, 0x00, 0x00, 0x00, 0x00, 0x00, 0x00, 0x00, 0x00, 0x00, 0x00, 0x00, 0x00, 0x00, 0x00, 0x00, 
    0x00, 0x00, 0x00, 0x00, 0x00, 0x00, 0x00, 0x00, 0x00, 0x00, 0x00, 0x00, 0x00, 0x00, 0x00, 0x00, 0x00, 0x00, 0x00, 0x00, 0x00, 0x25, 0x5a, 0x0b, 
    0x44, 0x6a, 0x07, 0x00, 0x00, 0x00, 0x00, 0x00, 0x00, 0x00, 0x00, 0x00, 0x00, 0x00, 0x00, 0x00, 0x00, 0x00, 0x00, 0x00, 0x00, 0x00, 0x00, 0x00, 
    0x00, 0x00, 0x00, 0x00, 0x00, 0x00, 0x00, 0x00, 0x00, 0x00, 0x00, 0x00, 0xa0, 0xaa, 0x03, 0x00, 0x00, 0x00, 0xc4, 0x91, 0x8d, 0xe4, 0xc1, 0xff, 
    0xc4, 0xa1, 0xbc, 0x00, 0x00, 0x00, 0x00, 0x00, 0x01, 0x00, 0xf8, 0x01, 0xe7, 0x79, 0x04, 0x89, 0xa2, 0x25, 0x89, 0xaa, 0x1f, 0xe8, 0xb2, 0x61, 
    0xa8, 0xb2, 0x8f, 0x67, 0xb2, 0xb9, 0x25, 0xb2, 0xd5, 0xc4, 0xa9, 0xfb, 0xa3, 0xb9, 0xff, 0x83, 0xb1, 0xff, 0x62, 0xa9, 0xfd, 0x83, 0xb1, 0xfd, 
    0x83, 0xb1, 0xfe, 0x82, 0xb1, 0xfe, 0x62, 0xa9, 0xfe, 0x62, 0xa9, 0xfe, 0x82, 0xb1, 0xfd, 0x62, 0xa9, 0xfe, 0x62, 0xb1, 0xff, 0xa3, 0xb9, 0xff, 
    0xc4, 0xb9, 0xff, 0xe4, 0xa9, 0xf0, 0x05, 0xb2, 0xd3, 0x46, 0xb2, 0xa2, 0x67, 0xb2, 0x55, 0xa8, 0xaa, 0x38, 0x09, 0xb3, 0x2d, 0x8a, 0xab, 0x09, 
    0x00, 0x00, 0x00, 0x00, 0x00, 0x00, 0x00, 0x00, 0x00, 0x00, 0x00, 0x00, 0x05, 0xa2, 0x9b, 0xe5, 0xa9, 0xff, 0x26, 0xa2, 0x27, 0xe7, 0xb9, 0x04, 
    0x00, 0xf8, 0x01, 0x00, 0x00, 0x00, 0x00, 0x00, 0x00, 0x00, 0x00, 0x00, 0xe9, 0xaa, 0x10, 0xa8, 0xb2, 0x35, 0x46, 0xaa, 0x69, 0x26, 0xaa, 0x9a, 
    0x05, 0xaa, 0xbe, 0x05, 0xaa, 0xe8, 0xc4, 0xa9, 0xff, 0xa4, 0xb1, 0xff, 0xa3, 0xb1, 0xff, 0x63, 0xb1, 0xff, 0x63, 0xb1, 0xff, 0x62, 0xb1, 0xff, 
    0x42, 0xa9, 0xff, 0x42, 0xa9, 0xff, 0x42, 0xa9, 0xff, 0x42, 0xa9, 0xfd, 0x42, 0xa9, 0xfd, 0x42, 0xa9, 0xfd, 0x62, 0xa9, 0xfd, 0x62, 0xa9, 0xfd, 
    0x62, 0xa9, 0xfd, 0x62, 0xa9, 0xfd, 0x62, 0xa9, 0xfd, 0x62, 0xa9, 0xff, 0xe5, 0xb1, 0xff, 0xc8, 0xb2, 0x84, 0xc8, 0x9a, 0x22, 0x00, 0xf8, 0x01, 
    0x00, 0xf8, 0x01, 0x00, 0x00, 0x00, 0x00, 0x00, 0x00, 0x00, 0x00, 0x01, 0x00, 0x00, 0x00, 0x00, 0x00, 0x00, 0x00, 0x00, 0x00, 0x00, 0x00, 0x00, 
    0x00, 0x00, 0x00, 0x1f, 0xf8, 0x01, 0xc9, 0x92, 0x11, 0xa8, 0x9a, 0x0f, 0x4a, 0x93, 0x0c, 0x88, 0x92, 0x5c, 0xa8, 0x92, 0x30, 0x26, 0x9b, 0x05, 
    0xe7, 0x7a, 0x08, 0x49, 0x92, 0x07, 0xaa, 0xaa, 0x03, 0xe7, 0xb9, 0x04, 0xaa, 0x7a, 0x06, 0x00, 0x00, 0x01, 0x00, 0x00, 0x00, 0x00, 0x00, 0x00, 
    0x00, 0x00, 0x00, 0x00, 0x00, 0x00, 0x00, 0x00, 0x00, 0x00, 0x00, 0x00, 0x00, 0x00, 0x00, 0x00, 0x00, 0x00, 0x00, 0x00, 0x00, 0x00, 0x00, 0x00, 
    0x00, 0x00, 0x00, 0x00, 0x00, 0x00, 0x00, 0x00, 0x00, 0x00, 0x00, 0x00, 0x00, 0x00, 0x00, 0x00, 0x00, 0x00, 0x00, 0x00, 0x00, 0x00, 0x00, 0x00, 
    0x00, 0x00, 0x00, 0x00, 0x00, 0x00, 0x00, 0x00, 0x00, 0x00, 0x00, 0x00, 0x00, 0x00, 0x00, 0x00, 0x00, 0x00, 0x00, 0x00, 0x00, 0x00, 0x00, 0x00, 
    0x00, 0x00, 0x01, 0x00, 0x00, 0x00, 0x00, 0x00, 0x00, 0x00, 0x00, 0x00, 0x00, 0x00, 0x00, 0x00, 0x00, 0x00, 0x00, 0x00, 0x00, 0x00, 0x00, 0x00, 
    0x00, 0x00, 0x00, 0x00, 0x00, 0x00, 0x00, 0x00, 0x00, 0x00, 0x00, 0x00, 0x00, 0x00, 0x00, 0x00, 0x00, 0x00, 0x00, 0x00, 0x00, 0x00, 0x00, 0x00, 
    0x00, 0x00, 0x00, 0x00, 0x00, 0x00, 0x00, 0x00, 0x00, 0x00, 0x00, 0x00, 0x00, 0x00, 0x00, 0x00, 0x00, 0x00, 0x00, 0x00, 0x00, 0x00, 0x00, 0x00, 
    0x00, 0x00, 0x00, 0x00, 0x00, 0x00, 0x00, 0x00, 0x00, 0x00, 0x00, 0x00, 0x00, 0x00, 0x00, 0x00, 0x00, 0x00, 0x00, 0x00, 0x00, 0x00, 0x00, 0x00, 
    0x00, 0x00, 0x00, 0x00, 0x00, 0x00, 0x00, 0x00, 0x00, 0x00, 0x00, 0x00, 0x00, 0x00, 0x00, 0x00, 0x00, 0x00, 0x00, 0x00, 0x00, 0x00, 0x00, 0x00, 
    0x00, 0x00, 0x00, 0x00, 0x00, 0x00, 0x00, 0x00, 0x00, 0x00, 0x00, 0x00, 0x00, 0x00, 0x00, 0x00, 0x00, 0x00, 0x00, 0x00, 0x00, 0x00, 0x00, 0x00, 
    0x00, 0x00, 0x00, 0x00, 0x00, 0x00, 0x00, 0x00, 0x00, 0x00, 0x00, 0x00, 0x00, 0x00, 0x00, 0x00, 0x00, 0x00, 0x00, 0x00, 0x00, 0x00, 0x00, 0x00, 
    0x00, 0x00, 0x00, 0x00, 0x00, 0x00, 0x00, 0x00, 0x00, 0x00, 0x00, 0x00, 0x00, 0x00, 0x00, 0x00, 0x00, 0x00, 0x00, 0x00, 0x00, 0x00, 0x00, 0x00, 
    0x00, 0x00, 0x00, 0x00, 0x00, 0x00, 0x00, 0x00, 0x00, 0x00, 0x00, 0x00, 0x00, 0x00, 0x00, 0x00, 0x00, 0x00, 0x00, 0x00, 0x00, 0x00, 0x00, 0x00, 
    0x00, 0x00, 0x00, 0x00, 0x00, 0x00, 0x00, 0x00, 0x00, 0x00, 0x00, 0x00, 0x00, 0x00, 0x00, 0x00, 0x00, 0x00, 0x00, 0x00, 0x00, 0x00, 0x00, 0x00, 
    0x00, 0x00, 0x00, 0x00, 0x00, 0x00, 0x00, 0x00, 0x00, 0x00, 0x00, 0x00, 0x00, 0x00, 0x00, 0x00, 0x00, 0x00, 0x00, 0x00, 0x00, 0x00, 0x00, 0x00, 
    0x00, 0x00, 0x00, 0x00, 0x00, 0x00, 0x00, 0x00, 0x00, 0x00, 0x00, 0x00, 0x00, 0x00, 0x00, 0x00, 0x00, 0x00, 0x00, 0x00, 0x00, 0x00, 0x00, 0x00, 
    0x00, 0x00, 0x00, 0x00, 0x00, 0x00, 0x00, 0x00, 0x00, 0x00, 0x00, 0x00, 0x00, 0x00, 0x00, 0x00, 0x00, 0x00, 0x00, 0x00, 0x00, 0x00, 0x00, 0x00, 
    0x00, 0x00, 0x00, 0x00, 0x00, 0x00, 0x00, 0x00, 0x00, 0x00, 0x00, 0x00, 0x00, 0x00, 0x00, 0x00, 0x00, 0x00, 0x00, 0x00, 0x00, 0x00, 0x00, 0x00, 
    0x00, 0x00, 0x00, 0x00, 0x00, 0x00, 0x00, 0x00, 0x00, 0x00, 0x00, 0x00, 0x00, 0x00, 0x00, 0x00, 0x00, 0x00, 0x00, 0x00, 0x00, 0x00, 0x00, 0x00, 
    0x00, 0x00, 0x00, 0x00, 0x00, 0x00, 0x00, 0x00, 0x00, 0x00, 0x00, 0x00, 0x00, 0x00, 0x00, 0x00, 0x00, 0x00, 0x00, 0x00, 0x00, 0x00, 0x00, 0x00, 
    0x00, 0x00, 0x00, 0x00, 0x00, 0x00, 0x00, 0x00, 0x00, 0x00, 0x00, 0x00, 0x00, 0x00, 0x00, 0x00, 0x00, 0x00, 0x00, 0x00, 0x00, 0x00, 0x00, 0x00, 
    0x00, 0x00, 0x00, 0x00, 0x00, 0x00, 0x00, 0x00, 0x00, 0x00, 0x00, 0x00, 0x00, 0x00, 0x00, 0x00, 0x00, 0x00, 0x00, 0x00, 0x00, 0x00, 0x00, 0x00, 
    0x00, 0x00, 0x00, 0x00, 0x00, 0x00, 0x00, 0x00, 0x00, 0x00, 0x00, 0x00, 0x00, 0x00, 0x00, 0x00, 0x00, 0x00, 0x00, 0x00, 0x00, 0x00, 0x00, 0x00, 
    0x00, 0x00, 0x00, 0x00, 0x00, 0x00, 0x00, 0x00, 0x00, 0x00, 0x00, 0x00, 0x00, 0x00, 0x00, 0x00, 0x00, 0x00, 0x00, 0x00, 0x00, 0x00, 0x00, 0x00, 
    0x00, 0x00, 0x00, 0x00, 0x00, 0x00, 0x00, 0x00, 0x00, 0x00, 0x00, 0x00, 0x00, 0x00, 0x00, 0x00, 0x00, 0x00, 0x00, 0x00, 0x00, 0x00, 0x00, 0x00, 
    0x00, 0x00, 0x00, 0x00, 0x00, 0x00, 0x00, 0x00, 0x00, 0x00, 0x00, 0x00, 0x00, 0x00, 0x00, 0x00, 0x00, 0x00, 0x00, 0x00, 0x00, 0x00, 0x00, 0x00, 
    0x00, 0x00, 0x00, 0x00, 0x00, 0x00, 0x00, 0x00, 0x00, 0x00, 0x00, 0x00, 0x00, 0x00, 0x00, 0x00, 0x00, 0x00, 0x00, 0x00, 0x00, 0x00, 0x00, 0x00, 
    0x00, 0x00, 0x00, 0x00, 0x00, 0x00, 0x00, 0x00, 0x00, 0x00, 0x00, 0x00, 0x00, 0x00, 0x00, 0x00, 0x00, 0x00, 0x00, 0x00, 0x00, 0x00, 0x00, 0x00, 
    0x00, 0x00, 0x00, 0x00, 0x00, 0x00, 0x00, 0x00, 0x00, 0x00, 0x00, 0x00, 0x00, 0x00, 0x00, 0x00, 0x00, 0x00, 0x00, 0x00, 0x00, 0x00, 0x00, 0x00, 
    0x00, 0x00, 0x00, 0x00, 0x00, 0x00, 0x00, 0x00, 0x00, 0x00, 0x00, 0x00, 0x00, 0x00, 0x00, 0x00, 0x00, 0x00, 0x00, 0x00, 0x00, 0x00, 0x00, 0x00, 
    0x00, 0x00, 0x00, 0x00, 0x00, 0x00, 0x00, 0x00, 0x00, 0x00, 0x00, 0x00, 0x00, 0x00, 0x00, 0x00, 0x00, 0x00, 0x00, 0x00, 0x00, 0x00, 0x00, 0x00, 
    0x00, 0x00, 0x00, 0x00, 0x00, 0x00, 0x00, 0x00, 0x00, 0x00, 0x00, 0x00, 0x00, 0x00, 0x00, 0x00, 0x00, 0x00, 0x00, 0x00, 0x00, 0x00, 0x00, 0x00, 
    0x00, 0x00, 0x00, 0x00, 0x00, 0x00, 0x00, 0x00, 0x00, 0x00, 0x00, 0x00, 0x00, 0x00, 0x00, 0x00, 0x00, 0x00, 0x00, 0x00, 0x00, 0x00, 0x00, 0x00, 
    0x00, 0x00, 0x00, 0x00, 0x00, 0x00, 0x00, 0x00, 0x00, 0x00, 0x00, 0x00, 0x00, 0x00, 0x00, 0x00, 0x00, 0x00, 0x00, 0x00, 0x00, 0x00, 0x00, 0x00, 
    0x00, 0x00, 0x00, 0x00, 0x00, 0x00, 0x00, 0x00, 0x00, 0x00, 0x00, 0x00, 0x00, 0x00, 0x00, 0x00, 0x00, 0x00, 0x00, 0x00, 0x00, 0x00, 0x00, 0x00, 
    0x00, 0x00, 0x00, 0x00, 0x00, 0x00, 0x00, 0x00, 0x00, 0x00, 0x00, 0x00, 0x00, 0x00, 0x00, 0x00, 0x00, 0x00, 0x00, 0x00, 0x00, 0x00, 0x00, 0x00, 
    0x00, 0x78, 0x02, 0xe7, 0x91, 0x0c, 0x05, 0x9a, 0x46, 0xe5, 0xa1, 0xf6, 0xc5, 0x99, 0x9e, 0x00, 0x00, 0x00, 0x00, 0xf8, 0x01, 0x00, 0x00, 0x00, 
    0x88, 0xa2, 0x13, 0xa9, 0xaa, 0x15, 0xa8, 0xb2, 0x4c, 0x87, 0xba, 0xc1, 0x25, 0xba, 0xf7, 0xc4, 0xb9, 0xff, 0xa3, 0xb9, 0xff, 0xa3, 0xb9, 0xff, 
    0xa3, 0xb9, 0xfc, 0xa3, 0xb9, 0xfd, 0xa3, 0xb9, 0xff, 0xa3, 0xb9, 0xff, 0xc4, 0xb9, 0xfd, 0xc4, 0xb9, 0xfd, 0xa3, 0xb1, 0xfe, 0x83, 0xb1, 0xff, 
    0x83, 0xb1, 0xff, 0xa4, 0xb1, 0xff, 0x83, 0xa1, 0xfb, 0xc4, 0xa9, 0xce, 0x26, 0xaa, 0x8e, 0xa8, 0xb2, 0x3d, 0x0b, 0xb3, 0x17, 0xff, 0x7b, 0x02, 
    0x00, 0x00, 0x00, 0x00, 0x00, 0x00, 0x00, 0x00, 0x00, 0x00, 0x00, 0x01, 0x00, 0xf8, 0x01, 0xe0, 0xfb, 0x02, 0xaa, 0xaa, 0x03, 0xa0, 0xaa, 0x03, 
    0x26, 0x9a, 0x36, 0x05, 0x9a, 0x58, 0x00, 0x00, 0x00, 0x00, 0x00, 0x00, 0x8b, 0xbb, 0x0b, 0x46, 0xa2, 0x3f, 0x05, 0xaa, 0x72, 0x05, 0xb2, 0x98, 
    0x05, 0xaa, 0xcd, 0xc4, 0xa9, 0xf5, 0xe4, 0xb1, 0xff, 0xe4, 0xc1, 0xff, 0xc4, 0xc1, 0xff, 0xc4, 0xb9, 0xff, 0xc3, 0xb9, 0xfe, 0xa4, 0xb9, 0xfc, 
    0xc4, 0xb9, 0xfa, 0xc3, 0xb9, 0xfa, 0xc4, 0xb9, 0xfa, 0xc3, 0xb9, 0xfa, 0xa3, 0xb9, 0xfa, 0xa4, 0xb9, 0xfc, 0xa4, 0xb9, 0xfc, 0xa4, 0xb9, 0xfc, 
    0xa4, 0xb9, 0xfc, 0xa4, 0xb9, 0xfc, 0xa4, 0xb9, 0xfd, 0xa4, 0xb9, 0xff, 0xc4, 0xb9, 0xff, 0xc4, 0xb9, 0xff, 0xa4, 0xb9, 0xff, 0xa3, 0xb9, 0xfb, 
    0xa3, 0xb1, 0xfe, 0x67, 0xaa, 0xa6, 0x8b, 0xab, 0x16, 0xa8, 0x8a, 0x12, 0x00, 0x00, 0x00, 0x00, 0x00, 0x00, 0x00, 0x00, 0x00, 0x00, 0x00, 0x00, 
    0x00, 0x00, 0x00, 0x00, 0x00, 0x00, 0x00, 0x00, 0x00, 0x00, 0x00, 0x00, 0x00, 0x00, 0x00, 0x00, 0x00, 0x00, 0xa8, 0x9a, 0x0f, 0x66, 0x7a, 0x0a, 
    0xeb, 0x9a, 0x08, 0x47, 0x82, 0x59, 0x67, 0x8a, 0x3f, 0x00, 0x00, 0x00, 0x2c, 0x9b, 0x05, 0x00, 0x78, 0x02, 0xef, 0x7b, 0x02, 0xa0, 0x52, 0x03, 
    0x00, 0x00, 0x01, 0x00, 0x00, 0x00, 0x00, 0x00, 0x00, 0x00, 0x00, 0x00, 0x00, 0x00, 0x00, 0x00, 0x00, 0x00, 0x00, 0x00, 0x00, 0x00, 0x00, 0x00, 
    0x00, 0x00, 0x00, 0x00, 0x00, 0x00, 0x00, 0x00, 0x00, 0x00, 0x00, 0x00, 0x00, 0x00, 0x00, 0x00, 0x00, 0x00, 0x00, 0x00, 0x00, 0x00, 0x00, 0x00, 
    0x00, 0x00, 0x00, 0x00, 0x00, 0x00, 0x00, 0x00, 0x00, 0x00, 0x00, 0x00, 0x00, 0x00, 0x00, 0x00, 0x00, 0x00, 0x00, 0x00, 0x00, 0x00, 0x00, 0x00, 
    0x00, 0x00, 0x00, 0x00, 0x00, 0x00, 0x00, 0x00, 0x00, 0x00, 0x00, 0x00, 0x00, 0x00, 0x00, 0x00, 0x00, 0x00, 0x00, 0x00, 0x00, 0x00, 0x00, 0x00, 
    0x00, 0x00, 0x00, 0x00, 0x00, 0x00, 0x00, 0x00, 0x00, 0x00, 0x00, 0x00, 0x00, 0x00, 0x00, 0x00, 0x00, 0x00, 0x00, 0x00, 0x00, 0x00, 0x00, 0x00, 
    0x00, 0x00, 0x00, 0x00, 0x00, 0x00, 0x00, 0x00, 0x00, 0x00, 0x00, 0x00, 0x00, 0x00, 0x00, 0x00, 0x00, 0x00, 0x00, 0x00, 0x00, 0x00, 0x00, 0x00, 
    0x00, 0x00, 0x00, 0x00, 0x00, 0x00, 0x00, 0x00, 0x00, 0x00, 0x00, 0x00, 0x00, 0x00, 0x00, 0x00, 0x00, 0x00, 0x00, 0x00, 0x00, 0x00, 0x00, 0x00, 
    0x00, 0x00, 0x00, 0x00, 0x00, 0x00, 0x00, 0x00, 0x00, 0x00, 0x00, 0x00, 0x00, 0x00, 0x00, 0x00, 0x00, 0x00, 0x00, 0x00, 0x00, 0x00, 0x00, 0x00, 
    0x00, 0x00, 0x00, 0x00, 0x00, 0x00, 0x00, 0x00, 0x00, 0x00, 0x00, 0x00, 0x00, 0x00, 0x00, 0x00, 0x00, 0x00, 0x00, 0x00, 0x00, 0x00, 0x00, 0x00, 
    0x00, 0x00, 0x00, 0x00, 0x00, 0x00, 0x00, 0x00, 0x00, 0x00, 0x00, 0x00, 0x00, 0x00, 0x00, 0x00, 0x00, 0x00, 0x00, 0x00, 0x00, 0x00, 0x00, 0x00, 
    0x00, 0x00, 0x00, 0x00, 0x00, 0x00, 0x00, 0x00, 0x00, 0x00, 0x00, 0x00, 0x00, 0x00, 0x00, 0x00, 0x00, 0x00, 0x00, 0x00, 0x00, 0x00, 0x00, 0x00, 
    0x00, 0x00, 0x00, 0x00, 0x00, 0x00, 0x00, 0x00, 0x00, 0x00, 0x00, 0x00, 0x00, 0x00, 0x00, 0x00, 0x00, 0x00, 0x00, 0x00, 0x00, 0x00, 0x00, 0x00, 
    0x00, 0x00, 0x00, 0x00, 0x00, 0x00, 0x00, 0x00, 0x00, 0x00, 0x00, 0x00, 0x00, 0x00, 0x00, 0x00, 0x00, 0x00, 0x00, 0x00, 0x00, 0x00, 0x00, 0x00, 
    0x00, 0x00, 0x00, 0x00, 0x00, 0x00, 0x00, 0x00, 0x00, 0x00, 0x00, 0x00, 0x00, 0x00, 0x00, 0x00, 0x00, 0x00, 0x00, 0x00, 0x00, 0x00, 0x00, 0x00, 
    0x00, 0x00, 0x00, 0x00, 0x00, 0x00, 0x00, 0x00, 0x00, 0x00, 0x00, 0x00, 0x00, 0x00, 0x00, 0x00, 0x00, 0x00, 0x00, 0x00, 0x00, 0x00, 0x00, 0x00, 
    0x00, 0x00, 0x00, 0x00, 0x00, 0x00, 0x00, 0x00, 0x00, 0x00, 0x00, 0x00, 0x00, 0x00, 0x00, 0x00, 0x00, 0x00, 0x00, 0x00, 0x00, 0x00, 0x00, 0x00, 
    0x00, 0x00, 0x00, 0x00, 0x00, 0x00, 0x00, 0x00, 0x00, 0x00, 0x00, 0x00, 0x00, 0x00, 0x00, 0x00, 0x00, 0x00, 0x00, 0x00, 0x00, 0x00, 0x00, 0x00, 
    0x00, 0x00, 0x00, 0x00, 0x00, 0x00, 0x00, 0x00, 0x00, 0x00, 0x00, 0x00, 0x00, 0x00, 0x00, 0x00, 0x00, 0x00, 0x00, 0x00, 0x00, 0x00, 0x00, 0x00, 
    0x00, 0x00, 0x00, 0x00, 0x00, 0x00, 0x00, 0x00, 0x00, 0x00, 0x00, 0x00, 0x00, 0x00, 0x00, 0x00, 0x00, 0x00, 0x00, 0x00, 0x00, 0x00, 0x00, 0x00, 
    0x00, 0x00, 0x00, 0x00, 0x00, 0x00, 0x00, 0x00, 0x00, 0x00, 0x00, 0x00, 0x00, 0x00, 0x00, 0x00, 0x00, 0x00, 0x00, 0x00, 0x00, 0x00, 0x00, 0x00, 
    0x00, 0x00, 0x00, 0x00, 0x00, 0x00, 0x00, 0x00, 0x00, 0x00, 0x00, 0x00, 0x00, 0x00, 0x00, 0x00, 0x00, 0x00, 0x00, 0x00, 0x00, 0x00, 0x00, 0x00, 
    0x00, 0x00, 0x00, 0x00, 0x00, 0x00, 0x00, 0x00, 0x00, 0x00, 0x00, 0x00, 0x00, 0x00, 0x00, 0x00, 0x00, 0x00, 0x00, 0x00, 0x00, 0x00, 0x00, 0x00, 
    0x00, 0x00, 0x00, 0x00, 0x00, 0x00, 0x00, 0x00, 0x00, 0x00, 0x00, 0x00, 0x00, 0x00, 0x00, 0x00, 0x00, 0x00, 0x00, 0x00, 0x00, 0x00, 0x00, 0x00, 
    0x00, 0x00, 0x00, 0x00, 0x00, 0x00, 0x00, 0x00, 0x00, 0x00, 0x00, 0x00, 0x00, 0x00, 0x00, 0x00, 0x00, 0x00, 0x00, 0x00, 0x00, 0x00, 0x00, 0x00, 
    0x00, 0x00, 0x00, 0x00, 0x00, 0x00, 0x00, 0x00, 0x00, 0x00, 0x00, 0x00, 0x00, 0x00, 0x00, 0x00, 0x00, 0x00, 0x00, 0x00, 0x00, 0x00, 0x00, 0x00, 
    0x00, 0x00, 0x00, 0x00, 0x00, 0x00, 0x00, 0x00, 0x00, 0x00, 0x00, 0x00, 0x00, 0x00, 0x00, 0x00, 0x00, 0x00, 0x00, 0x00, 0x00, 0x00, 0x00, 0x00, 
    0x00, 0x00, 0x00, 0x00, 0x00, 0x00, 0x00, 0x00, 0x00, 0x00, 0x00, 0x00, 0x00, 0x00, 0x00, 0x00, 0x00, 0x00, 0x00, 0x00, 0x00, 0x00, 0x00, 0x00, 
    0x00, 0x00, 0x00, 0x00, 0x00, 0x00, 0x00, 0x00, 0x00, 0x00, 0x00, 0x00, 0x00, 0x00, 0x00, 0x00, 0x00, 0x00, 0x00, 0x00, 0x00, 0x00, 0x00, 0x00, 
    0x00, 0x00, 0x00, 0x00, 0x00, 0x00, 0x00, 0x00, 0x00, 0x00, 0x00, 0x00, 0x00, 0x00, 0x00, 0x00, 0x00, 0x00, 0x00, 0x00, 0x00, 0x00, 0x00, 0x00, 
    0x00, 0x00, 0x00, 0x00, 0x00, 0x00, 0x00, 0x00, 0x00, 0x00, 0x00, 0x00, 0x00, 0x00, 0x00, 0x00, 0x00, 0x00, 0x00, 0x00, 0x00, 0x00, 0x00, 0x00, 
    0x00, 0x00, 0x00, 0x00, 0x00, 0x00, 0x00, 0x00, 0x00, 0x00, 0x00, 0x00, 0x00, 0x00, 0x00, 0x00, 0x00, 0x00, 0x00, 0x00, 0x00, 0x00, 0x00, 0x00, 
    0x00, 0x00, 0x00, 0x00, 0x00, 0x00, 0x00, 0x00, 0x00, 0x00, 0x00, 0x00, 0x00, 0x00, 0x00, 0x00, 0x00, 0x00, 0x00, 0x00, 0x00, 0x00, 0x00, 0x00, 
    0x00, 0x00, 0x00, 0x00, 0x00, 0x00, 0x00, 0x00, 0x00, 0x00, 0x00, 0x00, 0x00, 0x00, 0x00, 0x00, 0x00, 0x00, 0x00, 0x00, 0x00, 0x00, 0x00, 0x00, 
    0x00, 0x00, 0x00, 0x00, 0x00, 0x00, 0x00, 0x00, 0x00, 0x00, 0x00, 0x00, 0x00, 0x00, 0x00, 0x00, 0x00, 0x00, 0x00, 0x00, 0x00, 0x00, 0x00, 0x00, 
    0x00, 0x00, 0x00, 0x00, 0x00, 0x00, 0x00, 0x00, 0x00, 0x00, 0x00, 0x00, 0x00, 0x00, 0x00, 0x00, 0x00, 0x00, 0x00, 0x00, 0x00, 0x00, 0x00, 0x00, 
    0x00, 0x00, 0x00, 0x00, 0x00, 0x00, 0x00, 0x00, 0x00, 0x00, 0x00, 0x00, 0x00, 0x00, 0x00, 0x86, 0x99, 0x05, 0x00, 0x00, 0x00, 0xe6, 0x89, 0x29, 
    0xa8, 0xaa, 0x0f, 0x00, 0x00, 0x00, 0x00, 0x00, 0x01, 0x47, 0x92, 0x15, 0x88, 0x9a, 0x19, 0xa9, 0xaa, 0x43, 0xa8, 0xba, 0xa9, 0x05, 0xba, 0xff, 
    0xa3, 0xb9, 0xff, 0xa3, 0xb9, 0xfd, 0xa3, 0xb9, 0xfd, 0xa3, 0xb1, 0xfe, 0xa3, 0xb1, 0xfe, 0xa3, 0xb9, 0xfd, 0xa3, 0xb9, 0xfd, 0xa3, 0xb9, 0xfe, 
    0xc4, 0xb9, 0xff, 0xe4, 0xb9, 0xff, 0xe4, 0xb9, 0xff, 0x05, 0xb2, 0xf2, 0x25, 0xaa, 0xcb, 0x47, 0xb2, 0x73, 0x88, 0xb2, 0x3f, 0x4a, 0xbb, 0x13, 
    0x00, 0x00, 0x00, 0x00, 0x00, 0x00, 0x00, 0x00, 0x00, 0x00, 0xf8, 0x01, 0xaa, 0xaa, 0x03, 0x00, 0xf8, 0x01, 0x00, 0x00, 0x00, 0x00, 0x00, 0x00, 
    0x00, 0x00, 0x00, 0x00, 0x00, 0x00, 0x00, 0x00, 0x00, 0x00, 0x00, 0x00, 0x00, 0x00, 0x00, 0xa7, 0xaa, 0x09, 0x26, 0xa2, 0x53, 0x05, 0xaa, 0x93, 
    0xe5, 0xa9, 0xc9, 0xa4, 0xa1, 0xfc, 0xc3, 0xb1, 0xff, 0xc4, 0xb9, 0xff, 0xc3, 0xb9, 0xff, 0xa3, 0xb9, 0xff, 0xa3, 0xb9, 0xfb, 0xa3, 0xb9, 0xf9, 
    0xc3, 0xb9, 0xfb, 0xc4, 0xb9, 0xff, 0xe4, 0xb9, 0xff, 0xe4, 0xb9, 0xff, 0xe4, 0xb9, 0xff, 0xe4, 0xb9, 0xff, 0xe4, 0xc1, 0xff, 0xe4, 0xb9, 0xff, 
    0xe4, 0xb9, 0xff, 0xe4, 0xb9, 0xff, 0xe4, 0xb9, 0xff, 0xe4, 0xb9, 0xff, 0xe4, 0xb9, 0xff, 0xe4, 0xb9, 0xff, 0xc4, 0xb9, 0xff, 0xa3, 0xb9, 0xff, 
    0xc4, 0xb9, 0xff, 0xc4, 0xb9, 0xff, 0xa3, 0xb9, 0xfe, 0xa3, 0xb9, 0xff, 0xe5, 0xb1, 0xfc, 0xa8, 0xb2, 0x88, 0xc8, 0x9a, 0x19, 0x49, 0x92, 0x07, 
    0x00, 0x00, 0x00, 0x00, 0x00, 0x00, 0x00, 0x00, 0x00, 0x00, 0x00, 0x00, 0x00, 0x00, 0x00, 0x00, 0x00, 0x00, 0x00, 0x00, 0x00, 0x00, 0x00, 0x00, 
    0x00, 0x00, 0x00, 0x00, 0x00, 0x00, 0x00, 0x00, 0x00, 0x00, 0x78, 0x02, 0xe7, 0x79, 0x04, 0x00, 0x00, 0x00, 0x00, 0x00, 0x00, 0xaa, 0xaa, 0x03, 
    0xef, 0x7b, 0x02, 0x00, 0x00, 0x00, 0x00, 0xf8, 0x01, 0x00, 0x00, 0x01, 0x00, 0x00, 0x00, 0x00, 0x00, 0x00, 0x00, 0x00, 0x00, 0x00, 0x00, 0x00, 
    0x00, 0x00, 0x00, 0x00, 0x00, 0x00, 0x00, 0x00, 0x00, 0x00, 0x00, 0x00, 0x00, 0x00, 0x00, 0x00, 0x00, 0x00, 0x00, 0x00, 0x00, 0x00, 0x00, 0x00, 
    0x00, 0x00, 0x00, 0x00, 0x00, 0x00, 0x00, 0x00, 0x00, 0x00, 0x00, 0x00, 0x00, 0x00, 0x00, 0x00, 0x00, 0x00, 0x00, 0x00, 0x00, 0x00, 0x00, 0x00, 
    0x00, 0x00, 0x00, 0x00, 0x00, 0x00, 0x00, 0x00, 0x00, 0x00, 0x00, 0x00, 0x00, 0x00, 0x00, 0x00, 0x00, 0x00, 0x00, 0x00, 0x00, 0x00, 0x00, 0x00, 
    0x00, 0x00, 0x00, 0x00, 0x78, 0x02, 0x00, 0xf8, 0x01, 0x00, 0x00, 0x00, 0x00, 0x00, 0x00, 0x00, 0x00, 0x00, 0x00, 0x00, 0x00, 0x00, 0x00, 0x00, 
    0x00, 0x00, 0x00, 0x00, 0x00, 0x00, 0x00, 0x00, 0x00, 0x00, 0x00, 0x00, 0x00, 0x00, 0x00, 0x00, 0x00, 0x00, 0x00, 0x00, 0x00, 0x00, 0x00, 0x00, 
    0x00, 0x00, 0x00, 0x00, 0x00, 0x00, 0x00, 0x00, 0x00, 0x00, 0x00, 0x00, 0x00, 0x00, 0x00, 0x00, 0x00, 0x00, 0x00, 0x00, 0x00, 0x00, 0x00, 0x00, 
    0x00, 0x00, 0x00, 0x00, 0x00, 0x00, 0x00, 0x00, 0x00, 0x00, 0x00, 0x00, 0x00, 0x00, 0x00, 0x00, 0x00, 0x00, 0x00, 0x00, 0x00, 0x00, 0x00, 0x00, 
    0x00, 0x00, 0x00, 0x00, 0x00, 0x00, 0x00, 0x00, 0x00, 0x00, 0x00, 0x00, 0x00, 0x00, 0x00, 0x00, 0x00, 0x00, 0x00, 0x00, 0x00, 0x00, 0x00, 0x00, 
    0x00, 0x00, 0x00, 0x00, 0x00, 0x00, 0x00, 0x00, 0x00, 0x00, 0x00, 0x00, 0x00, 0x00, 0x00, 0x00, 0x00, 0x00, 0x00, 0x00, 0x00, 0x00, 0x00, 0x00, 
    0x00, 0x00, 0x00, 0x00, 0x00, 0x00, 0x00, 0x00, 0x00, 0x00, 0x00, 0x00, 0x00, 0x00, 0x00, 0x00, 0x00, 0x00, 0x00, 0x00, 0x00, 0x00, 0x00, 0x00, 
    0x00, 0x00, 0x00, 0x00, 0x00, 0x00, 0x00, 0x00, 0x00, 0x00, 0x00, 0x00, 0x00, 0x00, 0x00, 0x00, 0x00, 0x00, 0x00, 0x00, 0x00, 0x00, 0x00, 0x00, 
    0x00, 0x00, 0x00, 0x00, 0x00, 0x00, 0x00, 0x00, 0x00, 0x00, 0x00, 0x00, 0x00, 0x00, 0x00, 0x00, 0x00, 0x00, 0x00, 0x00, 0x00, 0x00, 0x00, 0x00, 
    0x00, 0x00, 0x00, 0x00, 0x00, 0x00, 0x00, 0x00, 0x00, 0x00, 0x00, 0x00, 0x00, 0x00, 0x00, 0x00, 0x00, 0x00, 0x00, 0x00, 0x00, 0x00, 0x00, 0x00, 
    0x00, 0x00, 0x00, 0x00, 0x00, 0x00, 0x00, 0x00, 0x00, 0x00, 0x00, 0x00, 0x00, 0x00, 0x00, 0x00, 0x00, 0x00, 0x00, 0x00, 0x00, 0x00, 0x00, 0x00, 
    0x00, 0x00, 0x00, 0x00, 0x00, 0x00, 0x00, 0x00, 0x00, 0x00, 0x00, 0x00, 0x00, 0x00, 0x00, 0x00, 0x00, 0x00, 0x00, 0x00, 0x00, 0x00, 0x00, 0x00, 
    0x00, 0x00, 0x00, 0x00, 0x00, 0x00, 0x00, 0x00, 0x00, 0x00, 0x00, 0x00, 0x00, 0x00, 0x00, 0x00, 0x00, 0x00, 0x00, 0x00, 0x00, 0x00, 0x00, 0x00, 
    0x00, 0x00, 0x00, 0x00, 0x00, 0x00, 0x00, 0x00, 0x00, 0x00, 0x00, 0x00, 0x00, 0x00, 0x00, 0x00, 0x00, 0x00, 0x00, 0x00, 0x00, 0x00, 0x00, 0x00, 
    0x00, 0x00, 0x00, 0x00, 0x00, 0x00, 0x00, 0x00, 0x00, 0x00, 0x00, 0x00, 0x00, 0x00, 0x00, 0x00, 0x00, 0x00, 0x00, 0x00, 0x00, 0x00, 0x00, 0x00, 
    0x00, 0x00, 0x00, 0x00, 0x00, 0x00, 0x00, 0x00, 0x00, 0x00, 0x00, 0x00, 0x00, 0x00, 0x00, 0x00, 0x00, 0x00, 0x00, 0x00, 0x00, 0x00, 0x00, 0x00, 
    0x00, 0x00, 0x00, 0x00, 0x00, 0x00, 0x00, 0x00, 0x00, 0x00, 0x00, 0x00, 0x00, 0x00, 0x00, 0x00, 0x00, 0x00, 0x00, 0x00, 0x00, 0x00, 0x00, 0x00, 
    0x00, 0x00, 0x00, 0x00, 0x00, 0x00, 0x00, 0x00, 0x00, 0x00, 0x00, 0x00, 0x00, 0x00, 0x00, 0x00, 0x00, 0x00, 0x00, 0x00, 0x00, 0x00, 0x00, 0x00, 
    0x00, 0x00, 0x00, 0x00, 0x00, 0x00, 0x00, 0x00, 0x00, 0x00, 0x00, 0x00, 0x00, 0x00, 0x00, 0x00, 0x00, 0x00, 0x00, 0x00, 0x00, 0x00, 0x00, 0x00, 
    0x00, 0x00, 0x00, 0x00, 0x00, 0x00, 0x00, 0x00, 0x00, 0x00, 0x00, 0x00, 0x00, 0x00, 0x00, 0x00, 0x00, 0x00, 0x00, 0x00, 0x00, 0x00, 0x00, 0x00, 
    0x00, 0x00, 0x00, 0x00, 0x00, 0x00, 0x00, 0x00, 0x00, 0x00, 0x00, 0x00, 0x00, 0x00, 0x00, 0x00, 0x00, 0x00, 0x00, 0x00, 0x00, 0x00, 0x00, 0x00, 
    0x00, 0x00, 0x00, 0x00, 0x00, 0x00, 0x00, 0x00, 0x00, 0x00, 0x00, 0x00, 0x00, 0x00, 0x00, 0x00, 0x00, 0x00, 0x00, 0x00, 0x00, 0x00, 0x00, 0x00, 
    0x00, 0x00, 0x00, 0x00, 0x00, 0x00, 0x00, 0x00, 0x00, 0x00, 0x00, 0x00, 0x00, 0x00, 0x00, 0x00, 0x00, 0x00, 0x00, 0x00, 0x00, 0x00, 0x00, 0x00, 
    0x00, 0x00, 0x00, 0x00, 0x00, 0x00, 0x00, 0x00, 0x00, 0x00, 0x00, 0x00, 0x00, 0x00, 0x00, 0x00, 0x00, 0x00, 0x00, 0x00, 0x00, 0x00, 0x00, 0x00, 
    0x00, 0x00, 0x00, 0x00, 0x00, 0x00, 0x00, 0x00, 0x00, 0x00, 0x00, 0x00, 0x00, 0x00, 0x00, 0x00, 0x00, 0x00, 0x00, 0x00, 0x00, 0x00, 0x00, 0x00, 
    0x00, 0x00, 0x00, 0x00, 0x00, 0x00, 0x00, 0x00, 0x00, 0x00, 0x00, 0x00, 0x00, 0x00, 0x00, 0x00, 0x00, 0x00, 0x00, 0x00, 0x00, 0x00, 0x00, 0x00, 
    0x00, 0x00, 0x00, 0x00, 0x00, 0x00, 0x00, 0x00, 0x00, 0x00, 0x00, 0x00, 0x00, 0x00, 0x00, 0x00, 0x00, 0x00, 0x00, 0x00, 0x00, 0x00, 0x00, 0x00, 
    0x00, 0x00, 0x00, 0x00, 0x00, 0x00, 0x00, 0x00, 0x00, 0x00, 0x00, 0x00, 0x00, 0x00, 0x00, 0x00, 0x00, 0x00, 0x00, 0x00, 0x00, 0x00, 0x00, 0x00, 
    0x00, 0x00, 0x00, 0x00, 0x00, 0x00, 0x00, 0x00, 0x00, 0x00, 0x00, 0x00, 0x00, 0x00, 0x00, 0x00, 0x00, 0x00, 0x00, 0x00, 0x00, 0x00, 0x00, 0x00, 
    0x00, 0x00, 0x00, 0x00, 0x00, 0x00, 0x00, 0x00, 0x00, 0x00, 0x00, 0x00, 0x00, 0x00, 0x00, 0x00, 0x00, 0x00, 0x00, 0x00, 0x00, 0x00, 0x00, 0x00, 
    0x00, 0x00, 0x00, 0x00, 0x00, 0x00, 0x00, 0x00, 0x00, 0x00, 0x00, 0x00, 0x00, 0x00, 0x00, 0x00, 0x00, 0x00, 0x00, 0x00, 0x00, 0x00, 0x00, 0x00, 
    0x00, 0x00, 0x00, 0x00, 0x00, 0x00, 0x00, 0x00, 0x00, 0x00, 0x00, 0x00, 0x00, 0x00, 0x00, 0x00, 0x00, 0x00, 0x00, 0x00, 0x00, 0x00, 0x00, 0x00, 
    0x00, 0x00, 0x00, 0x00, 0x00, 0x00, 0x00, 0x00, 0x01, 0x00, 0x00, 0x00, 0x00, 0x00, 0x00, 0x00, 0x00, 0x00, 0x00, 0x00, 0x00, 0x47, 0x92, 0x15, 
    0x68, 0x92, 0x1a, 0xe9, 0xba, 0x65, 0xc8, 0xc2, 0xe8, 0xa4, 0xb1, 0xfe, 0x83, 0xb1, 0xfc, 0xa3, 0xb9, 0xfe, 0xa3, 0xb1, 0xfe, 0xa3, 0xb1, 0xfe, 
    0xa3, 0xb1, 0xff, 0xa3, 0xb9, 0xff, 0xc4, 0xb9, 0xff, 0xc4, 0xb1, 0xff, 0x25, 0xb2, 0xe0, 0x26, 0xaa, 0xaf, 0x87, 0xb2, 0x63, 0xc8, 0xb2, 0x35, 
    0x29, 0xbb, 0x1e, 0x00, 0x00, 0x00, 0x00, 0x00, 0x00, 0x00, 0x00, 0x00, 0x00, 0xf8, 0x01, 0x00, 0xf8, 0x01, 0x00, 0xf8, 0x01, 0x00, 0x00, 0x00, 
    0x00, 0x00, 0x00, 0x00, 0x00, 0x00, 0x00, 0x00, 0x00, 0x00, 0x00, 0x00, 0x00, 0x00, 0x00, 0x00, 0x00, 0x00, 0x00, 0x00, 0x00, 0x26, 0xa2, 0x47, 
    0x05, 0xa2, 0x92, 0xa4, 0xa9, 0xdb, 0xa4, 0xa9, 0xff, 0xa3, 0xb1, 0xff, 0x82, 0xb1, 0xff, 0x62, 0xb1, 0xfe, 0x62, 0xb1, 0xfa, 0x83, 0xb1, 0xfa, 
    0xa3, 0xb1, 0xff, 0xc4, 0xb9, 0xff, 0xc4, 0xb9, 0xff, 0xc4, 0xb9, 0xff, 0xc4, 0xb1, 0xff, 0xe4, 0xb1, 0xfa, 0xe4, 0xa9, 0xe8, 0x05, 0xb2, 0xd7, 
    0xe5, 0xa9, 0xcc, 0x05, 0xaa, 0xb8, 0x46, 0xaa, 0xb9, 0x26, 0xaa, 0xac, 0x05, 0xa2, 0x90, 0x26, 0xaa, 0x93, 0x46, 0xaa, 0xa1, 0x46, 0xaa, 0x95, 
    0x26, 0xa2, 0xa1, 0x46, 0xaa, 0xa5, 0x46, 0xb2, 0xcc, 0xe4, 0xb1, 0xfd, 0x05, 0xba, 0xfb, 0xe4, 0xb9, 0xfe, 0xc3, 0xb9, 0xff, 0x05, 0xb2, 0xfa, 
    0xa8, 0xba, 0x9f, 0x09, 0xb3, 0x2a, 0xc8, 0x9a, 0x17, 0x88, 0x9a, 0x19, 0xe7, 0xb9, 0x04, 0x00, 0x00, 0x00, 0x00, 0x00, 0x00, 0x00, 0x00, 0x00, 
    0x00, 0x00, 0x00, 0x00, 0x00, 0x00, 0x00, 0x00, 0x00, 0x00, 0x00, 0x00, 0x00, 0x00, 0x00, 0x00, 0x00, 0x00, 0x00, 0x00, 0x00, 0x00, 0x00, 0x00, 
    0xaa, 0xaa, 0x03, 0xe6, 0x79, 0x3d, 0xe5, 0x79, 0x11, 0xe0, 0xff, 0x01, 0x00, 0xf8, 0x01, 0x00, 0x00, 0x00, 0x00, 0x00, 0x00, 0x00, 0x00, 0x00, 
    0x00, 0x00, 0x00, 0x00, 0x00, 0x00, 0x00, 0x00, 0x00, 0x00, 0x00, 0x00, 0x00, 0x00, 0x00, 0x00, 0x00, 0x00, 0x00, 0x00, 0x00, 0x00, 0x00, 0x00, 
    0x00, 0x00, 0x00, 0x00, 0x00, 0x00, 0x00, 0x00, 0x00, 0x00, 0x00, 0x00, 0x00, 0x00, 0x00, 0x00, 0x00, 0x00, 0x00, 0x00, 0x00, 0x00, 0x00, 0x00, 
    0x00, 0x00, 0x00, 0x00, 0x00, 0x00, 0x00, 0x00, 0x00, 0x00, 0x00, 0x00, 0x00, 0x00, 0x00, 0x00, 0x00, 0x00, 0x00, 0x00, 0x00, 0x00, 0x00, 0x00, 
    0x00, 0x00, 0x00, 0x00, 0x00, 0x00, 0x00, 0x00, 0x00, 0x00, 0x00, 0x00, 0x00, 0x00, 0x00, 0x00, 0x00, 0x00, 0x00, 0x00, 0x00, 0x00, 0x00, 0x00, 
    0x00, 0x00, 0x00, 0x00, 0x00, 0x00, 0x00, 0x00, 0x00, 0x00, 0x00, 0x00, 0x00, 0x00, 0x00, 0x00, 0x00, 0x00, 0x00, 0x00, 0x00, 0x00, 0x00, 0x00, 
    0x00, 0x00, 0x00, 0x00, 0x00, 0x00, 0x00, 0x00, 0x00, 0x00, 0x00, 0x00, 0x00, 0x00, 0x00, 0x00, 0x00, 0x00, 0x00, 0x00, 0x00, 0x00, 0x00, 0x00, 
    0x00, 0x00, 0x00, 0x00, 0x00, 0x00, 0x00, 0x00, 0x00, 0x00, 0x00, 0x00, 0x00, 0x00, 0x00, 0x00, 0x00, 0x00, 0x00, 0x00, 0x00, 0x00, 0x00, 0x00, 
    0x00, 0x00, 0x00, 0x00, 0x00, 0x00, 0x00, 0x00, 0x00, 0x00, 0x00, 0x00, 0x00, 0x00, 0x00, 0x00, 0x00, 0x00, 0x00, 0x00, 0x00, 0x00, 0x00, 0x00, 
    0x00, 0x00, 0x00, 0x00, 0x00, 0x00, 0x00, 0x00, 0x00, 0x00, 0x00, 0x00, 0x00, 0x00, 0x00, 0x00, 0x00, 0x00, 0x00, 0x00, 0x00, 0x00, 0x00, 0x00, 
    0x00, 0x00, 0x00, 0x00, 0x00, 0x00, 0x00, 0x00, 0x00, 0x00, 0x00, 0x00, 0x00, 0x00, 0x00, 0x00, 0x00, 0x00, 0x00, 0x00, 0x00, 0x00, 0x00, 0x00, 
    0x00, 0x00, 0x00, 0x00, 0x00, 0x00, 0x00, 0x00, 0x00, 0x00, 0x00, 0x00, 0x00, 0x00, 0x00, 0x00, 0x00, 0x00, 0x00, 0x00, 0x00, 0x00, 0x00, 0x00, 
    0x00, 0x00, 0x00, 0x00, 0x00, 0x00, 0x00, 0x00, 0x00, 0x00, 0x00, 0x00, 0x00, 0x00, 0x00, 0x00, 0x00, 0x00, 0x00, 0x00, 0x00, 0x00, 0x00, 0x00, 
    0x00, 0x00, 0x00, 0x00, 0x00, 0x00, 0x00, 0x00, 0x00, 0x00, 0x00, 0x00, 0x00, 0x00, 0x00, 0x00, 0x00, 0x00, 0x00, 0x00, 0x00, 0x00, 0x00, 0x00, 
    0x00, 0x00, 0x00, 0x00, 0x00, 0x00, 0x00, 0x00, 0x00, 0x00, 0x00, 0x00, 0x00, 0x00, 0x00, 0x00, 0x00, 0x00, 0x00, 0x00, 0x00, 0x00, 0x00, 0x00, 
    0x00, 0x00, 0x00, 0x00, 0x00, 0x00, 0x00, 0x00, 0x00, 0x00, 0x00, 0x00, 0x00, 0x00, 0x00, 0x00, 0x00, 0x00, 0x00, 0x00, 0x00, 0x00, 0x00, 0x00, 
    0x00, 0x00, 0x00, 0x00, 0x00, 0x00, 0x00, 0x00, 0x00, 0x00, 0x00, 0x00, 0x00, 0x00, 0x00, 0x00, 0x00, 0x00, 0x00, 0x00, 0x00, 0x00, 0x00, 0x00, 
    0x00, 0x00, 0x00, 0x00, 0x00, 0x00, 0x00, 0x00, 0x00, 0x00, 0x00, 0x00, 0x00, 0x00, 0x00, 0x00, 0x00, 0x00, 0x00, 0x00, 0x00, 0x00, 0x00, 0x00, 
    0x00, 0x00, 0x00, 0x00, 0x00, 0x00, 0x00, 0x00, 0x00, 0x00, 0x00, 0x00, 0x00, 0x00, 0x00, 0x00, 0x00, 0x00, 0x00, 0x00, 0x00, 0x00, 0x00, 0x00, 
    0x00, 0x00, 0x00, 0x00, 0x00, 0x00, 0x00, 0x00, 0x00, 0x00, 0x00, 0x00, 0x00, 0x00, 0x00, 0x00, 0x00, 0x00, 0x00, 0x00, 0x00, 0x00, 0x00, 0x00, 
    0x00, 0x00, 0x00, 0x00, 0x00, 0x00, 0x00, 0x00, 0x00, 0x00, 0x00, 0x00, 0x00, 0x00, 0x00, 0x00, 0x00, 0x00, 0x00, 0x00, 0x00, 0x00, 0x00, 0x00, 
    0x00, 0x00, 0x00, 0x00, 0x00, 0x00, 0x00, 0x00, 0x00, 0x00, 0x00, 0x00, 0x00, 0x00, 0x00, 0x00, 0x00, 0x00, 0x00, 0x00, 0x00, 0x00, 0x00, 0x00, 
    0x00, 0x00, 0x00, 0x00, 0x00, 0x00, 0x00, 0x00, 0x00, 0x00, 0x00, 0x00, 0x00, 0x00, 0x00, 0x00, 0x00, 0x00, 0x00, 0x00, 0x00, 0x00, 0x00, 0x00, 
    0x00, 0x00, 0x00, 0x00, 0x00, 0x00, 0x00, 0x00, 0x00, 0x00, 0x00, 0x00, 0x00, 0x00, 0x00, 0x00, 0x00, 0x00, 0x00, 0x00, 0x00, 0x00, 0x00, 0x00, 
    0x00, 0x00, 0x00, 0x00, 0x00, 0x00, 0x00, 0x00, 0x00, 0x00, 0x00, 0x00, 0x00, 0x00, 0x00, 0x00, 0x00, 0x00, 0x00, 0x00, 0x00, 0x00, 0x00, 0x00, 
    0x00, 0x00, 0x00, 0x00, 0x00, 0x00, 0x00, 0x00, 0x00, 0x00, 0x00, 0x00, 0x00, 0x00, 0x00, 0x00, 0x00, 0x00, 0x00, 0x00, 0x00, 0x00, 0x00, 0x00, 
    0x00, 0x00, 0x00, 0x00, 0x00, 0x00, 0x00, 0x00, 0x00, 0x00, 0x00, 0x00, 0x00, 0x00, 0x00, 0x00, 0x00, 0x00, 0x00, 0x00, 0x00, 0x00, 0x00, 0x00, 
    0x00, 0x00, 0x00, 0x00, 0x00, 0x00, 0x00, 0x00, 0x00, 0x00, 0x00, 0x00, 0x00, 0x00, 0x00, 0x00, 0x00, 0x00, 0x00, 0x00, 0x00, 0x00, 0x00, 0x00, 
    0x00, 0x00, 0x00, 0x00, 0x00, 0x00, 0x00, 0x00, 0x00, 0x00, 0x00, 0x00, 0x00, 0x00, 0x00, 0x00, 0x00, 0x00, 0x00, 0x00, 0x00, 0x00, 0x00, 0x00, 
    0x00, 0x00, 0x00, 0x00, 0x00, 0x00, 0x00, 0x00, 0x00, 0x00, 0x00, 0x00, 0x00, 0x00, 0x00, 0x00, 0x00, 0x00, 0x00, 0x00, 0x00, 0x00, 0x00, 0x00, 
    0x00, 0x00, 0x00, 0x00, 0x00, 0x00, 0x00, 0x00, 0x00, 0x00, 0x00, 0x00, 0x00, 0x00, 0x00, 0x00, 0x00, 0x00, 0x00, 0x00, 0x00, 0x00, 0x00, 0x00, 
    0x00, 0x00, 0x00, 0x00, 0x00, 0x00, 0x00, 0x00, 0x00, 0x00, 0x00, 0x00, 0x00, 0x00, 0x00, 0x00, 0x00, 0x00, 0x00, 0x00, 0x00, 0x00, 0x00, 0x00, 
    0x00, 0x00, 0x00, 0x00, 0x00, 0x00, 0x00, 0x00, 0x00, 0x00, 0x00, 0x00, 0x00, 0x00, 0x00, 0x00, 0x00, 0x00, 0x00, 0x00, 0x00, 0x00, 0x00, 0x00, 
    0x00, 0x00, 0x00, 0x00, 0x00, 0x00, 0x00, 0x00, 0x00, 0x00, 0x00, 0x00, 0x00, 0x00, 0x00, 0x00, 0x00, 0x00, 0x00, 0x00, 0x00, 0x00, 0x00, 0x00, 
    0x00, 0x00, 0x00, 0x00, 0x00, 0x00, 0x00, 0x00, 0x00, 0x00, 0x00, 0x00, 0x00, 0x00, 0x00, 0x00, 0x00, 0x00, 0x00, 0x00, 0x00, 0x00, 0x00, 0x00, 
    0x00, 0x00, 0x00, 0x00, 0x00, 0x00, 0x00, 0x00, 0x00, 0x00, 0x00, 0x00, 0x00, 0x00, 0x00, 0x00, 0x00, 0x00, 0x00, 0x00, 0x00, 0x00, 0x00, 0x00, 
    0x00, 0x00, 0x00, 0x00, 0x00, 0x00, 0x00, 0x00, 0x00, 0x00, 0x00, 0x00, 0x00, 0x00, 0x00, 0x00, 0x00, 0x00, 0x00, 0x00, 0x00, 0xe0, 0x7b, 0x02, 
    0x00, 0xf8, 0x01, 0x00, 0x00, 0x00, 0x00, 0xf8, 0x01, 0x2c, 0x9b, 0x05, 0x88, 0x9a, 0x26, 0xe9, 0xb2, 0x5e, 0xc8, 0xc2, 0xd1, 0x05, 0xba, 0xff, 
    0x83, 0xb1, 0xff, 0x83, 0xb1, 0xff, 0x83, 0xb1, 0xff, 0xc4, 0xb1, 0xff, 0x05, 0xb2, 0xf3, 0x67, 0xb2, 0xcf, 0x87, 0xb2, 0x96, 0x87, 0xaa, 0x5c, 
    0x09, 0xbb, 0x25, 0xef, 0xdc, 0x08, 0x00, 0x00, 0x00, 0x00, 0x00, 0x00, 0x00, 0x00, 0x00, 0x00, 0xf8, 0x02, 0xe0, 0x7b, 0x02, 0x00, 0xf8, 0x01, 
    0x00, 0x00, 0x00, 0x00, 0x00, 0x00, 0x00, 0x00, 0x00, 0x00, 0x00, 0x00, 0x00, 0x00, 0x00, 0x00, 0x00, 0x00, 0x00, 0x00, 0x00, 0x00, 0x00, 0x00, 
    0x00, 0x00, 0x00, 0x55, 0xfd, 0x03, 0x66, 0xaa, 0x75, 0xa4, 0xa1, 0xf6, 0xa3, 0xb1, 0xff, 0x83, 0xb1, 0xff, 0x62, 0xb1, 0xfc, 0x62, 0xb1, 0xfb, 
    0x62, 0xb1, 0xff, 0x83, 0xb1, 0xff, 0xa3, 0xb1, 0xff, 0xa3, 0xa9, 0xff, 0xa3, 0xa1, 0xf5, 0xe4, 0xa9, 0xc7, 0x05, 0xa2, 0x9d, 0x05, 0xa2, 0x80, 
    0x05, 0xa2, 0x58, 0x46, 0xaa, 0x3e, 0x88, 0xaa, 0x23, 0xa9, 0xb2, 0x18, 0xac, 0xc3, 0x0d, 0xef, 0xbd, 0x04, 0x09, 0xb3, 0x0d, 0xff, 0xff, 0x02, 
    0x00, 0x00, 0x00, 0x00, 0x00, 0x00, 0x09, 0xb3, 0x0d, 0xea, 0xab, 0x06, 0x2c, 0xb3, 0x0a, 0xec, 0xb3, 0x0a, 0x4a, 0xcb, 0x32, 0x05, 0xaa, 0xd7, 
    0xc8, 0xba, 0x94, 0x25, 0xb2, 0xdc, 0xc4, 0xa9, 0xf6, 0xe9, 0xba, 0x85, 0xe9, 0xaa, 0x43, 0xa8, 0xaa, 0x2f, 0xa8, 0xaa, 0x0f, 0xe7, 0x7a, 0x08, 
    0xa5, 0x7a, 0x06, 0x00, 0x00, 0x00, 0x00, 0x00, 0x00, 0x00, 0x00, 0x00, 0x00, 0x00, 0x00, 0x00, 0x00, 0x00, 0x00, 0x00, 0x00, 0x00, 0x00, 0x00, 
    0x00, 0x00, 0x00, 0x00, 0x00, 0x00, 0x00, 0x00, 0x01, 0x00, 0x00, 0x00, 0xaa, 0xd2, 0x06, 0xe5, 0x71, 0x97, 0x05, 0x72, 0x23, 0x00, 0x00, 0x00, 
    0x00, 0xf8, 0x01, 0x00, 0x00, 0x00, 0x00, 0x00, 0x00, 0x00, 0x00, 0x00, 0x00, 0x00, 0x00, 0x00, 0x00, 0x00, 0x00, 0x00, 0x00, 0x00, 0x00, 0x00, 
    0x00, 0x00, 0x00, 0x00, 0x00, 0x00, 0x00, 0x00, 0x00, 0x00, 0x00, 0x00, 0x00, 0x00, 0x00, 0x00, 0x00, 0x00, 0x00, 0x00, 0x00, 0x00, 0x00, 0x00, 
    0x00, 0x00, 0x00, 0x00, 0x00, 0x00, 0x00, 0x00, 0x00, 0x00, 0x00, 0x00, 0x00, 0x00, 0x00, 0x00, 0x00, 0x00, 0x00, 0x00, 0x00, 0x00, 0x00, 0x00, 
    0x00, 0x00, 0x00, 0x00, 0x00, 0x00, 0x00, 0x00, 0x00, 0x00, 0x00, 0x00, 0x00, 0x00, 0x00, 0x00, 0x00, 0x00, 0x00, 0x00, 0x00, 0x00, 0xf8, 0x01, 
    0x00, 0x00, 0x00, 0x26, 0x8a, 0x2d, 0x06, 0x82, 0x26, 0x00, 0x00, 0x00, 0x00, 0xf8, 0x01, 0x00, 0x00, 0x00, 0x00, 0x00, 0x00, 0x00, 0x00, 0x00, 
    0x00, 0x00, 0x00, 0x00, 0x00, 0x00, 0x00, 0x00, 0x00, 0x00, 0x00, 0x00, 0x00, 0x00, 0x00, 0x00, 0x00, 0x00, 0x00, 0x00, 0x00, 0x00, 0x00, 0x00, 
    0x00, 0x00, 0x00, 0x00, 0x00, 0x00, 0x00, 0x00, 0x00, 0x00, 0x00, 0x00, 0x00, 0x00, 0x00, 0x00, 0x00, 0x00, 0x00, 0x00, 0x00, 0x00, 0x00, 0x00, 
    0x00, 0x00, 0x00, 0x00, 0x00, 0x00, 0x00, 0x00, 0x00, 0x00, 0x00, 0x00, 0x00, 0x00, 0x00, 0x00, 0x00, 0x00, 0x00, 0x00, 0x00, 0x00, 0x00, 0x00, 
    0x00, 0x00, 0x00, 0x00, 0x00, 0x00, 0x00, 0x00, 0x00, 0x00, 0x00, 0x00, 0x00, 0x00, 0x00, 0x00, 0x00, 0x00, 0x00, 0x00, 0x00, 0x00, 0x00, 0x00, 
    0x00, 0x00, 0x00, 0x00, 0x00, 0x00, 0x00, 0x00, 0x00, 0x00, 0x00, 0x00, 0x00, 0x00, 0x00, 0x00, 0x00, 0x00, 0x00, 0x00, 0x00, 0x00, 0x00, 0x00, 
    0x00, 0x00, 0x00, 0x00, 0x00, 0x00, 0x00, 0x00, 0x00, 0x00, 0x00, 0x00, 0x00, 0x00, 0x00, 0x00, 0x00, 0x00, 0x00, 0x00, 0x00, 0x00, 0x00, 0x00, 
    0x00, 0x00, 0x00, 0x00, 0x00, 0x00, 0x00, 0x00, 0x00, 0x00, 0x00, 0x00, 0x00, 0x00, 0x00, 0x00, 0x00, 0x00, 0x00, 0x00, 0x00, 0x00, 0x00, 0x00, 
    0x00, 0x00, 0x00, 0x00, 0x00, 0x00, 0x00, 0x00, 0x00, 0x00, 0x00, 0x00, 0x00, 0x00, 0x00, 0x00, 0x00, 0x00, 0x00, 0x00, 0x00, 0x00, 0x00, 0x00, 
    0x00, 0x00, 0x00, 0x00, 0x00, 0x00, 0x00, 0x00, 0x00, 0x00, 0x00, 0x00, 0x00, 0x00, 0x00, 0x00, 0x00, 0x00, 0x00, 0x00, 0x00, 0x00, 0x00, 0x00, 
    0x00, 0x00, 0x00, 0x00, 0x00, 0x00, 0x00, 0x00, 0x00, 0x00, 0x00, 0x00, 0x00, 0x00, 0x00, 0x00, 0x00, 0x00, 0x00, 0x00, 0x00, 0x00, 0x00, 0x00, 
    0x00, 0x00, 0x00, 0x00, 0x00, 0x00, 0x00, 0x00, 0x00, 0x00, 0x00, 0x00, 0x00, 0x00, 0x00, 0x00, 0x00, 0x00, 0x00, 0x00, 0x00, 0x00, 0x00, 0x00, 
    0x00, 0x00, 0x00, 0x00, 0x00, 0x00, 0x00, 0x00, 0x00, 0x00, 0x00, 0x00, 0x00, 0x00, 0x00, 0x00, 0x00, 0x00, 0x00, 0x00, 0x00, 0x00, 0x00, 0x00, 
    0x00, 0x00, 0x00, 0x00, 0x00, 0x00, 0x00, 0x00, 0x00, 0x00, 0x00, 0x00, 0x00, 0x00, 0x00, 0x00, 0x00, 0x00, 0x00, 0x00, 0x00, 0x00, 0x00, 0x00, 
    0x00, 0x00, 0x00, 0x00, 0x00, 0x00, 0x00, 0x00, 0x00, 0x00, 0x00, 0x00, 0x00, 0x00, 0x00, 0x00, 0x00, 0x00, 0x00, 0x00, 0x00, 0x00, 0x00, 0x00, 
    0x00, 0x00, 0x00, 0x00, 0x00, 0x00, 0x00, 0x00, 0x00, 0x00, 0x00, 0x00, 0x00, 0x00, 0x00, 0x00, 0x00, 0x00, 0x00, 0x00, 0x00, 0x00, 0x00, 0x00, 
    0x00, 0x00, 0x00, 0x00, 0x00, 0x00, 0x00, 0x00, 0x00, 0x00, 0x00, 0x00, 0x00, 0x00, 0x00, 0x00, 0x00, 0x00, 0x00, 0x00, 0x00, 0x00, 0x00, 0x00, 
    0x00, 0x00, 0x00, 0x00, 0x00, 0x00, 0x00, 0x00, 0x00, 0x00, 0x00, 0x00, 0x00, 0x00, 0x00, 0x00, 0x00, 0x00, 0x00, 0x00, 0x00, 0x00, 0x00, 0x00, 
    0x00, 0x00, 0x00, 0x00, 0x00, 0x00, 0x00, 0x00, 0x00, 0x00, 0x00, 0x00, 0x00, 0x00, 0x00, 0x00, 0x00, 0x00, 0x00, 0x00, 0x00, 0x00, 0x00, 0x00, 
    0x00, 0x00, 0x00, 0x00, 0x00, 0x00, 0x00, 0x00, 0x00, 0x00, 0x00, 0x00, 0x00, 0x00, 0x00, 0x00, 0x00, 0x00, 0x00, 0x00, 0x00, 0x00, 0x00, 0x00, 
    0x00, 0x00, 0x00, 0x00, 0x00, 0x00, 0x00, 0x00, 0x00, 0x00, 0x00, 0x00, 0x00, 0x00, 0x00, 0x00, 0x00, 0x00, 0x00, 0x00, 0x00, 0x00, 0x00, 0x00, 
    0x00, 0x00, 0x00, 0x00, 0x00, 0x00, 0x00, 0x00, 0x00, 0x00, 0x00, 0x00, 0x00, 0x00, 0x00, 0x00, 0x00, 0x00, 0x00, 0x00, 0x00, 0x00, 0x00, 0x00, 
    0x00, 0x00, 0x00, 0x00, 0x00, 0x00, 0x00, 0x00, 0x00, 0x00, 0x00, 0x00, 0x00, 0x00, 0x00, 0x00, 0x00, 0x00, 0x00, 0x00, 0x00, 0x00, 0x00, 0x00, 
    0x00, 0x00, 0x00, 0x00, 0x00, 0x00, 0x00, 0x00, 0x00, 0x00, 0x00, 0x00, 0x00, 0x00, 0x00, 0x00, 0x00, 0x00, 0x00, 0x00, 0x00, 0x00, 0x00, 0x00, 
    0x00, 0x00, 0x00, 0x00, 0x00, 0x00, 0x00, 0x00, 0x00, 0x00, 0x00, 0x00, 0x00, 0x00, 0x00, 0x00, 0x00, 0x00, 0x00, 0x00, 0x00, 0x00, 0x00, 0x00, 
    0x00, 0x00, 0x00, 0x00, 0x00, 0x00, 0x00, 0x00, 0x00, 0x00, 0x00, 0x00, 0x00, 0x00, 0x00, 0x00, 0x00, 0x00, 0x00, 0x00, 0x00, 0x00, 0x00, 0x00, 
    0x00, 0x00, 0x00, 0x00, 0x00, 0x00, 0x00, 0x00, 0x00, 0x00, 0x00, 0x00, 0x00, 0x00, 0x00, 0x00, 0x00, 0x00, 0x00, 0x00, 0x00, 0x00, 0x00, 0x00, 
    0x00, 0x00, 0x00, 0x00, 0x00, 0x00, 0x00, 0x00, 0x00, 0x00, 0x00, 0x00, 0x00, 0x00, 0x00, 0x00, 0x00, 0x00, 0x00, 0x00, 0x00, 0x00, 0x00, 0x00, 
    0x00, 0x00, 0x00, 0x00, 0x00, 0x00, 0x00, 0x00, 0x00, 0x00, 0x00, 0x00, 0x00, 0x00, 0x00, 0x00, 0x00, 0x00, 0x00, 0x00, 0x00, 0x00, 0x00, 0x00, 
    0x00, 0x00, 0x00, 0x00, 0x00, 0x00, 0x00, 0x00, 0x00, 0x00, 0x00, 0x00, 0x00, 0x00, 0x00, 0x00, 0x00, 0x00, 0x00, 0x00, 0x00, 0x00, 0x00, 0x00, 
    0x00, 0x00, 0x00, 0x00, 0x00, 0x00, 0x00, 0x00, 0x00, 0x00, 0x00, 0x00, 0x00, 0x00, 0x00, 0x00, 0x00, 0x00, 0x00, 0x00, 0x00, 0x00, 0x00, 0x00, 
    0x00, 0x00, 0x00, 0x00, 0x00, 0x00, 0x00, 0x00, 0x00, 0x00, 0x00, 0x00, 0x00, 0x00, 0x00, 0x00, 0x00, 0x00, 0x00, 0x00, 0x00, 0x00, 0x00, 0x00, 
    0x00, 0x00, 0x00, 0x00, 0x00, 0x00, 0x00, 0x00, 0x00, 0x00, 0x00, 0x00, 0x00, 0x00, 0x00, 0xef, 0xfb, 0x02, 0x49, 0x92, 0x0e, 0xef, 0x7b, 0x02, 
    0xeb, 0x9a, 0x08, 0x88, 0x9a, 0x28, 0xc9, 0xb2, 0x72, 0xc8, 0xba, 0xce, 0x87, 0xba, 0xe8, 0x46, 0xba, 0xf4, 0x87, 0xba, 0xed, 0xa8, 0xba, 0xc7, 
    0x0a, 0xbb, 0x7b, 0x2a, 0xbb, 0x32, 0x2c, 0xab, 0x0f, 0x00, 0x00, 0x00, 0x00, 0x00, 0x00, 0x00, 0x00, 0x00, 0xe0, 0x7b, 0x02, 0xe0, 0x7b, 0x02, 
    0x00, 0xf8, 0x01, 0x00, 0x00, 0x00, 0x00, 0x00, 0x00, 0x00, 0x00, 0x00, 0x00, 0x00, 0x00, 0x00, 0x00, 0x00, 0x00, 0x00, 0x00, 0x00, 0x00, 0x00, 
    0x00, 0x00, 0x00, 0x00, 0x00, 0x00, 0x00, 0x00, 0x00, 0xe0, 0x7b, 0x02, 0x00, 0x00, 0x00, 0x4a, 0xbb, 0x26, 0x46, 0xb2, 0xda, 0x82, 0xb1, 0xfe, 
    0x82, 0xb1, 0xf8, 0x83, 0xb1, 0xff, 0xc3, 0xb9, 0xff, 0xc4, 0xb1, 0xff, 0xa4, 0xa9, 0xf4, 0xa4, 0xa1, 0xd5, 0x05, 0xaa, 0x94, 0x05, 0x9a, 0x68, 
    0x26, 0x9a, 0x33, 0x8a, 0xc3, 0x09, 0x00, 0x00, 0x00, 0x00, 0x00, 0x00, 0x00, 0x00, 0x00, 0x00, 0x00, 0x00, 0x00, 0x00, 0x00, 0x00, 0x00, 0x00, 
    0x00, 0x00, 0x00, 0x00, 0x00, 0x00, 0x00, 0x00, 0x00, 0x00, 0x00, 0x00, 0x00, 0x78, 0x02, 0x00, 0x78, 0x02, 0x00, 0x00, 0x00, 0xe7, 0xb9, 0x04, 
    0x86, 0x99, 0x05, 0x67, 0x9a, 0x0d, 0x08, 0xc3, 0x12, 0x26, 0x9a, 0xbb, 0x88, 0x9a, 0x37, 0xe4, 0x99, 0xaa, 0xc4, 0xa1, 0xe3, 0x8c, 0xc3, 0x22, 
    0xa8, 0xa2, 0x1e, 0xa8, 0xaa, 0x0f, 0xe7, 0xb9, 0x04, 0x00, 0x00, 0x00, 0x00, 0x00, 0x00, 0x00, 0x00, 0x00, 0x00, 0x00, 0x00, 0x00, 0x00, 0x00, 
    0x00, 0x00, 0x00, 0x00, 0x00, 0x00, 0x00, 0x00, 0x00, 0x00, 0x00, 0x00, 0x00, 0x00, 0x00, 0x00, 0x00, 0x00, 0x00, 0x00, 0x00, 0x00, 0x00, 0x00, 
    0x00, 0x00, 0x00, 0x00, 0x00, 0x00, 0x00, 0x00, 0x00, 0x00, 0x00, 0x00, 0x00, 0x00, 0x00, 0x00, 0x00, 0x00, 0x00, 0x00, 0x00, 0x00, 0x00, 0x00, 
    0x00, 0x00, 0x00, 0x00, 0x00, 0x00, 0x00, 0x00, 0x00, 0x00, 0x00, 0x00, 0x00, 0x00, 0x00, 0x00, 0x00, 0x00, 0x00, 0x00, 0x00, 0x00, 0x00, 0x00, 
    0x00, 0x00, 0x00, 0x00, 0x00, 0x00, 0x00, 0x00, 0x00, 0x00, 0x00, 0x00, 0x00, 0x00, 0x00, 0x00, 0x00, 0x00, 0x00, 0x00, 0x00, 0x00, 0x00, 0x00, 
    0x00, 0x00, 0x00, 0x00, 0x00, 0x00, 0x00, 0x00, 0x00, 0x00, 0x00, 0x00, 0x00, 0x00, 0x00, 0x00, 0x00, 0x00, 0x00, 0x00, 0x00, 0x00, 0x00, 0x00, 
    0x00, 0x00, 0x00, 0x00, 0x00, 0x00, 0x00, 0x00, 0x00, 0xa0, 0x52, 0x03, 0x00, 0x00, 0x00, 0xc5, 0x79, 0x74, 0xe6, 0x79, 0x69, 0x00, 0x00, 0x00, 
    0xa0, 0x52, 0x03, 0x00, 0x00, 0x00, 0x00, 0x00, 0x00, 0x00, 0x00, 0x00, 0x00, 0x00, 0x00, 0x00, 0x00, 0x00, 0x00, 0x00, 0x00, 0x00, 0x00, 0x00, 
    0x00, 0x00, 0x00, 0x00, 0x00, 0x00, 0x00, 0x00, 0x00, 0x00, 0x00, 0x00, 0x00, 0x00, 0x00, 0x00, 0x00, 0x00, 0x00, 0x00, 0x00, 0x00, 0x00, 0x00, 
    0x00, 0x00, 0x00, 0x00, 0x00, 0x00, 0x00, 0x00, 0x00, 0x00, 0x00, 0x00, 0x00, 0x00, 0x00, 0x00, 0x00, 0x00, 0x00, 0x00, 0x00, 0x00, 0x00, 0x00, 
    0x00, 0x00, 0x00, 0x00, 0x00, 0x00, 0x00, 0x00, 0x00, 0x00, 0x00, 0x00, 0x00, 0x00, 0x00, 0x00, 0x00, 0x00, 0x00, 0x00, 0x00, 0x00, 0x00, 0x00, 
    0x00, 0x00, 0x00, 0x00, 0x00, 0x00, 0x00, 0x00, 0x00, 0x00, 0x00, 0x00, 0x00, 0x00, 0x00, 0x00, 0x00, 0x00, 0x00, 0x00, 0x00, 0x00, 0x00, 0x00, 
    0x00, 0x00, 0x00, 0x00, 0x00, 0x00, 0x00, 0x00, 0x00, 0x00, 0x00, 0x00, 0x00, 0x00, 0x00, 0x00, 0x00, 0x00, 0x00, 0x00, 0x00, 0x00, 0x00, 0x00, 
    0x00, 0x00, 0x00, 0x00, 0x00, 0x00, 0x00, 0x00, 0x00, 0x00, 0x00, 0x00, 0x00, 0x00, 0x00, 0x00, 0x00, 0x00, 0x00, 0x00, 0x00, 0x00, 0x00, 0x00, 
    0x00, 0x00, 0x00, 0x00, 0x00, 0x00, 0x00, 0x00, 0x00, 0x00, 0x00, 0x00, 0x00, 0x00, 0x00, 0x00, 0x00, 0x00, 0x00, 0x00, 0x00, 0x00, 0x00, 0x00, 
    0x00, 0x00, 0x00, 0x00, 0x00, 0x00, 0x00, 0x00, 0x00, 0x00, 0x00, 0x00, 0x00, 0x00, 0x00, 0x00, 0x00, 0x00, 0x00, 0x00, 0x00, 0x00, 0x00, 0x00, 
    0x00, 0x00, 0x00, 0x00, 0x00, 0x00, 0x00, 0x00, 0x00, 0x00, 0x00, 0x00, 0x00, 0x00, 0x00, 0x00, 0x00, 0x00, 0x00, 0x00, 0x00, 0x00, 0x00, 0x00, 
    0x00, 0x00, 0x00, 0x00, 0x00, 0x00, 0x00, 0x00, 0x00, 0x00, 0x00, 0x00, 0x00, 0x00, 0x00, 0x00, 0x00, 0x00, 0x00, 0x00, 0x00, 0x00, 0x00, 0x00, 
    0x00, 0x00, 0x00, 0x00, 0x00, 0x00, 0x00, 0x00, 0x00, 0x00, 0x00, 0x00, 0x00, 0x00, 0x00, 0x00, 0x00, 0x00, 0x00, 0x00, 0x00, 0x00, 0x00, 0x00, 
    0x00, 0x00, 0x00, 0x00, 0x00, 0x00, 0x00, 0x00, 0x00, 0x00, 0x00, 0x00, 0x00, 0x00, 0x00, 0x00, 0x00, 0x00, 0x00, 0x00, 0x00, 0x00, 0x00, 0x00, 
    0x00, 0x00, 0x00, 0x00, 0x00, 0x00, 0x00, 0x00, 0x00, 0x00, 0x00, 0x00, 0x00, 0x00, 0x00, 0x00, 0x00, 0x00, 0x00, 0x00, 0x00, 0x00, 0x00, 0x00, 
    0x00, 0x00, 0x00, 0x00, 0x00, 0x00, 0x00, 0x00, 0x00, 0x00, 0x00, 0x00, 0x00, 0x00, 0x00, 0x00, 0x00, 0x00, 0x00, 0x00, 0x00, 0x00, 0x00, 0x00, 
    0x00, 0x00, 0x00, 0x00, 0x00, 0x00, 0x00, 0x00, 0x00, 0x00, 0x00, 0x00, 0x00, 0x00, 0x00, 0x00, 0x00, 0x00, 0x00, 0x00, 0x00, 0x00, 0x00, 0x00, 
    0x00, 0x00, 0x00, 0x00, 0x00, 0x00, 0x00, 0x00, 0x00, 0x00, 0x00, 0x00, 0x00, 0x00, 0x00, 0x00, 0x00, 0x00, 0x00, 0x00, 0x00, 0x00, 0x00, 0x00, 
    0x00, 0x00, 0x00, 0x00, 0x00, 0x00, 0x00, 0x00, 0x00, 0x00, 0x00, 0x00, 0x00, 0x00, 0x00, 0x00, 0x00, 0x00, 0x00, 0x00, 0x00, 0x00, 0x00, 0x00, 
    0x00, 0x00, 0x00, 0x00, 0x00, 0x00, 0x00, 0x00, 0x00, 0x00, 0x00, 0x00, 0x00, 0x00, 0x00, 0x00, 0x00, 0x00, 0x00, 0x00, 0x00, 0x00, 0x00, 0x00, 
    0x00, 0x00, 0x00, 0x00, 0x00, 0x00, 0x00, 0x00, 0x00, 0x00, 0x00, 0x00, 0x00, 0x00, 0x00, 0x00, 0x00, 0x00, 0x00, 0x00, 0x00, 0x00, 0x00, 0x00, 
    0x00, 0x00, 0x00, 0x00, 0x00, 0x00, 0x00, 0x00, 0x00, 0x00, 0x00, 0x00, 0x00, 0x00, 0x00, 0x00, 0x00, 0x00, 0x00, 0x00, 0x00, 0x00, 0x00, 0x00, 
    0x00, 0x00, 0x00, 0x00, 0x00, 0x00, 0x00, 0x00, 0x00, 0x00, 0x00, 0x00, 0x00, 0x00, 0x00, 0x00, 0x00, 0x00, 0x00, 0x00, 0x00, 0x00, 0x00, 0x00, 
    0x00, 0x00, 0x00, 0x00, 0x00, 0x00, 0x00, 0x00, 0x00, 0x00, 0x00, 0x00, 0x00, 0x00, 0x00, 0x00, 0x00, 0x00, 0x00, 0x00, 0x00, 0x00, 0x00, 0x00, 
    0x00, 0x00, 0x00, 0x00, 0x00, 0x00, 0x00, 0x00, 0x00, 0x00, 0x00, 0x00, 0x00, 0x00, 0x00, 0x00, 0x00, 0x00, 0x00, 0x00, 0x00, 0x00, 0x00, 0x00, 
    0x00, 0x00, 0x00, 0x00, 0x00, 0x00, 0x00, 0x00, 0x00, 0x00, 0x00, 0x00, 0x00, 0x00, 0x00, 0x00, 0x00, 0x00, 0x00, 0x00, 0x00, 0x00, 0x00, 0x00, 
    0x00, 0x00, 0x00, 0x00, 0x00, 0x00, 0x00, 0x00, 0x00, 0x00, 0x00, 0x00, 0x00, 0x00, 0x00, 0x00, 0x00, 0x00, 0x00, 0x00, 0x00, 0x00, 0x00, 0x00, 
    0x00, 0x00, 0x00, 0x00, 0x00, 0x00, 0x00, 0x00, 0x00, 0x00, 0x00, 0x00, 0x00, 0x00, 0x00, 0x00, 0x00, 0x00, 0x00, 0x00, 0x00, 0x00, 0x00, 0x00, 
    0x00, 0x00, 0x00, 0x00, 0x00, 0x00, 0x00, 0x00, 0x00, 0x00, 0x00, 0x00, 0x00, 0x00, 0x00, 0x00, 0x00, 0x00, 0x00, 0x00, 0x00, 0x00, 0x00, 0x00, 
    0x00, 0x00, 0x00, 0x00, 0x00, 0x00, 0x00, 0x00, 0x00, 0x00, 0x00, 0x00, 0x00, 0x00, 0x00, 0x00, 0x00, 0x00, 0x00, 0x00, 0x00, 0x00, 0x00, 0x00, 
    0x00, 0x00, 0x00, 0x00, 0x00, 0x00, 0x00, 0x00, 0x00, 0x00, 0x00, 0x00, 0x00, 0x00, 0x00, 0x00, 0x00, 0x00, 0x00, 0x00, 0x00, 0x00, 0x00, 0x00, 
    0x00, 0x00, 0x00, 0x00, 0x00, 0x00, 0x00, 0x00, 0x00, 0x00, 0x00, 0x00, 0x00, 0x00, 0x00, 0x00, 0x00, 0x00, 0x00, 0x00, 0x00, 0x00, 0x00, 0x00, 
    0x00, 0x00, 0x00, 0x00, 0x00, 0x00, 0x00, 0x00, 0x00, 0x00, 0x00, 0x00, 0x00, 0x00, 0x00, 0x00, 0x00, 0x00, 0x00, 0x00, 0x00, 0x00, 0x00, 0x00, 
    0x00, 0x00, 0x00, 0x00, 0x00, 0x00, 0x00, 0xf8, 0x01, 0x00, 0x00, 0x01, 0xaa, 0xaa, 0x03, 0x49, 0x92, 0x07, 0xa8, 0xa2, 0x1e, 0xe9, 0xaa, 0x50, 
    0x0a, 0xbb, 0x67, 0xe9, 0xba, 0x73, 0x2a, 0xbb, 0x76, 0x0a, 0xb3, 0x46, 0xc8, 0xa2, 0x25, 0xa5, 0xaa, 0x06, 0x00, 0x00, 0x00, 0xa0, 0xaa, 0x03, 
    0x00, 0xf8, 0x01, 0x00, 0x00, 0x01, 0x00, 0x00, 0x00, 0x00, 0x00, 0x00, 0x00, 0x00, 0x00, 0x00, 0x00, 0x00, 0x00, 0x00, 0x00, 0x00, 0x00, 0x00, 
    0x00, 0x00, 0x00, 0x00, 0x00, 0x00, 0x00, 0x00, 0x00, 0x00, 0x00, 0x00, 0x00, 0x00, 0x00, 0x00, 0xf8, 0x01, 0x00, 0x00, 0x01, 0xe0, 0xff, 0x01, 
    0x00, 0x00, 0x00, 0x0a, 0xab, 0x22, 0xa8, 0xb2, 0xc3, 0xc4, 0xb1, 0xff, 0xe4, 0xb1, 0xff, 0xe4, 0xa9, 0xf3, 0x05, 0xaa, 0xaf, 0x46, 0xaa, 0x60, 
    0x87, 0xa2, 0x32, 0xc9, 0xa2, 0x11, 0x00, 0x00, 0x00, 0x00, 0x00, 0x00, 0x00, 0x00, 0x00, 0x00, 0x00, 0x00, 0x00, 0x00, 0x01, 0x00, 0x78, 0x02, 
    0xa0, 0xaa, 0x03, 0xe0, 0x7b, 0x02, 0x00, 0xf8, 0x01, 0x00, 0xf8, 0x01, 0x00, 0xf8, 0x01, 0x00, 0xf8, 0x01, 0x00, 0xf8, 0x01, 0x00, 0x00, 0x01, 
    0x00, 0x00, 0x00, 0x00, 0x00, 0x00, 0x00, 0xf8, 0x01, 0x00, 0x00, 0x00, 0x00, 0xf8, 0x01, 0x26, 0xcb, 0x05, 0x2c, 0xcb, 0x05, 0x68, 0x92, 0x2b, 
    0xef, 0x9b, 0x0a, 0xe5, 0x99, 0x9e, 0xc4, 0xa1, 0xd7, 0x00, 0x00, 0x00, 0x00, 0x00, 0x00, 0x00, 0x00, 0x00, 0x00, 0x00, 0x00, 0x00, 0x00, 0x00, 
    0x00, 0x00, 0x00, 0x00, 0x00, 0x00, 0x00, 0x00, 0x00, 0x00, 0x00, 0x00, 0x00, 0x00, 0x00, 0x00, 0x00, 0x00, 0x00, 0x00, 0x00, 0x00, 0x00, 0x00, 
    0x00, 0x00, 0x00, 0x00, 0x00, 0x00, 0x00, 0x00, 0x00, 0x00, 0x00, 0x00, 0x00, 0x00, 0x00, 0x00, 0x00, 0x00, 0x00, 0x00, 0x00, 0x00, 0x00, 0x00, 
    0x00, 0x00, 0x00, 0x00, 0x00, 0x00, 0x00, 0x00, 0x00, 0x00, 0x00, 0x00, 0x00, 0x00, 0x00, 0x00, 0x00, 0x00, 0x00, 0x00, 0x00, 0x00, 0x00, 0x00, 
    0x00, 0x00, 0x00, 0x00, 0x00, 0x00, 0x00, 0x00, 0x00, 0x00, 0x00, 0x00, 0x00, 0x00, 0x00, 0x00, 0x00, 0x00, 0x00, 0x00, 0x00, 0x00, 0x00, 0x00, 
    0x00, 0x00, 0x00, 0x00, 0x00, 0x00, 0x00, 0x00, 0x00, 0x00, 0x00, 0x00, 0x00, 0x00, 0x00, 0x00, 0x00, 0x00, 0x00, 0x00, 0x00, 0x00, 0x00, 0x00, 
    0x00, 0x00, 0x00, 0x00, 0x00, 0x00, 0x00, 0x00, 0x00, 0x00, 0x00, 0x00, 0x00, 0x00, 0x00, 0x00, 0x00, 0x00, 0x00, 0x00, 0x00, 0x00, 0x00, 0x00, 
    0x00, 0x00, 0x00, 0x00, 0x00, 0x00, 0x00, 0x00, 0x00, 0x00, 0x00, 0x00, 0x00, 0x00, 0x00, 0x00, 0x00, 0x00, 0x00, 0x00, 0x00, 0x00, 0x00, 0x00, 
    0x00, 0x00, 0x00, 0x00, 0x00, 0x00, 0x00, 0x00, 0x00, 0x00, 0x00, 0x00, 0x00, 0x00, 0x00, 0x00, 0x00, 0x00, 0x00, 0x00, 0x00, 0x00, 0x00, 0x00, 
    0x00, 0x00, 0x00, 0x00, 0x00, 0x00, 0x00, 0x00, 0x00, 0x00, 0x00, 0x00, 0x00, 0x00, 0x00, 0x00, 0x00, 0x00, 0x00, 0x00, 0x00, 0x00, 0x00, 0x00, 
    0x00, 0x00, 0x00, 0x00, 0x00, 0x00, 0x00, 0x00, 0x00, 0x00, 0x00, 0x00, 0x00, 0x00, 0x00, 0x00, 0x00, 0x00, 0x00, 0x00, 0x00, 0x00, 0x00, 0x00, 
    0x00, 0x00, 0x00, 0x00, 0x00, 0x00, 0x00, 0x00, 0x00, 0x00, 0x00, 0x00, 0x00, 0x00, 0x00, 0x00, 0x00, 0x00, 0x00, 0x00, 0x00, 0x00, 0x00, 0x00, 
    0x00, 0x00, 0x00, 0x00, 0x00, 0x00, 0x00, 0x00, 0x00, 0x00, 0x00, 0x00, 0x00, 0x00, 0x00, 0x00, 0x00, 0x00, 0x00, 0x00, 0x00, 0x00, 0x00, 0x00, 
    0x00, 0x00, 0x00, 0x00, 0x00, 0x00, 0x00, 0x00, 0x00, 0x00, 0x00, 0x00, 0x00, 0x00, 0x00, 0x00, 0x00, 0x00, 0x00, 0x00, 0x00, 0x00, 0x00, 0x00, 
    0x00, 0x00, 0x00, 0x00, 0x00, 0x00, 0x00, 0x00, 0x00, 0x00, 0x00, 0x00, 0x00, 0x00, 0x00, 0x00, 0x00, 0x00, 0x00, 0x00, 0x00, 0x00, 0x00, 0x00, 
    0x00, 0x00, 0x00, 0x00, 0x00, 0x00, 0x00, 0x00, 0x00, 0x00, 0x00, 0x00, 0x00, 0x00, 0x00, 0x00, 0x00, 0x00, 0x00, 0x00, 0x00, 0x00, 0x00, 0x00, 
    0x00, 0x00, 0x00, 0x00, 0x00, 0x00, 0x00, 0x00, 0x00, 0x00, 0x00, 0x00, 0x00, 0x00, 0x00, 0x00, 0x00, 0x00, 0x00, 0x00, 0x00, 0x00, 0x00, 0x00, 
    0x00, 0x00, 0x00, 0x00, 0x00, 0x00, 0x00, 0x00, 0x00, 0x00, 0x00, 0x00, 0x00, 0x00, 0x00, 0x00, 0x00, 0x00, 0x00, 0x00, 0x00, 0x00, 0x00, 0x00, 
    0x00, 0x00, 0x00, 0x00, 0x00, 0x00, 0x00, 0x00, 0x00, 0x00, 0x00, 0x00, 0x00, 0x00, 0x00, 0x00, 0x00, 0x00, 0x00, 0x00, 0x00, 0x00, 0x00, 0x00, 
    0x00, 0x00, 0x00, 0x00, 0x00, 0x00, 0x00, 0x00, 0x00, 0x00, 0x00, 0x00, 0x00, 0x00, 0x00, 0x00, 0x00, 0x00, 0x00, 0x00, 0x00, 0x00, 0x00, 0x00, 
    0x00, 0x00, 0x00, 0x00, 0x00, 0x00, 0x00, 0x00, 0x00, 0x00, 0x00, 0x00, 0x00, 0x00, 0x00, 0x00, 0x00, 0x00, 0x00, 0x00, 0x00, 0x00, 0x00, 0x00, 
    0x00, 0x00, 0x00, 0x00, 0x00, 0x00, 0x00, 0x00, 0x00, 0x00, 0x00, 0x00, 0x00, 0x00, 0x00, 0x00, 0x00, 0x00, 0x00, 0x00, 0x00, 0x00, 0x00, 0x00, 
    0x00, 0x00, 0x00, 0x00, 0x00, 0x00, 0x00, 0x00, 0x00, 0x00, 0x00, 0x00, 0x00, 0x00, 0x00, 0x00, 0x00, 0x00, 0x00, 0x00, 0x00, 0x00, 0x00, 0x00, 
    0x00, 0x00, 0x00, 0x00, 0x00, 0x00, 0x00, 0x00, 0x00, 0x00, 0x00, 0x00, 0x00, 0x00, 0x00, 0x00, 0x00, 0x00, 0x00, 0x00, 0x00, 0x00, 0x00, 0x00, 
    0x00, 0x00, 0x00, 0x00, 0x00, 0x00, 0x00, 0x00, 0x00, 0x00, 0x00, 0x00, 0x00, 0x00, 0x00, 0x00, 0x00, 0x00, 0x00, 0x00, 0x00, 0x00, 0x00, 0x00, 
    0x00, 0x00, 0x00, 0x00, 0x00, 0x00, 0x00, 0x00, 0x00, 0x00, 0x00, 0x00, 0x00, 0x00, 0x00, 0x00, 0x00, 0x00, 0x00, 0x00, 0x00, 0x00, 0x00, 0x00, 
    0x00, 0x00, 0x00, 0x00, 0x00, 0x00, 0x00, 0x00, 0x00, 0x00, 0x00, 0x00, 0x00, 0x00, 0x00, 0x00, 0x00, 0x00, 0x00, 0x00, 0x00, 0x00, 0x00, 0x00, 
    0x00, 0x00, 0x00, 0x00, 0x00, 0x00, 0x00, 0x00, 0x00, 0x00, 0x00, 0x00, 0x00, 0x00, 0x00, 0x00, 0x00, 0x00, 0x00, 0x00, 0x00, 0x00, 0x00, 0x00, 
    0x00, 0x00, 0x00, 0x00, 0x00, 0x00, 0x00, 0x00, 0x00, 0x00, 0x00, 0x00, 0x00, 0x00, 0x00, 0x00, 0x00, 0x00, 0x00, 0x00, 0x00, 0x00, 0x00, 0x00, 
    0x00, 0x00, 0x00, 0x00, 0x00, 0x00, 0x00, 0x00, 0x00, 0x00, 0x00, 0x00, 0x00, 0x00, 0x00, 0x00, 0x00, 0x00, 0x00, 0x00, 0x00, 0x00, 0x00, 0x00, 
    0x00, 0x00, 0x00, 0x00, 0x00, 0x00, 0x00, 0x00, 0x00, 0x00, 0x00, 0x00, 0x00, 0x00, 0x00, 0x00, 0x00, 0x00, 0x00, 0x00, 0x00, 0x00, 0x00, 0x00, 
    0x00, 0x00, 0x00, 0x00, 0x00, 0x00, 0x00, 0x00, 0x00, 0x00, 0x00, 0x00, 0x00, 0x00, 0x00, 0x00, 0x00, 0x00, 0x00, 0x00, 0x00, 0x00, 0x00, 0x00, 
    0x00, 0x00, 0x00, 0x00, 0x00, 0x00, 0x00, 0x00, 0x00, 0x00, 0x00, 0x00, 0x00, 0x00, 0x00, 0x00, 0x00, 0x00, 0x00, 0x00, 0x00, 0x00, 0x00, 0x00, 
    0x00, 0x00, 0x00, 0x00, 0x00, 0x00, 0x00, 0x00, 0x00, 0x00, 0x00, 0x00, 0x00, 0x00, 0x00, 0x00, 0x00, 0x00, 0x00, 0x00, 0x00, 0x00, 0x00, 0x00, 
    0x00, 0x00, 0x00, 0x00, 0x00, 0x00, 0x00, 0x00, 0x00, 0x00, 0x00, 0x00, 0x00, 0x00, 0x00, 0x00, 0x00, 0x00, 0x00, 0x00, 0x00, 0x00, 0x00, 0x00, 
    0x00, 0x00, 0x00, 0x00, 0x00, 0x00, 0x00, 0x00, 0x00, 0x00, 0x00, 0x00, 0x00, 0x00, 0x00, 0x00, 0x00, 0x00, 0x00, 0x00, 0x00, 0x00, 0x00, 0x00, 
    0x00, 0x00, 0x00, 0x00, 0x00, 0x00, 0x00, 0x00, 0x00, 0x00, 0x00, 0x00, 0x00, 0x00, 0x00, 0x00, 0x00, 0x00, 0x00, 0x00, 0x00, 0x00, 0x00, 0x00, 
    0x00, 0x00, 0x00, 0x00, 0x00, 0x00, 0x00, 0x00, 0x00, 0x00, 0x00, 0x00, 0x00, 0x00, 0x00, 0x00, 0x00, 0x00, 0x00, 0x00, 0x00, 0x00, 0x00, 0x00, 
    0x00, 0x00, 0x00, 0x00, 0x00, 0x00, 0x00, 0x00, 0x00, 0x00, 0x00, 0x00, 0x00, 0x00, 0x00, 0x00, 0x00, 0x00, 0x00, 0x00, 0x00, 0x00, 0x00, 0x00, 
    0x00, 0x00, 0x00, 0x00, 0x00, 0x00, 0x00, 0x00, 0x00, 0x00, 0x00, 0x00, 0x00, 0x00, 0x00, 0x00, 0x00, 0x00, 0x00, 0x00, 0x00, 0x00, 0x00, 0x00, 
    0x00, 0x78, 0x02, 0xaa, 0xaa, 0x03, 0xaa, 0xaa, 0x06, 0x67, 0x8a, 0x10, 0x48, 0x92, 0x1b, 0x27, 0x9a, 0x19, 0x47, 0x92, 0x18, 0xe7, 0xb9, 0x04, 
    0x00, 0x00, 0x00, 0x00, 0xf8, 0x01, 0x00, 0x00, 0x01, 0x00, 0x00, 0x00, 0x00, 0x00, 0x00, 0x00, 0x00, 0x00, 0x00, 0x00, 0x00, 0x00, 0x00, 0x00, 
    0x00, 0x00, 0x00, 0x00, 0x00, 0x00, 0x00, 0x00, 0x00, 0x00, 0x00, 0x00, 0x00, 0x00, 0x00, 0x00, 0x00, 0x00, 0x00, 0x00, 0x00, 0x00, 0x00, 0x01, 
    0x00, 0x00, 0x00, 0x00, 0x00, 0x00, 0x00, 0x00, 0x00, 0x00, 0x00, 0x00, 0x00, 0x00, 0x00, 0x00, 0x00, 0x01, 0x09, 0xbb, 0x36, 0x47, 0xaa, 0x8a, 
    0x67, 0xb2, 0x8d, 0xc8, 0xb2, 0x4a, 0xaa, 0x52, 0x03, 0x00, 0x00, 0x00, 0x00, 0x00, 0x00, 0x00, 0x00, 0x00, 0x00, 0x78, 0x02, 0xa0, 0xaa, 0x03, 
    0xe0, 0x7b, 0x02, 0x00, 0xf8, 0x01, 0x00, 0x00, 0x00, 0x00, 0x00, 0x00, 0x00, 0x00, 0x00, 0x00, 0x00, 0x00, 0x00, 0x00, 0x00, 0x00, 0x00, 0x00, 
    0x00, 0x00, 0x00, 0x00, 0x00, 0x00, 0x00, 0x00, 0x00, 0x00, 0x00, 0x00, 0x00, 0x00, 0x00, 0x00, 0x00, 0x00, 0x00, 0x00, 0x00, 0x00, 0x00, 0x00, 
    0x00, 0x00, 0x00, 0x00, 0x00, 0x00, 0x00, 0x78, 0x02, 0x86, 0xc9, 0x05, 0x00, 0x00, 0x00, 0xc5, 0x99, 0x96, 0xe5, 0x99, 0xcc, 0xff, 0xff, 0x01, 
    0x00, 0xf8, 0x01, 0x00, 0x00, 0x02, 0x00, 0x00, 0x00, 0x00, 0x00, 0x00, 0x00, 0x00, 0x00, 0x00, 0x00, 0x00, 0x00, 0x00, 0x00, 0x00, 0x00, 0x00, 
    0x00, 0x00, 0x00, 0x00, 0x00, 0x00, 0x00, 0x00, 0x00, 0x00, 0x00, 0x00, 0x00, 0x00, 0x00, 0x00, 0x00, 0x00, 0x00, 0x00, 0x00, 0x00, 0x00, 0x00, 
    0x00, 0x00, 0x00, 0x00, 0x00, 0x00, 0x00, 0x00, 0x00, 0x00, 0x00, 0x00, 0x00, 0x00, 0x00, 0x00, 0x00, 0x00, 0x00, 0x00, 0x00, 0x00, 0x00, 0x00, 
    0x00, 0x00, 0x00, 0x00, 0x00, 0x00, 0x00, 0x00, 0x00, 0x00, 0x00, 0x00, 0x00, 0x00, 0x00, 0x00, 0x00, 0x00, 0x00, 0x00, 0x00, 0x00, 0x00, 0x00, 
    0x00, 0x00, 0x00, 0x00, 0x00, 0x00, 0x00, 0x00, 0x00, 0x00, 0x00, 0x00, 0x00, 0x00, 0x00, 0x00, 0x00, 0x00, 0x00, 0x00, 0x00, 0x00, 0x00, 0x00, 
    0x00, 0x00, 0x00, 0x00, 0x00, 0x00, 0x00, 0x00, 0x00, 0x00, 0x00, 0x00, 0x00, 0x00, 0x00, 0x00, 0x00, 0x00, 0x00, 0x00, 0x00, 0x00, 0x00, 0x00, 
    0x00, 0x00, 0x00, 0x00, 0x00, 0x00, 0x00, 0x00, 0x00, 0x00, 0x00, 0x00, 0x00, 0x00, 0x00, 0x00, 0x00, 0x00, 0x00, 0x00, 0x00, 0x00, 0x00, 0x00, 
    0x00, 0x00, 0x00, 0x00, 0x00, 0x00, 0x00, 0x00, 0x00, 0x00, 0x00, 0x00, 0x00, 0x00, 0x00, 0x00, 0x00, 0x00, 0x00, 0x00, 0x00, 0x00, 0x00, 0x00, 
    0x00, 0x00, 0x00, 0x00, 0x00, 0x00, 0x00, 0x00, 0x00, 0x00, 0x00, 0x00, 0x00, 0x00, 0x00, 0x00, 0x00, 0x00, 0x00, 0x00, 0x00, 0x00, 0x00, 0x00, 
    0x00, 0x00, 0x00, 0x00, 0x00, 0x00, 0x00, 0x00, 0x00, 0x00, 0x00, 0x00, 0x00, 0x00, 0x00, 0x00, 0x00, 0x00, 0x00, 0x00, 0x00, 0x00, 0x00, 0x00, 
    0x00, 0x00, 0x00, 0x00, 0x00, 0x00, 0x00, 0x00, 0x00, 0x00, 0x00, 0x00, 0x00, 0x00, 0x00, 0x00, 0x00, 0x00, 0x00, 0x00, 0x00, 0x00, 0x00, 0x00, 
    0x00, 0x00, 0x00, 0x00, 0x00, 0x00, 0x00, 0x00, 0x00, 0x00, 0x00, 0x00, 0x00, 0x00, 0x00, 0x00, 0x00, 0x00, 0x00, 0x00, 0x00, 0x00, 0x00, 0x00, 
    0x00, 0x00, 0x00, 0x00, 0x00, 0x00, 0x00, 0x00, 0x00, 0x00, 0x00, 0x00, 0x00, 0x00, 0x00, 0x00, 0x00, 0x00, 0x00, 0x00, 0x00, 0x00, 0x00, 0x00, 
    0x00, 0x00, 0x00, 0x00, 0x00, 0x00, 0x00, 0x00, 0x00, 0x00, 0x00, 0x00, 0x00, 0x00, 0x00, 0x00, 0x00, 0x00, 0x00, 0x00, 0x00, 0x00, 0x00, 0x00, 
    0x00, 0x00, 0x00, 0x00, 0x00, 0x00, 0x00, 0x00, 0x00, 0x00, 0x00, 0x00, 0x00, 0x00, 0x00, 0x00, 0x00, 0x00, 0x00, 0x00, 0x00, 0x00, 0x00, 0x00, 
    0x00, 0x00, 0x00, 0x00, 0x00, 0x00, 0x00, 0x00, 0x00, 0x00, 0x00, 0x00, 0x00, 0x00, 0x00, 0x00, 0x00, 0x00, 0x00, 0x00, 0x00, 0x00, 0x00, 0x00, 
    0x00, 0x00, 0x00, 0x00, 0x00, 0x00, 0x00, 0x00, 0x00, 0x00, 0x00, 0x00, 0x00, 0x00, 0x00, 0x00, 0x00, 0x00, 0x00, 0x00, 0x00, 0x00, 0x00, 0x00, 
    0x00, 0x00, 0x00, 0x00, 0x00, 0x00, 0x00, 0x00, 0x00, 0x00, 0x00, 0x00, 0x00, 0x00, 0x00, 0x00, 0x00, 0x00, 0x00, 0x00, 0x00, 0x00, 0x00, 0x00, 
    0x00, 0x00, 0x00, 0x00, 0x00, 0x00, 0x00, 0x00, 0x00, 0x00, 0x00, 0x00, 0x00, 0x00, 0x00, 0x00, 0x00, 0x00, 0x00, 0x00, 0x00, 0x00, 0x00, 0x00, 
    0x00, 0x00, 0x00, 0x00, 0x00, 0x00, 0x00, 0x00, 0x00, 0x00, 0x00, 0x00, 0x00, 0x00, 0x00, 0x00, 0x00, 0x00, 0x00, 0x00, 0x00, 0x00, 0x00, 0x00, 
    0x00, 0x00, 0x00, 0x00, 0x00, 0x00, 0x00, 0x00, 0x00, 0x00, 0x00, 0x00, 0x00, 0x00, 0x00, 0x00, 0x00, 0x00, 0x00, 0x00, 0x00, 0x00, 0x00, 0x00, 
    0x00, 0x00, 0x00, 0x00, 0x00, 0x00, 0x00, 0x00, 0x00, 0x00, 0x00, 0x00, 0x00, 0x00, 0x00, 0x00, 0x00, 0x00, 0x00, 0x00, 0x00, 0x00, 0x00, 0x00, 
    0x00, 0x00, 0x00, 0x00, 0x00, 0x00, 0x00, 0x00, 0x00, 0x00, 0x00, 0x00, 0x00, 0x00, 0x00, 0x00, 0x00, 0x00, 0x00, 0x00, 0x00, 0x00, 0x00, 0x00, 
    0x00, 0x00, 0x00, 0x00, 0x00, 0x00, 0x00, 0x00, 0x00, 0x00, 0x00, 0x00, 0x00, 0x00, 0x00, 0x00, 0x00, 0x00, 0x00, 0x00, 0x00, 0x00, 0x00, 0x00, 
    0x00, 0x00, 0x00, 0x00, 0x00, 0x00, 0x00, 0x00, 0x00, 0x00, 0x00, 0x00, 0x00, 0x00, 0x00, 0x00, 0x00, 0x00, 0x00, 0x00, 0x00, 0x00, 0x00, 0x00, 
    0x00, 0x00, 0x00, 0x00, 0x00, 0x00, 0x00, 0x00, 0x00, 0x00, 0x00, 0x00, 0x00, 0x00, 0x00, 0x00, 0x00, 0x00, 0x00, 0x00, 0x00, 0x00, 0x00, 0x00, 
    0x00, 0x00, 0x00, 0x00, 0x00, 0x00, 0x00, 0x00, 0x00, 0x00, 0x00, 0x00, 0x00, 0x00, 0x00, 0x00, 0x00, 0x00, 0x00, 0x00, 0x00, 0x00, 0x00, 0x00, 
    0x00, 0x00, 0x00, 0x00, 0x00, 0x00, 0x00, 0x00, 0x00, 0x00, 0x00, 0x00, 0x00, 0x00, 0x00, 0x00, 0x00, 0x00, 0x00, 0x00, 0x00, 0x00, 0x00, 0x00, 
    0x00, 0x00, 0x00, 0x00, 0x00, 0x00, 0x00, 0x00, 0x00, 0x00, 0x00, 0x00, 0x00, 0x00, 0x00, 0x00, 0x00, 0x00, 0x00, 0x00, 0x00, 0x00, 0x00, 0x00, 
    0x00, 0x00, 0x00, 0x00, 0x00, 0x00, 0x00, 0x00, 0x00, 0x00, 0x00, 0x00, 0x00, 0x00, 0x00, 0x00, 0x00, 0x00, 0x00, 0x00, 0x00, 0x00, 0x00, 0x00, 
    0x00, 0x00, 0x00, 0x00, 0x00, 0x00, 0x00, 0x00, 0x00, 0x00, 0x00, 0x00, 0x00, 0x00, 0x00, 0x00, 0x00, 0x00, 0x00, 0x00, 0x00, 0x00, 0x00, 0x00, 
    0x00, 0x00, 0x00, 0x00, 0x00, 0x00, 0x00, 0x00, 0x00, 0x00, 0x00, 0x00, 0x00, 0x00, 0x00, 0x00, 0x00, 0x00, 0x00, 0x00, 0x00, 0x00, 0x00, 0x00, 
    0x00, 0x00, 0x00, 0x00, 0x00, 0x00, 0x00, 0x00, 0x00, 0x00, 0x00, 0x00, 0x00, 0x00, 0x00, 0x00, 0x00, 0x00, 0x00, 0x00, 0x00, 0x00, 0x00, 0x00, 
    0x00, 0x00, 0x00, 0x00, 0x00, 0x00, 0x00, 0x00, 0x00, 0x00, 0x00, 0x00, 0x00, 0x00, 0x00, 0x00, 0x00, 0x00, 0x00, 0x00, 0x00, 0x00, 0x00, 0x00, 
    0x00, 0x00, 0x00, 0x00, 0x00, 0x00, 0x00, 0x00, 0x00, 0x00, 0x00, 0x00, 0x00, 0x00, 0x00, 0x00, 0x00, 0x00, 0x00, 0x00, 0x00, 0x00, 0x00, 0x00, 
    0x00, 0x00, 0x00, 0x00, 0x00, 0x00, 0x00, 0x00, 0x00, 0x00, 0x00, 0x00, 0x00, 0x00, 0x00, 0x00, 0x00, 0x00, 0x00, 0x00, 0x00, 0x00, 0x00, 0x00, 
    0x00, 0x00, 0x00, 0x00, 0x00, 0x00, 0x00, 0x00, 0x00, 0x00, 0x00, 0x00, 0x00, 0x00, 0x00, 0x00, 0x00, 0x00, 0x00, 0x00, 0x00, 0x00, 0x00, 0x00, 
    0x00, 0x00, 0x00, 0x00, 0x00, 0x00, 0x00, 0x00, 0x00, 0x00, 0x00, 0x00, 0x00, 0x00, 0x00, 0x00, 0x00, 0x00, 0x00, 0x00, 0x00, 0x00, 0x00, 0x00, 
    0x00, 0x00, 0x00, 0x00, 0x00, 0x00, 0x00, 0x00, 0x00, 0x00, 0x00, 0x00, 0x00, 0x00, 0x00, 0x00, 0x00, 0x00, 0x00, 0x00, 0x00, 0x00, 0x00, 0x00, 
    0x00, 0x00, 0x00, 0x00, 0x00, 0x00, 0x00, 0x00, 0x00, 0x00, 0x00, 0x00, 0x00, 0xf8, 0x01, 0x00, 0xf8, 0x01, 0x00, 0x00, 0x00, 0x49, 0x92, 0x07, 
    0xe7, 0x99, 0x08, 0xe7, 0xb9, 0x08, 0xe0, 0x7b, 0x02, 0x00, 0xf8, 0x01, 0x00, 0xf8, 0x01, 0x00, 0x00, 0x00, 0x00, 0x00, 0x00, 0x00, 0x00, 0x00, 
    0x00, 0x00, 0x00, 0x00, 0x00, 0x00, 0x00, 0x00, 0x00, 0x00, 0x00, 0x00, 0x00, 0x00, 0x00, 0x00, 0x00, 0x00, 0x00, 0x00, 0x00, 0x00, 0x00, 0x00, 
    0x00, 0x00, 0x00, 0x00, 0x00, 0x00, 0x00, 0x00, 0x00, 0x00, 0x00, 0x00, 0x00, 0x00, 0x00, 0x05, 0x7a, 0x26, 0x06, 0x82, 0x13, 0x00, 0x00, 0x00, 
    0x00, 0x00, 0x01, 0x00, 0x00, 0x00, 0x00, 0x00, 0x00, 0x00, 0x00, 0x00, 0x00, 0x00, 0x00, 0x00, 0x00, 0x00, 0x00, 0x00, 0x00, 0xa0, 0xaa, 0x03, 
    0x00, 0x78, 0x02, 0x00, 0xf8, 0x01, 0x00, 0x00, 0x00, 0x00, 0x00, 0x00, 0x00, 0x00, 0x00, 0x00, 0x00, 0x00, 0x00, 0x00, 0x00, 0x00, 0x00, 0x00, 
    0x00, 0x00, 0x00, 0x00, 0x00, 0x00, 0x00, 0x00, 0x00, 0x00, 0x00, 0x00, 0x00, 0x00, 0x00, 0x00, 0x00, 0x00, 0x00, 0x00, 0x00, 0x00, 0x00, 0x00, 
    0x00, 0x00, 0x00, 0x00, 0x00, 0x00, 0x00, 0x00, 0x00, 0x00, 0x00, 0x00, 0x00, 0x00, 0x00, 0x00, 0x00, 0x00, 0x00, 0x00, 0x00, 0x44, 0x92, 0x07, 
    0x00, 0x00, 0x00, 0xe5, 0x99, 0x8f, 0xe5, 0x99, 0xcc, 0x00, 0x00, 0x00, 0x00, 0x00, 0x01, 0x00, 0x00, 0x01, 0x00, 0x00, 0x00, 0x00, 0x00, 0x00, 
    0x00, 0x00, 0x00, 0x00, 0x00, 0x00, 0x00, 0x00, 0x00, 0x00, 0x00, 0x00, 0x00, 0x00, 0x00, 0x00, 0x00, 0x00, 0x00, 0x00, 0x00, 0x00, 0x00, 0x00, 
    0x00, 0x00, 0x00, 0x00, 0x00, 0x00, 0x00, 0x00, 0x00, 0x00, 0x00, 0x00, 0x00, 0x00, 0x00, 0x00, 0x00, 0x00, 0x00, 0x00, 0x00, 0x00, 0x00, 0x00, 
    0x00, 0x00, 0x00, 0x00, 0x00, 0x00, 0x00, 0x00, 0x00, 0x00, 0x00, 0x00, 0x00, 0x00, 0x00, 0x00, 0x00, 0x00, 0x00, 0x00, 0x00, 0x00, 0x00, 0x00, 
    0x00, 0x00, 0x00, 0x00, 0x00, 0x00, 0x00, 0x00, 0x00, 0x00, 0x00, 0x00, 0x00, 0x00, 0x00, 0x00, 0x00, 0x00, 0x00, 0x00, 0x00, 0x00, 0x00, 0x00, 
    0x00, 0x00, 0x00, 0x00, 0x00, 0x00, 0x00, 0x00, 0x00, 0x00, 0x00, 0x00, 0x00, 0x00, 0x00, 0x00, 0x00, 0x00, 0x00, 0x00, 0x00, 0x00, 0x00, 0x00, 
    0x00, 0x00, 0x00, 0x00, 0x00, 0x00, 0x00, 0x00, 0x00, 0x00, 0x00, 0x00, 0x00, 0x00, 0x00, 0x00, 0x00, 0x00, 0x00, 0x00, 0x00, 0x00, 0x00, 0x00, 
    0x00, 0x00, 0x00, 0x00, 0x00, 0x00, 0x00, 0x00, 0x00, 0x00, 0x00, 0x00, 0x00, 0x00, 0x00, 0x00, 0x00, 0x00, 0x00, 0x00, 0x00, 0x00, 0x00, 0x00, 
    0x00, 0x00, 0x00, 0x00, 0x00, 0x00, 0x00, 0x00, 0x00, 0x00, 0x00, 0x00, 0x00, 0x00, 0x00, 0x00, 0x00, 0x00, 0x00, 0x00, 0x00, 0x00, 0x00, 0x00, 
    0x00, 0x00, 0x00, 0x00, 0x00, 0x00, 0x00, 0x00, 0x00, 0x00, 0x00, 0x00, 0x00, 0x00, 0x00, 0x00, 0x00, 0x00, 0x00, 0x00, 0x00, 0x00, 0x00, 0x00, 
    0x00, 0x00, 0x00, 0x00, 0x00, 0x00, 0x00, 0x00, 0x00, 0x00, 0x00, 0x00, 0x00, 0x00, 0x00, 0x00, 0x00, 0x00, 0x00, 0x00, 0x00, 0x00, 0x00, 0x00, 
    0x00, 0x00, 0x00, 0x00, 0x00, 0x00, 0x00, 0x00, 0x00, 0x00, 0x00, 0x00, 0x00, 0x00, 0x00, 0x00, 0x00, 0x00, 0x00, 0x00, 0x00, 0x00, 0x00, 0x00, 
    0x00, 0x00, 0x00, 0x00, 0x00, 0x00, 0x00, 0x00, 0x00, 0x00, 0x00, 0x00, 0x00, 0x00, 0x00, 0x00, 0x00, 0x00, 0x00, 0x00, 0x00, 0x00, 0x00, 0x00, 
    0x00, 0x00, 0x00, 0x00, 0x00, 0x00, 0x00, 0x00, 0x00, 0x00, 0x00, 0x00, 0x00, 0x00, 0x00, 0x00, 0x00, 0x00, 0x00, 0x00, 0x00, 0x00, 0x00, 0x00, 
    0x00, 0x00, 0x00, 0x00, 0x00, 0x00, 0x00, 0x00, 0x00, 0x00, 0x00, 0x00, 0x00, 0x00, 0x00, 0x00, 0x00, 0x00, 0x00, 0x00, 0x00, 0x00, 0x00, 0x00, 
    0x00, 0x00, 0x00, 0x00, 0x00, 0x00, 0x00, 0x00, 0x00, 0x00, 0x00, 0x00, 0x00, 0x00, 0x00, 0x00, 0x00, 0x00, 0x00, 0x00, 0x00, 0x00, 0x00, 0x00, 
    0x00, 0x00, 0x00, 0x00, 0x00, 0x00, 0x00, 0x00, 0x00, 0x00, 0x00, 0x00, 0x00, 0x00, 0x00, 0x00, 0x00, 0x00, 0x00, 0x00, 0x00, 0x00, 0x00, 0x00, 
    0x00, 0x00, 0x00, 0x00, 0x00, 0x00, 0x00, 0x00, 0x00, 0x00, 0x00, 0x00, 0x00, 0x00, 0x00, 0x00, 0x00, 0x00, 0x00, 0x00, 0x00, 0x00, 0x00, 0x00, 
    0x00, 0x00, 0x00, 0x00, 0x00, 0x00, 0x00, 0x00, 0x00, 0x00, 0x00, 0x00, 0x00, 0x00, 0x00, 0x00, 0x00, 0x00, 0x00, 0x00, 0x00, 0x00, 0x00, 0x00, 
    0x00, 0x00, 0x00, 0x00, 0x00, 0x00, 0x00, 0x00, 0x00, 0x00, 0x00, 0x00, 0x00, 0x00, 0x00, 0x00, 0x00, 0x00, 0x00, 0x00, 0x00, 0x00, 0x00, 0x00, 
    0x00, 0x00, 0x00, 0x00, 0x00, 0x00, 0x00, 0x00, 0x00, 0x00, 0x00, 0x00, 0x00, 0x00, 0x00, 0x00, 0x00, 0x00, 0x00, 0x00, 0x00, 0x00, 0x00, 0x00, 
    0x00, 0x00, 0x00, 0x00, 0x00, 0x00, 0x00, 0x00, 0x00, 0x00, 0x00, 0x00, 0x00, 0x00, 0x00, 0x00, 0x00, 0x00, 0x00, 0x00, 0x00, 0x00, 0x00, 0x00, 
    0x00, 0x00, 0x00, 0x00, 0x00, 0x00, 0x00, 0x00, 0x00, 0x00, 0x00, 0x00, 0x00, 0x00, 0x00, 0x00, 0x00, 0x00, 0x00, 0x00, 0x00, 0x00, 0x00, 0x00, 
    0x00, 0x00, 0x00, 0x00, 0x00, 0x00, 0x00, 0x00, 0x00, 0x00, 0x00, 0x00, 0x00, 0x00, 0x00, 0x00, 0x00, 0x00, 0x00, 0x00, 0x00, 0x00, 0x00, 0x00, 
    0x00, 0x00, 0x00, 0x00, 0x00, 0x00, 0x00, 0x00, 0x00, 0x00, 0x00, 0x00, 0x00, 0x00, 0x00, 0x00, 0x00, 0x00, 0x00, 0x00, 0x00, 0x00, 0x00, 0x00, 
    0x00, 0x00, 0x00, 0x00, 0x00, 0x00, 0x00, 0x00, 0x00, 0x00, 0x00, 0x00, 0x00, 0x00, 0x00, 0x00, 0x00, 0x00, 0x00, 0x00, 0x00, 0x00, 0x00, 0x00, 
    0x00, 0x00, 0x00, 0x00, 0x00, 0x00, 0x00, 0x00, 0x00, 0x00, 0x00, 0x00, 0x00, 0x00, 0x00, 0x00, 0x00, 0x00, 0x00, 0x00, 0x00, 0x00, 0x00, 0x00, 
    0x00, 0x00, 0x00, 0x00, 0x00, 0x00, 0x00, 0x00, 0x00, 0x00, 0x00, 0x00, 0x00, 0x00, 0x00, 0x00, 0x00, 0x00, 0x00, 0x00, 0x00, 0x00, 0x00, 0x00, 
    0x00, 0x00, 0x00, 0x00, 0x00, 0x00, 0x00, 0x00, 0x00, 0x00, 0x00, 0x00, 0x00, 0x00, 0x00, 0x00, 0x00, 0x00, 0x00, 0x00, 0x00, 0x00, 0x00, 0x00, 
    0x00, 0x00, 0x00, 0x00, 0x00, 0x00, 0x00, 0x00, 0x00, 0x00, 0x00, 0x00, 0x00, 0x00, 0x00, 0x00, 0x00, 0x00, 0x00, 0x00, 0x00, 0x00, 0x00, 0x00, 
    0x00, 0x00, 0x00, 0x00, 0x00, 0x00, 0x00, 0x00, 0x00, 0x00, 0x00, 0x00, 0x00, 0x00, 0x00, 0x00, 0x00, 0x00, 0x00, 0x00, 0x00, 0x00, 0x00, 0x00, 
    0x00, 0x00, 0x00, 0x00, 0x00, 0x00, 0x00, 0x00, 0x00, 0x00, 0x00, 0x00, 0x00, 0x00, 0x00, 0x00, 0x00, 0x00, 0x00, 0x00, 0x00, 0x00, 0x00, 0x00, 
    0x00, 0x00, 0x00, 0x00, 0x00, 0x00, 0x00, 0x00, 0x00, 0x00, 0x00, 0x00, 0x00, 0x00, 0x00, 0x00, 0x00, 0x00, 0x00, 0x00, 0x00, 0x00, 0x00, 0x00, 
    0x00, 0x00, 0x00, 0x00, 0x00, 0x00, 0x00, 0x00, 0x00, 0x00, 0x00, 0x00, 0x00, 0x00, 0x00, 0x00, 0x00, 0x00, 0x00, 0x00, 0x00, 0x00, 0x00, 0x00, 
    0x00, 0x00, 0x00, 0x00, 0x00, 0x00, 0x00, 0x00, 0x00, 0x00, 0x00, 0x00, 0x00, 0x00, 0x00, 0x00, 0x00, 0x00, 0x00, 0x00, 0x00, 0x00, 0x00, 0x00, 
    0x00, 0x00, 0x00, 0x00, 0x00, 0x00, 0x00, 0x00, 0x00, 0x00, 0x00, 0x00, 0x00, 0x00, 0x00, 0x00, 0x00, 0x00, 0x00, 0x00, 0x00, 0x00, 0x00, 0x00, 
    0x00, 0x00, 0x00, 0x00, 0x00, 0x00, 0x00, 0x00, 0x00, 0x00, 0x00, 0x00, 0x00, 0x00, 0x00, 0x00, 0x00, 0x00, 0x00, 0x00, 0x00, 0x00, 0x00, 0x00, 
    0x00, 0x00, 0x00, 0x00, 0x00, 0x00, 0x00, 0x00, 0x00, 0x00, 0x00, 0x00, 0x00, 0x00, 0x00, 0x00, 0x00, 0x00, 0x00, 0x00, 0x00, 0x00, 0x00, 0x00, 
    0x00, 0x00, 0x00, 0x00, 0x00, 0x00, 0x00, 0x00, 0x00, 0x00, 0x00, 0x00, 0x00, 0x00, 0x00, 0x00, 0x00, 0x00, 0x00, 0x00, 0x00, 0x00, 0x00, 0x00, 
    0x00, 0x00, 0x00, 0x00, 0x00, 0x00, 0x00, 0x00, 0x00, 0x00, 0x00, 0x00, 0x00, 0x00, 0x00, 0x00, 0x00, 0x00, 0x00, 0x00, 0x00, 0x00, 0x00, 0x00, 
    0x00, 0x00, 0x00, 0x00, 0x00, 0x00, 0x00, 0x00, 0x00, 0x00, 0x00, 0x00, 0x00, 0x00, 0x00, 0x00, 0x00, 0x00, 0x00, 0x00, 0x00, 0x00, 0x00, 0x00, 
    0x00, 0x00, 0x00, 0x00, 0x00, 0x00, 0x00, 0x00, 0x00, 0x00, 0x00, 0x00, 0x00, 0x00, 0x00, 0x00, 0x00, 0x00, 0x00, 0x00, 0x00, 0x00, 0x00, 0x00, 
    0x00, 0x00, 0x00, 0x00, 0x00, 0x00, 0x00, 0x00, 0x00, 0x00, 0x00, 0x00, 0x00, 0x00, 0x00, 0x00, 0x00, 0x01, 0xe7, 0x79, 0x04, 0xe5, 0x61, 0x20, 
    0x00, 0x00, 0x00, 0xe5, 0x79, 0xaf, 0xe5, 0x79, 0x5c, 0x00, 0x00, 0x00, 0xe0, 0x7b, 0x02, 0x00, 0x00, 0x00, 0xe0, 0xff, 0x01, 0x00, 0xf8, 0x01, 
    0x00, 0xf8, 0x01, 0x00, 0xf8, 0x01, 0x00, 0x00, 0x01, 0x00, 0x00, 0x00, 0x00, 0x00, 0x00, 0x00, 0x00, 0x00, 0x00, 0x00, 0x00, 0x00, 0x00, 0x00, 
    0x00, 0x00, 0x00, 0x00, 0x00, 0x00, 0x00, 0x00, 0x00, 0x00, 0x00, 0x00, 0x00, 0x00, 0x00, 0x00, 0x00, 0x00, 0x00, 0x00, 0x00, 0x00, 0x00, 0x00, 
    0x00, 0x00, 0x00, 0x00, 0x00, 0x00, 0x00, 0x00, 0x00, 0x00, 0x00, 0x00, 0x00, 0x00, 0x00, 0x00, 0x00, 0x00, 0x00, 0x00, 0x00, 0x00, 0x00, 0x00, 
    0x00, 0x00, 0x00, 0x00, 0x00, 0x00, 0x00, 0x00, 0x00, 0xe0, 0x7b, 0x02, 0x00, 0x00, 0x00, 0xe5, 0x99, 0x84, 0xe5, 0x99, 0xc3, 0x00, 0x00, 0x00, 
    0x00, 0x78, 0x02, 0x00, 0x00, 0x00, 0x00, 0x00, 0x00, 0x00, 0x00, 0x00, 0x00, 0x00, 0x00, 0x00, 0x00, 0x00, 0x00, 0x00, 0x00, 0x00, 0x00, 0x00, 
    0x00, 0x00, 0x00, 0x00, 0x00, 0x00, 0x00, 0x00, 0x00, 0x00, 0x00, 0x00, 0x00, 0x00, 0x00, 0x00, 0x00, 0x00, 0x00, 0x00, 0x00, 0x00, 0x00, 0x00, 
    0x00, 0x00, 0x00, 0x00, 0x00, 0x00, 0x00, 0x00, 0x00, 0x00, 0x00, 0x00, 0x00, 0x00, 0x00, 0x00, 0x00, 0x00, 0x00, 0x00, 0x00, 0x00, 0x00, 0x00, 
    0x00, 0x00, 0x00, 0x00, 0x00, 0x00, 0x00, 0x00, 0x00, 0x00, 0x00, 0x00, 0x00, 0x00, 0x00, 0x00, 0x00, 0x00, 0x00, 0x00, 0x00, 0x00, 0x00, 0x00, 
    0x00, 0x00, 0x00, 0x00, 0x00, 0x00, 0x00, 0x00, 0x00, 0x00, 0x00, 0x00, 0x00, 0x00, 0x00, 0x00, 0x00, 0x00, 0x00, 0x00, 0x00, 0x00, 0x00, 0x00, 
    0x00, 0x00, 0x00, 0x00, 0x00, 0x00, 0x00, 0x00, 0x00, 0x00, 0x00, 0x00, 0x00, 0x00, 0x00, 0x00, 0x00, 0x00, 0x00, 0x00, 0x00, 0x00, 0x00, 0x00, 
    0x00, 0x00, 0x00, 0x00, 0x00, 0x00, 0x00, 0x00, 0x00, 0x00, 0x00, 0x00, 0x00, 0x00, 0x00, 0x00, 0x00, 0x00, 0x00, 0x00, 0x00, 0x00, 0x00, 0x00, 
    0x00, 0x00, 0x00, 0x00, 0x00, 0x00, 0x00, 0x00, 0x00, 0x00, 0x00, 0x00, 0x00, 0x00, 0x00, 0x00, 0x00, 0x00, 0x00, 0x00, 0x00, 0x00, 0x00, 0x00, 
    0x00, 0x00, 0x00, 0x00, 0x00, 0x00, 0x00, 0x00, 0x00, 0x00, 0x00, 0x00, 0x00, 0x00, 0x00, 0x00, 0x00, 0x00, 0x00, 0x00, 0x00, 0x00, 0x00, 0x00, 
    0x00, 0x00, 0x00, 0x00, 0x00, 0x00, 0x00, 0x00, 0x00, 0x00, 0x00, 0x00, 0x00, 0x00, 0x00, 0x00, 0x00, 0x00, 0x00, 0x00, 0x00, 0x00, 0x00, 0x00, 
    0x00, 0x00, 0x00, 0x00, 0x00, 0x00, 0x00, 0x00, 0x00, 0x00, 0x00, 0x00, 0x00, 0x00, 0x00, 0x00, 0x00, 0x00, 0x00, 0x00, 0x00, 0x00, 0x00, 0x00, 
    0x00, 0x00, 0x00, 0x00, 0x00, 0x00, 0x00, 0x00, 0x00, 0x00, 0x00, 0x00, 0x00, 0x00, 0x00, 0x00, 0x00, 0x00, 0x00, 0x00, 0x00, 0x00, 0x00, 0x00, 
    0x00, 0x00, 0x00, 0x00, 0x00, 0x00, 0x00, 0x00, 0x00, 0x00, 0x00, 0x00, 0x00, 0x00, 0x00, 0x00, 0x00, 0x00, 0x00, 0x00, 0x00, 0x00, 0x00, 0x00, 
    0x00, 0x00, 0x00, 0x00, 0x00, 0x00, 0x00, 0x00, 0x00, 0x00, 0x00, 0x00, 0x00, 0x00, 0x00, 0x00, 0x00, 0x00, 0x00, 0x00, 0x00, 0x00, 0x00, 0x00, 
    0x00, 0x00, 0x00, 0x00, 0x00, 0x00, 0x00, 0x00, 0x00, 0x00, 0x00, 0x00, 0x00, 0x00, 0x00, 0x00, 0x00, 0x00, 0x00, 0x00, 0x00, 0x00, 0x00, 0x00, 
    0x00, 0x00, 0x00, 0x00, 0x00, 0x00, 0x00, 0x00, 0x00, 0x00, 0x00, 0x00, 0x00, 0x00, 0x00, 0x00, 0x00, 0x00, 0x00, 0x00, 0x00, 0x00, 0x00, 0x00, 
    0x00, 0x00, 0x00, 0x00, 0x00, 0x00, 0x00, 0x00, 0x00, 0x00, 0x00, 0x00, 0x00, 0x00, 0x00, 0x00, 0x00, 0x00, 0x00, 0x00, 0x00, 0x00, 0x00, 0x00, 
    0x00, 0x00, 0x00, 0x00, 0x00, 0x00, 0x00, 0x00, 0x00, 0x00, 0x00, 0x00, 0x00, 0x00, 0x00, 0x00, 0x00, 0x00, 0x00, 0x00, 0x00, 0x00, 0x00, 0x00, 
    0x00, 0x00, 0x00, 0x00, 0x00, 0x00, 0x00, 0x00, 0x00, 0x00, 0x00, 0x00, 0x00, 0x00, 0x00, 0x00, 0x00, 0x00, 0x00, 0x00, 0x00, 0x00, 0x00, 0x00, 
    0x00, 0x00, 0x00, 0x00, 0x00, 0x00, 0x00, 0x00, 0x00, 0x00, 0x00, 0x00, 0x00, 0x00, 0x00, 0x00, 0x00, 0x00, 0x00, 0x00, 0x00, 0x00, 0x00, 0x00, 
    0x00, 0x00, 0x00, 0x00, 0x00, 0x00, 0x00, 0x00, 0x00, 0x00, 0x00, 0x00, 0x00, 0x00, 0x00, 0x00, 0x00, 0x00, 0x00, 0x00, 0x00, 0x00, 0x00, 0x00, 
    0x00, 0x00, 0x00, 0x00, 0x00, 0x00, 0x00, 0x00, 0x00, 0x00, 0x00, 0x00, 0x00, 0x00, 0x00, 0x00, 0x00, 0x00, 0x00, 0x00, 0x00, 0x00, 0x00, 0x00, 
    0x00, 0x00, 0x00, 0x00, 0x00, 0x00, 0x00, 0x00, 0x00, 0x00, 0x00, 0x00, 0x00, 0x00, 0x00, 0x00, 0x00, 0x00, 0x00, 0x00, 0x00, 0x00, 0x00, 0x00, 
    0x00, 0x00, 0x00, 0x00, 0x00, 0x00, 0x00, 0x00, 0x00, 0x00, 0x00, 0x00, 0x00, 0x00, 0x00, 0x00, 0x00, 0x00, 0x00, 0x00, 0x00, 0x00, 0x00, 0x00, 
    0x00, 0x00, 0x00, 0x00, 0x00, 0x00, 0x00, 0x00, 0x00, 0x00, 0x00, 0x00, 0x00, 0x00, 0x00, 0x00, 0x00, 0x00, 0x00, 0x00, 0x00, 0x00, 0x00, 0x00, 
    0x00, 0x00, 0x00, 0x00, 0x00, 0x00, 0x00, 0x00, 0x00, 0x00, 0x00, 0x00, 0x00, 0x00, 0x00, 0x00, 0x00, 0x00, 0x00, 0x00, 0x00, 0x00, 0x00, 0x00, 
    0x00, 0x00, 0x00, 0x00, 0x00, 0x00, 0x00, 0x00, 0x00, 0x00, 0x00, 0x00, 0x00, 0x00, 0x00, 0x00, 0x00, 0x00, 0x00, 0x00, 0x00, 0x00, 0x00, 0x00, 
    0x00, 0x00, 0x00, 0x00, 0x00, 0x00, 0x00, 0x00, 0x00, 0x00, 0x00, 0x00, 0x00, 0x00, 0x00, 0x00, 0x00, 0x00, 0x00, 0x00, 0x00, 0x00, 0x00, 0x00, 
    0x00, 0x00, 0x00, 0x00, 0x00, 0x00, 0x00, 0x00, 0x00, 0x00, 0x00, 0x00, 0x00, 0x00, 0x00, 0x00, 0x00, 0x00, 0x00, 0x00, 0x00, 0x00, 0x00, 0x00, 
    0x00, 0x00, 0x00, 0x00, 0x00, 0x00, 0x00, 0x00, 0x00, 0x00, 0x00, 0x00, 0x00, 0x00, 0x00, 0x00, 0x00, 0x00, 0x00, 0x00, 0x00, 0x00, 0x00, 0x00, 
    0x00, 0x00, 0x00, 0x00, 0x00, 0x00, 0x00, 0x00, 0x00, 0x00, 0x00, 0x00, 0x00, 0x00, 0x00, 0x00, 0x00, 0x00, 0x00, 0x00, 0x00, 0x00, 0x00, 0x00, 
    0x00, 0x00, 0x00, 0x00, 0x00, 0x00, 0x00, 0x00, 0x00, 0x00, 0x00, 0x00, 0x00, 0x00, 0x00, 0x00, 0x00, 0x00, 0x00, 0x00, 0x00, 0x00, 0x00, 0x00, 
    0x00, 0x00, 0x00, 0x00, 0x00, 0x00, 0x00, 0x00, 0x00, 0x00, 0x00, 0x00, 0x00, 0x00, 0x00, 0x00, 0x00, 0x00, 0x00, 0x00, 0x00, 0x00, 0x00, 0x00, 
    0x00, 0x00, 0x00, 0x00, 0x00, 0x00, 0x00, 0x00, 0x00, 0x00, 0x00, 0x00, 0x00, 0x00, 0x00, 0x00, 0x00, 0x00, 0x00, 0x00, 0x00, 0x00, 0x00, 0x00, 
    0x00, 0x00, 0x00, 0x00, 0x00, 0x00, 0x00, 0x00, 0x00, 0x00, 0x00, 0x00, 0x00, 0x00, 0x00, 0x00, 0x00, 0x00, 0x00, 0x00, 0x00, 0x00, 0x00, 0x00, 
    0x00, 0x00, 0x00, 0x00, 0x00, 0x00, 0x00, 0x00, 0x00, 0x00, 0x00, 0x00, 0x00, 0x00, 0x00, 0x00, 0x00, 0x00, 0x00, 0x00, 0x00, 0x00, 0x00, 0x00, 
    0x00, 0x00, 0x00, 0x00, 0x00, 0x00, 0x00, 0x00, 0x00, 0x00, 0x00, 0x00, 0x00, 0x00, 0x00, 0x00, 0x00, 0x00, 0x00, 0x00, 0x00, 0x00, 0x00, 0x00, 
    0x00, 0x00, 0x00, 0x00, 0x00, 0x00, 0x00, 0x00, 0x00, 0x00, 0x00, 0x00, 0x00, 0x00, 0x00, 0x00, 0x00, 0x00, 0x00, 0x00, 0x00, 0x00, 0x00, 0x00, 
    0x00, 0x00, 0x00, 0x00, 0x00, 0x00, 0x00, 0x00, 0x00, 0x00, 0x00, 0x00, 0x00, 0x00, 0x00, 0x00, 0x00, 0x00, 0x00, 0x00, 0x00, 0x00, 0x00, 0x00, 
    0x00, 0x00, 0x00, 0x00, 0x00, 0x00, 0x00, 0x00, 0x00, 0x00, 0x00, 0x00, 0x00, 0x00, 0x00, 0x00, 0x00, 0x00, 0x00, 0x00, 0x00, 0x00, 0x00, 0x00, 
    0x00, 0x00, 0x00, 0x00, 0x00, 0x00, 0x00, 0x00, 0x00, 0x00, 0x00, 0x00, 0x00, 0x00, 0x00, 0x00, 0x00, 0x00, 0x00, 0x00, 0x00, 0x00, 0x00, 0x00, 
    0x00, 0x00, 0x00, 0x00, 0x00, 0x00, 0x00, 0x00, 0x00, 0x00, 0x00, 0x00, 0x00, 0x00, 0x00, 0x00, 0x00, 0x00, 0x00, 0x00, 0x00, 0x00, 0x00, 0x00, 
    0x00, 0x00, 0x00, 0x00, 0x00, 0x00, 0x45, 0x51, 0x06, 0xa5, 0x61, 0x50, 0x00, 0xa8, 0x03, 0x66, 0x8a, 0x14, 0x25, 0x8a, 0x0b, 0x00, 0x00, 0x00, 
    0x00, 0x00, 0x00, 0x00, 0x00, 0x00, 0x00, 0x00, 0x00, 0x00, 0x00, 0x00, 0x00, 0x00, 0x00, 0x00, 0x00, 0x00, 0x00, 0x00, 0x00, 0x00, 0x00, 0x00, 
    0x00, 0x00, 0x00, 0x00, 0x00, 0x00, 0x00, 0x00, 0x00, 0x00, 0x00, 0x00, 0x00, 0x00, 0x00, 0x00, 0x00, 0x00, 0x00, 0x00, 0x00, 0x00, 0x00, 0x00, 
    0x00, 0x00, 0x00, 0x00, 0x00, 0x00, 0x00, 0x00, 0x00, 0x00, 0x00, 0x00, 0x00, 0x00, 0x00, 0x00, 0x00, 0x00, 0x00, 0x00, 0x00, 0x00, 0x00, 0x00, 
    0x00, 0x00, 0x00, 0x00, 0x00, 0x00, 0x00, 0x00, 0x00, 0x00, 0x00, 0x00, 0x00, 0x00, 0x00, 0x00, 0x00, 0x00, 0x00, 0x00, 0x00, 0xa0, 0xaa, 0x03, 
    0x00, 0x00, 0x00, 0x06, 0x9a, 0x89, 0x06, 0xa2, 0xbe, 0x00, 0x00, 0x00, 0x00, 0x78, 0x02, 0x00, 0x00, 0x00, 0x00, 0x00, 0x00, 0x00, 0x00, 0x00, 
    0x00, 0x00, 0x00, 0x00, 0x00, 0x00, 0x00, 0x00, 0x00, 0x00, 0x00, 0x00, 0x00, 0x00, 0x00, 0x00, 0x00, 0x00, 0x00, 0x00, 0x00, 0x00, 0x00, 0x00, 
    0x00, 0x00, 0x00, 0x00, 0x00, 0x00, 0x00, 0x00, 0x00, 0x00, 0x00, 0x00, 0x00, 0x00, 0x00, 0x00, 0x00, 0x00, 0x00, 0x00, 0x00, 0x00, 0x00, 0x00, 
    0x00, 0x00, 0x00, 0x00, 0x00, 0x00, 0x00, 0x00, 0x00, 0x00, 0x00, 0x00, 0x00, 0x00, 0x00, 0x00, 0x00, 0x00, 0x00, 0x00, 0x00, 0x00, 0x00, 0x00, 
    0x00, 0x00, 0x00, 0x00, 0x00, 0x00, 0x00, 0x00, 0x00, 0x00, 0x00, 0x00, 0x00, 0x00, 0x00, 0x00, 0x00, 0x00, 0x00, 0x00, 0x00, 0x00, 0x00, 0x00, 
    0x00, 0x00, 0x00, 0x00, 0x00, 0x00, 0x00, 0x00, 0x00, 0x00, 0x00, 0x00, 0x00, 0x00, 0x00, 0x00, 0x00, 0x00, 0x00, 0x00, 0x00, 0x00, 0x00, 0x00, 
    0x00, 0x00, 0x00, 0x00, 0x00, 0x00, 0x00, 0x00, 0x00, 0x00, 0x00, 0x00, 0x00, 0x00, 0x00, 0x00, 0x00, 0x00, 0x00, 0x00, 0x00, 0x00, 0x00, 0x00, 
    0x00, 0x00, 0x00, 0x00, 0x00, 0x00, 0x00, 0x00, 0x00, 0x00, 0x00, 0x00, 0x00, 0x00, 0x00, 0x00, 0x00, 0x00, 0x00, 0x00, 0x00, 0x00, 0x00, 0x00, 
    0x00, 0x00, 0x00, 0x00, 0x00, 0x00, 0x00, 0x00, 0x00, 0x00, 0x00, 0x00, 0x00, 0x00, 0x00, 0x00, 0x00, 0x00, 0x00, 0x00, 0x00, 0x00, 0x00, 0x00, 
    0x00, 0x00, 0x00, 0x00, 0x00, 0x00, 0x00, 0x00, 0x00, 0x00, 0x00, 0x00, 0x00, 0x00, 0x00, 0x00, 0x00, 0x00, 0x00, 0x00, 0x00, 0x00, 0x00, 0x00, 
    0x00, 0x00, 0x00, 0x00, 0x00, 0x00, 0x00, 0x00, 0x00, 0x00, 0x00, 0x00, 0x00, 0x00, 0x00, 0x00, 0x00, 0x00, 0x00, 0x00, 0x00, 0x00, 0x00, 0x00, 
    0x00, 0x00, 0x00, 0x00, 0x00, 0x00, 0x00, 0x00, 0x00, 0x00, 0x00, 0x00, 0x00, 0x00, 0x00, 0x00, 0x00, 0x00, 0x00, 0x00, 0x00, 0x00, 0x00, 0x00, 
    0x00, 0x00, 0x00, 0x00, 0x00, 0x00, 0x00, 0x00, 0x00, 0x00, 0x00, 0x00, 0x00, 0x00, 0x00, 0x00, 0x00, 0x00, 0x00, 0x00, 0x00, 0x00, 0x00, 0x00, 
    0x00, 0x00, 0x00, 0x00, 0x00, 0x00, 0x00, 0x00, 0x00, 0x00, 0x00, 0x00, 0x00, 0x00, 0x00, 0x00, 0x00, 0x00, 0x00, 0x00, 0x00, 0x00, 0x00, 0x00, 
    0x00, 0x00, 0x00, 0x00, 0x00, 0x00, 0x00, 0x00, 0x00, 0x00, 0x00, 0x00, 0x00, 0x00, 0x00, 0x00, 0x00, 0x00, 0x00, 0x00, 0x00, 0x00, 0x00, 0x00, 
    0x00, 0x00, 0x00, 0x00, 0x00, 0x00, 0x00, 0x00, 0x00, 0x00, 0x00, 0x00, 0x00, 0x00, 0x00, 0x00, 0x00, 0x00, 0x00, 0x00, 0x00, 0x00, 0x00, 0x00, 
    0x00, 0x00, 0x00, 0x00, 0x00, 0x00, 0x00, 0x00, 0x00, 0x00, 0x00, 0x00, 0x00, 0x00, 0x00, 0x00, 0x00, 0x00, 0x00, 0x00, 0x00, 0x00, 0x00, 0x00, 
    0x00, 0x00, 0x00, 0x00, 0x00, 0x00, 0x00, 0x00, 0x00, 0x00, 0x00, 0x00, 0x00, 0x00, 0x00, 0x00, 0x00, 0x00, 0x00, 0x00, 0x00, 0x00, 0x00, 0x00, 
    0x00, 0x00, 0x00, 0x00, 0x00, 0x00, 0x00, 0x00, 0x00, 0x00, 0x00, 0x00, 0x00, 0x00, 0x00, 0x00, 0x00, 0x00, 0x00, 0x00, 0x00, 0x00, 0x00, 0x00, 
    0x00, 0x00, 0x00, 0x00, 0x00, 0x00, 0x00, 0x00, 0x00, 0x00, 0x00, 0x00, 0x00, 0x00, 0x00, 0x00, 0x00, 0x00, 0x00, 0x00, 0x00, 0x00, 0x00, 0x00, 
    0x00, 0x00, 0x00, 0x00, 0x00, 0x00, 0x00, 0x00, 0x00, 0x00, 0x00, 0x00, 0x00, 0x00, 0x00, 0x00, 0x00, 0x00, 0x00, 0x00, 0x00, 0x00, 0x00, 0x00, 
    0x00, 0x00, 0x00, 0x00, 0x00, 0x00, 0x00, 0x00, 0x00, 0x00, 0x00, 0x00, 0x00, 0x00, 0x00, 0x00, 0x00, 0x00, 0x00, 0x00, 0x00, 0x00, 0x00, 0x00, 
    0x00, 0x00, 0x00, 0x00, 0x00, 0x00, 0x00, 0x00, 0x00, 0x00, 0x00, 0x00, 0x00, 0x00, 0x00, 0x00, 0x00, 0x00, 0x00, 0x00, 0x00, 0x00, 0x00, 0x00, 
    0x00, 0x00, 0x00, 0x00, 0x00, 0x00, 0x00, 0x00, 0x00, 0x00, 0x00, 0x00, 0x00, 0x00, 0x00, 0x00, 0x00, 0x00, 0x00, 0x00, 0x00, 0x00, 0x00, 0x00, 
    0x00, 0x00, 0x00, 0x00, 0x00, 0x00, 0x00, 0x00, 0x00, 0x00, 0x00, 0x00, 0x00, 0x00, 0x00, 0x00, 0x00, 0x00, 0x00, 0x00, 0x00, 0x00, 0x00, 0x00, 
    0x00, 0x00, 0x00, 0x00, 0x00, 0x00, 0x00, 0x00, 0x00, 0x00, 0x00, 0x00, 0x00, 0x00, 0x00, 0x00, 0x00, 0x00, 0x00, 0x00, 0x00, 0x00, 0x00, 0x00, 
    0x00, 0x00, 0x00, 0x00, 0x00, 0x00, 0x00, 0x00, 0x00, 0x00, 0x00, 0x00, 0x00, 0x00, 0x00, 0x00, 0x00, 0x00, 0x00, 0x00, 0x00, 0x00, 0x00, 0x00, 
    0x00, 0x00, 0x00, 0x00, 0x00, 0x00, 0x00, 0x00, 0x00, 0x00, 0x00, 0x00, 0x00, 0x00, 0x00, 0x00, 0x00, 0x00, 0x00, 0x00, 0x00, 0x00, 0x00, 0x00, 
    0x00, 0x00, 0x00, 0x00, 0x00, 0x00, 0x00, 0x00, 0x00, 0x00, 0x00, 0x00, 0x00, 0x00, 0x00, 0x00, 0x00, 0x00, 0x00, 0x00, 0x00, 0x00, 0x00, 0x00, 
    0x00, 0x00, 0x00, 0x00, 0x00, 0x00, 0x00, 0x00, 0x00, 0x00, 0x00, 0x00, 0x00, 0x00, 0x00, 0x00, 0x00, 0x00, 0x00, 0x00, 0x00, 0x00, 0x00, 0x00, 
    0x00, 0x00, 0x00, 0x00, 0x00, 0x00, 0x00, 0x00, 0x00, 0x00, 0x00, 0x00, 0x00, 0x00, 0x00, 0x00, 0x00, 0x00, 0x00, 0x00, 0x00, 0x00, 0x00, 0x00, 
    0x00, 0x00, 0x00, 0x00, 0x00, 0x00, 0x00, 0x00, 0x00, 0x00, 0x00, 0x00, 0x00, 0x00, 0x00, 0x00, 0x00, 0x00, 0x00, 0x00, 0x00, 0x00, 0x00, 0x00, 
    0x00, 0x00, 0x00, 0x00, 0x00, 0x00, 0x00, 0x00, 0x00, 0x00, 0x00, 0x00, 0x00, 0x00, 0x00, 0x00, 0x00, 0x00, 0x00, 0x00, 0x00, 0x00, 0x00, 0x00, 
    0x00, 0x00, 0x00, 0x00, 0x00, 0x00, 0x00, 0x00, 0x00, 0x00, 0x00, 0x00, 0x00, 0x00, 0x00, 0x00, 0x00, 0x00, 0x00, 0x00, 0x00, 0x00, 0x00, 0x00, 
    0x00, 0x00, 0x00, 0x00, 0x00, 0x00, 0x00, 0x00, 0x00, 0x00, 0x00, 0x00, 0x00, 0x00, 0x00, 0x00, 0x00, 0x00, 0x00, 0x00, 0x00, 0x00, 0x00, 0x00, 
    0x00, 0x00, 0x00, 0x00, 0x00, 0x00, 0x00, 0x00, 0x00, 0x00, 0x00, 0x00, 0x00, 0x00, 0x00, 0x00, 0x00, 0x00, 0x00, 0x00, 0x00, 0x00, 0x00, 0x00, 
    0x00, 0x00, 0x00, 0x00, 0x00, 0x00, 0x00, 0x00, 0x00, 0x00, 0x00, 0x00, 0x00, 0x00, 0x00, 0x00, 0x00, 0x00, 0x00, 0x00, 0x00, 0x00, 0x00, 0x00, 
    0x00, 0x00, 0x00, 0x00, 0x00, 0x00, 0x00, 0x00, 0x00, 0x00, 0x00, 0x00, 0x00, 0x00, 0x00, 0x00, 0x00, 0x00, 0x00, 0x00, 0x00, 0x00, 0x00, 0x00, 
    0x00, 0x00, 0x00, 0x00, 0x00, 0x00, 0x00, 0x00, 0x00, 0x00, 0x00, 0x00, 0x00, 0x00, 0x00, 0x00, 0x00, 0x00, 0x00, 0x00, 0x00, 0x00, 0x00, 0x00, 
    0x00, 0x00, 0x00, 0x00, 0x00, 0x00, 0x00, 0x00, 0x00, 0x00, 0x00, 0x00, 0x00, 0x00, 0x00, 0x00, 0x00, 0x00, 0x00, 0x00, 0x00, 0x00, 0x00, 0x00, 
    0x00, 0x00, 0x00, 0x00, 0x00, 0x00, 0x00, 0x00, 0x00, 0x00, 0x00, 0x00, 0x00, 0x00, 0x00, 0x00, 0x00, 0x00, 0x00, 0x00, 0x00, 0x00, 0x00, 0x00, 
    0x00, 0x00, 0x00, 0x00, 0x00, 0x00, 0x00, 0x00, 0x00, 0x00, 0x00, 0x00, 0x00, 0x00, 0x00, 0x00, 0x00, 0x00, 0x00, 0x00, 0x00, 0x00, 0x00, 0x00, 
    0x00, 0x00, 0x00, 0x00, 0x00, 0x00, 0x00, 0x00, 0x00, 0x00, 0x00, 0x01, 0x00, 0x00, 0x00, 0x64, 0x59, 0x1b, 0xe5, 0x69, 0x2d, 0x00, 0x00, 0x00, 
    0x00, 0xf8, 0x01, 0x00, 0x00, 0x00, 0x00, 0x00, 0x00, 0x00, 0x00, 0x00, 0x00, 0x00, 0x00, 0x00, 0x00, 0x00, 0x00, 0x00, 0x00, 0x00, 0x00, 0x00, 
    0x00, 0x00, 0x00, 0x00, 0x00, 0x00, 0x00, 0x00, 0x00, 0x00, 0x00, 0x00, 0x00, 0x00, 0x00, 0x00, 0x00, 0x00, 0x00, 0x00, 0x00, 0x00, 0x00, 0x00, 
    0x00, 0x00, 0x00, 0x00, 0x00, 0x00, 0x00, 0x00, 0x00, 0x00, 0x00, 0x00, 0x00, 0x00, 0x00, 0x00, 0x00, 0x00, 0x00, 0x00, 0x00, 0x00, 0x00, 0x00, 
    0x00, 0x00, 0x00, 0x00, 0x00, 0x00, 0x00, 0x00, 0x00, 0x00, 0x00, 0x00, 0x00, 0x00, 0x00, 0x00, 0x00, 0x00, 0x00, 0x00, 0x00, 0x00, 0x00, 0x00, 
    0x00, 0x00, 0x00, 0x00, 0x00, 0x00, 0x00, 0x00, 0x00, 0xa0, 0xaa, 0x03, 0x00, 0x00, 0x00, 0x06, 0x9a, 0x8f, 0x26, 0xa2, 0xb2, 0x00, 0x00, 0x00, 
    0x00, 0x78, 0x02, 0x00, 0x00, 0x00, 0x00, 0x00, 0x00, 0x00, 0x00, 0x00, 0x00, 0x00, 0x00, 0x00, 0x00, 0x00, 0x00, 0x00, 0x00, 0x00, 0x00, 0x00, 
    0x00, 0x00, 0x00, 0x00, 0x00, 0x00, 0x00, 0x00, 0x00, 0x00, 0x00, 0x00, 0x00, 0x00, 0x00, 0x00, 0x00, 0x00, 0x00, 0x00, 0x00, 0x00, 0x00, 0x00, 
    0x00, 0x00, 0x00, 0x00, 0x00, 0x00, 0x00, 0x00, 0x00, 0x00, 0x00, 0x00, 0x00, 0x00, 0x00, 0x00, 0x00, 0x00, 0x00, 0x00, 0x00, 0x00, 0x00, 0x00, 
    0x00, 0x00, 0x00, 0x00, 0x00, 0x00, 0x00, 0x00, 0x00, 0x00, 0x00, 0x00, 0x00, 0x00, 0x00, 0x00, 0x00, 0x00, 0x00, 0x00, 0x00, 0x00, 0x00, 0x00, 
    0x00, 0x00, 0x00, 0x00, 0x00, 0x00, 0x00, 0x00, 0x00, 0x00, 0x00, 0x00, 0x00, 0x00, 0x00, 0x00, 0x00, 0x00, 0x00, 0x00, 0x00, 0x00, 0x00, 0x00, 
    0x00, 0x00, 0x00, 0x00, 0x00, 0x00, 0x00, 0x00, 0x00, 0x00, 0x00, 0x00, 0x00, 0x00, 0x00, 0x00, 0x00, 0x00, 0x00, 0x00, 0x00, 0x00, 0x00, 0x00, 
    0x00, 0x00, 0x00, 0x00, 0x00, 0x00, 0x00, 0x00, 0x00, 0x00, 0x00, 0x00, 0x00, 0x00, 0x00, 0x00, 0x00, 0x00, 0x00, 0x00, 0x00, 0x00, 0x00, 0x00, 
    0x00, 0x00, 0x00, 0x00, 0x00, 0x00, 0x00, 0x00, 0x00, 0x00, 0x00, 0x00, 0x00, 0x00, 0x00, 0x00, 0x00, 0x00, 0x00, 0x00, 0x00, 0x00, 0x00, 0x00, 
    0x00, 0x00, 0x00, 0x00, 0x00, 0x00, 0x00, 0x00, 0x00, 0x00, 0x00, 0x00, 0x00, 0x00, 0x00, 0x00, 0x00, 0x00, 0x00, 0x00, 0x00, 0x00, 0x00, 0x00, 
    0x00, 0x00, 0x00, 0x00, 0x00, 0x00, 0x00, 0x00, 0x00, 0x00, 0x00, 0x00, 0x00, 0x00, 0x00, 0x00, 0x00, 0x00, 0x00, 0x00, 0x00, 0x00, 0x00, 0x00, 
    0x00, 0x00, 0x00, 0x00, 0x00, 0x00, 0x00, 0x00, 0x00, 0x00, 0x00, 0x00, 0x00, 0x00, 0x00, 0x00, 0x00, 0x00, 0x00, 0x00, 0x00, 0x00, 0x00, 0x00, 
    0x00, 0x00, 0x00, 0x00, 0x00, 0x00, 0x00, 0x00, 0x00, 0x00, 0x00, 0x00, 0x00, 0x00, 0x00, 0x00, 0x00, 0x00, 0x00, 0x00, 0x00, 0x00, 0x00, 0x00, 
    0x00, 0x00, 0x00, 0x00, 0x00, 0x00, 0x00, 0x00, 0x00, 0x00, 0x00, 0x00, 0x00, 0x00, 0x00, 0x00, 0x00, 0x00, 0x00, 0x00, 0x00, 0x00, 0x00, 0x00, 
    0x00, 0x00, 0x00, 0x00, 0x00, 0x00, 0x00, 0x00, 0x00, 0x00, 0x00, 0x00, 0x00, 0x00, 0x00, 0x00, 0x00, 0x00, 0x00, 0x00, 0x00, 0x00, 0x00, 0x00, 
    0x00, 0x00, 0x00, 0x00, 0x00, 0x00, 0x00, 0x00, 0x00, 0x00, 0x00, 0x00, 0x00, 0x00, 0x00, 0x00, 0x00, 0x00, 0x00, 0x00, 0x00, 0x00, 0x00, 0x00, 
    0x00, 0x00, 0x00, 0x00, 0x00, 0x00, 0x00, 0x00, 0x00, 0x00, 0x00, 0x00, 0x00, 0x00, 0x00, 0x00, 0x00, 0x00, 0x00, 0x00, 0x00, 0x00, 0x00, 0x00, 
    0x00, 0x00, 0x00, 0x00, 0x00, 0x00, 0x00, 0x00, 0x00, 0x00, 0x00, 0x00, 0x00, 0x00, 0x00, 0x00, 0x00, 0x00, 0x00, 0x00, 0x00, 0x00, 0x00, 0x00, 
    0x00, 0x00, 0x00, 0x00, 0x00, 0x00, 0x00, 0x00, 0x00, 0x00, 0x00, 0x00, 0x00, 0x00, 0x00, 0x00, 0x00, 0x00, 0x00, 0x00, 0x00, 0x00, 0x00, 0x00, 
    0x00, 0x00, 0x00, 0x00, 0x00, 0x00, 0x00, 0x00, 0x00, 0x00, 0x00, 0x00, 0x00, 0x00, 0x00, 0x00, 0x00, 0x00, 0x00, 0x00, 0x00, 0x00, 0x00, 0x00, 
    0x00, 0x00, 0x00, 0x00, 0x00, 0x00, 0x00, 0x00, 0x00, 0x00, 0x00, 0x00, 0x00, 0x00, 0x00, 0x00, 0x00, 0x00, 0x00, 0x00, 0x00, 0x00, 0x00, 0x00, 
    0x00, 0x00, 0x00, 0x00, 0x00, 0x00, 0x00, 0x00, 0x00, 0x00, 0x00, 0x00, 0x00, 0x00, 0x00, 0x00, 0x00, 0x00, 0x00, 0x00, 0x00, 0x00, 0x00, 0x00, 
    0x00, 0x00, 0x00, 0x00, 0x00, 0x00, 0x00, 0x00, 0x00, 0x00, 0x00, 0x00, 0x00, 0x00, 0x00, 0x00, 0x00, 0x00, 0x00, 0x00, 0x00, 0x00, 0x00, 0x00, 
    0x00, 0x00, 0x00, 0x00, 0x00, 0x00, 0x00, 0x00, 0x00, 0x00, 0x00, 0x00, 0x00, 0x00, 0x00, 0x00, 0x00, 0x00, 0x00, 0x00, 0x00, 0x00, 0x00, 0x00, 
    0x00, 0x00, 0x00, 0x00, 0x00, 0x00, 0x00, 0x00, 0x00, 0x00, 0x00, 0x00, 0x00, 0x00, 0x00, 0x00, 0x00, 0x00, 0x00, 0x00, 0x00, 0x00, 0x00, 0x00, 
    0x00, 0x00, 0x00, 0x00, 0x00, 0x00, 0x00, 0x00, 0x00, 0x00, 0x00, 0x00, 0x00, 0x00, 0x00, 0x00, 0x00, 0x00, 0x00, 0x00, 0x00, 0x00, 0x00, 0x00, 
    0x00, 0x00, 0x00, 0x00, 0x00, 0x00, 0x00, 0x00, 0x00, 0x00, 0x00, 0x00, 0x00, 0x00, 0x00, 0x00, 0x00, 0x00, 0x00, 0x00, 0x00, 0x00, 0x00, 0x00, 
    0x00, 0x00, 0x00, 0x00, 0x00, 0x00, 0x00, 0x00, 0x00, 0x00, 0x00, 0x00, 0x00, 0x00, 0x00, 0x00, 0x00, 0x00, 0x00, 0x00, 0x00, 0x00, 0x00, 0x00, 
    0x00, 0x00, 0x00, 0x00, 0x00, 0x00, 0x00, 0x00, 0x00, 0x00, 0x00, 0x00, 0x00, 0x00, 0x00, 0x00, 0x00, 0x00, 0x00, 0x00, 0x00, 0x00, 0x00, 0x00, 
    0x00, 0x00, 0x00, 0x00, 0x00, 0x00, 0x00, 0x00, 0x00, 0x00, 0x00, 0x00, 0x00, 0x00, 0x00, 0x00, 0x00, 0x00, 0x00, 0x00, 0x00, 0x00, 0x00, 0x00, 
    0x00, 0x00, 0x00, 0x00, 0x00, 0x00, 0x00, 0x00, 0x00, 0x00, 0x00, 0x00, 0x00, 0x00, 0x00, 0x00, 0x00, 0x00, 0x00, 0x00, 0x00, 0x00, 0x00, 0x00, 
    0x00, 0x00, 0x00, 0x00, 0x00, 0x00, 0x00, 0x00, 0x00, 0x00, 0x00, 0x00, 0x00, 0x00, 0x00, 0x00, 0x00, 0x00, 0x00, 0x00, 0x00, 0x00, 0x00, 0x00, 
    0x00, 0x00, 0x00, 0x00, 0x00, 0x00, 0x00, 0x00, 0x00, 0x00, 0x00, 0x00, 0x00, 0x00, 0x00, 0x00, 0x00, 0x00, 0x00, 0x00, 0x00, 0x00, 0x00, 0x00, 
    0x00, 0x00, 0x00, 0x00, 0x00, 0x00, 0x00, 0x00, 0x00, 0x00, 0x00, 0x00, 0x00, 0x00, 0x00, 0x00, 0x00, 0x00, 0x00, 0x00, 0x00, 0x00, 0x00, 0x00, 
    0x00, 0x00, 0x00, 0x00, 0x00, 0x00, 0x00, 0x00, 0x00, 0x00, 0x00, 0x00, 0x00, 0x00, 0x00, 0x00, 0x00, 0x00, 0x00, 0x00, 0x00, 0x00, 0x00, 0x00, 
    0x00, 0x00, 0x00, 0x00, 0x00, 0x00, 0x00, 0x00, 0x00, 0x00, 0x00, 0x00, 0x00, 0x00, 0x00, 0x00, 0x00, 0x00, 0x00, 0x00, 0x00, 0x00, 0x00, 0x00, 
    0x00, 0x00, 0x00, 0x00, 0x00, 0x00, 0x00, 0x00, 0x00, 0x00, 0x00, 0x00, 0x00, 0x00, 0x00, 0x00, 0x00, 0x00, 0x00, 0x00, 0x00, 0x00, 0x00, 0x00, 
    0x00, 0x00, 0x00, 0x00, 0x00, 0x00, 0x00, 0x00, 0x00, 0x00, 0x00, 0x00, 0x00, 0x00, 0x00, 0x00, 0x00, 0x00, 0x00, 0x00, 0x00, 0x00, 0x00, 0x00, 
    0x00, 0x00, 0x00, 0x00, 0x00, 0x00, 0x00, 0x00, 0x00, 0x00, 0x00, 0x00, 0x00, 0x00, 0x00, 0x00, 0x00, 0x00, 0x00, 0x00, 0x00, 0x00, 0x00, 0x01, 
    0x00, 0x00, 0x00, 0x00, 0x00, 0x00, 0x00, 0x00, 0x00, 0x00, 0x00, 0x00, 0x00, 0x00, 0x00, 0x00, 0x00, 0x00, 0x00, 0x00, 0x00, 0x00, 0x00, 0x00, 
    0x00, 0x00, 0x00, 0x00, 0x00, 0x00, 0x00, 0x00, 0x00, 0x00, 0x00, 0x00, 0x00, 0x00, 0x00, 0x00, 0x00, 0x00, 0x00, 0x00, 0x00, 0x00, 0x00, 0x00, 
    0x00, 0x00, 0x00, 0x00, 0x00, 0x00, 0x00, 0x00, 0x00, 0x00, 0x00, 0x00, 0x00, 0x00, 0x00, 0x00, 0x00, 0x00, 0x00, 0x00, 0x00, 0x00, 0x00, 0x00, 
    0x00, 0x00, 0x00, 0x00, 0x00, 0x00, 0x00, 0x00, 0x00, 0x00, 0x00, 0x00, 0x00, 0x00, 0x00, 0x00, 0x00, 0x00, 0x00, 0x00, 0x00, 0x00, 0x00, 0x00, 
    0x00, 0x00, 0x00, 0x65, 0x59, 0x0b, 0xe5, 0x69, 0x11, 0x00, 0x00, 0x01, 0x00, 0x00, 0x00, 0x00, 0xf8, 0x01, 0x00, 0x00, 0x01, 0x00, 0x00, 0x00, 
    0x00, 0x00, 0x00, 0x00, 0x00, 0x00, 0x00, 0x00, 0x00, 0x00, 0x00, 0x00, 0x00, 0x00, 0x00, 0x00, 0x00, 0x00, 0x00, 0x00, 0x00, 0x00, 0x00, 0x00, 
    0x00, 0x00, 0x00, 0x00, 0x00, 0x00, 0x00, 0x00, 0x00, 0x00, 0x00, 0x00, 0x00, 0x00, 0x00, 0x00, 0x00, 0x00, 0x00, 0x00, 0x00, 0x00, 0x00, 0x00, 
    0x00, 0x00, 0x00, 0x00, 0x00, 0x00, 0x00, 0x00, 0x00, 0x00, 0x00, 0x00, 0x00, 0x00, 0x00, 0x00, 0x00, 0x00, 0x00, 0x00, 0x00, 0x00, 0x00, 0x00, 
    0x00, 0x00, 0x00, 0x00, 0x00, 0x00, 0x00, 0x00, 0x00, 0x00, 0x00, 0x00, 0x00, 0x00, 0x00, 0x00, 0x00, 0x00, 0x00, 0x00, 0x00, 0xa0, 0xaa, 0x03, 
    0x00, 0x00, 0x00, 0x06, 0x9a, 0x95, 0x46, 0xa2, 0xa5, 0x00, 0x00, 0x00, 0xa0, 0xaa, 0x03, 0x00, 0x00, 0x00, 0x00, 0x00, 0x00, 0x00, 0x00, 0x00, 
    0x00, 0x00, 0x00, 0x00, 0x00, 0x00, 0x00, 0x00, 0x00, 0x00, 0x00, 0x00, 0x00, 0x00, 0x00, 0x00, 0x00, 0x00, 0x00, 0x00, 0x00, 0x00, 0x00, 0x00, 
    0x00, 0x00, 0x00, 0x00, 0x00, 0x00, 0x00, 0x00, 0x00, 0x00, 0x00, 0x00, 0x00, 0x00, 0x00, 0x00, 0x00, 0x00, 0x00, 0x00, 0x00, 0x00, 0x00, 0x00, 
    0x00, 0x00, 0x00, 0x00, 0x00, 0x00, 0x00, 0x00, 0x00, 0x00, 0x00, 0x00, 0x00, 0x00, 0x00, 0x00, 0x00, 0x00, 0x00, 0x00, 0x00, 0x00, 0x00, 0x00, 
    0x00, 0x00, 0x00, 0x00, 0x00, 0x00, 0x00, 0x00, 0x00, 0x00, 0x00, 0x00, 0x00, 0x00, 0x00, 0x00, 0x00, 0x00, 0x00, 0x00, 0x00, 0x00, 0x00, 0x00, 
    0x00, 0x00, 0x00, 0x00, 0x00, 0x00, 0x00, 0x00, 0x00, 0x00, 0x00, 0x00, 0x00, 0x00, 0x00, 0x00, 0x00, 0x00, 0x00, 0x00, 0x00, 0x00, 0x00, 0x00, 
    0x00, 0x00, 0x00, 0x00, 0x00, 0x00, 0x00, 0x00, 0x00, 0x00, 0x00, 0x00, 0x00, 0x00, 0x00, 0x00, 0x00, 0x00, 0x00, 0x00, 0x00, 0x00, 0x00, 0x00, 
    0x00, 0x00, 0x00, 0x00, 0x00, 0x00, 0x00, 0x00, 0x00, 0x00, 0x00, 0x00, 0x00, 0x00, 0x00, 0x00, 0x00, 0x00, 0x00, 0x00, 0x00, 0x00, 0x00, 0x00, 
    0x00, 0x00, 0x00, 0x00, 0x00, 0x00, 0x00, 0x00, 0x00, 0x00, 0x00, 0x00, 0x00, 0x00, 0x00, 0x00, 0x00, 0x00, 0x00, 0x00, 0x00, 0x00, 0x00, 0x00, 
    0x00, 0x00, 0x00, 0x00, 0x00, 0x00, 0x00, 0x00, 0x00, 0x00, 0x00, 0x00, 0x00, 0x00, 0x00, 0x00, 0x00, 0x00, 0x00, 0x00, 0x00, 0x00, 0x00, 0x00, 
    0x00, 0x00, 0x00, 0x00, 0x00, 0x00, 0x00, 0x00, 0x00, 0x00, 0x00, 0x00, 0x00, 0x00, 0x00, 0x00, 0x00, 0x00, 0x00, 0x00, 0x00, 0x00, 0x00, 0x00, 
    0x00, 0x00, 0x00, 0x00, 0x00, 0x00, 0x00, 0x00, 0x00, 0x00, 0x00, 0x00, 0x00, 0x00, 0x00, 0x00, 0x00, 0x00, 0x00, 0x00, 0x00, 0x00, 0x00, 0x00, 
    0x00, 0x00, 0x00, 0x00, 0x00, 0x00, 0x00, 0x00, 0x00, 0x00, 0x00, 0x00, 0x00, 0x00, 0x00, 0x00, 0x00, 0x00, 0x00, 0x00, 0x00, 0x00, 0x00, 0x00, 
    0x00, 0x00, 0x00, 0x00, 0x00, 0x00, 0x00, 0x00, 0x00, 0x00, 0x00, 0x00, 0x00, 0x00, 0x00, 0x00, 0x00, 0x00, 0x00, 0x00, 0x00, 0x00, 0x00, 0x00, 
    0x00, 0x00, 0x00, 0x00, 0x00, 0x00, 0x00, 0x00, 0x00, 0x00, 0x00, 0x00, 0x00, 0x00, 0x00, 0x00, 0x00, 0x00, 0x00, 0x00, 0x00, 0x00, 0x00, 0x00, 
    0x00, 0x00, 0x00, 0x00, 0x00, 0x00, 0x00, 0x00, 0x00, 0x00, 0x00, 0x00, 0x00, 0x00, 0x00, 0x00, 0x00, 0x00, 0x00, 0x00, 0x00, 0x00, 0x00, 0x00, 
    0x00, 0x00, 0x00, 0x00, 0x00, 0x00, 0x00, 0x00, 0x00, 0x00, 0x00, 0x00, 0x00, 0x00, 0x00, 0x00, 0x00, 0x00, 0x00, 0x00, 0x00, 0x00, 0x00, 0x00, 
    0x00, 0x00, 0x00, 0x00, 0x00, 0x00, 0x00, 0x00, 0x00, 0x00, 0x00, 0x00, 0x00, 0x00, 0x00, 0x00, 0x00, 0x00, 0x00, 0x00, 0x00, 0x00, 0x00, 0x00, 
    0x00, 0x00, 0x00, 0x00, 0x00, 0x00, 0x00, 0x00, 0x00, 0x00, 0x00, 0x00, 0x00, 0x00, 0x00, 0x00, 0x00, 0x00, 0x00, 0x00, 0x00, 0x00, 0x00, 0x00, 
    0x00, 0x00, 0x00, 0x00, 0x00, 0x00, 0x00, 0x00, 0x00, 0x00, 0x00, 0x00, 0x00, 0x00, 0x00, 0x00, 0x00, 0x00, 0x00, 0x00, 0x00, 0x00, 0x00, 0x00, 
    0x00, 0x00, 0x00, 0x00, 0x00, 0x00, 0x00, 0x00, 0x00, 0x00, 0x00, 0x00, 0x00, 0x00, 0x00, 0x00, 0x00, 0x00, 0x00, 0x00, 0x00, 0x00, 0x00, 0x00, 
    0x00, 0x00, 0x00, 0x00, 0x00, 0x00, 0x00, 0x00, 0x00, 0x00, 0x00, 0x00, 0x00, 0x00, 0x00, 0x00, 0x00, 0x00, 0x00, 0x00, 0x00, 0x00, 0x00, 0x00, 
    0x00, 0x00, 0x00, 0x00, 0x00, 0x00, 0x00, 0x00, 0x00, 0x00, 0x00, 0x00, 0x00, 0x00, 0x00, 0x00, 0x00, 0x00, 0x00, 0x00, 0x00, 0x00, 0x00, 0x00, 
    0x00, 0x00, 0x00, 0x00, 0x00, 0x00, 0x00, 0x00, 0x00, 0x00, 0x00, 0x00, 0x00, 0x00, 0x00, 0x00, 0x00, 0x00, 0x00, 0x00, 0x00, 0x00, 0x00, 0x00, 
    0x00, 0x00, 0x00, 0x00, 0x00, 0x00, 0x00, 0x00, 0x00, 0x00, 0x00, 0x00, 0x00, 0x00, 0x00, 0x00, 0x00, 0x00, 0x00, 0x00, 0x00, 0x00, 0x00, 0x00, 
    0x00, 0x00, 0x00, 0x00, 0x00, 0x00, 0x00, 0x00, 0x00, 0x00, 0x00, 0x00, 0x00, 0x00, 0x00, 0x00, 0x00, 0x00, 0x00, 0x00, 0x00, 0x00, 0x00, 0x00, 
    0x00, 0x00, 0x00, 0x00, 0x00, 0x00, 0x00, 0x00, 0x00, 0x00, 0x00, 0x00, 0x00, 0x00, 0x00, 0x00, 0x00, 0x00, 0x00, 0x00, 0x00, 0x00, 0x00, 0x00, 
    0x00, 0x00, 0x00, 0x00, 0x00, 0x00, 0x00, 0x00, 0x00, 0x00, 0x00, 0x00, 0x00, 0x00, 0x00, 0x00, 0x00, 0x00, 0x00, 0x00, 0x00, 0x00, 0x00, 0x00, 
    0x00, 0x00, 0x00, 0x00, 0x00, 0x00, 0x00, 0x00, 0x00, 0x00, 0x00, 0x00, 0x00, 0x00, 0x00, 0x00, 0x00, 0x00, 0x00, 0x00, 0x00, 0x00, 0x00, 0x00, 
    0x00, 0x00, 0x00, 0x00, 0x00, 0x00, 0x00, 0x00, 0x00, 0x00, 0x00, 0x00, 0x00, 0x00, 0x00, 0x00, 0x00, 0x00, 0x00, 0x00, 0x00, 0x00, 0x00, 0x00, 
    0x00, 0x00, 0x00, 0x00, 0x00, 0x00, 0x00, 0x00, 0x00, 0x00, 0x00, 0x00, 0x00, 0x00, 0x00, 0x00, 0x00, 0x00, 0x00, 0x00, 0x00, 0x00, 0x00, 0x00, 
    0x00, 0x00, 0x00, 0x00, 0x00, 0x00, 0x00, 0x00, 0x00, 0x00, 0x00, 0x00, 0x00, 0x00, 0x00, 0x00, 0x00, 0x00, 0x00, 0x00, 0x00, 0x00, 0x00, 0x00, 
    0x00, 0x00, 0x00, 0x00, 0x00, 0x00, 0x00, 0x00, 0x00, 0x00, 0x00, 0x00, 0x00, 0x00, 0x00, 0x00, 0x00, 0x00, 0x00, 0x00, 0x00, 0x00, 0x00, 0x00, 
    0x00, 0x00, 0x00, 0x00, 0x00, 0x00, 0x00, 0x00, 0x00, 0x00, 0x00, 0x00, 0x00, 0x00, 0x00, 0x00, 0x00, 0x00, 0x00, 0x00, 0x00, 0x00, 0x00, 0x00, 
    0x00, 0x00, 0x00, 0x00, 0x00, 0x00, 0x00, 0x00, 0x00, 0x00, 0x00, 0x00, 0x00, 0x00, 0x00, 0x00, 0x00, 0x00, 0x00, 0x00, 0x00, 0x00, 0x00, 0x00, 
    0x00, 0x00, 0x00, 0x00, 0x00, 0x00, 0x00, 0x00, 0x00, 0x00, 0x00, 0x00, 0x00, 0x00, 0x00, 0x00, 0x00, 0x00, 0x00, 0x00, 0x00, 0x00, 0x00, 0x00, 
    0x00, 0x00, 0x00, 0x00, 0x00, 0x00, 0x00, 0x00, 0x00, 0x00, 0x00, 0x00, 0x00, 0x00, 0x00, 0x00, 0x00, 0x00, 0x00, 0x00, 0x00, 0x00, 0x00, 0x00, 
    0x00, 0x00, 0x00, 0x00, 0x00, 0x00, 0x00, 0x00, 0x00, 0x00, 0x00, 0x00, 0x00, 0x00, 0x00, 0x00, 0x00, 0x00, 0x00, 0x00, 0x00, 0x00, 0x00, 0x00, 
    0x00, 0x00, 0x00, 0x00, 0x00, 0x00, 0x00, 0x00, 0x00, 0x00, 0x00, 0x00, 0x00, 0x00, 0x00, 0x00, 0x00, 0x00, 0x00, 0x00, 0x00, 0x00, 0x00, 0x00, 
    0x00, 0x00, 0x00, 0x00, 0x00, 0x00, 0x00, 0x00, 0x00, 0x00, 0x00, 0x00, 0x00, 0x00, 0x00, 0x00, 0x00, 0x00, 0x00, 0x00, 0x00, 0x00, 0x00, 0x00, 
    0x00, 0x00, 0x00, 0x00, 0x00, 0x00, 0x00, 0x00, 0x00, 0x00, 0x00, 0x00, 0x00, 0x00, 0x00, 0x00, 0x00, 0x00, 0x00, 0x00, 0x00, 0x00, 0x00, 0x00, 
    0x00, 0x00, 0x00, 0x00, 0x00, 0x00, 0x00, 0x00, 0x01, 0x00, 0x00, 0x00, 0x00, 0x00, 0x00, 0x00, 0x00, 0x00, 0x00, 0x00, 0x00, 0x00, 0x00, 0x00, 
    0x00, 0x00, 0x00, 0x00, 0x00, 0x00, 0x00, 0x00, 0x00, 0x00, 0x00, 0x00, 0x00, 0x00, 0x00, 0x00, 0x00, 0x00, 0x00, 0x00, 0x00, 0x00, 0x00, 0x00, 
    0x00, 0x00, 0x00, 0x00, 0x00, 0x00, 0x00, 0x00, 0x00, 0x00, 0x00, 0x00, 0x00, 0x00, 0x00, 0x00, 0x00, 0x00, 0x00, 0x00, 0x00, 0x00, 0x00, 0x00, 
    0x00, 0x00, 0x00, 0x00, 0x00, 0x00, 0x00, 0x00, 0x00, 0x00, 0x00, 0x00, 0x00, 0x00, 0x00, 0x00, 0x00, 0x00, 0x00, 0x00, 0x00, 0x00, 0x00, 0x00, 
    0x00, 0x00, 0x00, 0x00, 0x00, 0x00, 0x00, 0x00, 0x00, 0x00, 0x00, 0x00, 0x00, 0x00, 0x00, 0x00, 0x00, 0x00, 0x00, 0x00, 0x00, 0x00, 0x00, 0x00, 
    0x00, 0x00, 0x00, 0x00, 0x00, 0x00, 0x00, 0x00, 0x00, 0x00, 0x00, 0x00, 0x00, 0x00, 0x00, 0x00, 0x00, 0x00, 0x00, 0x00, 0x00, 0x00, 0x00, 0x00, 
    0x00, 0x00, 0x00, 0x00, 0x00, 0x00, 0x00, 0x00, 0x00, 0xaa, 0xaa, 0x03, 0x00, 0x00, 0x00, 0x27, 0x9a, 0x8c, 0x47, 0xa2, 0xa8, 0x00, 0x00, 0x00, 
    0xef, 0x7b, 0x02, 0x00, 0x00, 0x00, 0x00, 0x00, 0x00, 0x00, 0x00, 0x00, 0x00, 0x00, 0x00, 0x00, 0x00, 0x00, 0x00, 0x00, 0x00, 0x00, 0x00, 0x00, 
    0x00, 0x00, 0x00, 0x00, 0x00, 0x00, 0x00, 0x00, 0x00, 0x00, 0x00, 0x00, 0x00, 0x00, 0x00, 0x00, 0x00, 0x00, 0x00, 0x00, 0x00, 0x00, 0x00, 0x00, 
    0x00, 0x00, 0x00, 0x00, 0x00, 0x00, 0x00, 0x00, 0x00, 0x00, 0x00, 0x00, 0x00, 0x00, 0x00, 0x00, 0x00, 0x00, 0x00, 0x00, 0x00, 0x00, 0x00, 0x00, 
    0x00, 0x00, 0x00, 0x00, 0x00, 0x00, 0x00, 0x00, 0x00, 0x00, 0x00, 0x00, 0x00, 0x00, 0x00, 0x00, 0x00, 0x00, 0x00, 0x00, 0x00, 0x00, 0x00, 0x00, 
    0x00, 0x00, 0x00, 0x00, 0x00, 0x00, 0x00, 0x00, 0x00, 0x00, 0x00, 0x00, 0x00, 0x00, 0x00, 0x00, 0x00, 0x00, 0x00, 0x00, 0x00, 0x00, 0x00, 0x00, 
    0x00, 0x00, 0x00, 0x00, 0x00, 0x00, 0x00, 0x00, 0x00, 0x00, 0x00, 0x00, 0x00, 0x00, 0x00, 0x00, 0x00, 0x00, 0x00, 0x00, 0x00, 0x00, 0x00, 0x00, 
    0x00, 0x00, 0x00, 0x00, 0x00, 0x00, 0x00, 0x00, 0x00, 0x00, 0x00, 0x00, 0x00, 0x00, 0x00, 0x00, 0x00, 0x00, 0x00, 0x00, 0x00, 0x00, 0x00, 0x00, 
    0x00, 0x00, 0x00, 0x00, 0x00, 0x00, 0x00, 0x00, 0x00, 0x00, 0x00, 0x00, 0x00, 0x00, 0x00, 0x00, 0x00, 0x00, 0x00, 0x00, 0x00, 0x00, 0x00, 0x00, 
    0x00, 0x00, 0x00, 0x00, 0x00, 0x00, 0x00, 0x00, 0x00, 0x00, 0x00, 0x00, 0x00, 0x00, 0x00, 0x00, 0x00, 0x00, 0x00, 0x00, 0x00, 0x00, 0x00, 0x00, 
    0x00, 0x00, 0x00, 0x00, 0x00, 0x00, 0x00, 0x00, 0x00, 0x00, 0x00, 0x00, 0x00, 0x00, 0x00, 0x00, 0x00, 0x00, 0x00, 0x00, 0x00, 0x00, 0x00, 0x00, 
    0x00, 0x00, 0x00, 0x00, 0x00, 0x00, 0x00, 0x00, 0x00, 0x00, 0x00, 0x00, 0x00, 0x00, 0x00, 0x00, 0x00, 0x00, 0x00, 0x00, 0x00, 0x00, 0x00, 0x00, 
    0x00, 0x00, 0x00, 0x00, 0x00, 0x00, 0x00, 0x00, 0x00, 0x00, 0x00, 0x00, 0x00, 0x00, 0x00, 0x00, 0x00, 0x00, 0x00, 0x00, 0x00, 0x00, 0x00, 0x00, 
    0x00, 0x00, 0x00, 0x00, 0x00, 0x00, 0x00, 0x00, 0x00, 0x00, 0x00, 0x00, 0x00, 0x00, 0x00, 0x00, 0x00, 0x00, 0x00, 0x00, 0x00, 0x00, 0x00, 0x00, 
    0x00, 0x00, 0x00, 0x00, 0x00, 0x00, 0x00, 0x00, 0x00, 0x00, 0x00, 0x00, 0x00, 0x00, 0x00, 0x00, 0x00, 0x00, 0x00, 0x00, 0x00, 0x00, 0x00, 0x00, 
    0x00, 0x00, 0x00, 0x00, 0x00, 0x00, 0x00, 0x00, 0x00, 0x00, 0x00, 0x00, 0x00, 0x00, 0x00, 0x00, 0x00, 0x00, 0x00, 0x00, 0x00, 0x00, 0x00, 0x00, 
    0x00, 0x00, 0x00, 0x00, 0x00, 0x00, 0x00, 0x00, 0x00, 0x00, 0x00, 0x00, 0x00, 0x00, 0x00, 0x00, 0x00, 0x00, 0x00, 0x00, 0x00, 0x00, 0x00, 0x00, 
    0x00, 0x00, 0x00, 0x00, 0x00, 0x00, 0x00, 0x00, 0x00, 0x00, 0x00, 0x00, 0x00, 0x00, 0x00, 0x00, 0x00, 0x00, 0x00, 0x00, 0x00, 0x00, 0x00, 0x00, 
    0x00, 0x00, 0x00, 0x00, 0x00, 0x00, 0x00, 0x00, 0x00, 0x00, 0x00, 0x00, 0x00, 0x00, 0x00, 0x00, 0x00, 0x00, 0x00, 0x00, 0x00, 0x00, 0x00, 0x00, 
    0x00, 0x00, 0x00, 0x00, 0x00, 0x00, 0x00, 0x00, 0x00, 0x00, 0x00, 0x00, 0x00, 0x00, 0x00, 0x00, 0x00, 0x00, 0x00, 0x00, 0x00, 0x00, 0x00, 0x00, 
    0x00, 0x00, 0x00, 0x00, 0x00, 0x00, 0x00, 0x00, 0x00, 0x00, 0x00, 0x00, 0x00, 0x00, 0x00, 0x00, 0x00, 0x00, 0x00, 0x00, 0x00, 0x00, 0x00, 0x00, 
    0x00, 0x00, 0x00, 0x00, 0x00, 0x00, 0x00, 0x00, 0x00, 0x00, 0x00, 0x00, 0x00, 0x00, 0x00, 0x00, 0x00, 0x00, 0x00, 0x00, 0x00, 0x00, 0x00, 0x00, 
    0x00, 0x00, 0x00, 0x00, 0x00, 0x00, 0x00, 0x00, 0x00, 0x00, 0x00, 0x00, 0x00, 0x00, 0x00, 0x00, 0x00, 0x00, 0x00, 0x00, 0x00, 0x00, 0x00, 0x00, 
    0x00, 0x00, 0x00, 0x00, 0x00, 0x00, 0x00, 0x00, 0x00, 0x00, 0x00, 0x00, 0x00, 0x00, 0x00, 0x00, 0x00, 0x00, 0x00, 0x00, 0x00, 0x00, 0x00, 0x00, 
    0x00, 0x00, 0x00, 0x00, 0x00, 0x00, 0x00, 0x00, 0x00, 0x00, 0x00, 0x00, 0x00, 0x00, 0x00, 0x00, 0x00, 0x00, 0x00, 0x00, 0x00, 0x00, 0x00, 0x00, 
    0x00, 0x00, 0x00, 0x00, 0x00, 0x00, 0x00, 0x00, 0x00, 0x00, 0x00, 0x00, 0x00, 0x00, 0x00, 0x00, 0x00, 0x00, 0x00, 0x00, 0x00, 0x00, 0x00, 0x00, 
    0x00, 0x00, 0x00, 0x00, 0x00, 0x00, 0x00, 0x00, 0x00, 0x00, 0x00, 0x00, 0x00, 0x00, 0x00, 0x00, 0x00, 0x00, 0x00, 0x00, 0x00, 0x00, 0x00, 0x00, 
    0x00, 0x00, 0x00, 0x00, 0x00, 0x00, 0x00, 0x00, 0x00, 0x00, 0x00, 0x00, 0x00, 0x00, 0x00, 0x00, 0x00, 0x00, 0x00, 0x00, 0x00, 0x00, 0x00, 0x00, 
    0x00, 0x00, 0x00, 0x00, 0x00, 0x00, 0x00, 0x00, 0x00, 0x00, 0x00, 0x00, 0x00, 0x00, 0x00, 0x00, 0x00, 0x00, 0x00, 0x00, 0x00, 0x00, 0x00, 0x00, 
    0x00, 0x00, 0x00, 0x00, 0x00, 0x00, 0x00, 0x00, 0x00, 0x00, 0x00, 0x00, 0x00, 0x00, 0x00, 0x00, 0x00, 0x00, 0x00, 0x00, 0x00, 0x00, 0x00, 0x00, 
    0x00, 0x00, 0x00, 0x00, 0x00, 0x00, 0x00, 0x00, 0x00, 0x00, 0x00, 0x00, 0x00, 0x00, 0x00, 0x00, 0x00, 0x00, 0x00, 0x00, 0x00, 0x00, 0x00, 0x00, 
    0x00, 0x00, 0x00, 0x00, 0x00, 0x00, 0x00, 0x00, 0x00, 0x00, 0x00, 0x00, 0x00, 0x00, 0x00, 0x00, 0x00, 0x00, 0x00, 0x00, 0x00, 0x00, 0x00, 0x00, 
    0x00, 0x00, 0x00, 0x00, 0x00, 0x00, 0x00, 0x00, 0x00, 0x00, 0x00, 0x00, 0x00, 0x00, 0x00, 0x00, 0x00, 0x00, 0x00, 0x00, 0x00, 0x00, 0x00, 0x00, 
    0x00, 0x00, 0x00, 0x00, 0x00, 0x00, 0x00, 0x00, 0x00, 0x00, 0x00, 0x00, 0x00, 0x00, 0x00, 0x00, 0x00, 0x00, 0x00, 0x00, 0x00, 0x00, 0x00, 0x00, 
    0x00, 0x00, 0x00, 0x00, 0x00, 0x00, 0x00, 0x00, 0x00, 0x00, 0x00, 0x00, 0x00, 0x00, 0x00, 0x00, 0x00, 0x00, 0x00, 0x00, 0x00, 0x00, 0x00, 0x00, 
    0x00, 0x00, 0x00, 0x00, 0x00, 0x00, 0x00, 0x00, 0x00, 0x00, 0x00, 0x00, 0x00, 0x00, 0x00, 0x00, 0x00, 0x00, 0x00, 0x00, 0x00, 0x00, 0x00, 0x00, 
    0x00, 0x00, 0x00, 0x00, 0x00, 0x00, 0x00, 0x00, 0x00, 0x00, 0x00, 0x00, 0x00, 0x00, 0x00, 0x00, 0x00, 0x00, 0x00, 0x00, 0x00, 0x00, 0x00, 0x00, 
    0x00, 0x00, 0x00, 0x00, 0x00, 0x00, 0x00, 0x00, 0x00, 0x00, 0x00, 0x00, 0x00, 0x00, 0x00, 0x00, 0x00, 0x00, 0x00, 0x00, 0x00, 0x00, 0x00, 0x00, 
    0x00, 0x00, 0x00, 0x00, 0x00, 0x00, 0x00, 0x00, 0x00, 0x00, 0x00, 0x00, 0x00, 0x00, 0x00, 0x00, 0x00, 0x00, 0x00, 0x00, 0x00, 0x28, 0x72, 0x0f, 
    0xc7, 0x71, 0x09, 0x00, 0x00, 0x00, 0x00, 0x00, 0x00, 0x00, 0x00, 0x00, 0x00, 0x00, 0x00, 0x00, 0x00, 0x00, 0x00, 0x00, 0x00, 0x00, 0x00, 0x00, 
    0x00, 0x00, 0x00, 0x00, 0x00, 0x00, 0x00, 0x00, 0x00, 0x00, 0x00, 0x00, 0x00, 0x00, 0x00, 0x00, 0x00, 0x00, 0x00, 0x00, 0x00, 0x00, 0x00, 0x00, 
    0x00, 0x00, 0x00, 0x00, 0x00, 0x00, 0x00, 0x00, 0x00, 0x00, 0x00, 0x00, 0x00, 0x00, 0x00, 0x00, 0x00, 0x00, 0x00, 0x00, 0x00, 0x00, 0x00, 0x00, 
    0x00, 0x00, 0x00, 0x00, 0x00, 0x00, 0x00, 0x00, 0x00, 0x00, 0x00, 0x00, 0x00, 0x00, 0x00, 0x00, 0x00, 0x00, 0x00, 0x00, 0x00, 0x00, 0x00, 0x00, 
    0x00, 0x00, 0x00, 0x00, 0x00, 0x00, 0x00, 0x00, 0x01, 0x00, 0x00, 0x00, 0x00, 0x00, 0x00, 0x00, 0x00, 0x00, 0x00, 0x00, 0x00, 0x00, 0x00, 0x00, 
    0x00, 0x00, 0x00, 0x00, 0x00, 0x00, 0x00, 0x00, 0x00, 0x00, 0x00, 0x00, 0x00, 0x00, 0x00, 0x00, 0x00, 0x00, 0x00, 0x00, 0x00, 0x00, 0x00, 0x00, 
    0x00, 0x00, 0x00, 0x00, 0x00, 0x00, 0x00, 0x00, 0x00, 0x00, 0x00, 0x00, 0x00, 0x00, 0x00, 0x00, 0x00, 0x00, 0x00, 0x00, 0x00, 0x00, 0x00, 0x00, 
    0x00, 0x00, 0x00, 0x00, 0x00, 0x00, 0x00, 0x00, 0x00, 0x00, 0x00, 0x00, 0x00, 0x00, 0x00, 0x00, 0x00, 0x00, 0x00, 0x00, 0x00, 0x00, 0x00, 0x00, 
    0x00, 0x00, 0x00, 0x00, 0x00, 0x00, 0x00, 0x00, 0x00, 0x00, 0x00, 0x00, 0x00, 0x00, 0x00, 0x00, 0x00, 0x00, 0x00, 0x00, 0x00, 0xaa, 0xaa, 0x03, 
    0x00, 0x00, 0x00, 0x06, 0x92, 0x9a, 0x47, 0x9a, 0x9b, 0x00, 0x00, 0x00, 0xaa, 0xaa, 0x03, 0x00, 0x00, 0x00, 0x00, 0x00, 0x00, 0x00, 0x00, 0x00, 
    0x00, 0x00, 0x00, 0x00, 0x00, 0x00, 0x00, 0x00, 0x00, 0x00, 0x00, 0x00, 0x00, 0x00, 0x00, 0x00, 0x00, 0x00, 0x00, 0x00, 0x00, 0x00, 0x00, 0x00, 
    0x00, 0x00, 0x00, 0x00, 0x00, 0x00, 0x00, 0x00, 0x00, 0x00, 0x00, 0x00, 0x00, 0x00, 0x00, 0x00, 0x00, 0x00, 0x00, 0x00, 0x00, 0x00, 0x00, 0x00, 
    0x00, 0x00, 0x00, 0x00, 0x00, 0x00, 0x00, 0x00, 0x00, 0x00, 0x00, 0x00, 0x00, 0x00, 0x00, 0x00, 0x00, 0x00, 0x00, 0x00, 0x00, 0x00, 0x00, 0x00, 
    0x00, 0x00, 0x00, 0x00, 0x00, 0x00, 0x00, 0x00, 0x00, 0x00, 0x00, 0x00, 0x00, 0x00, 0x00, 0x00, 0x00, 0x00, 0x00, 0x00, 0x00, 0x00, 0x00, 0x00, 
    0x00, 0x00, 0x00, 0x00, 0x00, 0x00, 0x00, 0x00, 0x00, 0x00, 0x00, 0x00, 0x00, 0x00, 0x00, 0x00, 0x00, 0x00, 0x00, 0x00, 0x00, 0x00, 0x00, 0x00, 
    0x00, 0x00, 0x00, 0x00, 0x00, 0x00, 0x00, 0x00, 0x00, 0x00, 0x00, 0x00, 0x00, 0x00, 0x00, 0x00, 0x00, 0x00, 0x00, 0x00, 0x00, 0x00, 0x00, 0x00, 
    0x00, 0x00, 0x00, 0x00, 0x00, 0x00, 0x00, 0x00, 0x00, 0x00, 0x00, 0x00, 0x00, 0x00, 0x00, 0x00, 0x00, 0x00, 0x00, 0x00, 0x00, 0x00, 0x00, 0x00, 
    0x00, 0x00, 0x00, 0x00, 0x00, 0x00, 0x00, 0x00, 0x00, 0x00, 0x00, 0x00, 0x00, 0x00, 0x00, 0x00, 0x00, 0x00, 0x00, 0x00, 0x00, 0x00, 0x00, 0x00, 
    0x00, 0x00, 0x00, 0x00, 0x00, 0x00, 0x00, 0x00, 0x00, 0x00, 0x00, 0x00, 0x00, 0x00, 0x00, 0x00, 0x00, 0x00, 0x00, 0x00, 0x00, 0x00, 0x00, 0x00, 
    0x00, 0x00, 0x00, 0x00, 0x00, 0x00, 0x00, 0x00, 0x00, 0x00, 0x00, 0x00, 0x00, 0x00, 0x00, 0x00, 0x00, 0x00, 0x00, 0x00, 0x00, 0x00, 0x00, 0x00, 
    0x00, 0x00, 0x00, 0x00, 0x00, 0x00, 0x00, 0x00, 0x00, 0x00, 0x00, 0x00, 0x00, 0x00, 0x00, 0x00, 0x00, 0x00, 0x00, 0x00, 0x00, 0x00, 0x00, 0x00, 
    0x00, 0x00, 0x00, 0x00, 0x00, 0x00, 0x00, 0x00, 0x00, 0x00, 0x00, 0x00, 0x00, 0x00, 0x00, 0x00, 0x00, 0x00, 0x00, 0x00, 0x00, 0x00, 0x00, 0x00, 
    0x00, 0x00, 0x00, 0x00, 0x00, 0x00, 0x00, 0x00, 0x00, 0x00, 0x00, 0x00, 0x00, 0x00, 0x00, 0x00, 0x00, 0x00, 0x00, 0x00, 0x00, 0x00, 0x00, 0x00, 
    0x00, 0x00, 0x00, 0x00, 0x00, 0x00, 0x00, 0x00, 0x00, 0x00, 0x00, 0x00, 0x00, 0x00, 0x00, 0x00, 0x00, 0x00, 0x00, 0x00, 0x00, 0x00, 0x00, 0x00, 
    0x00, 0x00, 0x00, 0x00, 0x00, 0x00, 0x00, 0x00, 0x00, 0x00, 0x00, 0x00, 0x00, 0x00, 0x00, 0x00, 0x00, 0x00, 0x00, 0x00, 0x00, 0x00, 0x00, 0x00, 
    0x00, 0x00, 0x00, 0x00, 0x00, 0x00, 0x00, 0x00, 0x00, 0x00, 0x00, 0x00, 0x00, 0x00, 0x00, 0x00, 0x00, 0x00, 0x00, 0x00, 0x00, 0x00, 0x00, 0x00, 
    0x00, 0x00, 0x00, 0x00, 0x00, 0x00, 0x00, 0x00, 0x00, 0x00, 0x00, 0x00, 0x00, 0x00, 0x00, 0x00, 0x00, 0x00, 0x00, 0x00, 0x00, 0x00, 0x00, 0x00, 
    0x00, 0x00, 0x00, 0x00, 0x00, 0x00, 0x00, 0x00, 0x00, 0x00, 0x00, 0x00, 0x00, 0x00, 0x00, 0x00, 0x00, 0x00, 0x00, 0x00, 0x00, 0x00, 0x00, 0x00, 
    0x00, 0x00, 0x00, 0x00, 0x00, 0x00, 0x00, 0x00, 0x00, 0x00, 0x00, 0x00, 0x00, 0x00, 0x00, 0x00, 0x00, 0x00, 0x00, 0x00, 0x00, 0x00, 0x00, 0x00, 
    0x00, 0x00, 0x00, 0x00, 0x00, 0x00, 0x00, 0x00, 0x00, 0x00, 0x00, 0x00, 0x00, 0x00, 0x00, 0x00, 0x00, 0x00, 0x00, 0x00, 0x00, 0x00, 0x00, 0x00, 
    0x00, 0x00, 0x00, 0x00, 0x00, 0x00, 0x00, 0x00, 0x00, 0x00, 0x00, 0x00, 0x00, 0x00, 0x00, 0x00, 0x00, 0x00, 0x00, 0x00, 0x00, 0x00, 0x00, 0x00, 
    0x00, 0x00, 0x00, 0x00, 0x00, 0x00, 0x00, 0x00, 0x00, 0x00, 0x00, 0x00, 0x00, 0x00, 0x00, 0x00, 0x00, 0x00, 0x00, 0x00, 0x00, 0x00, 0x00, 0x00, 
    0x00, 0x00, 0x00, 0x00, 0x00, 0x00, 0x00, 0x00, 0x00, 0x00, 0x00, 0x00, 0x00, 0x00, 0x00, 0x00, 0x00, 0x00, 0x00, 0x00, 0x00, 0x00, 0x00, 0x00, 
    0x00, 0x00, 0x00, 0x00, 0x00, 0x00, 0x00, 0x00, 0x00, 0x00, 0x00, 0x00, 0x00, 0x00, 0x00, 0x00, 0x00, 0x00, 0x00, 0x00, 0x00, 0x00, 0x00, 0x00, 
    0x00, 0x00, 0x00, 0x00, 0x00, 0x00, 0x00, 0x00, 0x00, 0x00, 0x00, 0x00, 0x00, 0x00, 0x00, 0x00, 0x00, 0x00, 0x00, 0x00, 0x00, 0x00, 0x00, 0x00, 
    0x00, 0x00, 0x00, 0x00, 0x00, 0x00, 0x00, 0x00, 0x00, 0x00, 0x00, 0x00, 0x00, 0x00, 0x00, 0x00, 0x00, 0x00, 0x00, 0x00, 0x00, 0x00, 0x00, 0x00, 
    0x00, 0x00, 0x00, 0x00, 0x00, 0x00, 0x00, 0x00, 0x00, 0x00, 0x00, 0x00, 0x00, 0x00, 0x00, 0x00, 0x00, 0x00, 0x00, 0x00, 0x00, 0x00, 0x00, 0x00, 
    0x00, 0x00, 0x00, 0x00, 0x00, 0x00, 0x00, 0x00, 0x00, 0x00, 0x00, 0x00, 0x00, 0x00, 0x00, 0x00, 0x00, 0x00, 0x00, 0x00, 0x00, 0x00, 0x00, 0x00, 
    0x00, 0x00, 0x00, 0x00, 0x00, 0x00, 0x00, 0x00, 0x00, 0x00, 0x00, 0x00, 0x00, 0x00, 0x00, 0x00, 0x00, 0x00, 0x00, 0x00, 0x00, 0x00, 0x00, 0x00, 
    0x00, 0x00, 0x00, 0x00, 0x00, 0x00, 0x00, 0x00, 0x00, 0x00, 0x00, 0x00, 0x00, 0x00, 0x00, 0x00, 0x00, 0x00, 0x00, 0x00, 0x00, 0x00, 0x00, 0x00, 
    0x00, 0x00, 0x00, 0x00, 0x00, 0x00, 0x00, 0x00, 0x00, 0x00, 0x00, 0x00, 0x00, 0x00, 0x00, 0x00, 0x00, 0x00, 0x00, 0x00, 0x00, 0x00, 0x00, 0x00, 
    0x00, 0x00, 0x00, 0x00, 0x00, 0x00, 0x00, 0x00, 0x00, 0x00, 0x00, 0x00, 0x00, 0x00, 0x00, 0x00, 0x00, 0x00, 0x00, 0x00, 0x00, 0x00, 0x00, 0x00, 
    0x00, 0x00, 0x00, 0x00, 0x00, 0x00, 0x00, 0x00, 0x00, 0x00, 0x00, 0x00, 0x00, 0x00, 0x00, 0x00, 0x00, 0x00, 0x00, 0x00, 0x00, 0x00, 0x00, 0x00, 
    0x00, 0x00, 0x00, 0x00, 0x00, 0x00, 0x00, 0x00, 0x00, 0x00, 0x00, 0x00, 0x00, 0x00, 0x00, 0x00, 0x00, 0x00, 0x00, 0x00, 0x00, 0x00, 0x00, 0x00, 
    0x00, 0x00, 0x00, 0x00, 0x00, 0x00, 0x00, 0x00, 0x00, 0x00, 0x00, 0x00, 0x00, 0x00, 0x00, 0x00, 0x00, 0x00, 0x00, 0x00, 0x00, 0x00, 0x00, 0x00, 
    0x00, 0x00, 0x00, 0x00, 0x00, 0x00, 0x00, 0x00, 0x00, 0x00, 0x00, 0x00, 0x00, 0x00, 0x00, 0x00, 0x00, 0x00, 0x00, 0x00, 0x00, 0x00, 0x00, 0x00, 
    0x00, 0x00, 0x00, 0x00, 0x00, 0x00, 0x00, 0x00, 0x00, 0x00, 0x00, 0x00, 0x00, 0x00, 0x00, 0x00, 0x00, 0x00, 0x00, 0x00, 0x00, 0x00, 0x00, 0x00, 
    0x00, 0x00, 0x00, 0xe0, 0x7b, 0x02, 0x00, 0x00, 0x00, 0xe6, 0x69, 0x4d, 0xe6, 0x61, 0x32, 0x00, 0x00, 0x00, 0x00, 0x78, 0x02, 0x00, 0x00, 0x00, 
    0x00, 0x00, 0x00, 0x00, 0x00, 0x00, 0x00, 0x00, 0x00, 0x00, 0x00, 0x00, 0x00, 0x00, 0x00, 0x00, 0x00, 0x00, 0x00, 0x00, 0x00, 0x00, 0x00, 0x00, 
    0x00, 0x00, 0x00, 0x00, 0x00, 0x00, 0x00, 0x00, 0x00, 0x00, 0x00, 0x00, 0x00, 0x00, 0x00, 0x00, 0x00, 0x00, 0x00, 0x00, 0x00, 0x00, 0x00, 0x00, 
    0x00, 0x00, 0x00, 0xc7, 0x71, 0x09, 0xa5, 0x59, 0x2b, 0x00, 0x00, 0x00, 0x00, 0x00, 0x00, 0x00, 0x00, 0x00, 0x00, 0x00, 0x00, 0x00, 0x00, 0x00, 
    0x00, 0x00, 0x00, 0x00, 0x00, 0x00, 0x00, 0x00, 0x00, 0x00, 0x00, 0x00, 0x00, 0x00, 0x00, 0x00, 0x00, 0x00, 0x00, 0x00, 0x00, 0x00, 0x00, 0x00, 
    0x00, 0x00, 0x00, 0x00, 0x00, 0x00, 0x00, 0x00, 0x00, 0x00, 0x00, 0x00, 0x00, 0x00, 0x00, 0x00, 0x00, 0x00, 0x00, 0x00, 0x00, 0x00, 0x00, 0x00, 
    0x00, 0x00, 0x00, 0x00, 0x00, 0x00, 0x00, 0x00, 0x00, 0x00, 0x00, 0x00, 0x00, 0x00, 0x00, 0x00, 0x00, 0x00, 0x00, 0x00, 0x00, 0x00, 0x00, 0x00, 
    0x00, 0x00, 0x00, 0x00, 0x00, 0x00, 0x00, 0x00, 0x00, 0x00, 0x00, 0x00, 0x00, 0x00, 0x00, 0x00, 0x00, 0x00, 0x00, 0x00, 0x00, 0x00, 0x00, 0x00, 
    0x00, 0x00, 0x00, 0x00, 0x00, 0x00, 0x00, 0x00, 0x00, 0x00, 0x00, 0x00, 0x00, 0x00, 0x00, 0x00, 0x00, 0x00, 0x00, 0x00, 0x00, 0x00, 0x00, 0x00, 
    0x00, 0x00, 0x00, 0x00, 0x00, 0x00, 0x00, 0x00, 0x00, 0xe0, 0x7b, 0x02, 0x00, 0x00, 0x00, 0xe6, 0x81, 0x60, 0x26, 0x8a, 0x70, 0x00, 0x00, 0x00, 
    0xef, 0xfb, 0x02, 0x00, 0x00, 0x00, 0x00, 0x00, 0x00, 0x00, 0x00, 0x00, 0x00, 0x00, 0x00, 0x00, 0x00, 0x00, 0x00, 0x00, 0x00, 0x00, 0x00, 0x00, 
    0x00, 0x00, 0x00, 0x00, 0x00, 0x00, 0x00, 0x00, 0x00, 0x00, 0x00, 0x00, 0x00, 0x00, 0x00, 0x00, 0x00, 0x00, 0x00, 0x00, 0x00, 0x00, 0x00, 0x00, 
    0x00, 0x00, 0x00, 0x00, 0x00, 0x00, 0x00, 0x00, 0x00, 0x00, 0x00, 0x00, 0x00, 0x00, 0x00, 0x00, 0x00, 0x00, 0x00, 0x00, 0x00, 0x00, 0x00, 0x00, 
    0x00, 0x00, 0x00, 0x00, 0x00, 0x00, 0x00, 0x00, 0x00, 0x00, 0x00, 0x00, 0x00, 0x00, 0x00, 0x00, 0x00, 0x00, 0x00, 0x00, 0x00, 0x00, 0x00, 0x00, 
    0x00, 0x00, 0x00, 0x00, 0x00, 0x00, 0x00, 0x00, 0x00, 0x00, 0x00, 0x00, 0x00, 0x00, 0x00, 0x00, 0x00, 0x00, 0x00, 0x00, 0x00, 0x00, 0x00, 0x00, 
    0x00, 0x00, 0x00, 0x00, 0x00, 0x00, 0x00, 0x00, 0x00, 0x00, 0x00, 0x00, 0x00, 0x00, 0x00, 0x00, 0x00, 0x00, 0x00, 0x00, 0x00, 0x00, 0x00, 0x00, 
    0x00, 0x00, 0x00, 0x00, 0x00, 0x00, 0x00, 0x00, 0x00, 0x00, 0x00, 0x00, 0x00, 0x00, 0x00, 0x00, 0x00, 0x00, 0x00, 0x00, 0x00, 0x00, 0x00, 0x00, 
    0x00, 0x00, 0x00, 0x00, 0x00, 0x00, 0x00, 0x00, 0x00, 0x00, 0x00, 0x00, 0x00, 0x00, 0x00, 0x00, 0x00, 0x00, 0x00, 0x00, 0x00, 0x00, 0x00, 0x00, 
    0x00, 0x00, 0x00, 0x00, 0x00, 0x00, 0x00, 0x00, 0x00, 0x00, 0x00, 0x00, 0x00, 0x00, 0x00, 0x00, 0x00, 0x00, 0x00, 0x00, 0x00, 0x00, 0x00, 0x00, 
    0x00, 0x00, 0x00, 0x00, 0x00, 0x00, 0x00, 0x00, 0x00, 0x00, 0x00, 0x00, 0x00, 0x00, 0x00, 0x00, 0x00, 0x00, 0x00, 0x00, 0x00, 0x00, 0x00, 0x00, 
    0x00, 0x00, 0x00, 0x00, 0x00, 0x00, 0x00, 0x00, 0x00, 0x00, 0x00, 0x00, 0x00, 0x00, 0x00, 0x00, 0x00, 0x00, 0x00, 0x00, 0x00, 0x00, 0x00, 0x00, 
    0x00, 0x00, 0x00, 0x00, 0x00, 0x00, 0x00, 0x00, 0x00, 0x00, 0x00, 0x00, 0x00, 0x00, 0x00, 0x00, 0x00, 0x00, 0x00, 0x00, 0x00, 0x00, 0x00, 0x00, 
    0x00, 0x00, 0x00, 0x00, 0x00, 0x00, 0x00, 0x00, 0x00, 0x00, 0x00, 0x00, 0x00, 0x00, 0x00, 0x00, 0x00, 0x00, 0x00, 0x00, 0x00, 0x00, 0x00, 0x00, 
    0x00, 0x00, 0x00, 0x00, 0x00, 0x00, 0x00, 0x00, 0x00, 0x00, 0x00, 0x00, 0x00, 0x00, 0x00, 0x00, 0x00, 0x00, 0x00, 0x00, 0x00, 0x00, 0x00, 0x00, 
    0x00, 0x00, 0x00, 0x00, 0x00, 0x00, 0x00, 0x00, 0x00, 0x00, 0x00, 0x00, 0x00, 0x00, 0x00, 0x00, 0x00, 0x00, 0x00, 0x00, 0x00, 0x00, 0x00, 0x00, 
    0x00, 0x00, 0x00, 0x00, 0x00, 0x00, 0x00, 0x00, 0x00, 0x00, 0x00, 0x00, 0x00, 0x00, 0x00, 0x00, 0x00, 0x00, 0x00, 0x00, 0x00, 0x00, 0x00, 0x00, 
    0x00, 0x00, 0x00, 0x00, 0x00, 0x00, 0x00, 0x00, 0x00, 0x00, 0x00, 0x00, 0x00, 0x00, 0x00, 0x00, 0x00, 0x00, 0x00, 0x00, 0x00, 0x00, 0x00, 0x00, 
    0x00, 0x00, 0x00, 0x00, 0x00, 0x00, 0x00, 0x00, 0x00, 0x00, 0x00, 0x00, 0x00, 0x00, 0x00, 0x00, 0x00, 0x00, 0x00, 0x00, 0x00, 0x00, 0x00, 0x00, 
    0x00, 0x00, 0x00, 0x00, 0x00, 0x00, 0x00, 0x00, 0x00, 0x00, 0x00, 0x00, 0x00, 0x00, 0x00, 0x00, 0x00, 0x00, 0x00, 0x00, 0x00, 0x00, 0x00, 0x00, 
    0x00, 0x00, 0x00, 0x00, 0x00, 0x00, 0x00, 0x00, 0x00, 0x00, 0x00, 0x00, 0x00, 0x00, 0x00, 0x00, 0x00, 0x00, 0x00, 0x00, 0x00, 0x00, 0x00, 0x00, 
    0x00, 0x00, 0x00, 0x00, 0x00, 0x00, 0x00, 0x00, 0x00, 0x00, 0x00, 0x00, 0x00, 0x00, 0x00, 0x00, 0x00, 0x00, 0x00, 0x00, 0x00, 0x00, 0x00, 0x00, 
    0x00, 0x00, 0x00, 0x00, 0x00, 0x00, 0x00, 0x00, 0x00, 0x00, 0x00, 0x00, 0x00, 0x00, 0x00, 0x00, 0x00, 0x00, 0x00, 0x00, 0x00, 0x00, 0x00, 0x00, 
    0x00, 0x00, 0x00, 0x00, 0x00, 0x00, 0x00, 0x00, 0x00, 0x00, 0x00, 0x00, 0x00, 0x00, 0x00, 0x00, 0x00, 0x00, 0x00, 0x00, 0x00, 0x00, 0x00, 0x00, 
    0x00, 0x00, 0x00, 0x00, 0x00, 0x00, 0x00, 0x00, 0x00, 0x00, 0x00, 0x00, 0x00, 0x00, 0x00, 0x00, 0x00, 0x00, 0x00, 0x00, 0x00, 0x00, 0x00, 0x00, 
    0x00, 0x00, 0x00, 0x00, 0x00, 0x00, 0x00, 0x00, 0x00, 0x00, 0x00, 0x00, 0x00, 0x00, 0x00, 0x00, 0x00, 0x00, 0x00, 0x00, 0x00, 0x00, 0x00, 0x00, 
    0x00, 0x00, 0x00, 0x00, 0x00, 0x00, 0x00, 0x00, 0x00, 0x00, 0x00, 0x00, 0x00, 0x00, 0x00, 0x00, 0x00, 0x00, 0x00, 0x00, 0x00, 0x00, 0x00, 0x00, 
    0x00, 0x00, 0x00, 0x00, 0x00, 0x00, 0x00, 0x00, 0x00, 0x00, 0x00, 0x00, 0x00, 0x00, 0x00, 0x00, 0x00, 0x00, 0x00, 0x00, 0x00, 0x00, 0x00, 0x00, 
    0x00, 0x00, 0x00, 0x00, 0x00, 0x00, 0x00, 0x00, 0x00, 0x00, 0x00, 0x00, 0x00, 0x00, 0x00, 0x00, 0x00, 0x00, 0x00, 0x00, 0x00, 0x00, 0x00, 0x00, 
    0x00, 0x00, 0x00, 0x00, 0x00, 0x00, 0x00, 0x00, 0x00, 0x00, 0x00, 0x00, 0x00, 0x00, 0x00, 0x00, 0x00, 0x00, 0x00, 0x00, 0x00, 0x00, 0x00, 0x00, 
    0x00, 0x00, 0x00, 0x00, 0x00, 0x00, 0x00, 0x00, 0x00, 0x00, 0x00, 0x00, 0x00, 0x00, 0x00, 0x00, 0x00, 0x00, 0x00, 0x00, 0x00, 0x00, 0x00, 0x00, 
    0x00, 0x00, 0x00, 0x00, 0x00, 0x00, 0x00, 0x00, 0x00, 0x00, 0x00, 0x00, 0x00, 0x00, 0x00, 0x00, 0x00, 0x00, 0x00, 0x00, 0x00, 0x00, 0x00, 0x00, 
    0x00, 0x00, 0x00, 0x00, 0x00, 0x00, 0x00, 0x00, 0x00, 0x00, 0x00, 0x00, 0x00, 0x00, 0x00, 0x00, 0x00, 0x00, 0x00, 0x00, 0x00, 0x00, 0x00, 0x00, 
    0x00, 0x00, 0x00, 0x00, 0x00, 0x00, 0x00, 0x00, 0x00, 0x00, 0x00, 0x00, 0x00, 0x00, 0x00, 0x00, 0x00, 0x00, 0x00, 0x00, 0x00, 0x00, 0x00, 0x00, 
    0x00, 0x00, 0x00, 0x00, 0x00, 0x00, 0x00, 0x00, 0x00, 0x00, 0x00, 0x00, 0x00, 0x00, 0x00, 0x00, 0x00, 0x00, 0x00, 0x00, 0x00, 0x00, 0x00, 0x00, 
    0x00, 0x00, 0x00, 0x00, 0x00, 0x00, 0x00, 0x00, 0x00, 0x00, 0x00, 0x00, 0x00, 0x00, 0x00, 0x00, 0x00, 0x00, 0x00, 0x00, 0x00, 0x00, 0x00, 0x00, 
    0x00, 0x00, 0x00, 0x00, 0x00, 0x00, 0x00, 0x00, 0x00, 0x00, 0x00, 0x00, 0x00, 0x00, 0x00, 0x00, 0x00, 0x00, 0x00, 0x00, 0x00, 0x00, 0x00, 0x00, 
    0x00, 0x00, 0x00, 0x00, 0x00, 0x00, 0x00, 0x00, 0x00, 0x00, 0x00, 0x00, 0x00, 0x00, 0x00, 0x00, 0x00, 0x00, 0x00, 0x00, 0x00, 0x00, 0x00, 0x00, 
    0x00, 0x00, 0x00, 0x00, 0x00, 0x00, 0x00, 0x00, 0x00, 0x00, 0x00, 0x00, 0x00, 0x00, 0x00, 0x00, 0x00, 0x00, 0x00, 0x00, 0x00, 0xe7, 0x79, 0x04, 
    0xaa, 0x52, 0x03, 0x00, 0x00, 0x00, 0x00, 0x00, 0x00, 0x00, 0x00, 0x00, 0x00, 0x00, 0x00, 0x00, 0x00, 0x00, 0x00, 0x00, 0x00, 0x00, 0x00, 0x00, 
    0x00, 0x00, 0x00, 0x00, 0x00, 0x00, 0x00, 0x00, 0x00, 0x00, 0x00, 0x00, 0x00, 0x00, 0x00, 0x00, 0x00, 0x00, 0x00, 0x00, 0x00, 0x00, 0x00, 0x00, 
    0x00, 0x00, 0x00, 0x00, 0x00, 0x00, 0x00, 0x00, 0x00, 0x00, 0x00, 0x00, 0x00, 0x00, 0x00, 0xe7, 0x39, 0x04, 0x63, 0x59, 0x11, 0x00, 0x00, 0x00, 
    0x00, 0x00, 0x00, 0x00, 0x00, 0x00, 0x00, 0x00, 0x00, 0x00, 0x00, 0x00, 0x00, 0x00, 0x00, 0x00, 0x00, 0x00, 0x00, 0x00, 0x00, 0x00, 0x00, 0x00, 
    0x00, 0x00, 0x00, 0x00, 0x00, 0x00, 0x00, 0x00, 0x00, 0x00, 0x00, 0x00, 0x00, 0x00, 0x00, 0x00, 0x00, 0x00, 0x00, 0x00, 0x00, 0x00, 0x00, 0x00, 
    0x00, 0x00, 0x00, 0x00, 0x00, 0x00, 0x00, 0x00, 0x00, 0x00, 0x00, 0x00, 0x00, 0x00, 0x00, 0x00, 0x00, 0x00, 0x00, 0x00, 0x00, 0x00, 0x00, 0x00, 
    0x00, 0x00, 0x00, 0x00, 0x00, 0x00, 0x00, 0x00, 0x00, 0x00, 0x00, 0x00, 0x00, 0x00, 0x00, 0x00, 0x00, 0x00, 0x00, 0x00, 0x00, 0x00, 0x00, 0x00, 
    0x00, 0x00, 0x00, 0x00, 0x00, 0x00, 0x00, 0x00, 0x00, 0x00, 0x00, 0x00, 0x00, 0x00, 0x00, 0x00, 0x00, 0x00, 0x00, 0x00, 0x00, 0x00, 0x00, 0x00, 
    0x00, 0x00, 0x00, 0x00, 0x00, 0x00, 0x00, 0x00, 0x00, 0x00, 0x00, 0x00, 0x00, 0x00, 0x00, 0x00, 0x00, 0x00, 0x00, 0x00, 0x00, 0x00, 0x00, 0x00, 
    0x00, 0x00, 0x00, 0x00, 0x00, 0x00, 0xaa, 0xaa, 0x03, 0x00, 0x00, 0x00, 0x00, 0x00, 0x00, 0x00, 0x00, 0x00, 0x00, 0x00, 0x00, 0x00, 0x00, 0x00, 
    0x00, 0x00, 0x00, 0x00, 0x00, 0x00, 0x00, 0x00, 0x00, 0x00, 0x00, 0x00, 0x00, 0x00, 0x00, 0x00, 0x00, 0x00, 0x00, 0x00, 0x00, 0x00, 0x00, 0x00, 
    0x00, 0x00, 0x00, 0x00, 0x00, 0x00, 0x00, 0x00, 0x00, 0x00, 0x00, 0x00, 0x00, 0x00, 0x00, 0x00, 0x00, 0x00, 0x00, 0x00, 0x00, 0x00, 0x00, 0x00, 
    0x00, 0x00, 0x00, 0x00, 0x00, 0x00, 0x00, 0x00, 0x00, 0x00, 0x00, 0x00, 0x00, 0x00, 0x00, 0x00, 0x00, 0x00, 0x00, 0x00, 0x00, 0x00, 0x00, 0x00, 
    0x00, 0x00, 0x00, 0x00, 0x00, 0x00, 0x00, 0x00, 0x00, 0x00, 0x00, 0x00, 0x00, 0x00, 0x00, 0x00, 0x00, 0x00, 0x00, 0x00, 0x00, 0x00, 0x00, 0x00, 
    0x00, 0x00, 0x00, 0x00, 0x00, 0x00, 0x00, 0x00, 0x00, 0x00, 0x00, 0x00, 0x00, 0x00, 0x00, 0x00, 0x00, 0x00, 0x00, 0x00, 0x00, 0x00, 0x00, 0x00, 
    0x00, 0x00, 0x00, 0x00, 0x00, 0x00, 0x00, 0x00, 0x00, 0x00, 0x00, 0x00, 0x00, 0x00, 0x00, 0x00, 0x00, 0x00, 0x00, 0x00, 0x00, 0x00, 0x00, 0x00, 
    0x00, 0x00, 0x00, 0x00, 0x00, 0x00, 0x00, 0x00, 0x00, 0x00, 0x00, 0x00, 0x00, 0x00, 0x00, 0x00, 0x00, 0x00, 0x00, 0x00, 0x00, 0x00, 0x00, 0x00, 
    0x00, 0x00, 0x00, 0x00, 0x00, 0x00, 0x00, 0x00, 0x00, 0x00, 0x00, 0x00, 0x00, 0x00, 0x00, 0x00, 0x00, 0x00, 0x00, 0x00, 0x00, 0x00, 0x00, 0x00, 
    0x00, 0x00, 0x00, 0x00, 0x00, 0x00, 0x00, 0x00, 0x00, 0x00, 0x00, 0x00, 0x00, 0x00, 0x00, 0x00, 0x00, 0x00, 0x00, 0x00, 0x00, 0x00, 0x00, 0x00
};

const lv_img_dsc_t ui_img_logo_png = {.header.always_zero = 0,
                                      .header.w = 380,
                                      .header.h = 112,
                                      .data_size = sizeof(ui_img_logo_png_data),
                                      .header.cf = LV_IMG_CF_TRUE_COLOR_ALPHA,
                                      .data = ui_img_logo_png_data};
