// Auto-generated from docs/assets/gaggibre-logo.png (380x117)
// Do not hand-edit; re-run: python scripts/make_gaggibre_logo.py
#ifdef __has_include
#if __has_include("lvgl.h")
#ifndef LV_LVGL_H_INCLUDE_SIMPLE
#define LV_LVGL_H_INCLUDE_SIMPLE
#endif
#endif
#endif

#if defined(LV_LVGL_H_INCLUDE_SIMPLE)
#include "lvgl.h"
#else
#include "lvgl/lvgl.h"
#endif

#ifndef LV_ATTRIBUTE_MEM_ALIGN
#define LV_ATTRIBUTE_MEM_ALIGN
#endif

#ifndef LV_ATTRIBUTE_IMG_IMG_LOGO
#define LV_ATTRIBUTE_IMG_IMG_LOGO
#endif

const LV_ATTRIBUTE_MEM_ALIGN LV_ATTRIBUTE_LARGE_CONST LV_ATTRIBUTE_IMG_IMG_LOGO uint8_t img_logo_map[] = {
    0x00, 0x00, 0x00, 0x00, 0x00, 0x00, 0x00, 0x00, 0x00, 0x00, 0x00, 0x00, 0x00, 0x00, 0x00, 0x00, 0x00, 0x00, 0x00, 0x00, 0x00, 0x00, 0x00, 0x00,
    0x00, 0x00, 0x00, 0x00, 0x00, 0x00, 0x00, 0x00, 0x00, 0x00, 0x00, 0x00, 0x00, 0x00, 0x00, 0x00, 0x00, 0x00, 0x00, 0x00, 0x00, 0x00, 0x00, 0x00,
    0x00, 0x00, 0x00, 0x00, 0x00, 0x00, 0x00, 0x00, 0x00, 0x00, 0x00, 0x00, 0x00, 0x00, 0x00, 0x00, 0x00, 0x00, 0x00, 0x00, 0x00, 0x00, 0x00, 0x00,
    0x00, 0x00, 0x00, 0x00, 0x00, 0x00, 0x00, 0x00, 0x00, 0x00, 0x00, 0x00, 0x00, 0x00, 0x00, 0x00, 0x00, 0x00, 0x00, 0x00, 0x00, 0x00, 0x00, 0x00,
    0x00, 0x00, 0x00, 0x00, 0x00, 0x00, 0x00, 0x00, 0x00, 0x00, 0x00, 0x00, 0x00, 0x00, 0x00, 0x00, 0x00, 0x00, 0x00, 0x00, 0x00, 0x00, 0x00, 0x00,
    0x00, 0x00, 0x00, 0x00, 0x00, 0x00, 0x00, 0x00, 0x00, 0x00, 0x00, 0x00, 0x00, 0x00, 0x00, 0x00, 0x00, 0x00, 0x00, 0x00, 0x00, 0x00, 0x00, 0x00,
    0x00, 0x00, 0x00, 0x00, 0x00, 0x00, 0x00, 0x00, 0x00, 0x00, 0x00, 0x00, 0x00, 0x00, 0x00, 0x00, 0x00, 0x00, 0x00, 0x00, 0x00, 0x00, 0x00, 0x00,
    0x00, 0x00, 0x00, 0x00, 0x00, 0x00, 0x00, 0x00, 0x00, 0x00, 0x00, 0x00, 0x00, 0x00, 0x00, 0x00, 0x00, 0x00, 0x00, 0x00, 0x00, 0x00, 0x00, 0x00,
    0x00, 0x00, 0x00, 0x00, 0x00, 0x00, 0x00, 0x00, 0x00, 0x00, 0x00, 0x00, 0x00, 0x00, 0x00, 0x00, 0x00, 0x00, 0x00, 0x00, 0x00, 0x00, 0x00, 0x00,
    0x00, 0x00, 0x00, 0x00, 0x00, 0x00, 0x00, 0x00, 0x00, 0x00, 0x00, 0x00, 0x00, 0x00, 0x00, 0x00, 0x00, 0x00, 0x00, 0x00, 0x00, 0x00, 0x00, 0x00,
    0x00, 0x00, 0x00, 0x00, 0x00, 0x00, 0x00, 0x00, 0x00, 0x00, 0x00, 0x00, 0x00, 0x00, 0x00, 0x00, 0x00, 0x00, 0x00, 0x00, 0x00, 0x00, 0x00, 0x00,
    0x00, 0x00, 0x00, 0x00, 0x00, 0x00, 0x00, 0x00, 0x00, 0x00, 0x00, 0x00, 0x00, 0x00, 0x00, 0x00, 0x00, 0x00, 0x00, 0x00, 0x00, 0x00, 0x00, 0x00,
    0x00, 0x00, 0x00, 0x00, 0x00, 0x00, 0x00, 0x00, 0x00, 0x00, 0x00, 0x00, 0x00, 0x00, 0x00, 0x00, 0x00, 0x00, 0x00, 0x00, 0x00, 0x00, 0x00, 0x00,
    0x00, 0x00, 0x00, 0x00, 0x00, 0x00, 0x00, 0x00, 0x00, 0x00, 0x00, 0x00, 0x00, 0x00, 0x00, 0x00, 0x00, 0x00, 0x00, 0x00, 0x00, 0x00, 0x00, 0x00,
    0x00, 0x00, 0x00, 0x00, 0x00, 0x00, 0x00, 0x00, 0x00, 0x00, 0x00, 0x00, 0x00, 0x00, 0x00, 0x00, 0x00, 0x00, 0x00, 0x00, 0x00, 0x00, 0x00, 0x00,
    0x00, 0x00, 0x00, 0x00, 0x00, 0x00, 0x00, 0x00, 0x00, 0x00, 0x00, 0x00, 0x00, 0x00, 0x00, 0x00, 0x00, 0x00, 0x00, 0x00, 0x00, 0x00, 0x00, 0x00,
    0x00, 0x00, 0x00, 0x00, 0x00, 0x00, 0x00, 0x00, 0x00, 0x00, 0x00, 0x00, 0x00, 0x00, 0x00, 0x00, 0x00, 0x00, 0x00, 0x00, 0x00, 0x00, 0x00, 0x00,
    0x00, 0x00, 0x00, 0x00, 0x00, 0x00, 0x00, 0x00, 0x00, 0x00, 0x00, 0x00, 0x00, 0x00, 0x00, 0x00, 0x00, 0x00, 0x00, 0x00, 0x00, 0x00, 0x00, 0x00,
    0x00, 0x00, 0x00, 0x00, 0x00, 0x00, 0x00, 0x00, 0x00, 0x00, 0x00, 0x00, 0x00, 0x00, 0x00, 0x00, 0x00, 0x00, 0x00, 0x00, 0x00, 0x00, 0x00, 0x00,
    0x00, 0x00, 0x00, 0x00, 0x00, 0x00, 0x00, 0x00, 0x00, 0x00, 0x00, 0x00, 0x00, 0x00, 0x00, 0x00, 0x00, 0x00, 0x00, 0x00, 0x00, 0x00, 0x00, 0x00,
    0x00, 0x00, 0x00, 0x00, 0x00, 0x00, 0x00, 0x00, 0x00, 0x00, 0x00, 0x00, 0x00, 0x00, 0x00, 0x00, 0x00, 0x00, 0x00, 0x00, 0x00, 0x00, 0x00, 0x00,
    0x00, 0x00, 0x00, 0x00, 0x00, 0x00, 0x00, 0x00, 0x00, 0x00, 0x00, 0x00, 0x00, 0x00, 0x00, 0x00, 0x00, 0x00, 0x00, 0x00, 0x00, 0x00, 0x00, 0x00,
    0x00, 0x00, 0x00, 0x00, 0x00, 0x00, 0x00, 0x00, 0x00, 0x00, 0x00, 0x00, 0x00, 0x00, 0x00, 0x00, 0x00, 0x00, 0x00, 0x00, 0x00, 0x00, 0x00, 0x00,
    0x00, 0x00, 0x00, 0x00, 0x00, 0x00, 0x00, 0x00, 0x00, 0x00, 0x00, 0x00, 0x00, 0x00, 0x00, 0x00, 0x00, 0x00, 0x00, 0x00, 0x00, 0x00, 0x00, 0x00,
    0x00, 0x00, 0x00, 0x00, 0x00, 0x00, 0x00, 0x00, 0x00, 0x00, 0x00, 0x00, 0x00, 0x00, 0x00, 0x00, 0x00, 0x00, 0x00, 0x00, 0x00, 0x00, 0x00, 0x00,
    0x00, 0x00, 0x00, 0x00, 0x00, 0x00, 0x00, 0x00, 0x00, 0x00, 0x00, 0x00, 0x00, 0x00, 0x00, 0x00, 0x00, 0x00, 0x00, 0x00, 0x00, 0x00, 0x00, 0x00,
    0x00, 0x00, 0x00, 0x00, 0x00, 0x00, 0x00, 0x00, 0x00, 0x00, 0x00, 0x00, 0x00, 0x00, 0x00, 0x00, 0x00, 0x00, 0x00, 0x00, 0x00, 0x00, 0x00, 0x00,
    0x00, 0x00, 0x00, 0x00, 0x00, 0x00, 0x00, 0x00, 0x00, 0x00, 0x00, 0x00, 0x00, 0x00, 0x00, 0x00, 0x00, 0x00, 0x00, 0x00, 0x00, 0x00, 0x00, 0x00,
    0x00, 0x00, 0x00, 0x00, 0x00, 0x00, 0x00, 0x00, 0x00, 0x00, 0x00, 0x00, 0x00, 0x00, 0x00, 0x00, 0x00, 0x00, 0x00, 0x00, 0x00, 0x00, 0x00, 0x00,
    0x00, 0x00, 0x00, 0x00, 0x00, 0x00, 0x00, 0x00, 0x00, 0x00, 0x00, 0x00, 0x00, 0x00, 0x00, 0x00, 0x00, 0x00, 0x00, 0x00, 0x00, 0x00, 0x00, 0x00,
    0x00, 0x00, 0x00, 0x00, 0x00, 0x00, 0x00, 0x00, 0x00, 0x00, 0x00, 0x00, 0x00, 0x00, 0x00, 0x00, 0x00, 0x00, 0x00, 0x00, 0x00, 0x00, 0x00, 0x00,
    0x00, 0x00, 0x00, 0x00, 0x00, 0x00, 0x00, 0x00, 0x00, 0x00, 0x00, 0x00, 0x00, 0x00, 0x00, 0x00, 0x00, 0x00, 0x00, 0x00, 0x00, 0x00, 0x00, 0x00,
    0x00, 0x00, 0x00, 0x00, 0x00, 0x00, 0x00, 0x00, 0x00, 0x00, 0x00, 0x00, 0x00, 0x00, 0x00, 0x00, 0x00, 0x00, 0x00, 0x00, 0x00, 0x00, 0x00, 0x00,
    0x00, 0x00, 0x00, 0x00, 0x00, 0x00, 0x00, 0x00, 0x00, 0x00, 0x00, 0x00, 0x00, 0x00, 0x00, 0x00, 0x00, 0x00, 0x00, 0x00, 0x00, 0x00, 0x00, 0x00,
    0x00, 0x00, 0x00, 0x00, 0x00, 0x00, 0x00, 0x00, 0x00, 0x00, 0x00, 0x00, 0x00, 0x00, 0x00, 0x00, 0x00, 0x00, 0x00, 0x00, 0x00, 0x00, 0x00, 0x00,
    0x00, 0x00, 0x00, 0x00, 0x00, 0x00, 0x00, 0x00, 0x00, 0x00, 0x00, 0x00, 0x00, 0x00, 0x00, 0x00, 0x00, 0x00, 0x00, 0x00, 0x00, 0x00, 0x00, 0x00,
    0x00, 0x00, 0x00, 0x00, 0x00, 0x00, 0x00, 0x00, 0x00, 0x00, 0x00, 0x00, 0x00, 0x00, 0x00, 0x00, 0x00, 0x00, 0x00, 0x00, 0x00, 0x00, 0x00, 0x00,
    0x00, 0x00, 0x00, 0x00, 0x00, 0x00, 0x00, 0x00, 0x00, 0x00, 0x00, 0x00, 0x00, 0x00, 0x00, 0x00, 0x00, 0x00, 0x00, 0x00, 0x00, 0x00, 0x00, 0x00,
    0x00, 0x00, 0x00, 0x00, 0x00, 0x00, 0x00, 0x00, 0x00, 0x00, 0x00, 0x00, 0x00, 0x00, 0x00, 0x00, 0x00, 0x00, 0x00, 0x00, 0x00, 0x00, 0x00, 0x00,
    0x00, 0x00, 0x00, 0x00, 0x00, 0x00, 0x00, 0x00, 0x00, 0x00, 0x00, 0x00, 0x00, 0x00, 0x00, 0x00, 0x00, 0x00, 0x00, 0x00, 0x00, 0x00, 0x00, 0x00,
    0x00, 0x00, 0x00, 0x00, 0x00, 0x00, 0x00, 0x00, 0x00, 0x00, 0x00, 0x00, 0x00, 0x00, 0x00, 0x00, 0x00, 0x00, 0x00, 0x00, 0x00, 0x00, 0x00, 0x00,
    0x00, 0x00, 0x00, 0x00, 0x00, 0x00, 0x00, 0x00, 0x00, 0x00, 0x00, 0x00, 0x00, 0x00, 0x00, 0x00, 0x00, 0x00, 0x00, 0x00, 0x00, 0x00, 0x00, 0x00,
    0x00, 0x00, 0x00, 0x00, 0x00, 0x00, 0x00, 0x00, 0x00, 0x00, 0x00, 0x00, 0x00, 0x00, 0x00, 0x00, 0x00, 0x00, 0x00, 0x00, 0x00, 0x00, 0x00, 0x00,
    0x00, 0x00, 0x00, 0x00, 0x00, 0x00, 0x00, 0x00, 0x00, 0x00, 0x00, 0x00, 0x00, 0x00, 0x00, 0x00, 0x00, 0x00, 0x00, 0x00, 0x00, 0x00, 0x00, 0x00,
    0x00, 0x00, 0x00, 0x00, 0x00, 0x00, 0x00, 0x00, 0x00, 0x00, 0x00, 0x00, 0x00, 0x00, 0x00, 0x00, 0x00, 0x00, 0x00, 0x00, 0x00, 0x00, 0x00, 0x00,
    0x00, 0x00, 0x00, 0x00, 0x00, 0x00, 0x00, 0x00, 0x00, 0x00, 0x00, 0x00, 0x00, 0x00, 0x00, 0x00, 0x00, 0x00, 0x00, 0x00, 0x00, 0x00, 0x00, 0x00,
    0x00, 0x00, 0x00, 0x00, 0x00, 0x00, 0x00, 0x00, 0x00, 0x00, 0x00, 0x00, 0x00, 0x00, 0x00, 0x00, 0x00, 0x00, 0x00, 0x00, 0x00, 0x00, 0x00, 0x00,
    0x00, 0x00, 0x00, 0x00, 0x00, 0x00, 0x00, 0x00, 0x00, 0x00, 0x00, 0x00, 0x00, 0x00, 0x00, 0x00, 0x00, 0x00, 0x00, 0x00, 0x00, 0x00, 0x00, 0x00,
    0x00, 0x00, 0x00, 0x00, 0x00, 0x00, 0x00, 0x00, 0x00, 0x00, 0x00, 0x00, 0x00, 0x00, 0x00, 0x00, 0x00, 0x00, 0x00, 0x00, 0x00, 0x00, 0x00, 0x00,
    0x00, 0x00, 0x00, 0x00, 0x00, 0x00, 0x00, 0x00, 0x00, 0x00, 0x00, 0x00, 0x00, 0x00, 0x00, 0x00, 0x00, 0x00, 0x00, 0x00, 0x00, 0x00, 0x00, 0x00,
    0x00, 0x00, 0x00, 0x00, 0x00, 0x00, 0x00, 0x00, 0x00, 0x00, 0x00, 0x00, 0x00, 0x00, 0x00, 0x00, 0x00, 0x00, 0x00, 0x00, 0x00, 0x00, 0x00, 0x00,
    0x00, 0x00, 0x00, 0x00, 0x00, 0x00, 0x00, 0x00, 0x00, 0x00, 0x00, 0x00, 0x00, 0x00, 0x00, 0x00, 0x00, 0x00, 0x00, 0x00, 0x00, 0x00, 0x00, 0x00,
    0x00, 0x00, 0x00, 0x00, 0x00, 0x00, 0x00, 0x00, 0x00, 0x00, 0x00, 0x00, 0x00, 0x00, 0x00, 0x00, 0x00, 0x00, 0x00, 0x00, 0x00, 0x00, 0x00, 0x00,
    0x00, 0x00, 0x00, 0x00, 0x00, 0x00, 0x00, 0x00, 0x00, 0x00, 0x00, 0x00, 0x00, 0x00, 0x00, 0x00, 0x00, 0x00, 0x00, 0x00, 0x00, 0x00, 0x00, 0x00,
    0x00, 0x00, 0x00, 0x00, 0x00, 0x00, 0x00, 0x00, 0x00, 0x00, 0x00, 0x00, 0x00, 0x00, 0x00, 0x00, 0x00, 0x00, 0x00, 0x00, 0x00, 0x00, 0x00, 0x00,
    0x00, 0x00, 0x00, 0x00, 0x00, 0x00, 0x00, 0x00, 0x00, 0x00, 0x00, 0x00, 0x00, 0x00, 0x00, 0x00, 0x00, 0x00, 0x00, 0x00, 0x00, 0x00, 0x00, 0x00,
    0x00, 0x00, 0x00, 0x00, 0x00, 0x00, 0x00, 0x00, 0x00, 0x00, 0x00, 0x00, 0x00, 0x00, 0x00, 0x00, 0x00, 0x00, 0x00, 0x00, 0x00, 0x00, 0x00, 0x00,
    0x00, 0x00, 0x00, 0x00, 0x00, 0x00, 0x00, 0x00, 0x00, 0x00, 0x00, 0x00, 0x00, 0x00, 0x00, 0x00, 0x00, 0x00, 0x00, 0x00, 0x00, 0x00, 0x00, 0x00,
    0x00, 0x00, 0x00, 0x00, 0x00, 0x00, 0x00, 0x00, 0x00, 0x00, 0x00, 0x00, 0x00, 0x00, 0x00, 0x00, 0x00, 0x00, 0x00, 0x00, 0x00, 0x00, 0x00, 0x00,
    0x00, 0x00, 0x00, 0x00, 0x00, 0x00, 0x00, 0x00, 0x00, 0x00, 0x00, 0x00, 0x00, 0x00, 0x00, 0x00, 0x00, 0x00, 0x00, 0x00, 0x00, 0x00, 0x00, 0x00,
    0x00, 0x00, 0x00, 0x00, 0x00, 0x00, 0x00, 0x00, 0x00, 0x00, 0x00, 0x00, 0x00, 0x00, 0x00, 0x00, 0x00, 0x00, 0x00, 0x00, 0x00, 0x00, 0x00, 0x00,
    0x00, 0x00, 0x00, 0x00, 0x00, 0x00, 0x00, 0x00, 0x00, 0x00, 0x00, 0x00, 0x00, 0x00, 0x00, 0x00, 0x00, 0x00, 0x00, 0x00, 0x00, 0x00, 0x00, 0x00,
    0x00, 0x00, 0x00, 0x00, 0x00, 0x00, 0x00, 0x00, 0x00, 0x00, 0x00, 0x00, 0x00, 0x00, 0x00, 0x00, 0x00, 0x00, 0x00, 0x00, 0x00, 0x00, 0x00, 0x00,
    0x00, 0x00, 0x00, 0x00, 0x00, 0x00, 0x00, 0x00, 0x00, 0x00, 0x00, 0x00, 0x00, 0x00, 0x00, 0x00, 0x00, 0x00, 0x00, 0x00, 0x00, 0x00, 0x00, 0x00,
    0x00, 0x00, 0x00, 0x00, 0x00, 0x00, 0x00, 0x00, 0x00, 0x00, 0x00, 0x00, 0x00, 0x00, 0x00, 0x00, 0x00, 0x00, 0x00, 0x00, 0x00, 0x00, 0x00, 0x00,
    0x00, 0x00, 0x00, 0x00, 0x00, 0x00, 0x00, 0x00, 0x00, 0x00, 0x00, 0x00, 0x00, 0x00, 0x00, 0x00, 0x00, 0x00, 0x00, 0x00, 0x00, 0x00, 0x00, 0x00,
    0x00, 0x00, 0x00, 0x00, 0x00, 0x00, 0x00, 0x00, 0x00, 0x00, 0x00, 0x00, 0x00, 0x00, 0x00, 0x00, 0x00, 0x00, 0x00, 0x00, 0x00, 0x00, 0x00, 0x00,
    0x00, 0x00, 0x00, 0x00, 0x00, 0x00, 0x00, 0x00, 0x00, 0x00, 0x00, 0x00, 0x00, 0x00, 0x00, 0x00, 0x00, 0x00, 0x00, 0x00, 0x00, 0x00, 0x00, 0x00,
    0x00, 0x00, 0x00, 0x00, 0x00, 0x00, 0x00, 0x00, 0x00, 0x00, 0x00, 0x00, 0x00, 0x00, 0x00, 0x00, 0x00, 0x00, 0x00, 0x00, 0x00, 0x00, 0x00, 0x00,
    0x00, 0x00, 0x00, 0x00, 0x00, 0x00, 0x00, 0x00, 0x00, 0x00, 0x00, 0x00, 0x00, 0x00, 0x00, 0x00, 0x00, 0x00, 0x00, 0x00, 0x00, 0x00, 0x00, 0x00,
    0x00, 0x00, 0x00, 0x00, 0x00, 0x00, 0x00, 0x00, 0x00, 0x00, 0x00, 0x00, 0x00, 0x00, 0x00, 0x00, 0x00, 0x00, 0x00, 0x00, 0x00, 0x00, 0x00, 0x00,
    0x00, 0x00, 0x00, 0x00, 0x00, 0x00, 0x00, 0x00, 0x00, 0x00, 0x00, 0x00, 0x00, 0x00, 0x00, 0x00, 0x00, 0x00, 0x00, 0x00, 0x00, 0x00, 0x00, 0x00,
    0x00, 0x00, 0x00, 0x00, 0x00, 0x00, 0x00, 0x00, 0x00, 0x00, 0x00, 0x00, 0x00, 0x00, 0x00, 0x00, 0x00, 0x00, 0x00, 0x00, 0x00, 0x00, 0x00, 0x00,
    0x00, 0x00, 0x00, 0x00, 0x00, 0x00, 0x00, 0x00, 0x00, 0x00, 0x00, 0x00, 0x00, 0x00, 0x00, 0x00, 0x00, 0x00, 0x00, 0x00, 0x00, 0x00, 0x00, 0x00,
    0x00, 0x00, 0x00, 0x00, 0x00, 0x00, 0x00, 0x00, 0x00, 0x00, 0x00, 0x00, 0x00, 0x00, 0x00, 0x00, 0x00, 0x00, 0x00, 0x00, 0x00, 0x00, 0x00, 0x00,
    0x00, 0x00, 0x00, 0x00, 0x00, 0x00, 0x00, 0x00, 0x00, 0x00, 0x00, 0x00, 0x00, 0x00, 0x00, 0x00, 0x00, 0x00, 0x00, 0x00, 0x00, 0x00, 0x00, 0x00,
    0x00, 0x00, 0x00, 0x00, 0x00, 0x00, 0x00, 0x00, 0x00, 0x00, 0x00, 0x00, 0x00, 0x00, 0x00, 0x00, 0x00, 0x00, 0x00, 0x00, 0x00, 0x00, 0x00, 0x00,
    0x00, 0x00, 0x00, 0x00, 0x00, 0x00, 0x00, 0x00, 0x00, 0x00, 0x00, 0x00, 0x00, 0x00, 0x00, 0x00, 0x00, 0x00, 0x00, 0x00, 0x00, 0x00, 0x00, 0x00,
    0x00, 0x00, 0x00, 0x00, 0x00, 0x00, 0x00, 0x00, 0x00, 0x00, 0x00, 0x00, 0x00, 0x00, 0x00, 0x00, 0x00, 0x00, 0x00, 0x00, 0x00, 0x00, 0x00, 0x00,
    0x00, 0x00, 0x00, 0x00, 0x00, 0x00, 0x00, 0x00, 0x00, 0x00, 0x00, 0x00, 0x00, 0x00, 0x00, 0x00, 0x00, 0x00, 0x00, 0x00, 0x00, 0x00, 0xF8, 0x01,
    0x00, 0x00, 0x00, 0x00, 0x00, 0x00, 0x00, 0x00, 0x00, 0x00, 0x00, 0x00, 0x00, 0x00, 0x00, 0x00, 0x00, 0x00, 0x00, 0x00, 0x00, 0x00, 0x00, 0x00,
    0x00, 0x00, 0x00, 0x00, 0x00, 0x00, 0x00, 0x00, 0x00, 0x00, 0x00, 0x00, 0x00, 0x00, 0x00, 0x00, 0x00, 0x00, 0x00, 0x00, 0x00, 0x00, 0x00, 0x00,
    0x00, 0x00, 0x00, 0x00, 0x00, 0x00, 0x00, 0x00, 0x00, 0x00, 0x00, 0x00, 0x00, 0x00, 0x00, 0x00, 0x00, 0x01, 0x00, 0x00, 0x00, 0x00, 0x00, 0x00,
    0x00, 0x00, 0x00, 0x00, 0x00, 0x00, 0x00, 0x00, 0x00, 0x00, 0x00, 0x00, 0x00, 0x00, 0x00, 0x00, 0x00, 0x00, 0x00, 0x00, 0x00, 0x00, 0x00, 0x00,
    0x00, 0x00, 0x00, 0x00, 0x00, 0x00, 0x00, 0x00, 0x00, 0x00, 0x00, 0x00, 0x00, 0x00, 0x00, 0x00, 0x00, 0x00, 0x00, 0x00, 0x00, 0x00, 0x00, 0x00,
    0x00, 0x00, 0x00, 0x00, 0x00, 0x00, 0x00, 0x00, 0x00, 0x00, 0x00, 0x00, 0x00, 0x00, 0x00, 0x00, 0x00, 0x00, 0x00, 0x00, 0x00, 0x00, 0x00, 0x00,
    0x00, 0x00, 0x00, 0x00, 0x00, 0x00, 0x00, 0x00, 0x00, 0x00, 0x00, 0x00, 0x00, 0x00, 0x00, 0x00, 0x00, 0x00, 0x00, 0x00, 0x00, 0x00, 0x00, 0x00,
    0x00, 0x00, 0x00, 0x00, 0x00, 0x00, 0x00, 0x00, 0x00, 0x00, 0x00, 0x00, 0x00, 0x00, 0x00, 0x00, 0x00, 0x00, 0x00, 0x00, 0x00, 0x00, 0x00, 0x00,
    0x00, 0x00, 0x00, 0x00, 0x00, 0x00, 0x00, 0x00, 0x00, 0x00, 0x00, 0x00, 0x00, 0x00, 0x00, 0x00, 0x00, 0x00, 0x00, 0x00, 0x00, 0x00, 0x00, 0x00,
    0x00, 0x00, 0x00, 0x00, 0x00, 0x00, 0x00, 0x00, 0x00, 0x00, 0x00, 0x00, 0x00, 0x00, 0x00, 0x00, 0x00, 0x00, 0x00, 0x00, 0x00, 0x00, 0x00, 0x00,
    0x00, 0x00, 0x00, 0x00, 0x00, 0x00, 0x00, 0x00, 0x00, 0x00, 0x00, 0x00, 0x00, 0x00, 0x00, 0x00, 0x00, 0x00, 0x00, 0x00, 0x00, 0x00, 0x00, 0x00,
    0x00, 0x00, 0x00, 0x00, 0x00, 0x00, 0x00, 0x00, 0x00, 0x00, 0x00, 0x00, 0x00, 0x00, 0x00, 0x00, 0x00, 0x00, 0x00, 0x00, 0x00, 0x00, 0x00, 0x00,
    0x00, 0x00, 0x00, 0x00, 0x00, 0x00, 0x00, 0x00, 0x00, 0x00, 0x00, 0x00, 0x00, 0x00, 0x00, 0x00, 0x00, 0x00, 0x00, 0x00, 0x00, 0x00, 0x00, 0x00,
    0x00, 0x00, 0x00, 0x00, 0x00, 0x00, 0x00, 0x00, 0x00, 0x00, 0x00, 0x00, 0x00, 0x00, 0x00, 0x00, 0x00, 0x00, 0x00, 0x00, 0x00, 0x00, 0x00, 0x00,
    0x00, 0x00, 0x00, 0x00, 0x00, 0x00, 0x00, 0x00, 0x00, 0x00, 0x00, 0x00, 0x00, 0x00, 0x00, 0x00, 0x00, 0x00, 0x00, 0x00, 0x00, 0x00, 0x00, 0x00,
    0x00, 0x00, 0x00, 0x00, 0x00, 0x00, 0x00, 0x00, 0x00, 0x00, 0x00, 0x00, 0x00, 0x00, 0x00, 0x00, 0x00, 0x00, 0x00, 0x00, 0x00, 0x00, 0x00, 0x00,
    0x00, 0x00, 0x00, 0x00, 0x00, 0x00, 0x00, 0x00, 0x00, 0x00, 0x00, 0x00, 0x00, 0x00, 0x00, 0x00, 0x00, 0x00, 0x00, 0x00, 0x00, 0x00, 0x00, 0x00,
    0x00, 0x00, 0x00, 0x00, 0x00, 0x00, 0x00, 0x00, 0x00, 0x00, 0x00, 0x00, 0x00, 0x00, 0x00, 0x00, 0x00, 0x00, 0x00, 0x00, 0x00, 0x00, 0x00, 0x00,
    0x00, 0x00, 0x00, 0x00, 0x00, 0x00, 0x00, 0x00, 0x00, 0x00, 0x00, 0x00, 0x00, 0x00, 0x00, 0x00, 0x00, 0x00, 0x00, 0x00, 0x00, 0x00, 0x00, 0x00,
    0x00, 0x00, 0x00, 0x00, 0x00, 0x00, 0x00, 0x00, 0x00, 0x00, 0x00, 0x00, 0x00, 0x00, 0x00, 0x00, 0x00, 0x00, 0x00, 0x00, 0x00, 0x00, 0x00, 0x00,
    0x00, 0x00, 0x00, 0x00, 0x00, 0x00, 0x00, 0x00, 0x00, 0x00, 0x00, 0x00, 0x00, 0x00, 0x00, 0x00, 0x00, 0x00, 0x00, 0x00, 0x00, 0x00, 0x00, 0x00,
    0x00, 0x00, 0x00, 0x00, 0x00, 0x00, 0x00, 0x00, 0x00, 0x00, 0x00, 0x00, 0x00, 0x00, 0x00, 0x00, 0x00, 0x00, 0x00, 0x00, 0x00, 0x00, 0x00, 0x00,
    0x00, 0x00, 0x00, 0x00, 0x00, 0x00, 0x00, 0x00, 0x00, 0x00, 0x00, 0x00, 0x00, 0x00, 0x00, 0x00, 0x00, 0x00, 0x00, 0x00, 0x00, 0x00, 0x00, 0x00,
    0x00, 0x00, 0x00, 0x00, 0x00, 0x00, 0x00, 0x00, 0x00, 0x00, 0x00, 0x00, 0x00, 0x00, 0x00, 0x00, 0x00, 0x00, 0x00, 0x00, 0x00, 0x00, 0x00, 0x00,
    0x00, 0x00, 0x00, 0x00, 0x00, 0x00, 0x00, 0x00, 0x00, 0x00, 0x00, 0x00, 0x00, 0x00, 0x00, 0x00, 0x00, 0x00, 0x00, 0x00, 0x00, 0x00, 0x00, 0x00,
    0x00, 0x00, 0x00, 0x00, 0x00, 0x00, 0x00, 0x00, 0x00, 0x00, 0x00, 0x00, 0x00, 0x00, 0x00, 0x00, 0x00, 0x00, 0x00, 0x00, 0x00, 0x00, 0x00, 0x00,
    0x00, 0x00, 0x00, 0x00, 0x00, 0x00, 0x00, 0x00, 0x00, 0x00, 0x00, 0x00, 0x00, 0x00, 0x00, 0x00, 0x00, 0x00, 0x00, 0x00, 0x00, 0x00, 0x00, 0x00,
    0x00, 0x00, 0x00, 0x00, 0x00, 0x00, 0x00, 0x00, 0x00, 0x00, 0x00, 0x00, 0x00, 0x00, 0x00, 0x00, 0x00, 0x00, 0x00, 0x00, 0x00, 0x00, 0x00, 0x00,
    0x00, 0x00, 0x00, 0x00, 0x00, 0x00, 0x00, 0x00, 0x00, 0x00, 0x00, 0x00, 0x00, 0x00, 0x00, 0x00, 0x00, 0x00, 0x00, 0x00, 0x00, 0x00, 0x00, 0x00,
    0x00, 0x00, 0x00, 0x00, 0x00, 0x00, 0x00, 0x00, 0x00, 0x00, 0x00, 0x00, 0x00, 0x00, 0x00, 0x00, 0x00, 0x00, 0x00, 0x00, 0x00, 0x00, 0x00, 0x00,
    0x00, 0x00, 0x00, 0x00, 0x00, 0x00, 0x00, 0x00, 0x00, 0x00, 0x00, 0x00, 0x00, 0x00, 0x00, 0x00, 0x00, 0x00, 0x00, 0x00, 0x00, 0x00, 0x00, 0x00,
    0x00, 0x00, 0x00, 0x00, 0x00, 0x00, 0x00, 0x00, 0x00, 0x00, 0x00, 0x00, 0x00, 0x00, 0x00, 0x00, 0x00, 0x00, 0x00, 0x00, 0x00, 0x00, 0x00, 0x00,
    0x00, 0x00, 0x00, 0x00, 0x00, 0x00, 0x00, 0x00, 0x00, 0x00, 0x00, 0x00, 0x00, 0x00, 0x00, 0x00, 0x00, 0x00, 0x00, 0x00, 0x00, 0x00, 0x00, 0x00,
    0x00, 0x00, 0x00, 0x00, 0x00, 0x00, 0x00, 0x00, 0x00, 0x00, 0x00, 0x00, 0x00, 0x00, 0x00, 0x00, 0x00, 0x00, 0x00, 0x00, 0x00, 0x00, 0x00, 0x00,
    0x00, 0x00, 0x00, 0x00, 0x00, 0x00, 0x00, 0x00, 0x00, 0x00, 0x00, 0x00, 0x00, 0x00, 0x00, 0x00, 0x00, 0x00, 0x00, 0x00, 0x00, 0x00, 0x00, 0x00,
    0x00, 0x00, 0x00, 0x00, 0x00, 0x00, 0x00, 0x00, 0x00, 0x00, 0x00, 0x00, 0x00, 0x00, 0x00, 0x00, 0x00, 0x00, 0x00, 0x00, 0x00, 0x00, 0x00, 0x00,
    0x00, 0x00, 0x00, 0x00, 0x00, 0x00, 0x00, 0x00, 0x00, 0x00, 0x00, 0x00, 0x00, 0x00, 0x00, 0x00, 0x00, 0x00, 0x00, 0x00, 0x00, 0x00, 0x00, 0x00,
    0x00, 0x00, 0x00, 0x00, 0x00, 0x00, 0x00, 0x00, 0x00, 0x00, 0x00, 0x00, 0x00, 0x00, 0x00, 0x00, 0x00, 0x00, 0x00, 0x00, 0x00, 0x00, 0x00, 0x00,
    0x00, 0x00, 0x00, 0x00, 0x00, 0x00, 0x00, 0x00, 0x00, 0x00, 0x00, 0x00, 0x00, 0x00, 0x00, 0x00, 0x00, 0x00, 0x00, 0x00, 0x00, 0x00, 0x00, 0x00,
    0x00, 0x00, 0x00, 0x00, 0x00, 0x00, 0x00, 0x00, 0x00, 0x00, 0x00, 0x00, 0x00, 0x00, 0x00, 0x00, 0x00, 0x00, 0x00, 0x00, 0x00, 0x00, 0x00, 0x00,
    0x00, 0x00, 0x00, 0x00, 0x00, 0x00, 0x00, 0x00, 0x00, 0x00, 0x00, 0x00, 0x00, 0x00, 0x00, 0x00, 0x00, 0x00, 0x00, 0x00, 0x00, 0x00, 0x00, 0x00,
    0x00, 0x00, 0x00, 0x00, 0x00, 0x00, 0x00, 0x00, 0x00, 0x00, 0x00, 0x00, 0x00, 0x00, 0x00, 0x00, 0x00, 0x00, 0x00, 0x00, 0x00, 0x00, 0x00, 0x00,
    0x00, 0x00, 0x00, 0x00, 0x00, 0x00, 0x00, 0x00, 0x00, 0x00, 0x00, 0x00, 0x00, 0x00, 0x00, 0x00, 0x00, 0x00, 0x00, 0x00, 0x00, 0x00, 0x00, 0x00,
    0x00, 0x00, 0x00, 0x00, 0x00, 0x00, 0x00, 0x00, 0x00, 0x00, 0x00, 0x00, 0x00, 0x00, 0x00, 0x00, 0x00, 0x00, 0x00, 0x00, 0x00, 0x00, 0x00, 0x00,
    0x00, 0x00, 0x00, 0x00, 0x00, 0x00, 0x00, 0x00, 0x00, 0x00, 0x00, 0x00, 0x00, 0x00, 0x00, 0x00, 0x00, 0x00, 0x00, 0x00, 0x00, 0x00, 0x00, 0x00,
    0x00, 0x00, 0x00, 0x00, 0x00, 0x00, 0x00, 0x00, 0x00, 0x00, 0x00, 0x00, 0x00, 0x00, 0x00, 0x00, 0x00, 0x00, 0x00, 0x00, 0x00, 0x00, 0x00, 0x00,
    0x00, 0x00, 0x00, 0x00, 0x00, 0x00, 0x00, 0x00, 0x00, 0x00, 0x00, 0x00, 0x00, 0x00, 0x00, 0x00, 0x00, 0x00, 0x00, 0x00, 0x00, 0x00, 0x00, 0x00,
    0x00, 0x00, 0x00, 0x00, 0x00, 0x00, 0x00, 0x00, 0x00, 0x00, 0x00, 0x00, 0x00, 0x00, 0x00, 0x00, 0x00, 0x00, 0x00, 0x00, 0x00, 0x00, 0x00, 0x00,
    0x00, 0x00, 0x00, 0x00, 0x00, 0x00, 0x00, 0x00, 0x00, 0x00, 0x00, 0x00, 0x00, 0x00, 0x00, 0x00, 0x00, 0x00, 0x00, 0x00, 0x00, 0x00, 0x00, 0x00,
    0x00, 0x00, 0x00, 0x00, 0x00, 0x00, 0x00, 0x00, 0x00, 0x00, 0x00, 0x00, 0x00, 0x00, 0x00, 0x00, 0x00, 0x00, 0x00, 0x00, 0x00, 0x00, 0x00, 0x00,
    0x00, 0x00, 0x00, 0x00, 0x00, 0x00, 0x00, 0x00, 0x00, 0x00, 0x00, 0x00, 0x00, 0x00, 0x00, 0x00, 0x00, 0x00, 0x00, 0x00, 0x00, 0x00, 0x00, 0x00,
    0x00, 0x00, 0x00, 0x00, 0x00, 0x00, 0x00, 0x00, 0x00, 0x00, 0x00, 0x00, 0x00, 0x00, 0x00, 0x00, 0x00, 0x00, 0x00, 0x00, 0x00, 0x00, 0x00, 0x00,
    0x00, 0x00, 0x00, 0x00, 0x00, 0x00, 0x00, 0x00, 0x00, 0x00, 0x00, 0x00, 0x00, 0x00, 0x00, 0x00, 0x00, 0x00, 0x00, 0x00, 0x00, 0x00, 0x00, 0x00,
    0x00, 0x00, 0x00, 0x00, 0x00, 0x00, 0x00, 0x00, 0x00, 0x00, 0x00, 0x00, 0x00, 0x00, 0x00, 0x00, 0x00, 0x00, 0x00, 0x00, 0x00, 0x00, 0x00, 0x00,
    0x00, 0x00, 0x00, 0x00, 0x00, 0x00, 0x00, 0x00, 0x00, 0x00, 0x00, 0x00, 0x00, 0x00, 0x00, 0x00, 0x00, 0x00, 0x00, 0x00, 0x00, 0x00, 0x00, 0x00,
    0x00, 0x00, 0x00, 0x00, 0x00, 0x00, 0x00, 0x00, 0x00, 0x00, 0x00, 0x00, 0x00, 0x00, 0x00, 0x00, 0x00, 0x00, 0x00, 0x00, 0x00, 0x00, 0x00, 0x00,
    0x00, 0x00, 0x00, 0x00, 0x00, 0x00, 0x00, 0x00, 0x00, 0x00, 0x00, 0x00, 0x00, 0x00, 0x00, 0x00, 0x00, 0x00, 0x00, 0x00, 0x00, 0x00, 0x00, 0x00,
    0x00, 0x00, 0x00, 0x00, 0x00, 0x00, 0x00, 0x00, 0x00, 0x00, 0x00, 0x00, 0x00, 0x00, 0x00, 0x00, 0x00, 0x00, 0x00, 0x00, 0x00, 0x00, 0x00, 0x00,
    0x00, 0x00, 0x00, 0x00, 0x00, 0x00, 0x00, 0x00, 0x00, 0x00, 0x00, 0x00, 0x00, 0x00, 0x00, 0x00, 0x00, 0x00, 0x00, 0x00, 0x00, 0x00, 0x00, 0x00,
    0x00, 0x00, 0x00, 0x00, 0x00, 0x00, 0x00, 0x00, 0x00, 0x00, 0x00, 0x00, 0x00, 0x00, 0x00, 0x00, 0x00, 0x00, 0x00, 0x00, 0x00, 0x00, 0x00, 0x00,
    0x00, 0x00, 0x00, 0x00, 0x00, 0x00, 0x00, 0x00, 0x00, 0x00, 0x00, 0x00, 0x00, 0x00, 0x00, 0x00, 0x00, 0x00, 0x00, 0x00, 0x00, 0x00, 0x00, 0x00,
    0x00, 0x00, 0x00, 0x00, 0x00, 0x00, 0x00, 0x00, 0x00, 0x00, 0x00, 0x00, 0x00, 0x00, 0x00, 0x00, 0x00, 0x00, 0x00, 0x00, 0x00, 0x00, 0x00, 0x00,
    0x00, 0x00, 0x00, 0x00, 0x00, 0x00, 0x00, 0x00, 0x00, 0x00, 0x00, 0x00, 0x00, 0x00, 0x00, 0x00, 0x00, 0x00, 0x00, 0x00, 0x00, 0x00, 0x00, 0x00,
    0x00, 0x00, 0x00, 0x00, 0x00, 0x00, 0x00, 0x00, 0x00, 0x00, 0x00, 0x00, 0x00, 0x00, 0x00, 0x00, 0x00, 0x00, 0x00, 0x00, 0x00, 0x00, 0x00, 0x00,
    0x00, 0x00, 0x00, 0x00, 0x00, 0x00, 0x00, 0x00, 0x00, 0x00, 0x00, 0x00, 0x00, 0x00, 0x00, 0x00, 0x00, 0x00, 0x00, 0x00, 0x00, 0x00, 0x00, 0x00,
    0x00, 0x00, 0x00, 0x00, 0x00, 0x00, 0x00, 0x00, 0x00, 0x00, 0x00, 0x00, 0x00, 0x00, 0x00, 0x00, 0x00, 0x00, 0x00, 0x00, 0x00, 0x00, 0x00, 0x00,
    0x00, 0x00, 0x00, 0x00, 0x00, 0x00, 0x00, 0x00, 0x00, 0x00, 0x00, 0x00, 0x00, 0x00, 0x00, 0x00, 0x00, 0x00, 0x00, 0x00, 0x00, 0x00, 0x00, 0x00,
    0x00, 0x00, 0x00, 0x00, 0x00, 0x00, 0x00, 0x00, 0x00, 0x00, 0x00, 0x00, 0x00, 0x00, 0x00, 0x00, 0x00, 0x00, 0x00, 0x00, 0x00, 0x00, 0x00, 0x00,
    0x00, 0x00, 0x00, 0x00, 0x00, 0x00, 0x00, 0x00, 0x00, 0x00, 0x00, 0x00, 0x00, 0x00, 0x00, 0x00, 0x00, 0x00, 0x00, 0x00, 0x00, 0x00, 0x00, 0x00,
    0x00, 0x00, 0x00, 0x00, 0x00, 0x00, 0x00, 0x00, 0x00, 0x00, 0x00, 0x00, 0x00, 0x00, 0x00, 0x00, 0x00, 0x00, 0x00, 0x00, 0x00, 0x00, 0x00, 0x00,
    0x00, 0x00, 0x00, 0x00, 0x00, 0x00, 0x00, 0x00, 0x00, 0x00, 0x00, 0x00, 0x00, 0x00, 0x00, 0x00, 0x00, 0x00, 0x00, 0x00, 0x00, 0x00, 0x00, 0x00,
    0x00, 0x00, 0x00, 0x00, 0x00, 0x00, 0x00, 0x00, 0x00, 0x00, 0x00, 0x00, 0x00, 0x00, 0x00, 0x00, 0x00, 0x00, 0x00, 0x00, 0x00, 0x00, 0x00, 0x00,
    0x00, 0x00, 0x00, 0x00, 0x00, 0x00, 0x00, 0x00, 0x00, 0x00, 0x00, 0x00, 0x00, 0x00, 0x00, 0x00, 0x00, 0x00, 0x00, 0x00, 0x00, 0x00, 0x00, 0x00,
    0x00, 0x00, 0x00, 0x00, 0x00, 0x00, 0x00, 0x00, 0x00, 0x00, 0x00, 0x00, 0x00, 0x00, 0x00, 0x00, 0x00, 0x00, 0x00, 0x00, 0x00, 0x00, 0x00, 0x00,
    0x00, 0x00, 0x00, 0x00, 0x00, 0x00, 0x00, 0x00, 0x00, 0x00, 0x00, 0x00, 0x00, 0x00, 0x00, 0x00, 0x00, 0x00, 0x00, 0x00, 0x00, 0x00, 0x00, 0x00,
    0x00, 0x00, 0x00, 0x00, 0x00, 0x00, 0x00, 0x00, 0x00, 0x00, 0x00, 0x00, 0x00, 0x00, 0x00, 0x00, 0x00, 0x00, 0x00, 0x00, 0x00, 0x00, 0x00, 0x00,
    0x00, 0x00, 0x00, 0x00, 0x00, 0x00, 0x00, 0x00, 0x00, 0x00, 0x00, 0x00, 0x00, 0x00, 0x00, 0x00, 0x00, 0x00, 0x00, 0x00, 0x00, 0x00, 0x00, 0x00,
    0x00, 0x00, 0x00, 0x00, 0x00, 0x00, 0x00, 0x00, 0x00, 0x00, 0x00, 0x00, 0x00, 0x00, 0x00, 0x00, 0x00, 0x00, 0x00, 0x00, 0x00, 0x00, 0x00, 0x00,
    0x00, 0x00, 0x00, 0x00, 0x00, 0x00, 0x00, 0x00, 0x00, 0x00, 0x00, 0x00, 0x00, 0x00, 0x00, 0x00, 0x00, 0x00, 0x00, 0x00, 0x00, 0x00, 0x00, 0x00,
    0x00, 0x00, 0x00, 0x00, 0x00, 0x00, 0x00, 0x00, 0x00, 0x00, 0x00, 0x00, 0x00, 0x00, 0x00, 0x00, 0x00, 0x00, 0x00, 0x00, 0x00, 0x00, 0x00, 0x00,
    0x00, 0x00, 0x00, 0x00, 0x00, 0x00, 0x00, 0x00, 0x00, 0x00, 0x00, 0x00, 0x00, 0x00, 0x00, 0x00, 0x00, 0x00, 0x00, 0x00, 0x00, 0x00, 0x00, 0x00,
    0x00, 0x00, 0x00, 0x00, 0x00, 0x00, 0x00, 0x00, 0x00, 0x00, 0x00, 0x00, 0x00, 0x00, 0x00, 0x00, 0x00, 0x00, 0x00, 0x00, 0x00, 0x00, 0x00, 0x00,
    0x00, 0x00, 0x00, 0x00, 0x00, 0x00, 0x00, 0x00, 0x00, 0x00, 0x00, 0x00, 0x00, 0x00, 0x00, 0x00, 0x00, 0x00, 0x00, 0x00, 0x00, 0x00, 0x00, 0x00,
    0x00, 0x00, 0x00, 0x00, 0x00, 0x00, 0x00, 0x00, 0x00, 0x00, 0x00, 0x00, 0x00, 0x00, 0x00, 0x00, 0x00, 0x00, 0x00, 0x00, 0x00, 0x00, 0x00, 0x00,
    0x00, 0x00, 0x00, 0x00, 0x00, 0x00, 0x00, 0x00, 0x00, 0x00, 0x00, 0x00, 0x00, 0x00, 0x00, 0x00, 0x00, 0x00, 0x00, 0x00, 0x00, 0x00, 0x00, 0x00,
    0x00, 0x00, 0x00, 0x00, 0x00, 0x00, 0x00, 0x00, 0x00, 0x00, 0x00, 0x00, 0x00, 0x00, 0x00, 0x00, 0x00, 0x00, 0x00, 0x00, 0x00, 0x00, 0x00, 0x00,
    0x00, 0x00, 0x00, 0x00, 0x00, 0x00, 0x00, 0x00, 0x00, 0x00, 0x00, 0x00, 0x00, 0x00, 0x00, 0x00, 0x00, 0x00, 0x00, 0x00, 0x00, 0x00, 0x00, 0x00,
    0x00, 0x00, 0x00, 0x00, 0x00, 0x00, 0x00, 0x00, 0x00, 0x00, 0x00, 0x00, 0x00, 0x00, 0x00, 0x00, 0x00, 0x00, 0x00, 0x00, 0x00, 0x00, 0x00, 0x00,
    0x00, 0x00, 0x00, 0x00, 0x00, 0x00, 0x00, 0x00, 0x00, 0x00, 0x00, 0x00, 0x00, 0x00, 0x00, 0x00, 0x00, 0x00, 0x00, 0x00, 0x00, 0x00, 0x00, 0x00,
    0x00, 0x00, 0x00, 0x00, 0x00, 0x00, 0x00, 0x00, 0x00, 0x00, 0x00, 0x00, 0x00, 0x00, 0x00, 0x00, 0x00, 0x00, 0x00, 0x00, 0x00, 0x00, 0x00, 0x00,
    0x00, 0x00, 0x00, 0x00, 0x00, 0x00, 0x00, 0x00, 0x00, 0x00, 0x00, 0x00, 0x00, 0x00, 0x00, 0x00, 0x00, 0x00, 0x00, 0x00, 0x00, 0x00, 0x00, 0x00,
    0x00, 0x00, 0x00, 0x00, 0x00, 0x00, 0x00, 0x00, 0x00, 0x00, 0x00, 0x00, 0x00, 0x00, 0x00, 0x00, 0x00, 0x00, 0x00, 0x00, 0x00, 0x00, 0x00, 0x00,
    0x00, 0x00, 0x00, 0x00, 0x00, 0x00, 0x00, 0x00, 0x00, 0x00, 0x00, 0x00, 0x00, 0x00, 0x00, 0x00, 0x00, 0x00, 0x00, 0x00, 0x00, 0x00, 0x00, 0x00,
    0x00, 0x00, 0x00, 0x00, 0x00, 0x00, 0x00, 0x00, 0x00, 0x00, 0x00, 0x00, 0x00, 0x00, 0x00, 0x00, 0x00, 0x00, 0x00, 0x00, 0x00, 0x00, 0x00, 0x00,
    0x00, 0x00, 0x00, 0x00, 0x00, 0x00, 0x00, 0x00, 0x00, 0x00, 0x00, 0x00, 0x00, 0x00, 0x00, 0x00, 0x00, 0x00, 0x25, 0x8A, 0x0B, 0xA5, 0x71, 0x25,
    0x00, 0x00, 0x00, 0x00, 0x00, 0x00, 0x00, 0x00, 0x00, 0x00, 0x00, 0x00, 0x00, 0x00, 0x00, 0x00, 0x00, 0x00, 0x00, 0x00, 0x00, 0x00, 0x00, 0x00,
    0x00, 0x00, 0x00, 0x00, 0x00, 0x00, 0x00, 0x00, 0x00, 0x00, 0x00, 0x00, 0x00, 0x00, 0x00, 0x00, 0x00, 0x00, 0x00, 0x00, 0x00, 0x00, 0x00, 0x00,
    0x00, 0x00, 0x00, 0x00, 0x00, 0x01, 0x00, 0x00, 0x00, 0x00, 0x00, 0x00, 0x86, 0x61, 0x05, 0x26, 0x6A, 0x1E, 0x00, 0x00, 0x00, 0x00, 0x00, 0x00,
    0x00, 0x00, 0x00, 0x00, 0x00, 0x00, 0x00, 0x00, 0x01, 0x00, 0x00, 0x01, 0x00, 0x00, 0x00, 0x00, 0x00, 0x00, 0x00, 0x00, 0x00, 0x00, 0x00, 0x00,
    0x00, 0x00, 0x00, 0x00, 0x00, 0x00, 0x00, 0x00, 0x00, 0x00, 0x00, 0x00, 0x00, 0x00, 0x00, 0x00, 0x00, 0x00, 0x00, 0x00, 0x00, 0x00, 0x00, 0x00,
    0x00, 0x00, 0x00, 0x00, 0x00, 0x00, 0x00, 0x00, 0x00, 0x00, 0x00, 0x00, 0x00, 0x00, 0x00, 0x00, 0x00, 0x00, 0x00, 0x00, 0x00, 0x00, 0x00, 0x00,
    0x00, 0x00, 0x00, 0x00, 0x00, 0x00, 0x00, 0x00, 0x00, 0x00, 0x00, 0x00, 0x00, 0x00, 0x00, 0x00, 0x00, 0x00, 0x00, 0x00, 0x00, 0x00, 0x00, 0x00,
    0x00, 0x00, 0x00, 0x00, 0x00, 0x00, 0x00, 0x00, 0x00, 0x00, 0x00, 0x00, 0x00, 0x00, 0x00, 0x00, 0x00, 0x00, 0x00, 0x00, 0x00, 0x00, 0x00, 0x00,
    0x00, 0x00, 0x00, 0x00, 0x00, 0x00, 0x00, 0x00, 0x00, 0x00, 0x00, 0x00, 0x00, 0x00, 0x00, 0x00, 0x00, 0x00, 0x00, 0x00, 0x00, 0x00, 0x00, 0x00,
    0x00, 0x00, 0x00, 0x00, 0x00, 0x00, 0x00, 0x00, 0x00, 0x00, 0x00, 0x00, 0x00, 0x00, 0x00, 0x00, 0x00, 0x00, 0x00, 0x00, 0x00, 0x00, 0x00, 0x00,
    0x00, 0x00, 0x00, 0x00, 0x00, 0x00, 0x00, 0x00, 0x00, 0x00, 0x00, 0x00, 0x00, 0x00, 0x00, 0x00, 0x00, 0x00, 0x00, 0x00, 0x00, 0x00, 0x00, 0x00,
    0x00, 0x00, 0x00, 0x00, 0x00, 0x00, 0x00, 0x00, 0x00, 0x00, 0x00, 0x00, 0x00, 0x00, 0x00, 0x00, 0x00, 0x00, 0x00, 0x00, 0x00, 0x00, 0x00, 0x00,
    0x00, 0x00, 0x00, 0x00, 0x00, 0x00, 0x00, 0x00, 0x00, 0x00, 0x00, 0x00, 0x00, 0x00, 0x00, 0x00, 0x00, 0x00, 0x00, 0x00, 0x00, 0x00, 0x00, 0x00,
    0x00, 0x00, 0x00, 0x00, 0x00, 0x00, 0x00, 0x00, 0x00, 0x00, 0x00, 0x00, 0x00, 0x00, 0x00, 0x00, 0x00, 0x00, 0x00, 0x00, 0x00, 0x00, 0x00, 0x00,
    0x00, 0x00, 0x00, 0x00, 0x00, 0x00, 0x00, 0x00, 0x00, 0x00, 0x00, 0x00, 0x00, 0x00, 0x00, 0x00, 0x00, 0x00, 0x00, 0x00, 0x00, 0x00, 0x00, 0x00,
    0x00, 0x00, 0x00, 0x00, 0x00, 0x00, 0x00, 0x00, 0x00, 0x00, 0x00, 0x00, 0x00, 0x00, 0x00, 0x00, 0x00, 0x00, 0x00, 0x00, 0x00, 0x00, 0x00, 0x00,
    0x00, 0x00, 0x00, 0x00, 0x00, 0x00, 0x00, 0x00, 0x00, 0x00, 0x00, 0x00, 0x00, 0x00, 0x00, 0x00, 0x00, 0x00, 0x00, 0x00, 0x00, 0x00, 0x00, 0x00,
    0x00, 0x00, 0x00, 0x00, 0x00, 0x00, 0x00, 0x00, 0x00, 0x00, 0x00, 0x00, 0x00, 0x00, 0x00, 0x00, 0x00, 0x00, 0x00, 0x00, 0x00, 0x00, 0x00, 0x00,
    0x00, 0x00, 0x00, 0x00, 0x00, 0x00, 0x00, 0x00, 0x00, 0x00, 0x00, 0x00, 0x00, 0x00, 0x00, 0x00, 0x00, 0x00, 0x00, 0x00, 0x00, 0x00, 0x00, 0x00,
    0x00, 0x00, 0x00, 0x00, 0x00, 0x00, 0x00, 0x00, 0x00, 0x00, 0x00, 0x00, 0x00, 0x00, 0x00, 0x00, 0x00, 0x00, 0x00, 0x00, 0x00, 0x00, 0x00, 0x00,
    0x00, 0x00, 0x00, 0x00, 0x00, 0x00, 0x00, 0x00, 0x00, 0x00, 0x00, 0x00, 0x00, 0x00, 0x00, 0x00, 0x00, 0x00, 0x00, 0x00, 0x00, 0x00, 0x00, 0x00,
    0x00, 0x00, 0x00, 0x00, 0x00, 0x00, 0x00, 0x00, 0x00, 0x00, 0x00, 0x00, 0x00, 0x00, 0x00, 0x00, 0x00, 0x00, 0x00, 0x00, 0x00, 0x00, 0x00, 0x00,
    0x00, 0x00, 0x00, 0x00, 0x00, 0x00, 0x00, 0x00, 0x00, 0x00, 0x00, 0x00, 0x00, 0x00, 0x00, 0x00, 0x00, 0x00, 0x00, 0x00, 0x00, 0x00, 0x00, 0x00,
    0x00, 0x00, 0x00, 0x00, 0x00, 0x00, 0x00, 0x00, 0x00, 0x00, 0x00, 0x00, 0x00, 0x00, 0x00, 0x00, 0x00, 0x00, 0x00, 0x00, 0x00, 0x00, 0x00, 0x00,
    0x00, 0x00, 0x00, 0x00, 0x00, 0x00, 0x00, 0x00, 0x00, 0x00, 0x00, 0x00, 0x00, 0x00, 0x00, 0x00, 0x00, 0x00, 0x00, 0x00, 0x00, 0x00, 0x00, 0x00,
    0x00, 0x00, 0x00, 0x00, 0x00, 0x00, 0x00, 0x00, 0x00, 0x00, 0x00, 0x00, 0x00, 0x00, 0x00, 0x00, 0x00, 0x00, 0x00, 0x00, 0x00, 0x00, 0x00, 0x00,
    0x00, 0x00, 0x00, 0x00, 0x00, 0x00, 0x00, 0x00, 0x00, 0x00, 0x00, 0x00, 0x00, 0x00, 0x00, 0x00, 0x00, 0x00, 0x00, 0x00, 0x00, 0x00, 0x00, 0x00,
    0x00, 0x00, 0x00, 0x00, 0x00, 0x00, 0x00, 0x00, 0x00, 0x00, 0x00, 0x00, 0x00, 0x00, 0x00, 0x00, 0x00, 0x00, 0x00, 0x00, 0x00, 0x00, 0x00, 0x00,
    0x00, 0x00, 0x00, 0x00, 0x00, 0x00, 0x00, 0x00, 0x00, 0x00, 0x00, 0x00, 0x00, 0x00, 0x00, 0x00, 0x00, 0x00, 0x00, 0x00, 0x00, 0x00, 0x00, 0x00,
    0x00, 0x00, 0x00, 0x00, 0x00, 0x00, 0x00, 0x00, 0x00, 0x00, 0x00, 0x00, 0x00, 0x00, 0x00, 0x00, 0x00, 0x00, 0x00, 0x00, 0x00, 0x00, 0x00, 0x00,
    0x00, 0x00, 0x00, 0x00, 0x00, 0x00, 0x00, 0x00, 0x00, 0x00, 0x00, 0x00, 0x00, 0x00, 0x00, 0x00, 0x00, 0x00, 0x00, 0x00, 0x00, 0x00, 0x00, 0x00,
    0x00, 0x00, 0x00, 0x00, 0x00, 0x00, 0x00, 0x00, 0x00, 0x00, 0x00, 0x00, 0x00, 0x00, 0x00, 0x00, 0x00, 0x00, 0x00, 0x00, 0x00, 0x00, 0x00, 0x00,
    0x00, 0x00, 0x00, 0x00, 0x00, 0x00, 0x00, 0x00, 0x00, 0x00, 0x00, 0x00, 0x00, 0x00, 0x00, 0x00, 0x00, 0x00, 0x00, 0x00, 0x00, 0x00, 0x00, 0x00,
    0x00, 0x00, 0x00, 0x00, 0x00, 0x00, 0x00, 0x00, 0x00, 0x00, 0x00, 0x00, 0x00, 0x00, 0x00, 0x00, 0x00, 0x00, 0x00, 0x00, 0x00, 0x00, 0x00, 0x00,
    0x00, 0x00, 0x00, 0x00, 0x00, 0x00, 0x00, 0x00, 0x00, 0x00, 0x00, 0x00, 0x00, 0x00, 0x00, 0x00, 0x00, 0x00, 0x00, 0x00, 0x00, 0x00, 0x00, 0x00,
    0x00, 0x00, 0x00, 0x00, 0x00, 0x00, 0x00, 0x00, 0x00, 0x00, 0x00, 0x00, 0x00, 0x00, 0x00, 0x00, 0x00, 0x00, 0x00, 0x00, 0x00, 0x00, 0x00, 0x00,
    0x00, 0x00, 0x00, 0x00, 0x00, 0x00, 0x00, 0x00, 0x00, 0x00, 0x00, 0x00, 0x00, 0x00, 0x00, 0x00, 0x00, 0x00, 0x00, 0x00, 0x00, 0x00, 0x00, 0x00,
    0x00, 0x00, 0x00, 0x00, 0x00, 0x00, 0x00, 0x00, 0x00, 0x00, 0x00, 0x00, 0x00, 0x00, 0x00, 0x00, 0x00, 0x00, 0x00, 0x00, 0x00, 0x00, 0x00, 0x00,
    0x00, 0x00, 0x00, 0x00, 0x00, 0x00, 0x00, 0x00, 0x00, 0x00, 0x00, 0x00, 0x00, 0x00, 0x00, 0x00, 0x00, 0x00, 0x00, 0x00, 0x00, 0x00, 0x00, 0x00,
    0x00, 0x00, 0x00, 0x00, 0x00, 0x00, 0x00, 0x00, 0x00, 0x00, 0x00, 0x00, 0x00, 0x00, 0x00, 0x00, 0x00, 0x00, 0x00, 0x00, 0x00, 0x00, 0x00, 0x00,
    0x00, 0x00, 0x00, 0x00, 0x00, 0x00, 0x00, 0x00, 0x00, 0x00, 0x00, 0x00, 0x00, 0x00, 0x00, 0x00, 0x00, 0x00, 0x00, 0x00, 0x00, 0x00, 0x00, 0x00,
    0x00, 0x00, 0x00, 0x00, 0x00, 0x00, 0x00, 0x00, 0x00, 0x00, 0x00, 0x00, 0x00, 0x00, 0x00, 0x00, 0x00, 0x00, 0x00, 0x00, 0x00, 0x00, 0x00, 0x00,
    0x00, 0x00, 0x00, 0x00, 0x00, 0x00, 0x00, 0x00, 0x00, 0x00, 0x00, 0x00, 0x00, 0x00, 0x00, 0x00, 0x00, 0x00, 0x00, 0x00, 0x00, 0x00, 0x00, 0x00,
    0x00, 0x00, 0x00, 0x00, 0x00, 0x00, 0x00, 0x00, 0x00, 0x00, 0x00, 0x00, 0x00, 0x00, 0x00, 0x00, 0x00, 0x00, 0x00, 0x00, 0x00, 0x00, 0x00, 0x00,
    0x00, 0x00, 0x00, 0x00, 0x00, 0x00, 0x00, 0x00, 0x00, 0x00, 0x00, 0x00, 0x00, 0x00, 0x00, 0x00, 0x00, 0x00, 0x00, 0x00, 0x00, 0x00, 0x00, 0x00,
    0x00, 0x00, 0x00, 0x00, 0x00, 0x00, 0x00, 0x00, 0x00, 0x00, 0x00, 0x00, 0x00, 0x00, 0x00, 0x00, 0x00, 0x00, 0x00, 0x00, 0x00, 0x00, 0x00, 0x00,
    0x00, 0x00, 0x00, 0x00, 0x00, 0x00, 0x00, 0x00, 0x00, 0x00, 0x00, 0x00, 0x00, 0x00, 0x00, 0x00, 0x00, 0x00, 0x00, 0x00, 0x00, 0x00, 0x00, 0x00,
    0x00, 0x00, 0x01, 0x00, 0x00, 0x00, 0x27, 0x7A, 0x1A, 0x06, 0x82, 0x4A, 0xEF, 0x7B, 0x02, 0x00, 0x00, 0x01, 0x00, 0x00, 0x00, 0x00, 0x00, 0x00,
    0x00, 0x00, 0x00, 0x00, 0x00, 0x00, 0x00, 0x00, 0x00, 0x00, 0x00, 0x00, 0x00, 0x00, 0x00, 0x00, 0x00, 0x00, 0x00, 0x00, 0x00, 0x00, 0x00, 0x00,
    0x00, 0x00, 0x00, 0x00, 0x00, 0x00, 0x00, 0x00, 0x00, 0x00, 0x00, 0x00, 0x00, 0x00, 0x00, 0x00, 0x00, 0x00, 0x00, 0x00, 0x00, 0x00, 0x00, 0x00,
    0xAA, 0x52, 0x03, 0xE6, 0x61, 0x14, 0x00, 0x00, 0x00, 0x00, 0x00, 0x00, 0x00, 0x00, 0x00, 0x00, 0x00, 0x00, 0x00, 0x00, 0x00, 0x00, 0x00, 0x00,
    0x00, 0x00, 0x00, 0x00, 0x00, 0x00, 0x00, 0x00, 0x00, 0x00, 0x00, 0x00, 0x00, 0x00, 0x00, 0x00, 0x00, 0x00, 0x00, 0x00, 0x00, 0x00, 0x00, 0x00,
    0x00, 0x00, 0x00, 0x00, 0x00, 0x00, 0x00, 0x00, 0x00, 0x00, 0x00, 0x00, 0x00, 0x00, 0x00, 0x00, 0x00, 0x00, 0x00, 0x00, 0x00, 0x00, 0x00, 0x00,
    0x00, 0x00, 0x00, 0x00, 0x00, 0x00, 0x00, 0x00, 0x00, 0x00, 0x00, 0x00, 0x00, 0x00, 0x00, 0x00, 0x00, 0x00, 0x00, 0x00, 0x00, 0x00, 0x00, 0x00,
    0x00, 0x00, 0x00, 0x00, 0x00, 0x00, 0x00, 0x00, 0x00, 0x00, 0x00, 0x00, 0x00, 0x00, 0x00, 0x00, 0x00, 0x00, 0x00, 0x00, 0x00, 0x00, 0x00, 0x00,
    0x00, 0x00, 0x00, 0x00, 0x00, 0x00, 0x00, 0x00, 0x00, 0x00, 0x00, 0x00, 0x00, 0x00, 0x00, 0x00, 0x00, 0x00, 0x00, 0x00, 0x00, 0x00, 0x00, 0x00,
    0x00, 0x00, 0x00, 0x00, 0x00, 0x00, 0x00, 0x00, 0x00, 0x00, 0x00, 0x00, 0x00, 0x00, 0x00, 0x00, 0x00, 0x00, 0x00, 0x00, 0x00, 0x00, 0x00, 0x00,
    0x00, 0x00, 0x00, 0x00, 0x00, 0x00, 0x00, 0x00, 0x00, 0x00, 0x00, 0x00, 0x00, 0x00, 0x00, 0x00, 0x00, 0x00, 0x00, 0x00, 0x00, 0x00, 0x00, 0x00,
    0x00, 0x00, 0x00, 0x00, 0x00, 0x00, 0x00, 0x00, 0x00, 0x00, 0x00, 0x00, 0x00, 0x00, 0x00, 0x00, 0x00, 0x00, 0x00, 0x00, 0x00, 0x00, 0x00, 0x00,
    0x00, 0x00, 0x00, 0x00, 0x00, 0x00, 0x00, 0x00, 0x00, 0x00, 0x00, 0x00, 0x00, 0x00, 0x00, 0x00, 0x00, 0x00, 0x00, 0x00, 0x00, 0x00, 0x00, 0x00,
    0x00, 0x00, 0x00, 0x00, 0x00, 0x00, 0x00, 0x00, 0x00, 0x00, 0x00, 0x00, 0x00, 0x00, 0x00, 0x00, 0x00, 0x00, 0x00, 0x00, 0x00, 0xAA, 0xAA, 0x03,
    0xEF, 0x7B, 0x02, 0x00, 0x00, 0x00, 0x00, 0x00, 0x00, 0x00, 0x00, 0x00, 0x00, 0x00, 0x00, 0x00, 0x00, 0x00, 0x00, 0x00, 0x01, 0x00, 0x00, 0x00,
    0x00, 0x00, 0x00, 0x00, 0x00, 0x00, 0x00, 0x00, 0x00, 0x00, 0x00, 0x00, 0x00, 0x00, 0x00, 0x00, 0x00, 0x00, 0x00, 0x00, 0x00, 0x00, 0x00, 0x00,
    0x00, 0x00, 0x00, 0x00, 0x00, 0x00, 0x00, 0x00, 0x00, 0x00, 0x00, 0x00, 0x00, 0x00, 0x00, 0x00, 0x00, 0x00, 0x00, 0x00, 0x00, 0x00, 0x00, 0x00,
    0x00, 0x00, 0x00, 0x00, 0x00, 0x00, 0x00, 0x00, 0x00, 0x00, 0x00, 0x00, 0x00, 0x00, 0x00, 0x00, 0x00, 0x00, 0x00, 0x00, 0x00, 0x00, 0x00, 0x00,
    0x00, 0x00, 0x00, 0x00, 0x00, 0x00, 0x00, 0x00, 0x00, 0x00, 0x00, 0x00, 0x00, 0x00, 0x00, 0x00, 0x00, 0x00, 0x00, 0x00, 0x00, 0x00, 0x00, 0x00,
    0x00, 0x00, 0x00, 0x00, 0x00, 0x00, 0x00, 0x00, 0x00, 0x00, 0x00, 0x00, 0x00, 0x00, 0x00, 0x00, 0x00, 0x00, 0x00, 0x00, 0x00, 0x00, 0x00, 0x00,
    0x00, 0x00, 0x00, 0x00, 0x00, 0x00, 0x00, 0x00, 0x00, 0x00, 0x00, 0x00, 0x00, 0x00, 0x00, 0x00, 0x00, 0x00, 0x00, 0x00, 0x00, 0x00, 0x00, 0x00,
    0x00, 0x00, 0x00, 0x00, 0x00, 0x00, 0x00, 0x00, 0x00, 0x00, 0x00, 0x00, 0x00, 0x00, 0x00, 0x00, 0x00, 0x00, 0x00, 0x00, 0x00, 0x00, 0x00, 0x00,
    0x00, 0x00, 0x00, 0x00, 0x00, 0x00, 0x00, 0x00, 0x00, 0x00, 0x00, 0x00, 0x00, 0x00, 0x00, 0x00, 0x00, 0x00, 0x00, 0x00, 0x00, 0x00, 0x00, 0x00,
    0x00, 0x00, 0x00, 0x00, 0x00, 0x00, 0x00, 0x00, 0x00, 0x00, 0x00, 0x00, 0x00, 0x00, 0x00, 0x00, 0x00, 0x00, 0x00, 0x00, 0x00, 0x00, 0x00, 0x00,
    0x00, 0x00, 0x00, 0x00, 0x00, 0x00, 0x00, 0x00, 0x00, 0x00, 0x00, 0x00, 0x00, 0x00, 0x00, 0x00, 0x00, 0x00, 0x00, 0x00, 0x00, 0x00, 0x00, 0x00,
    0x00, 0x00, 0x00, 0x00, 0x00, 0x00, 0x00, 0x00, 0x00, 0x00, 0x00, 0x00, 0x00, 0x00, 0x00, 0x00, 0x00, 0x00, 0x00, 0x00, 0x00, 0x00, 0x00, 0x00,
    0x00, 0x00, 0x00, 0x00, 0x00, 0x00, 0x00, 0x00, 0x00, 0x00, 0x00, 0x00, 0x00, 0x00, 0x00, 0x00, 0x00, 0x00, 0x00, 0x00, 0x00, 0x00, 0x00, 0x00,
    0x00, 0x00, 0x00, 0x00, 0x00, 0x00, 0x00, 0x00, 0x00, 0x00, 0x00, 0x00, 0x00, 0x00, 0x00, 0x00, 0x00, 0x00, 0x00, 0x00, 0x00, 0x00, 0x00, 0x00,
    0x00, 0x00, 0x00, 0x00, 0x00, 0x00, 0x00, 0x00, 0x00, 0x00, 0x00, 0x00, 0x00, 0x00, 0x00, 0x00, 0x00, 0x00, 0x00, 0x00, 0x00, 0x00, 0x00, 0x00,
    0x00, 0x00, 0x00, 0x00, 0x00, 0x00, 0x00, 0x00, 0x00, 0x00, 0x00, 0x00, 0x00, 0x00, 0x00, 0x00, 0x00, 0x00, 0x00, 0x00, 0x00, 0x00, 0x00, 0x00,
    0x00, 0x00, 0x00, 0x00, 0x00, 0x00, 0x00, 0x00, 0x00, 0x00, 0x00, 0x00, 0x00, 0x00, 0x00, 0x00, 0x00, 0x00, 0x00, 0x00, 0x00, 0x00, 0x00, 0x00,
    0x00, 0x00, 0x00, 0x00, 0x00, 0x00, 0x00, 0x00, 0x00, 0x00, 0x00, 0x00, 0x00, 0x00, 0x00, 0x00, 0x00, 0x00, 0x00, 0x00, 0x00, 0x00, 0x00, 0x00,
    0x00, 0x00, 0x00, 0x00, 0x00, 0x00, 0x00, 0x00, 0x00, 0x00, 0x00, 0x00, 0x00, 0x00, 0x00, 0x00, 0x00, 0x00, 0x00, 0x00, 0x00, 0x00, 0x00, 0x00,
    0x00, 0x00, 0x00, 0x00, 0x00, 0x00, 0x00, 0x00, 0x00, 0x00, 0x00, 0x00, 0x00, 0x00, 0x00, 0x00, 0x00, 0x00, 0x00, 0x00, 0x00, 0x00, 0x00, 0x00,
    0x00, 0x00, 0x00, 0x00, 0x00, 0x00, 0x00, 0x00, 0x00, 0x00, 0x00, 0x00, 0x00, 0x00, 0x00, 0x00, 0x00, 0x00, 0x00, 0x00, 0x00, 0x00, 0x00, 0x00,
    0x00, 0x00, 0x00, 0x00, 0x00, 0x00, 0x00, 0x00, 0x00, 0x00, 0x00, 0x00, 0x00, 0x00, 0x00, 0x00, 0x00, 0x00, 0x00, 0x00, 0x00, 0x00, 0x00, 0x00,
    0x00, 0x00, 0x00, 0x00, 0x00, 0x00, 0x00, 0x00, 0x00, 0x00, 0x00, 0x00, 0x00, 0x00, 0x00, 0x00, 0x00, 0x00, 0x00, 0x00, 0x00, 0x00, 0x00, 0x00,
    0x00, 0x00, 0x00, 0x00, 0x00, 0x00, 0x00, 0x00, 0x00, 0x00, 0x00, 0x00, 0x00, 0x00, 0x00, 0x00, 0x00, 0x00, 0x00, 0x00, 0x00, 0x00, 0x00, 0x00,
    0x00, 0x00, 0x00, 0x00, 0x00, 0x00, 0x00, 0x00, 0x00, 0x00, 0x00, 0x00, 0x00, 0x00, 0x00, 0x00, 0x00, 0x00, 0x00, 0x00, 0x00, 0x00, 0x00, 0x00,
    0x00, 0x00, 0x00, 0x00, 0x00, 0x00, 0x00, 0x00, 0x00, 0x00, 0x00, 0x00, 0x00, 0x00, 0x00, 0x00, 0x00, 0x00, 0x00, 0x00, 0x00, 0x00, 0x00, 0x00,
    0x00, 0x00, 0x00, 0x00, 0x00, 0x00, 0x00, 0x00, 0x00, 0x00, 0x00, 0x00, 0x00, 0x00, 0x00, 0x00, 0x00, 0x00, 0x00, 0x00, 0x00, 0x00, 0x00, 0x00,
    0x00, 0x00, 0x00, 0x00, 0x00, 0x00, 0x00, 0x00, 0x00, 0x00, 0x00, 0x00, 0x00, 0x00, 0x00, 0x00, 0x00, 0x00, 0x00, 0x00, 0x00, 0x00, 0x00, 0x00,
    0x00, 0x00, 0x00, 0x00, 0x00, 0x00, 0x00, 0x00, 0x00, 0x00, 0x00, 0x00, 0x00, 0x00, 0x00, 0x00, 0x00, 0x00, 0x00, 0x00, 0x00, 0x00, 0x00, 0x00,
    0x00, 0x00, 0x00, 0x00, 0x00, 0x00, 0x00, 0x00, 0x00, 0x00, 0x00, 0x00, 0x00, 0x00, 0x00, 0x00, 0x00, 0x00, 0x00, 0x00, 0x00, 0x00, 0x00, 0x00,
    0x00, 0x00, 0x00, 0x00, 0x00, 0x00, 0x00, 0x00, 0x00, 0x00, 0x00, 0x00, 0x00, 0x00, 0x00, 0x00, 0x00, 0x00, 0x00, 0x00, 0x00, 0x00, 0x00, 0x00,
    0x00, 0x00, 0x00, 0x00, 0x00, 0x00, 0x00, 0x00, 0x00, 0x00, 0x00, 0x00, 0x00, 0x00, 0x00, 0x00, 0x00, 0x00, 0x00, 0x00, 0x00, 0x00, 0x00, 0x00,
    0x00, 0x00, 0x00, 0x00, 0x00, 0x00, 0x00, 0x00, 0x00, 0x00, 0x00, 0x00, 0x00, 0x00, 0x00, 0x00, 0x00, 0x00, 0x00, 0x00, 0x00, 0x00, 0x00, 0x00,
    0x00, 0x00, 0x00, 0x00, 0x00, 0x00, 0x00, 0x00, 0x00, 0x00, 0x00, 0x00, 0x00, 0x00, 0x00, 0x00, 0x00, 0x00, 0x00, 0x00, 0x00, 0x00, 0x00, 0x00,
    0x00, 0x00, 0x00, 0x00, 0x00, 0x00, 0x00, 0x00, 0x00, 0x00, 0x00, 0x00, 0x00, 0x00, 0x00, 0x00, 0x00, 0x00, 0x00, 0x00, 0x00, 0x00, 0x00, 0x00,
    0x00, 0x00, 0x00, 0x00, 0x00, 0x00, 0x00, 0x00, 0x00, 0x00, 0x00, 0x00, 0x00, 0x00, 0x00, 0x00, 0x00, 0x00, 0x00, 0x00, 0x00, 0x00, 0x00, 0x00,
    0x00, 0x00, 0x00, 0xC7, 0x71, 0x09, 0x86, 0x99, 0x05, 0x00, 0x00, 0x00, 0x00, 0x00, 0x00, 0x00, 0x00, 0x00, 0x00, 0x00, 0x00, 0x00, 0x00, 0x00,
    0x00, 0x78, 0x02, 0x00, 0x00, 0x00, 0xE5, 0x69, 0x32, 0x06, 0x6A, 0x33, 0x00, 0x00, 0x00, 0x00, 0x78, 0x02, 0x00, 0x00, 0x00, 0x00, 0x00, 0x00,
    0x00, 0x00, 0x00, 0x00, 0x00, 0x00, 0x00, 0x00, 0x00, 0x00, 0x00, 0x00, 0x00, 0x00, 0x00, 0x00, 0x00, 0x00, 0x00, 0x00, 0x00, 0x00, 0x00, 0x00,
    0x00, 0x00, 0x00, 0x00, 0x00, 0x00, 0x00, 0x00, 0x00, 0x00, 0x00, 0x00, 0x00, 0x00, 0x00, 0x00, 0x00, 0x00, 0x00, 0x00, 0x00, 0x00, 0x00, 0x00,
    0x00, 0x00, 0x00, 0x00, 0x00, 0x00, 0x00, 0x00, 0x00, 0x00, 0x00, 0x00, 0x00, 0x00, 0x00, 0x00, 0x00, 0x00, 0x00, 0x00, 0x00, 0x00, 0x00, 0x00,
    0x00, 0x00, 0x00, 0x00, 0x00, 0x00, 0x00, 0x00, 0x00, 0x00, 0x00, 0x00, 0x00, 0x00, 0x00, 0x00, 0x00, 0x00, 0x00, 0x00, 0x00, 0x00, 0x00, 0x00,
    0x00, 0x00, 0x00, 0x00, 0x00, 0x00, 0x00, 0x00, 0x00, 0x00, 0x00, 0x00, 0x00, 0x00, 0x00, 0x00, 0x00, 0x00, 0x00, 0x00, 0x00, 0x00, 0x00, 0x00,
    0x00, 0x00, 0x00, 0x00, 0x00, 0x00, 0x00, 0x00, 0x00, 0x00, 0x00, 0x00, 0x00, 0x00, 0x00, 0x00, 0x00, 0x00, 0x00, 0x00, 0x00, 0x00, 0x00, 0x00,
    0x00, 0x00, 0x00, 0x00, 0x00, 0x00, 0x00, 0x00, 0x00, 0x00, 0x00, 0x00, 0x00, 0x00, 0x00, 0x00, 0x00, 0x00, 0x00, 0x00, 0x00, 0x00, 0x00, 0x00,
    0x00, 0x00, 0x00, 0x00, 0x00, 0x00, 0x00, 0x00, 0x00, 0x00, 0x00, 0x00, 0x00, 0x00, 0x00, 0x00, 0x00, 0x00, 0x00, 0x00, 0x00, 0x00, 0x00, 0x00,
    0x00, 0x00, 0x00, 0x00, 0x00, 0x00, 0x00, 0x00, 0x00, 0x00, 0x00, 0x00, 0x00, 0x00, 0x00, 0x00, 0x00, 0x00, 0x00, 0x00, 0x00, 0x00, 0x00, 0x00,
    0x00, 0x00, 0x00, 0x00, 0x00, 0x00, 0x00, 0x00, 0x00, 0xE7, 0x99, 0x08, 0xEA, 0xAB, 0x06, 0x00, 0x00, 0x00, 0x00, 0xF8, 0x01, 0x00, 0xF8, 0x01,
    0x00, 0x00, 0x01, 0x00, 0x00, 0x00, 0x00, 0x00, 0x00, 0x00, 0x00, 0x00, 0x00, 0x00, 0x00, 0x00, 0x00, 0x00, 0x00, 0x00, 0x00, 0x00, 0x00, 0x00,
    0x00, 0x00, 0x00, 0x00, 0x00, 0x00, 0x00, 0x00, 0x00, 0x00, 0x00, 0x00, 0x00, 0x00, 0x00, 0x00, 0x00, 0x00, 0x00, 0x00, 0x00, 0x00, 0x00, 0x00,
    0x00, 0x00, 0x00, 0x00, 0x00, 0x00, 0x00, 0x00, 0x00, 0x00, 0x00, 0x00, 0x00, 0x00, 0x00, 0x00, 0x00, 0x00, 0x00, 0x00, 0x00, 0x00, 0x00, 0x00,
    0x00, 0x00, 0x00, 0x00, 0x00, 0x00, 0x00, 0x00, 0x00, 0x00, 0x00, 0x00, 0x00, 0x00, 0x00, 0x00, 0x00, 0x00, 0x00, 0x00, 0x00, 0x00, 0x00, 0x00,
    0x00, 0x00, 0x00, 0x00, 0x00, 0x00, 0x00, 0x00, 0x00, 0x00, 0x00, 0x00, 0x00, 0x00, 0x00, 0x00, 0x00, 0x00, 0x00, 0x00, 0x00, 0x00, 0x00, 0x00,
    0x00, 0x00, 0x00, 0x00, 0x00, 0x00, 0x00, 0x00, 0x00, 0x00, 0x00, 0x00, 0x00, 0x00, 0x00, 0x00, 0x00, 0x00, 0x00, 0x00, 0x00, 0x00, 0x00, 0x00,
    0x00, 0x00, 0x00, 0x00, 0x00, 0x00, 0x00, 0x00, 0x00, 0x00, 0x00, 0x00, 0x00, 0x00, 0x00, 0x00, 0x00, 0x00, 0x00, 0x00, 0x00, 0x00, 0x00, 0x00,
    0x00, 0x00, 0x00, 0x00, 0x00, 0x00, 0x00, 0x00, 0x00, 0x00, 0x00, 0x00, 0x00, 0x00, 0x00, 0x00, 0x00, 0x00, 0x00, 0x00, 0x00, 0x00, 0x00, 0x00,
    0x00, 0x00, 0x00, 0x00, 0x00, 0x00, 0x00, 0x00, 0x00, 0x00, 0x00, 0x00, 0x00, 0x00, 0x00, 0x00, 0x00, 0x00, 0x00, 0x00, 0x00, 0x00, 0x00, 0x00,
    0x00, 0x00, 0x00, 0x00, 0x00, 0x00, 0x00, 0x00, 0x00, 0x00, 0x00, 0x00, 0x00, 0x00, 0x00, 0x00, 0x00, 0x00, 0x00, 0x00, 0x00, 0x00, 0x00, 0x00,
    0x00, 0x00, 0x00, 0x00, 0x00, 0x00, 0x00, 0x00, 0x00, 0x00, 0x00, 0x00, 0x00, 0x00, 0x00, 0x00, 0x00, 0x00, 0x00, 0x00, 0x00, 0x00, 0x00, 0x00,
    0x00, 0x00, 0x00, 0x00, 0x00, 0x00, 0x00, 0x00, 0x00, 0x00, 0x00, 0x00, 0x00, 0x00, 0x00, 0x00, 0x00, 0x00, 0x00, 0x00, 0x00, 0x00, 0x00, 0x00,
    0x00, 0x00, 0x00, 0x00, 0x00, 0x00, 0x00, 0x00, 0x00, 0x00, 0x00, 0x00, 0x00, 0x00, 0x00, 0x00, 0x00, 0x00, 0x00, 0x00, 0x00, 0x00, 0x00, 0x00,
    0x00, 0x00, 0x00, 0x00, 0x00, 0x00, 0x00, 0x00, 0x00, 0x00, 0x00, 0x00, 0x00, 0x00, 0x00, 0x00, 0x00, 0x00, 0x00, 0x00, 0x00, 0x00, 0x00, 0x00,
    0x00, 0x00, 0x00, 0x00, 0x00, 0x00, 0x00, 0x00, 0x00, 0x00, 0x00, 0x00, 0x00, 0x00, 0x00, 0x00, 0x00, 0x00, 0x00, 0x00, 0x00, 0x00, 0x00, 0x00,
    0x00, 0x00, 0x00, 0x00, 0x00, 0x00, 0x00, 0x00, 0x00, 0x00, 0x00, 0x00, 0x00, 0x00, 0x00, 0x00, 0x00, 0x00, 0x00, 0x00, 0x00, 0x00, 0x00, 0x00,
    0x00, 0x00, 0x00, 0x00, 0x00, 0x00, 0x00, 0x00, 0x00, 0x00, 0x00, 0x00, 0x00, 0x00, 0x00, 0x00, 0x00, 0x00, 0x00, 0x00, 0x00, 0x00, 0x00, 0x00,
    0x00, 0x00, 0x00, 0x00, 0x00, 0x00, 0x00, 0x00, 0x00, 0x00, 0x00, 0x00, 0x00, 0x00, 0x00, 0x00, 0x00, 0x00, 0x00, 0x00, 0x00, 0x00, 0x00, 0x00,
    0x00, 0x00, 0x00, 0x00, 0x00, 0x00, 0x00, 0x00, 0x00, 0x00, 0x00, 0x00, 0x00, 0x00, 0x00, 0x00, 0x00, 0x00, 0x00, 0x00, 0x00, 0x00, 0x00, 0x00,
    0x00, 0x00, 0x00, 0x00, 0x00, 0x00, 0x00, 0x00, 0x00, 0x00, 0x00, 0x00, 0x00, 0x00, 0x00, 0x00, 0x00, 0x00, 0x00, 0x00, 0x00, 0x00, 0x00, 0x00,
    0x00, 0x00, 0x00, 0x00, 0x00, 0x00, 0x00, 0x00, 0x00, 0x00, 0x00, 0x00, 0x00, 0x00, 0x00, 0x00, 0x00, 0x00, 0x00, 0x00, 0x00, 0x00, 0x00, 0x00,
    0x00, 0x00, 0x00, 0x00, 0x00, 0x00, 0x00, 0x00, 0x00, 0x00, 0x00, 0x00, 0x00, 0x00, 0x00, 0x00, 0x00, 0x00, 0x00, 0x00, 0x00, 0x00, 0x00, 0x00,
    0x00, 0x00, 0x00, 0x00, 0x00, 0x00, 0x00, 0x00, 0x00, 0x00, 0x00, 0x00, 0x00, 0x00, 0x00, 0x00, 0x00, 0x00, 0x00, 0x00, 0x00, 0x00, 0x00, 0x00,
    0x00, 0x00, 0x00, 0x00, 0x00, 0x00, 0x00, 0x00, 0x00, 0x00, 0x00, 0x00, 0x00, 0x00, 0x00, 0x00, 0x00, 0x00, 0x00, 0x00, 0x00, 0x00, 0x00, 0x00,
    0x00, 0x00, 0x00, 0x00, 0x00, 0x00, 0x00, 0x00, 0x00, 0x00, 0x00, 0x00, 0x00, 0x00, 0x00, 0x00, 0x00, 0x00, 0x00, 0x00, 0x00, 0x00, 0x00, 0x00,
    0x00, 0x00, 0x00, 0x00, 0x00, 0x00, 0x00, 0x00, 0x00, 0x00, 0x00, 0x00, 0x00, 0x00, 0x00, 0x00, 0x00, 0x00, 0x00, 0x00, 0x00, 0x00, 0x00, 0x00,
    0x00, 0x00, 0x00, 0x00, 0x00, 0x00, 0x00, 0x00, 0x00, 0x00, 0x00, 0x00, 0x00, 0x00, 0x00, 0x00, 0x00, 0x00, 0x00, 0x00, 0x00, 0x00, 0x00, 0x00,
    0x00, 0x00, 0x00, 0x00, 0x00, 0x00, 0x00, 0x00, 0x00, 0x00, 0x00, 0x00, 0x00, 0x00, 0x00, 0x00, 0x00, 0x00, 0x00, 0x00, 0x00, 0x00, 0x00, 0x00,
    0x00, 0x00, 0x00, 0x00, 0x00, 0x00, 0x00, 0x00, 0x00, 0x00, 0x00, 0x00, 0x00, 0x00, 0x00, 0x00, 0x00, 0x00, 0x00, 0x00, 0x00, 0x00, 0x00, 0x00,
    0x00, 0x00, 0x00, 0x00, 0x00, 0x00, 0x00, 0x00, 0x00, 0x00, 0x00, 0x00, 0x00, 0x00, 0x00, 0x00, 0x00, 0x00, 0x00, 0x00, 0x00, 0x00, 0x00, 0x00,
    0x00, 0x00, 0x00, 0x00, 0x00, 0x00, 0x00, 0x00, 0x00, 0x00, 0x00, 0x00, 0x00, 0x00, 0x00, 0x00, 0x00, 0x00, 0x00, 0x00, 0x00, 0x00, 0x00, 0x00,
    0x00, 0x00, 0x00, 0x00, 0x00, 0x00, 0x00, 0x00, 0x00, 0x00, 0x00, 0x00, 0x00, 0x00, 0x00, 0x00, 0x00, 0x00, 0x00, 0x00, 0x00, 0x00, 0x00, 0x00,
    0x00, 0x00, 0x00, 0x00, 0x00, 0x00, 0x00, 0x00, 0x00, 0x00, 0x00, 0x00, 0x00, 0x00, 0x00, 0x00, 0x00, 0x00, 0x00, 0x00, 0x01, 0x00, 0x00, 0x00,
    0xA5, 0x7A, 0x06, 0x00, 0x00, 0x00, 0xEF, 0x7B, 0x02, 0x00, 0xF8, 0x01, 0xE7, 0x99, 0x08, 0x47, 0x82, 0x15, 0x00, 0xF8, 0x01, 0x00, 0xF8, 0x01,
    0x00, 0x00, 0x00, 0x00, 0x00, 0x00, 0x00, 0x00, 0x00, 0x00, 0x00, 0x00, 0x00, 0x00, 0x00, 0x00, 0x00, 0x00, 0x00, 0x00, 0x00, 0x00, 0x00, 0x00,
    0x00, 0x00, 0x00, 0x00, 0x00, 0x00, 0x00, 0x00, 0x00, 0x00, 0x78, 0x02, 0x00, 0x00, 0x00, 0xE5, 0x71, 0x93, 0x26, 0x7A, 0x5D, 0x00, 0x00, 0x00,
    0xA0, 0x52, 0x03, 0x00, 0x00, 0x01, 0x00, 0x00, 0x00, 0x00, 0x00, 0x00, 0x00, 0xF8, 0x01, 0x00, 0x00, 0x00, 0xC6, 0x69, 0x1E, 0x06, 0x6A, 0x1F,
    0x00, 0x00, 0x00, 0x00, 0xF8, 0x01, 0x00, 0x00, 0x00, 0x00, 0x00, 0x00, 0x00, 0x00, 0x00, 0x00, 0x00, 0x00, 0x00, 0x00, 0x00, 0x00, 0x00, 0x00,
    0x00, 0x00, 0x00, 0x00, 0x00, 0x00, 0x00, 0x00, 0x00, 0x00, 0x00, 0x00, 0x00, 0x00, 0x00, 0x00, 0x00, 0x00, 0x00, 0x00, 0x00, 0x00, 0x00, 0x00,
    0x00, 0x00, 0x00, 0x00, 0x00, 0x00, 0x00, 0x00, 0x00, 0x00, 0x00, 0x00, 0x00, 0x00, 0x00, 0x00, 0x00, 0x00, 0x00, 0x00, 0x00, 0x00, 0x00, 0x00,
    0x00, 0x00, 0x00, 0x00, 0x00, 0x00, 0x00, 0x00, 0x00, 0x00, 0x00, 0x00, 0x00, 0x00, 0x00, 0x00, 0x00, 0x00, 0x00, 0x00, 0x00, 0x00, 0x00, 0x00,
    0x00, 0x00, 0x00, 0x00, 0x00, 0x00, 0x00, 0x00, 0x00, 0x00, 0x00, 0x00, 0x00, 0x00, 0x00, 0x00, 0x00, 0x00, 0x00, 0x00, 0x00, 0x00, 0x00, 0x00,
    0x00, 0x00, 0x00, 0x00, 0x00, 0x01, 0x00, 0x00, 0x00, 0x00, 0x00, 0x00, 0x00, 0x00, 0x00, 0x00, 0x00, 0x00, 0x00, 0x00, 0x00, 0x00, 0x00, 0x00,
    0x00, 0x00, 0x00, 0x00, 0x00, 0x00, 0x00, 0x00, 0x00, 0x00, 0x00, 0x00, 0x00, 0x00, 0x00, 0x00, 0x00, 0x00, 0x00, 0x00, 0x00, 0x00, 0x00, 0x00,
    0x00, 0x00, 0x00, 0x00, 0x00, 0x00, 0x00, 0x00, 0x00, 0x00, 0x00, 0x00, 0x00, 0x00, 0x00, 0x00, 0x00, 0x00, 0x00, 0x00, 0x00, 0x00, 0x00, 0x00,
    0x00, 0x00, 0x00, 0x00, 0x00, 0x00, 0x00, 0x00, 0x00, 0x00, 0x00, 0x00, 0x00, 0x00, 0x00, 0x00, 0x00, 0x00, 0x00, 0x00, 0x00, 0x00, 0x00, 0x00,
    0x00, 0x00, 0x00, 0x00, 0x00, 0x00, 0x00, 0x00, 0x00, 0x00, 0x00, 0x00, 0x00, 0x00, 0x00, 0xE7, 0x79, 0x04, 0x69, 0x9A, 0x10, 0xCA, 0xAA, 0x1C,
    0xEA, 0xA2, 0x23, 0xC9, 0xA2, 0x2E, 0x09, 0xA3, 0x1A, 0xC9, 0xA2, 0x1F, 0xAA, 0x8A, 0x09, 0x49, 0x92, 0x07, 0x8A, 0x92, 0x13, 0x00, 0x00, 0x00,
    0x00, 0x00, 0x00, 0x00, 0x00, 0x00, 0x00, 0x00, 0x00, 0x00, 0x00, 0x00, 0x00, 0x00, 0x00, 0x00, 0x00, 0x00, 0x00, 0x00, 0x00, 0x00, 0x00, 0x00,
    0x00, 0x00, 0x00, 0x00, 0x00, 0x00, 0x00, 0x00, 0x00, 0x00, 0x00, 0x00, 0x00, 0x00, 0x00, 0x00, 0x00, 0x00, 0x00, 0x00, 0x00, 0x00, 0x00, 0x00,
    0x00, 0x00, 0x00, 0x00, 0x00, 0x00, 0x00, 0x00, 0x00, 0x00, 0x00, 0x00, 0x00, 0x00, 0x00, 0x00, 0x00, 0x00, 0x00, 0x00, 0x00, 0x00, 0x00, 0x00,
    0x00, 0x00, 0x00, 0x00, 0x00, 0x00, 0x00, 0x00, 0x00, 0x00, 0x00, 0x00, 0x00, 0x00, 0x00, 0x00, 0x00, 0x00, 0x00, 0x00, 0x00, 0x00, 0x00, 0x00,
    0x00, 0x00, 0x00, 0x00, 0x00, 0x00, 0x00, 0x00, 0x00, 0x00, 0x00, 0x00, 0x00, 0x00, 0x00, 0x00, 0x00, 0x00, 0x00, 0x00, 0x00, 0x00, 0x00, 0x00,
    0x00, 0x00, 0x00, 0x00, 0x00, 0x00, 0x00, 0x00, 0x00, 0x00, 0x00, 0x00, 0x00, 0x00, 0x00, 0x00, 0x00, 0x00, 0x00, 0x00, 0x00, 0x00, 0x00, 0x00,
    0x00, 0x00, 0x00, 0x00, 0x00, 0x00, 0x00, 0x00, 0x00, 0x00, 0x00, 0x00, 0x00, 0x00, 0x00, 0x00, 0x00, 0x00, 0x00, 0x00, 0x00, 0x00, 0x00, 0x00,
    0x00, 0x00, 0x00, 0x00, 0x00, 0x00, 0x00, 0x00, 0x00, 0x00, 0x00, 0x00, 0x00, 0x00, 0x00, 0x00, 0x00, 0x00, 0x00, 0x00, 0x00, 0x00, 0x00, 0x00,
    0x00, 0x00, 0x00, 0x00, 0x00, 0x00, 0x00, 0x00, 0x00, 0x00, 0x00, 0x00, 0x00, 0x00, 0x00, 0x00, 0x00, 0x00, 0x00, 0x00, 0x00, 0x00, 0x00, 0x00,
    0x00, 0x00, 0x00, 0x00, 0x00, 0x00, 0x00, 0x00, 0x00, 0x00, 0x00, 0x00, 0x00, 0x00, 0x00, 0x00, 0x00, 0x00, 0x00, 0x00, 0x00, 0x00, 0x00, 0x00,
    0x00, 0x00, 0x00, 0x00, 0x00, 0x00, 0x00, 0x00, 0x00, 0x00, 0x00, 0x00, 0x00, 0x00, 0x00, 0x00, 0x00, 0x00, 0x00, 0x00, 0x00, 0x00, 0x00, 0x00,
    0x00, 0x00, 0x00, 0x00, 0x00, 0x00, 0x00, 0x00, 0x00, 0x00, 0x00, 0x00, 0x00, 0x00, 0x00, 0x00, 0x00, 0x00, 0x00, 0x00, 0x00, 0x00, 0x00, 0x00,
    0x00, 0x00, 0x00, 0x00, 0x00, 0x00, 0x00, 0x00, 0x00, 0x00, 0x00, 0x00, 0x00, 0x00, 0x00, 0x00, 0x00, 0x00, 0x00, 0x00, 0x00, 0x00, 0x00, 0x00,
    0x00, 0x00, 0x00, 0x00, 0x00, 0x00, 0x00, 0x00, 0x00, 0x00, 0x00, 0x00, 0x00, 0x00, 0x00, 0x00, 0x00, 0x00, 0x00, 0x00, 0x00, 0x00, 0x00, 0x00,
    0x00, 0x00, 0x00, 0x00, 0x00, 0x00, 0x00, 0x00, 0x00, 0x00, 0x00, 0x00, 0x00, 0x00, 0x00, 0x00, 0x00, 0x00, 0x00, 0x00, 0x00, 0x00, 0x00, 0x00,
    0x00, 0x00, 0x00, 0x00, 0x00, 0x00, 0x00, 0x00, 0x00, 0x00, 0x00, 0x00, 0x00, 0x00, 0x00, 0x00, 0x00, 0x00, 0x00, 0x00, 0x00, 0x00, 0x00, 0x00,
    0x00, 0x00, 0x00, 0x00, 0x00, 0x00, 0x00, 0x00, 0x00, 0x00, 0x00, 0x00, 0x00, 0x00, 0x00, 0x00, 0x00, 0x00, 0x00, 0x00, 0x00, 0x00, 0x00, 0x00,
    0x00, 0x00, 0x00, 0x00, 0x00, 0x00, 0x00, 0x00, 0x00, 0x00, 0x00, 0x00, 0x00, 0x00, 0x00, 0x00, 0x00, 0x00, 0x00, 0x00, 0x00, 0x00, 0x00, 0x00,
    0x00, 0x00, 0x00, 0x00, 0x00, 0x00, 0x00, 0x00, 0x00, 0x00, 0x00, 0x00, 0x00, 0x00, 0x00, 0x00, 0x00, 0x00, 0x00, 0x00, 0x00, 0x00, 0x00, 0x00,
    0x00, 0x00, 0x00, 0x00, 0x00, 0x00, 0x00, 0x00, 0x00, 0x00, 0x00, 0x00, 0x00, 0x00, 0x00, 0x00, 0x00, 0x00, 0x00, 0x00, 0x00, 0x00, 0x00, 0x00,
    0x00, 0x00, 0x00, 0x00, 0x00, 0x00, 0x00, 0x00, 0x00, 0x00, 0x00, 0x00, 0x00, 0x00, 0x00, 0x00, 0x00, 0x00, 0x00, 0x00, 0x00, 0x00, 0x00, 0x00,
    0x00, 0x00, 0x00, 0x00, 0x00, 0x00, 0x00, 0x00, 0x00, 0x00, 0x00, 0x00, 0x00, 0x00, 0x00, 0x00, 0x00, 0x00, 0x00, 0x00, 0x00, 0x00, 0x00, 0x00,
    0x00, 0x00, 0x00, 0x00, 0x00, 0x00, 0x00, 0x00, 0x00, 0x00, 0x00, 0x00, 0x00, 0x00, 0x00, 0x00, 0x00, 0x00, 0x00, 0x00, 0x00, 0x00, 0x00, 0x00,
    0x00, 0x00, 0x00, 0x00, 0x00, 0x00, 0x00, 0x00, 0x00, 0x00, 0x00, 0x00, 0x00, 0x00, 0x00, 0x00, 0x00, 0x00, 0x00, 0x00, 0x00, 0x00, 0x00, 0x00,
    0x00, 0x00, 0x00, 0x00, 0x00, 0x00, 0x00, 0x00, 0x00, 0x00, 0x00, 0x00, 0x00, 0x00, 0x00, 0x00, 0x00, 0x00, 0x00, 0x00, 0x00, 0x00, 0x00, 0x00,
    0x00, 0x00, 0x00, 0x00, 0x00, 0x00, 0x00, 0x00, 0x00, 0x00, 0x00, 0x00, 0x00, 0x00, 0x00, 0x00, 0x00, 0x00, 0x00, 0x00, 0x00, 0x00, 0x00, 0x00,
    0x00, 0x00, 0x00, 0x00, 0x00, 0x00, 0x00, 0x00, 0x00, 0x00, 0x00, 0x00, 0x00, 0x00, 0x00, 0x00, 0x00, 0x00, 0x00, 0x00, 0x00, 0x00, 0x00, 0x00,
    0x00, 0x00, 0x00, 0x00, 0x00, 0x00, 0x00, 0x00, 0x00, 0x00, 0x00, 0x00, 0x00, 0x00, 0x00, 0x00, 0x00, 0x00, 0x00, 0x00, 0x00, 0x00, 0x00, 0x00,
    0x00, 0x00, 0x00, 0x00, 0x00, 0x00, 0x00, 0x00, 0x00, 0x00, 0x00, 0x00, 0x00, 0x00, 0x00, 0x00, 0x00, 0x00, 0x00, 0x00, 0x00, 0x00, 0x00, 0x00,
    0x00, 0x00, 0x00, 0x00, 0x00, 0x00, 0x00, 0x00, 0x00, 0x00, 0x00, 0x00, 0x00, 0x00, 0x00, 0x00, 0x00, 0x00, 0x00, 0x00, 0x00, 0x00, 0x00, 0x00,
    0x00, 0x00, 0x00, 0x00, 0x00, 0x00, 0x00, 0x00, 0x00, 0x00, 0x00, 0x00, 0x00, 0x00, 0x00, 0x00, 0x00, 0x00, 0x00, 0x00, 0x00, 0x00, 0x00, 0x00,
    0x00, 0x00, 0x00, 0x00, 0x00, 0x00, 0x00, 0x00, 0x00, 0x00, 0x00, 0x00, 0x00, 0x00, 0x00, 0x00, 0x00, 0x00, 0x00, 0x00, 0x00, 0x00, 0x78, 0x02,
    0x00, 0x00, 0x00, 0x00, 0x00, 0x00, 0x00, 0x00, 0x00, 0x00, 0x00, 0x00, 0x00, 0x00, 0x00, 0xEF, 0x7B, 0x02, 0xFF, 0x07, 0x01, 0x26, 0x9B, 0x05,
    0x68, 0x92, 0x17, 0xA7, 0x92, 0x0C, 0x00, 0x00, 0x00, 0x00, 0x00, 0x00, 0x00, 0x00, 0x00, 0x00, 0x00, 0x00, 0x00, 0x00, 0x00, 0x00, 0x00, 0x00,
    0x00, 0x00, 0x00, 0x00, 0x00, 0x00, 0x00, 0x00, 0x00, 0x00, 0x00, 0x00, 0x00, 0x00, 0x00, 0x00, 0x00, 0x00, 0x00, 0x00, 0x00, 0x00, 0x00, 0x01,
    0x00, 0x00, 0x00, 0x06, 0x82, 0x23, 0x27, 0x7A, 0x16, 0x00, 0x00, 0x00, 0x00, 0x00, 0x01, 0x00, 0x00, 0x00, 0x00, 0x00, 0x00, 0x00, 0x00, 0x00,
    0x00, 0x00, 0x00, 0x00, 0x00, 0x00, 0x00, 0x00, 0x00, 0x00, 0x00, 0x00, 0x00, 0x00, 0x00, 0x00, 0x00, 0x00, 0x00, 0x00, 0x00, 0x00, 0x00, 0x00,
    0x00, 0x00, 0x00, 0x00, 0x00, 0x00, 0x00, 0x00, 0x00, 0x00, 0x00, 0x00, 0x00, 0x00, 0x00, 0x00, 0x00, 0x00, 0x00, 0x00, 0x00, 0x00, 0x00, 0x00,
    0x00, 0x00, 0x00, 0x00, 0x00, 0x00, 0x00, 0x00, 0x00, 0x00, 0x00, 0x00, 0x00, 0x00, 0x00, 0x00, 0x00, 0x00, 0x00, 0x00, 0x00, 0x00, 0x00, 0x00,
    0x00, 0x00, 0x00, 0x00, 0x00, 0x00, 0x00, 0x00, 0x00, 0x00, 0x00, 0x00, 0x00, 0x00, 0x00, 0x00, 0x00, 0x00, 0x00, 0x00, 0x00, 0x00, 0x00, 0x00,
    0x00, 0x00, 0x00, 0x00, 0x00, 0x00, 0x00, 0x00, 0x00, 0x00, 0x00, 0x00, 0x00, 0x00, 0x00, 0x00, 0x00, 0x00, 0x00, 0x00, 0x00, 0x00, 0x00, 0x00,
    0x00, 0x00, 0x00, 0x00, 0x00, 0x00, 0x00, 0x00, 0x00, 0x00, 0x00, 0x00, 0x00, 0x00, 0x00, 0x00, 0x00, 0x00, 0x00, 0x00, 0x00, 0x00, 0x00, 0x00,
    0x00, 0x00, 0x00, 0x00, 0x00, 0x00, 0x00, 0x00, 0x00, 0x00, 0x00, 0x00, 0x00, 0x00, 0x00, 0x00, 0x00, 0x00, 0x00, 0x00, 0x00, 0x00, 0x00, 0x00,
    0x00, 0x00, 0x00, 0x00, 0x00, 0x00, 0x00, 0x00, 0x00, 0x00, 0x00, 0x00, 0x00, 0x00, 0x00, 0x00, 0x00, 0x00, 0x00, 0x00, 0x00, 0x00, 0x00, 0x00,
    0x00, 0x00, 0x00, 0x00, 0x00, 0x00, 0x00, 0x00, 0x00, 0x00, 0x00, 0x00, 0x00, 0x00, 0x00, 0x00, 0x00, 0x00, 0x00, 0x00, 0x00, 0x00, 0x00, 0x00,
    0x00, 0x00, 0x00, 0x00, 0x00, 0x00, 0x00, 0x00, 0x00, 0x00, 0x00, 0x00, 0x00, 0x00, 0x00, 0x00, 0x00, 0x00, 0x00, 0x00, 0x00, 0x00, 0x00, 0x00,
    0xE7, 0xB9, 0x04, 0xC9, 0xA2, 0x14, 0xA9, 0xAA, 0x24, 0xEA, 0xAA, 0x53, 0x0A, 0xAB, 0x4D, 0xEA, 0xAA, 0x51, 0x0A, 0xB3, 0x37, 0xA9, 0xAA, 0x2C,
    0xA9, 0xA2, 0x2C, 0x28, 0x8A, 0x0B, 0x69, 0x9A, 0x10, 0xAA, 0xAA, 0x03, 0x00, 0x00, 0x00, 0x00, 0x00, 0x00, 0x00, 0x00, 0x00, 0x00, 0x00, 0x00,
    0x00, 0x00, 0x00, 0x00, 0x00, 0x00, 0x00, 0x00, 0x00, 0x00, 0x00, 0x00, 0x00, 0x00, 0x00, 0x00, 0x00, 0x00, 0x00, 0x00, 0x00, 0x00, 0x00, 0x00,
    0x00, 0x00, 0x00, 0x00, 0x00, 0x00, 0x00, 0x00, 0x00, 0x00, 0x00, 0x00, 0x00, 0x00, 0x00, 0x00, 0x00, 0x00, 0x00, 0x00, 0x00, 0x00, 0x00, 0x00,
    0x00, 0x00, 0x00, 0x00, 0x00, 0x00, 0x00, 0x00, 0x00, 0x00, 0x00, 0x00, 0x00, 0x00, 0x00, 0x00, 0x00, 0x00, 0x00, 0x00, 0x00, 0x00, 0x00, 0x00,
    0x00, 0x00, 0x00, 0x00, 0x00, 0x00, 0x00, 0x00, 0x00, 0x00, 0x00, 0x00, 0x00, 0x00, 0x00, 0x00, 0x00, 0x00, 0x00, 0x00, 0x00, 0x00, 0x00, 0x00,
    0x00, 0x00, 0x00, 0x00, 0x00, 0x00, 0x00, 0x00, 0x00, 0x00, 0x00, 0x00, 0x00, 0x00, 0x00, 0x00, 0x00, 0x00, 0x00, 0x00, 0x00, 0x00, 0x00, 0x00,
    0x00, 0x00, 0x00, 0x00, 0x00, 0x00, 0x00, 0x00, 0x00, 0x00, 0x00, 0x00, 0x00, 0x00, 0x00, 0x00, 0x00, 0x00, 0x00, 0x00, 0x00, 0x00, 0x00, 0x00,
    0x00, 0x00, 0x00, 0x00, 0x00, 0x00, 0x00, 0x00, 0x00, 0x00, 0x00, 0x00, 0x00, 0x00, 0x00, 0x00, 0x00, 0x00, 0x00, 0x00, 0x00, 0x00, 0x00, 0x00,
    0x00, 0x00, 0x00, 0x00, 0x00, 0x00, 0x00, 0x00, 0x00, 0x00, 0x00, 0x00, 0x00, 0x00, 0x00, 0x00, 0x00, 0x00, 0x00, 0x00, 0x00, 0x00, 0x00, 0x00,
    0x00, 0x00, 0x00, 0x00, 0x00, 0x00, 0x00, 0x00, 0x00, 0x00, 0x00, 0x00, 0x00, 0x00, 0x00, 0x00, 0x00, 0x00, 0x00, 0x00, 0x00, 0x00, 0x00, 0x00,
    0x00, 0x00, 0x00, 0x00, 0x00, 0x00, 0x00, 0x00, 0x00, 0x00, 0x00, 0x00, 0x00, 0x00, 0x00, 0x00, 0x00, 0x00, 0x00, 0x00, 0x00, 0x00, 0x00, 0x00,
    0x00, 0x00, 0x00, 0x00, 0x00, 0x00, 0x00, 0x00, 0x00, 0x00, 0x00, 0x00, 0x00, 0x00, 0x00, 0x00, 0x00, 0x00, 0x00, 0x00, 0x00, 0x00, 0x00, 0x00,
    0x00, 0x00, 0x00, 0x00, 0x00, 0x00, 0x00, 0x00, 0x00, 0x00, 0x00, 0x00, 0x00, 0x00, 0x00, 0x00, 0x00, 0x00, 0x00, 0x00, 0x00, 0x00, 0x00, 0x00,
    0x00, 0x00, 0x00, 0x00, 0x00, 0x00, 0x00, 0x00, 0x00, 0x00, 0x00, 0x00, 0x00, 0x00, 0x00, 0x00, 0x00, 0x00, 0x00, 0x00, 0x00, 0x00, 0x00, 0x00,
    0x00, 0x00, 0x00, 0x00, 0x00, 0x00, 0x00, 0x00, 0x00, 0x00, 0x00, 0x00, 0x00, 0x00, 0x00, 0x00, 0x00, 0x00, 0x00, 0x00, 0x00, 0x00, 0x00, 0x00,
    0x00, 0x00, 0x00, 0x00, 0x00, 0x00, 0x00, 0x00, 0x00, 0x00, 0x00, 0x00, 0x00, 0x00, 0x00, 0x00, 0x00, 0x00, 0x00, 0x00, 0x00, 0x00, 0x00, 0x00,
    0x00, 0x00, 0x00, 0x00, 0x00, 0x00, 0x00, 0x00, 0x00, 0x00, 0x00, 0x00, 0x00, 0x00, 0x00, 0x00, 0x00, 0x00, 0x00, 0x00, 0x00, 0x00, 0x00, 0x00,
    0x00, 0x00, 0x00, 0x00, 0x00, 0x00, 0x00, 0x00, 0x00, 0x00, 0x00, 0x00, 0x00, 0x00, 0x00, 0x00, 0x00, 0x00, 0x00, 0x00, 0x00, 0x00, 0x00, 0x00,
    0x00, 0x00, 0x00, 0x00, 0x00, 0x00, 0x00, 0x00, 0x00, 0x00, 0x00, 0x00, 0x00, 0x00, 0x00, 0x00, 0x00, 0x00, 0x00, 0x00, 0x00, 0x00, 0x00, 0x00,
    0x00, 0x00, 0x00, 0x00, 0x00, 0x00, 0x00, 0x00, 0x00, 0x00, 0x00, 0x00, 0x00, 0x00, 0x00, 0x00, 0x00, 0x00, 0x00, 0x00, 0x00, 0x00, 0x00, 0x00,
    0x00, 0x00, 0x00, 0x00, 0x00, 0x00, 0x00, 0x00, 0x00, 0x00, 0x00, 0x00, 0x00, 0x00, 0x00, 0x00, 0x00, 0x00, 0x00, 0x00, 0x00, 0x00, 0x00, 0x00,
    0x00, 0x00, 0x00, 0x00, 0x00, 0x00, 0x00, 0x00, 0x00, 0x00, 0x00, 0x00, 0x00, 0x00, 0x00, 0x00, 0x00, 0x00, 0x00, 0x00, 0x00, 0x00, 0x00, 0x00,
    0x00, 0x00, 0x00, 0x00, 0x00, 0x00, 0x00, 0x00, 0x00, 0x00, 0x00, 0x00, 0x00, 0x00, 0x00, 0x00, 0x00, 0x00, 0x00, 0x00, 0x00, 0x00, 0x00, 0x00,
    0x00, 0x00, 0x00, 0x00, 0x00, 0x00, 0x00, 0x00, 0x00, 0x00, 0x00, 0x00, 0x00, 0x00, 0x00, 0x00, 0x00, 0x00, 0x00, 0x00, 0x00, 0x00, 0x00, 0x00,
    0x00, 0x00, 0x00, 0x00, 0x00, 0x00, 0x00, 0x00, 0x00, 0x00, 0x00, 0x00, 0x00, 0x00, 0x00, 0x00, 0x00, 0x00, 0x00, 0x00, 0x00, 0x00, 0x00, 0x00,
    0x00, 0x00, 0x00, 0x00, 0x00, 0x00, 0x00, 0x00, 0x00, 0x00, 0x00, 0x00, 0x00, 0x00, 0x00, 0x00, 0x00, 0x00, 0x00, 0x00, 0x00, 0x00, 0x00, 0x00,
    0x00, 0x00, 0x00, 0x00, 0x00, 0x00, 0x00, 0x00, 0x00, 0x00, 0x00, 0x00, 0x00, 0x00, 0x00, 0x00, 0x00, 0x00, 0x00, 0x00, 0x00, 0x00, 0x00, 0x00,
    0x00, 0x00, 0x00, 0x00, 0x00, 0x00, 0x00, 0x00, 0x00, 0x00, 0x00, 0x00, 0x00, 0x00, 0x00, 0x00, 0x00, 0x00, 0x00, 0x00, 0x00, 0x00, 0x00, 0x00,
    0x00, 0x00, 0x00, 0x00, 0x00, 0x00, 0x00, 0x00, 0x00, 0x00, 0x00, 0x00, 0x00, 0x00, 0x00, 0x00, 0x00, 0x00, 0x00, 0x00, 0x00, 0x00, 0x00, 0x00,
    0x00, 0x00, 0x00, 0x00, 0x00, 0x00, 0x00, 0x00, 0x00, 0x00, 0x00, 0x00, 0x00, 0x00, 0x00, 0x00, 0x00, 0x00, 0x00, 0x00, 0x00, 0x00, 0x00, 0x00,
    0x00, 0x00, 0x00, 0x00, 0x00, 0x00, 0x00, 0x00, 0x00, 0x00, 0x00, 0x00, 0x00, 0x00, 0x00, 0x00, 0x00, 0x00, 0x00, 0x00, 0x00, 0x00, 0x00, 0x00,
    0x00, 0x00, 0x01, 0x00, 0xF8, 0x01, 0x00, 0x00, 0x00, 0x00, 0x00, 0x00, 0x00, 0x00, 0x00, 0x00, 0x00, 0x00, 0x00, 0x00, 0x00, 0x00, 0x00, 0x00,
    0x00, 0x00, 0x00, 0x00, 0x00, 0x00, 0x00, 0x00, 0x00, 0x00, 0x00, 0x00, 0x00, 0x00, 0x00, 0x00, 0x00, 0x00, 0x27, 0x8A, 0x12, 0xAA, 0xAA, 0x06,
    0xA7, 0x92, 0x0C, 0x68, 0x92, 0x21, 0xAA, 0x8A, 0x09, 0xA7, 0x92, 0x0C, 0x67, 0x8A, 0x1D, 0x00, 0x00, 0x00, 0x65, 0x9A, 0x10, 0x26, 0x9B, 0x05,
    0x00, 0x00, 0x00, 0x00, 0x78, 0x02, 0x00, 0x00, 0x00, 0x00, 0x00, 0x00, 0x00, 0x00, 0x00, 0x00, 0x00, 0x00, 0x00, 0x00, 0x00, 0x00, 0x00, 0x00,
    0x00, 0x00, 0x00, 0x00, 0x00, 0x00, 0x00, 0x00, 0x00, 0x00, 0x00, 0x00, 0x00, 0x00, 0x00, 0x00, 0x00, 0x00, 0x00, 0x00, 0x00, 0x00, 0x00, 0x00,
    0x00, 0x00, 0x00, 0x00, 0x00, 0x00, 0x00, 0x00, 0x00, 0x00, 0x00, 0x00, 0x00, 0x00, 0x00, 0x00, 0x00, 0x00, 0x00, 0x00, 0x01, 0x00, 0x00, 0x01,
    0x00, 0x00, 0x00, 0x00, 0x00, 0x00, 0x00, 0x00, 0x00, 0x00, 0x00, 0x00, 0x00, 0x00, 0x00, 0x00, 0x00, 0x00, 0x00, 0x00, 0x00, 0x00, 0x00, 0x00,
    0x00, 0x00, 0x00, 0x00, 0x00, 0x00, 0x00, 0x00, 0x00, 0x00, 0x00, 0x00, 0x00, 0x00, 0x00, 0x00, 0x00, 0x00, 0x00, 0x00, 0x00, 0x00, 0x00, 0x00,
    0x00, 0x00, 0x00, 0x00, 0x00, 0x00, 0x00, 0x00, 0x00, 0x00, 0x00, 0x00, 0x00, 0x00, 0x00, 0x00, 0x00, 0x00, 0x00, 0x00, 0x00, 0x00, 0x00, 0x00,
    0x00, 0x00, 0x00, 0x00, 0x00, 0x00, 0x00, 0x00, 0x00, 0x00, 0x00, 0x00, 0x00, 0x00, 0x00, 0x00, 0x00, 0x00, 0x00, 0x00, 0x00, 0x00, 0x00, 0x00,
    0x00, 0x00, 0x00, 0x00, 0x00, 0x00, 0x00, 0x00, 0x00, 0x00, 0x00, 0x00, 0x00, 0x00, 0x00, 0x00, 0x00, 0x00, 0x00, 0x00, 0x00, 0x00, 0x00, 0x00,
    0xAA, 0xAA, 0x03, 0xC7, 0x7A, 0x11, 0x00, 0x00, 0x00, 0x00, 0x00, 0x00, 0x00, 0x00, 0x00, 0x00, 0x00, 0x00, 0x00, 0x00, 0x00, 0x00, 0x00, 0x00,
    0x00, 0x00, 0x00, 0x00, 0x00, 0x00, 0x00, 0x00, 0x00, 0x00, 0x00, 0x00, 0x00, 0x00, 0x00, 0x00, 0x00, 0x00, 0x00, 0x00, 0x00, 0x00, 0x00, 0x00,
    0x00, 0x00, 0x00, 0x00, 0x00, 0x00, 0x00, 0x00, 0x00, 0x00, 0x00, 0x00, 0x00, 0x00, 0x00, 0x00, 0x00, 0x00, 0x00, 0x00, 0x00, 0x00, 0x00, 0x00,
    0x00, 0x00, 0x00, 0x00, 0x00, 0x00, 0x00, 0x00, 0x00, 0x00, 0x00, 0x00, 0x00, 0x00, 0x00, 0x00, 0x00, 0x00, 0x00, 0x00, 0x00, 0x00, 0x00, 0x00,
    0x00, 0x00, 0x00, 0x00, 0x00, 0x00, 0x00, 0x00, 0x00, 0x00, 0x00, 0x01, 0x69, 0xB2, 0x0D, 0x89, 0xA2, 0x35, 0xE9, 0xB2, 0x67, 0x2A, 0xC3, 0x76,
    0xE9, 0xBA, 0xA4, 0x29, 0xC3, 0xA0, 0x09, 0xBB, 0xAD, 0x2A, 0xBB, 0x75, 0xE9, 0xAA, 0x4B, 0x88, 0x9A, 0x19, 0xA9, 0x92, 0x18, 0x00, 0x78, 0x02,
    0x00, 0x00, 0x00, 0x00, 0x00, 0x00, 0x00, 0x00, 0x00, 0x00, 0x00, 0x00, 0x00, 0x00, 0x00, 0x00, 0x00, 0x00, 0x00, 0x00, 0x00, 0x00, 0x00, 0x00,
    0x00, 0x00, 0x00, 0x00, 0x00, 0x00, 0x00, 0x00, 0x00, 0x00, 0x00, 0x00, 0x00, 0x00, 0x00, 0x00, 0x00, 0x00, 0x00, 0x00, 0x00, 0x00, 0x00, 0x00,
    0x00, 0x00, 0x00, 0x00, 0x00, 0x00, 0x00, 0x00, 0x00, 0x00, 0x00, 0x00, 0x00, 0x00, 0x00, 0x00, 0x00, 0x00, 0x00, 0x00, 0x00, 0x00, 0x00, 0x00,
    0x00, 0x00, 0x00, 0x00, 0x00, 0x00, 0x00, 0x00, 0x00, 0x00, 0x00, 0x00, 0x00, 0x00, 0x00, 0x00, 0x00, 0x00, 0x00, 0x00, 0x00, 0x00, 0x00, 0x00,
    0x00, 0x00, 0x00, 0x00, 0x00, 0x00, 0x00, 0x00, 0x00, 0x00, 0x00, 0x00, 0x00, 0x00, 0x00, 0x00, 0x00, 0x00, 0x00, 0x00, 0x00, 0x00, 0x00, 0x00,
    0x00, 0x00, 0x00, 0x00, 0x00, 0x00, 0x00, 0x00, 0x00, 0x00, 0x00, 0x00, 0x00, 0x00, 0x00, 0x00, 0x00, 0x00, 0x00, 0x00, 0x00, 0x00, 0x00, 0x00,
    0x00, 0x00, 0x00, 0x00, 0x00, 0x00, 0x00, 0x00, 0x00, 0x00, 0x00, 0x00, 0x00, 0x00, 0x00, 0x00, 0x00, 0x00, 0x00, 0x00, 0x00, 0x00, 0x00, 0x00,
    0x00, 0x00, 0x00, 0x00, 0x00, 0x00, 0x00, 0x00, 0x00, 0x00, 0x00, 0x00, 0x00, 0x00, 0x00, 0x00, 0x00, 0x00, 0x00, 0x00, 0x00, 0x00, 0x00, 0x00,
    0x00, 0x00, 0x00, 0x00, 0x00, 0x00, 0x00, 0x00, 0x00, 0x00, 0x00, 0x00, 0x00, 0x00, 0x00, 0x00, 0x00, 0x00, 0x00, 0x00, 0x00, 0x00, 0x00, 0x00,
    0x00, 0x00, 0x00, 0x00, 0x00, 0x00, 0x00, 0x00, 0x00, 0x00, 0x00, 0x00, 0x00, 0x00, 0x00, 0x00, 0x00, 0x00, 0x00, 0x00, 0x00, 0x00, 0x00, 0x00,
    0x00, 0x00, 0x00, 0x00, 0x00, 0x00, 0x00, 0x00, 0x00, 0x00, 0x00, 0x00, 0x00, 0x00, 0x00, 0x00, 0x00, 0x00, 0x00, 0x00, 0x00, 0x00, 0x00, 0x00,
    0x00, 0x00, 0x00, 0x00, 0x00, 0x00, 0x00, 0x00, 0x00, 0x00, 0x00, 0x00, 0x00, 0x00, 0x00, 0x00, 0x00, 0x00, 0x00, 0x00, 0x00, 0x00, 0x00, 0x00,
    0x00, 0x00, 0x00, 0x00, 0x00, 0x00, 0x00, 0x00, 0x00, 0x00, 0x00, 0x00, 0x00, 0x00, 0x00, 0x00, 0x00, 0x00, 0x00, 0x00, 0x00, 0x00, 0x00, 0x00,
    0x00, 0x00, 0x00, 0x00, 0x00, 0x00, 0x00, 0x00, 0x00, 0x00, 0x00, 0x00, 0x00, 0x00, 0x00, 0x00, 0x00, 0x00, 0x00, 0x00, 0x00, 0x00, 0x00, 0x00,
    0x00, 0x00, 0x00, 0x00, 0x00, 0x00, 0x00, 0x00, 0x00, 0x00, 0x00, 0x00, 0x00, 0x00, 0x00, 0x00, 0x00, 0x00, 0x00, 0x00, 0x00, 0x00, 0x00, 0x00,
    0x00, 0x00, 0x00, 0x00, 0x00, 0x00, 0x00, 0x00, 0x00, 0x00, 0x00, 0x00, 0x00, 0x00, 0x00, 0x00, 0x00, 0x00, 0x00, 0x00, 0x00, 0x00, 0x00, 0x00,
    0x00, 0x00, 0x00, 0x00, 0x00, 0x00, 0x00, 0x00, 0x00, 0x00, 0x00, 0x00, 0x00, 0x00, 0x00, 0x00, 0x00, 0x00, 0x00, 0x00, 0x00, 0x00, 0x00, 0x00,
    0x00, 0x00, 0x00, 0x00, 0x00, 0x00, 0x00, 0x00, 0x00, 0x00, 0x00, 0x00, 0x00, 0x00, 0x00, 0x00, 0x00, 0x00, 0x00, 0x00, 0x00, 0x00, 0x00, 0x00,
    0x00, 0x00, 0x00, 0x00, 0x00, 0x00, 0x00, 0x00, 0x00, 0x00, 0x00, 0x00, 0x00, 0x00, 0x00, 0x00, 0x00, 0x00, 0x00, 0x00, 0x00, 0x00, 0x00, 0x00,
    0x00, 0x00, 0x00, 0x00, 0x00, 0x00, 0x00, 0x00, 0x00, 0x00, 0x00, 0x00, 0x00, 0x00, 0x00, 0x00, 0x00, 0x00, 0x00, 0x00, 0x00, 0x00, 0x00, 0x00,
    0x00, 0x00, 0x00, 0x00, 0x00, 0x00, 0x00, 0x00, 0x00, 0x00, 0x00, 0x00, 0x00, 0x00, 0x00, 0x00, 0x00, 0x00, 0x00, 0x00, 0x00, 0x00, 0x00, 0x00,
    0x00, 0x00, 0x00, 0x00, 0x00, 0x00, 0x00, 0x00, 0x00, 0x00, 0x00, 0x00, 0x00, 0x00, 0x00, 0x00, 0x00, 0x00, 0x00, 0x00, 0x00, 0x00, 0x00, 0x00,
    0x00, 0x00, 0x00, 0x00, 0x00, 0x00, 0x00, 0x00, 0x00, 0x00, 0x00, 0x00, 0x00, 0x00, 0x00, 0x00, 0x00, 0x00, 0x00, 0x00, 0x00, 0x00, 0x00, 0x00,
    0x00, 0x00, 0x00, 0x00, 0x00, 0x00, 0x00, 0x00, 0x00, 0x00, 0x00, 0x00, 0x00, 0x00, 0x00, 0x00, 0x00, 0x00, 0x00, 0x00, 0x00, 0x00, 0x00, 0x00,
    0x00, 0x00, 0x00, 0x00, 0x00, 0x00, 0x00, 0x00, 0x00, 0x00, 0x00, 0x00, 0x00, 0x00, 0x00, 0x00, 0x00, 0x00, 0x00, 0x00, 0x00, 0x00, 0x00, 0x00,
    0x00, 0x00, 0x00, 0x00, 0x00, 0x00, 0x00, 0x00, 0x00, 0x00, 0x00, 0x00, 0x00, 0x00, 0x00, 0x00, 0x00, 0x00, 0x00, 0x00, 0x00, 0x00, 0x00, 0x00,
    0x00, 0x00, 0x00, 0x00, 0x00, 0x00, 0x00, 0x00, 0x00, 0x00, 0x00, 0x00, 0x00, 0x00, 0x00, 0x00, 0x00, 0x00, 0x00, 0x00, 0x00, 0x00, 0x00, 0x00,
    0x00, 0x00, 0x00, 0x00, 0x00, 0x00, 0x00, 0x00, 0x00, 0x00, 0x00, 0x00, 0x00, 0x00, 0x00, 0x00, 0x00, 0x00, 0x00, 0x00, 0x00, 0x00, 0x00, 0x00,
    0x00, 0x00, 0x00, 0x00, 0x00, 0x00, 0x00, 0x00, 0x00, 0x00, 0x00, 0x00, 0x00, 0x00, 0x00, 0x00, 0x00, 0x00, 0x00, 0x00, 0x00, 0x00, 0x00, 0x00,
    0x00, 0x00, 0x00, 0x00, 0x00, 0x00, 0x00, 0x00, 0x00, 0x00, 0x00, 0x00, 0x00, 0x00, 0x00, 0x00, 0x00, 0x00, 0x00, 0x00, 0x00, 0x00, 0x00, 0x00,
    0x00, 0x00, 0x00, 0x00, 0x00, 0x00, 0x00, 0x00, 0x00, 0x00, 0x00, 0x01, 0x00, 0x00, 0x00, 0x00, 0x00, 0x00, 0x00, 0x00, 0x00, 0x00, 0x00, 0x00,
    0x00, 0x00, 0x00, 0x00, 0x00, 0x00, 0x00, 0x00, 0x00, 0x00, 0x00, 0x00, 0x00, 0x00, 0x00, 0x00, 0xF8, 0x01, 0x00, 0xF8, 0x01, 0xE5, 0x81, 0x43,
    0xC5, 0x89, 0x16, 0x00, 0x00, 0x01, 0x27, 0x8A, 0x12, 0xA7, 0x92, 0x0C, 0x28, 0x8A, 0x0B, 0xA7, 0x8A, 0x09, 0x00, 0x00, 0x00, 0xE0, 0x07, 0x01,
    0xEF, 0xFB, 0x02, 0x67, 0x8A, 0x39, 0x27, 0x92, 0xC5, 0x68, 0x9A, 0x2B, 0x26, 0x9B, 0x05, 0xA7, 0x92, 0x0C, 0xE7, 0x9A, 0x08, 0xA5, 0x7A, 0x06,
    0x00, 0x00, 0x00, 0x00, 0x00, 0x00, 0x00, 0x00, 0x00, 0x00, 0x00, 0x00, 0x00, 0x00, 0x00, 0x00, 0x00, 0x00, 0x00, 0x00, 0x00, 0x00, 0x00, 0x00,
    0x00, 0x00, 0x00, 0x00, 0x78, 0x02, 0x00, 0x00, 0x01, 0x00, 0x00, 0x00, 0x00, 0x00, 0x00, 0x00, 0x00, 0x00, 0x00, 0x00, 0x00, 0x00, 0x00, 0x00,
    0x00, 0x00, 0x00, 0x00, 0x00, 0x00, 0x00, 0x00, 0x00, 0x00, 0x00, 0x00, 0x00, 0x00, 0x00, 0x00, 0x00, 0x00, 0x00, 0x00, 0x00, 0x00, 0x00, 0x00,
    0x00, 0x00, 0x00, 0x00, 0x00, 0x00, 0x00, 0x00, 0x00, 0x00, 0x00, 0x00, 0x00, 0x00, 0x00, 0x00, 0x00, 0x00, 0x00, 0x00, 0x00, 0x00, 0x00, 0x00,
    0x00, 0x00, 0x00, 0x00, 0x00, 0x00, 0x00, 0x00, 0x00, 0x00, 0x00, 0x00, 0x00, 0x00, 0x00, 0x00, 0x00, 0x00, 0x00, 0x00, 0x00, 0x00, 0x00, 0x00,
    0x00, 0x00, 0x00, 0x00, 0x00, 0x00, 0x00, 0x00, 0x00, 0x00, 0x00, 0x00, 0x00, 0x00, 0x00, 0x00, 0x00, 0x00, 0x00, 0x00, 0x00, 0x00, 0x00, 0x00,
    0x00, 0x00, 0x00, 0x00, 0x00, 0x00, 0x00, 0x00, 0x00, 0x00, 0x00, 0x00, 0x00, 0x00, 0x00, 0x00, 0x00, 0x00, 0x00, 0x00, 0x00, 0x00, 0x00, 0x00,
    0x00, 0x00, 0x00, 0x00, 0x00, 0x00, 0x00, 0x00, 0x00, 0x00, 0x00, 0x00, 0xE7, 0x79, 0x08, 0x87, 0x7A, 0x28, 0x00, 0x00, 0x00, 0x00, 0x00, 0x00,
    0x00, 0x00, 0x00, 0x00, 0x00, 0x00, 0x00, 0x00, 0x00, 0x00, 0x00, 0x00, 0x00, 0x00, 0x00, 0x00, 0x00, 0x00, 0x00, 0x00, 0x00, 0x00, 0x00, 0x00,
    0x00, 0x00, 0x00, 0x00, 0x00, 0x00, 0x00, 0x00, 0x00, 0x00, 0x00, 0x00, 0x00, 0x00, 0x00, 0x00, 0x00, 0x00, 0x00, 0x00, 0x00, 0x00, 0x00, 0x00,
    0x00, 0x00, 0x00, 0x00, 0x00, 0x00, 0x00, 0x00, 0x00, 0x00, 0x00, 0x00, 0x00, 0x00, 0x00, 0x00, 0x00, 0x00, 0x00, 0x00, 0x00, 0x00, 0x00, 0x00,
    0x00, 0x00, 0x00, 0x00, 0x00, 0x00, 0x00, 0x00, 0x00, 0x00, 0x00, 0x00, 0x00, 0x00, 0x00, 0x00, 0x00, 0x00, 0xEF, 0xFB, 0x02, 0xEF, 0x7B, 0x02,
    0xE9, 0xB2, 0x24, 0x4A, 0xC3, 0x72, 0xE9, 0xC2, 0xB9, 0x87, 0xC2, 0xE9, 0x05, 0xBA, 0xFD, 0x25, 0xBA, 0xFF, 0x66, 0xBA, 0xFF, 0xA8, 0xBA, 0xE7,
    0xC9, 0xB2, 0x79, 0xAA, 0xA2, 0x23, 0xA8, 0xA2, 0x1E, 0xA7, 0x8A, 0x09, 0xE7, 0xB9, 0x04, 0x00, 0x00, 0x00, 0x00, 0x00, 0x00, 0x00, 0x00, 0x00,
    0x00, 0x00, 0x00, 0x00, 0x00, 0x00, 0x00, 0x00, 0x00, 0x00, 0x00, 0x00, 0x00, 0x00, 0x00, 0x00, 0x00, 0x00, 0x00, 0x00, 0x00, 0x00, 0x00, 0x00,
    0x00, 0x00, 0x00, 0x00, 0x00, 0x00, 0x00, 0x00, 0x00, 0x00, 0x00, 0x00, 0x00, 0x00, 0x00, 0x00, 0x00, 0x00, 0x00, 0x00, 0x00, 0x00, 0x00, 0x00,
    0x00, 0x00, 0x00, 0x00, 0x00, 0x00, 0x00, 0x00, 0x00, 0x00, 0x00, 0x00, 0x00, 0x00, 0x00, 0x00, 0x00, 0x00, 0x00, 0x00, 0x00, 0x00, 0x00, 0x00,
    0x00, 0x00, 0x00, 0x00, 0x00, 0x00, 0x00, 0x00, 0x00, 0x00, 0x00, 0x00, 0x00, 0x00, 0x00, 0x00, 0x00, 0x00, 0x00, 0x00, 0x00, 0x00, 0x00, 0x00,
    0x00, 0x00, 0x00, 0x00, 0x00, 0x00, 0x00, 0x00, 0x00, 0x00, 0x00, 0x00, 0x00, 0x00, 0x00, 0x00, 0x00, 0x00, 0x00, 0x00, 0x00, 0x00, 0x00, 0x00,
    0x00, 0x00, 0x00, 0x00, 0x00, 0x00, 0x00, 0x00, 0x00, 0x00, 0x00, 0x00, 0x00, 0x00, 0x00, 0x00, 0x00, 0x00, 0x00, 0x00, 0x00, 0x00, 0x00, 0x00,
    0x00, 0x00, 0x00, 0x00, 0x00, 0x00, 0x00, 0x00, 0x00, 0x00, 0x00, 0x00, 0x00, 0x00, 0x00, 0x00, 0x00, 0x00, 0x00, 0x00, 0x00, 0x00, 0x00, 0x00,
    0x00, 0x00, 0x00, 0x00, 0x00, 0x00, 0x00, 0x00, 0x00, 0x00, 0x00, 0x00, 0x00, 0x00, 0x00, 0x00, 0x00, 0x00, 0x00, 0x00, 0x00, 0x00, 0x00, 0x00,
    0x00, 0x00, 0x00, 0x00, 0x00, 0x00, 0x00, 0x00, 0x00, 0x00, 0x00, 0x00, 0x00, 0x00, 0x00, 0x00, 0x00, 0x00, 0x00, 0x00, 0x00, 0x00, 0x00, 0x00,
    0x00, 0x00, 0x00, 0x00, 0x00, 0x00, 0x00, 0x00, 0x00, 0x00, 0x00, 0x00, 0x00, 0x00, 0x00, 0x00, 0x00, 0x00, 0x00, 0x00, 0x00, 0x00, 0x00, 0x00,
    0x00, 0x00, 0x00, 0x00, 0x00, 0x00, 0x00, 0x00, 0x00, 0x00, 0x00, 0x00, 0x00, 0x00, 0x00, 0x00, 0x00, 0x00, 0x00, 0x00, 0x00, 0x00, 0x00, 0x00,
    0x00, 0x00, 0x00, 0x00, 0x00, 0x00, 0x00, 0x00, 0x00, 0x00, 0x00, 0x00, 0x00, 0x00, 0x00, 0x00, 0x00, 0x00, 0x00, 0x00, 0x00, 0x00, 0x00, 0x00,
    0x00, 0x00, 0x00, 0x00, 0x00, 0x00, 0x00, 0x00, 0x00, 0x00, 0x00, 0x00, 0x00, 0x00, 0x00, 0x00, 0x00, 0x00, 0x00, 0x00, 0x00, 0x00, 0x00, 0x00,
    0x00, 0x00, 0x00, 0x00, 0x00, 0x00, 0x00, 0x00, 0x00, 0x00, 0x00, 0x00, 0x00, 0x00, 0x00, 0x00, 0x00, 0x00, 0x00, 0x00, 0x00, 0x00, 0x00, 0x00,
    0x00, 0x00, 0x00, 0x00, 0x00, 0x00, 0x00, 0x00, 0x00, 0x00, 0x00, 0x00, 0x00, 0x00, 0x00, 0x00, 0x00, 0x00, 0x00, 0x00, 0x00, 0x00, 0x00, 0x00,
    0x00, 0x00, 0x00, 0x00, 0x00, 0x00, 0x00, 0x00, 0x00, 0x00, 0x00, 0x00, 0x00, 0x00, 0x00, 0x00, 0x00, 0x00, 0x00, 0x00, 0x00, 0x00, 0x00, 0x00,
    0x00, 0x00, 0x00, 0x00, 0x00, 0x00, 0x00, 0x00, 0x00, 0x00, 0x00, 0x00, 0x00, 0x00, 0x00, 0x00, 0x00, 0x00, 0x00, 0x00, 0x00, 0x00, 0x00, 0x00,
    0x00, 0x00, 0x00, 0x00, 0x00, 0x00, 0x00, 0x00, 0x00, 0x00, 0x00, 0x00, 0x00, 0x00, 0x00, 0x00, 0x00, 0x00, 0x00, 0x00, 0x00, 0x00, 0x00, 0x00,
    0x00, 0x00, 0x00, 0x00, 0x00, 0x00, 0x00, 0x00, 0x00, 0x00, 0x00, 0x00, 0x00, 0x00, 0x00, 0x00, 0x00, 0x00, 0x00, 0x00, 0x00, 0x00, 0x00, 0x00,
    0x00, 0x00, 0x00, 0x00, 0x00, 0x00, 0x00, 0x00, 0x00, 0x00, 0x00, 0x00, 0x00, 0x00, 0x00, 0x00, 0x00, 0x00, 0x00, 0x00, 0x00, 0x00, 0x00, 0x00,
    0x00, 0x00, 0x00, 0x00, 0x00, 0x00, 0x00, 0x00, 0x00, 0x00, 0x00, 0x00, 0x00, 0x00, 0x00, 0x00, 0x00, 0x00, 0x00, 0x00, 0x00, 0x00, 0x00, 0x00,
    0x00, 0x00, 0x00, 0x00, 0x00, 0x00, 0x00, 0x00, 0x00, 0x00, 0x00, 0x00, 0x00, 0x00, 0x00, 0x00, 0x00, 0x00, 0x00, 0x00, 0x00, 0x00, 0x00, 0x00,
    0x00, 0x00, 0x00, 0x00, 0x00, 0x00, 0x00, 0x00, 0x00, 0x00, 0x00, 0x00, 0x00, 0x00, 0x00, 0x00, 0x00, 0x00, 0x00, 0x00, 0x00, 0x00, 0x00, 0x00,
    0x00, 0x00, 0x00, 0x00, 0x00, 0x00, 0x00, 0x00, 0x00, 0x00, 0x00, 0x00, 0x00, 0x00, 0x00, 0x00, 0x00, 0x00, 0x00, 0x00, 0x00, 0x00, 0x00, 0x00,
    0x00, 0x00, 0x00, 0x00, 0x00, 0x00, 0x00, 0x00, 0x00, 0x00, 0x00, 0x00, 0x00, 0x00, 0x00, 0x00, 0x00, 0x00, 0x00, 0x00, 0x00, 0x00, 0x00, 0x00,
    0x00, 0x00, 0x00, 0x00, 0x00, 0x00, 0x00, 0x00, 0x00, 0x00, 0x00, 0x00, 0x00, 0x00, 0x00, 0x00, 0x00, 0x00, 0x00, 0x00, 0x00, 0x00, 0x00, 0x00,
    0x00, 0x00, 0x00, 0x00, 0x00, 0x00, 0x00, 0x00, 0x00, 0x00, 0x00, 0x00, 0x00, 0x00, 0x00, 0x00, 0x00, 0x00, 0x00, 0x00, 0x00, 0x00, 0x00, 0x00,
    0x00, 0x00, 0x00, 0x00, 0x00, 0x00, 0x00, 0x00, 0x00, 0x00, 0x00, 0x00, 0x00, 0x00, 0x00, 0x00, 0x00, 0x00, 0x00, 0x00, 0x00, 0x00, 0x00, 0x00,
    0x00, 0x00, 0x00, 0x00, 0x00, 0x00, 0x00, 0x00, 0x00, 0x00, 0x00, 0x00, 0x00, 0x00, 0x00, 0x00, 0x00, 0x00, 0x00, 0x00, 0x00, 0x00, 0x00, 0x00,
    0x00, 0x00, 0x00, 0x00, 0x00, 0x00, 0x00, 0x00, 0x00, 0x00, 0x00, 0x00, 0x00, 0x00, 0x00, 0x00, 0x00, 0x00, 0x00, 0x00, 0x00, 0x00, 0x00, 0x00,
    0xA7, 0x92, 0x0C, 0x26, 0x7A, 0x45, 0x00, 0x00, 0x00, 0x00, 0x00, 0x01, 0x00, 0x00, 0x00, 0x00, 0x00, 0x00, 0x00, 0x00, 0x00, 0x00, 0x00, 0x00,
    0x00, 0x78, 0x02, 0x00, 0x00, 0x00, 0xE7, 0x9A, 0x08, 0xE5, 0x81, 0x53, 0xC5, 0x79, 0x12, 0x00, 0x00, 0x00, 0x28, 0x92, 0x1A, 0x67, 0x92, 0x21,
    0x69, 0x9A, 0x0D, 0xAA, 0xAA, 0x03, 0x48, 0x8A, 0x1B, 0x88, 0x92, 0x1F, 0xAA, 0x92, 0x0C, 0x47, 0x8A, 0x34, 0x47, 0x8A, 0x6B, 0xA9, 0x92, 0x2C,
    0xA9, 0x92, 0x18, 0xA5, 0x7A, 0x06, 0x68, 0x8A, 0x1A, 0x47, 0x92, 0x15, 0x00, 0x00, 0x00, 0x00, 0x00, 0x01, 0x00, 0x00, 0x00, 0x00, 0x00, 0x00,
    0x00, 0x00, 0x00, 0x00, 0x00, 0x00, 0x00, 0x00, 0x00, 0x00, 0x00, 0x00, 0x00, 0x00, 0x00, 0x00, 0x00, 0x00, 0x00, 0x00, 0x00, 0x00, 0x00, 0x00,
    0x00, 0x00, 0x00, 0x00, 0x00, 0x00, 0x00, 0x00, 0x00, 0x00, 0x00, 0x00, 0x00, 0x00, 0x00, 0x00, 0x00, 0x00, 0x00, 0x00, 0x01, 0x00, 0x78, 0x02,
    0x00, 0x00, 0x00, 0x00, 0x00, 0x00, 0x00, 0x00, 0x00, 0x00, 0x00, 0x00, 0x00, 0x00, 0x00, 0x00, 0x00, 0x00, 0x00, 0x00, 0x00, 0x00, 0x00, 0x00,
    0x00, 0x00, 0x00, 0x00, 0x00, 0x00, 0x00, 0x00, 0x00, 0x00, 0x00, 0x00, 0x00, 0x00, 0x00, 0x00, 0x00, 0x00, 0x00, 0x00, 0x00, 0x00, 0x00, 0x00,
    0x00, 0x00, 0x00, 0x00, 0x00, 0x00, 0x00, 0x00, 0x00, 0x00, 0x00, 0x00, 0x00, 0x00, 0x00, 0x00, 0x00, 0x00, 0x00, 0x00, 0x00, 0x00, 0x00, 0x00,
    0x00, 0x00, 0x00, 0x00, 0x00, 0x00, 0x00, 0x00, 0x00, 0x00, 0x00, 0x00, 0x00, 0x00, 0x00, 0x00, 0x00, 0x00, 0x00, 0x00, 0x00, 0x00, 0x00, 0x00,
    0x00, 0x00, 0x00, 0x00, 0x00, 0x00, 0x00, 0x00, 0x00, 0x00, 0x00, 0x00, 0x00, 0x00, 0x00, 0x00, 0x00, 0x00, 0x00, 0x00, 0x00, 0x00, 0x00, 0x00,
    0x00, 0x00, 0x00, 0x00, 0x00, 0x00, 0x00, 0x00, 0x00, 0x00, 0x00, 0x00, 0x00, 0x00, 0x00, 0x00, 0x00, 0x00, 0x00, 0x00, 0x00, 0x00, 0x00, 0x00,
    0x00, 0x00, 0x00, 0x00, 0x00, 0x00, 0x00, 0x00, 0x00, 0x00, 0x00, 0x00, 0x00, 0x00, 0x00, 0x00, 0x00, 0x00, 0x00, 0x00, 0x00, 0x00, 0x00, 0x00,
    0x00, 0x00, 0x00, 0x00, 0x00, 0x00, 0x00, 0x00, 0x00, 0x00, 0x00, 0x00, 0x00, 0x00, 0x00, 0x00, 0x00, 0x00, 0x00, 0x00, 0x00, 0x00, 0x00, 0x00,
    0x00, 0x00, 0x00, 0x00, 0x00, 0x00, 0x00, 0x00, 0x00, 0x00, 0x00, 0x00, 0x00, 0x00, 0x00, 0x00, 0x00, 0x00, 0x00, 0x00, 0x00, 0x00, 0x00, 0x00,
    0x00, 0x00, 0x00, 0x00, 0x00, 0x00, 0x49, 0xB2, 0x07, 0xE8, 0xBA, 0x0B, 0x88, 0xAA, 0x50, 0x46, 0xB2, 0xE6, 0xE4, 0xB9, 0xFF, 0xA3, 0xB9, 0xFF,
    0xA3, 0xB9, 0xFF, 0xA3, 0xB1, 0xFE, 0xA3, 0xB1, 0xFC, 0xC4, 0xB9, 0xFF, 0x66, 0xB2, 0xDF, 0xE9, 0xAA, 0x53, 0x88, 0x9A, 0x40, 0xAA, 0xAA, 0x09,
    0xE7, 0x7B, 0x04, 0x00, 0x00, 0x00, 0x00, 0x00, 0x00, 0x00, 0x00, 0x00, 0x00, 0x00, 0x00, 0x00, 0x00, 0x00, 0x00, 0x00, 0x00, 0x00, 0x00, 0x00,
    0x00, 0x00, 0x00, 0x00, 0x00, 0x00, 0x00, 0x00, 0x00, 0x00, 0x00, 0x00, 0x00, 0x00, 0x00, 0x00, 0x00, 0x00, 0x00, 0x00, 0x00, 0x00, 0x00, 0x00,
    0x00, 0x00, 0x00, 0x00, 0x00, 0x00, 0x00, 0x00, 0x00, 0x00, 0x00, 0x00, 0x00, 0x00, 0x00, 0x00, 0x00, 0x00, 0x00, 0x00, 0x00, 0x00, 0x00, 0x00,
    0x00, 0x00, 0x00, 0x00, 0x00, 0x00, 0x00, 0x00, 0x00, 0x00, 0x00, 0x00, 0x00, 0x00, 0x00, 0x00, 0x00, 0x00, 0x00, 0x00, 0x00, 0x00, 0x00, 0x00,
    0x00, 0x00, 0x00, 0x00, 0x00, 0x00, 0x00, 0x00, 0x00, 0x00, 0x00, 0x00, 0x00, 0x00, 0x00, 0x00, 0x00, 0x00, 0x00, 0x00, 0x00, 0x00, 0x00, 0x00,
    0x00, 0x00, 0x00, 0x00, 0x00, 0x00, 0x00, 0x00, 0x00, 0x00, 0x00, 0x00, 0x00, 0x00, 0x00, 0x00, 0x00, 0x00, 0x00, 0x00, 0x00, 0x00, 0x00, 0x00,
    0x00, 0x00, 0x00, 0x00, 0x00, 0x00, 0x00, 0x00, 0x00, 0x00, 0x00, 0x00, 0x00, 0x00, 0x00, 0x00, 0x00, 0x00, 0x00, 0x00, 0x00, 0x00, 0x00, 0x00,
    0x00, 0x00, 0x00, 0x00, 0x00, 0x00, 0x00, 0x00, 0x00, 0x00, 0x00, 0x00, 0x00, 0x00, 0x00, 0x00, 0x00, 0x00, 0x00, 0x00, 0x00, 0x00, 0x00, 0x00,
    0x00, 0x00, 0x00, 0x00, 0x00, 0x00, 0x00, 0x00, 0x00, 0x00, 0x00, 0x00, 0x00, 0x00, 0x00, 0x00, 0x00, 0x00, 0x00, 0x00, 0x00, 0x00, 0x00, 0x00,
    0x00, 0x00, 0x00, 0x00, 0x00, 0x00, 0x00, 0x00, 0x00, 0x00, 0x00, 0x00, 0x00, 0x00, 0x00, 0x00, 0x00, 0x00, 0x00, 0x00, 0x00, 0x00, 0x00, 0x00,
    0x00, 0x00, 0x00, 0x00, 0x00, 0x00, 0x00, 0x00, 0x00, 0x00, 0x00, 0x00, 0x00, 0x00, 0x00, 0x00, 0x00, 0x00, 0x00, 0x00, 0x00, 0x00, 0x00, 0x00,
    0x00, 0x00, 0x00, 0x00, 0x00, 0x00, 0x00, 0x00, 0x00, 0x00, 0x00, 0x00, 0x00, 0x00, 0x00, 0x00, 0x00, 0x00, 0x00, 0x00, 0x00, 0x00, 0x00, 0x00,
    0x00, 0x00, 0x00, 0x00, 0x00, 0x00, 0x00, 0x00, 0x00, 0x00, 0x00, 0x00, 0x00, 0x00, 0x00, 0x00, 0x00, 0x00, 0x00, 0x00, 0x00, 0x00, 0x00, 0x00,
    0x00, 0x00, 0x00, 0x00, 0x00, 0x00, 0x00, 0x00, 0x00, 0x00, 0x00, 0x00, 0x00, 0x00, 0x00, 0x00, 0x00, 0x00, 0x00, 0x00, 0x00, 0x00, 0x00, 0x00,
    0x00, 0x00, 0x00, 0x00, 0x00, 0x00, 0x00, 0x00, 0x00, 0x00, 0x00, 0x00, 0x00, 0x00, 0x00, 0x00, 0x00, 0x00, 0x00, 0x00, 0x00, 0x00, 0x00, 0x00,
    0x00, 0x00, 0x00, 0x00, 0x00, 0x00, 0x00, 0x00, 0x00, 0x00, 0x00, 0x00, 0x00, 0x00, 0x00, 0x00, 0x00, 0x00, 0x00, 0x00, 0x00, 0x00, 0x00, 0x00,
    0x00, 0x00, 0x00, 0x00, 0x00, 0x00, 0x00, 0x00, 0x00, 0x00, 0x00, 0x00, 0x00, 0x00, 0x00, 0x00, 0x00, 0x00, 0x00, 0x00, 0x00, 0x00, 0x00, 0x00,
    0x00, 0x00, 0x00, 0x00, 0x00, 0x00, 0x00, 0x00, 0x00, 0x00, 0x00, 0x00, 0x00, 0x00, 0x00, 0x00, 0x00, 0x00, 0x00, 0x00, 0x00, 0x00, 0x00, 0x00,
    0x00, 0x00, 0x00, 0x00, 0x00, 0x00, 0x00, 0x00, 0x00, 0x00, 0x00, 0x00, 0x00, 0x00, 0x00, 0x00, 0x00, 0x00, 0x00, 0x00, 0x00, 0x00, 0x00, 0x00,
    0x00, 0x00, 0x00, 0x00, 0x00, 0x00, 0x00, 0x00, 0x00, 0x00, 0x00, 0x00, 0x00, 0x00, 0x00, 0x00, 0x00, 0x00, 0x00, 0x00, 0x00, 0x00, 0x00, 0x00,
    0x00, 0x00, 0x00, 0x00, 0x00, 0x00, 0x00, 0x00, 0x00, 0x00, 0x00, 0x00, 0x00, 0x00, 0x00, 0x00, 0x00, 0x00, 0x00, 0x00, 0x00, 0x00, 0x00, 0x00,
    0x00, 0x00, 0x00, 0x00, 0x00, 0x00, 0x00, 0x00, 0x00, 0x00, 0x00, 0x00, 0x00, 0x00, 0x00, 0x00, 0x00, 0x00, 0x00, 0x00, 0x00, 0x00, 0x00, 0x00,
    0x00, 0x00, 0x00, 0x00, 0x00, 0x00, 0x00, 0x00, 0x00, 0x00, 0x00, 0x00, 0x00, 0x00, 0x00, 0x00, 0x00, 0x00, 0x00, 0x00, 0x00, 0x00, 0x00, 0x00,
    0x00, 0x00, 0x00, 0x00, 0x00, 0x00, 0x00, 0x00, 0x00, 0x00, 0x00, 0x00, 0x00, 0x00, 0x00, 0x00, 0x00, 0x00, 0x00, 0x00, 0x00, 0x00, 0x00, 0x00,
    0x00, 0x00, 0x00, 0x00, 0x00, 0x00, 0x00, 0x00, 0x00, 0x00, 0x00, 0x00, 0x00, 0x00, 0x00, 0x00, 0x00, 0x00, 0x00, 0x00, 0x00, 0x00, 0x00, 0x00,
    0x00, 0x00, 0x00, 0x00, 0x00, 0x00, 0x00, 0x00, 0x00, 0x00, 0x00, 0x00, 0x00, 0x00, 0x00, 0x00, 0x00, 0x00, 0x00, 0x00, 0x00, 0x00, 0x00, 0x00,
    0x00, 0x00, 0x00, 0x00, 0x00, 0x00, 0x00, 0x00, 0x00, 0x00, 0x00, 0x00, 0x00, 0x00, 0x00, 0x00, 0x00, 0x00, 0x00, 0x00, 0x00, 0x00, 0x00, 0x00,
    0x00, 0x00, 0x00, 0x00, 0x00, 0x00, 0x00, 0x00, 0x00, 0x00, 0x00, 0x00, 0x00, 0x00, 0x00, 0x00, 0x00, 0x00, 0x00, 0x00, 0x00, 0x00, 0x00, 0x00,
    0x00, 0x00, 0x00, 0x00, 0x00, 0x00, 0x00, 0x00, 0x00, 0x00, 0x00, 0x00, 0x00, 0x00, 0x00, 0x00, 0x00, 0x00, 0x00, 0x00, 0x00, 0x00, 0x00, 0x00,
    0x00, 0x00, 0x00, 0x00, 0x00, 0x00, 0x00, 0x00, 0x00, 0x00, 0x00, 0x00, 0x00, 0x00, 0x00, 0x00, 0x00, 0x00, 0x00, 0x00, 0x00, 0x00, 0x00, 0x00,
    0x00, 0x00, 0x00, 0x00, 0x78, 0x02, 0x00, 0x00, 0x00, 0xE5, 0x79, 0x8D, 0xE5, 0x79, 0x7F, 0x67, 0x7A, 0x1E, 0xAA, 0x52, 0x03, 0x00, 0x00, 0x01,
    0x00, 0x00, 0x00, 0x00, 0x00, 0x00, 0x00, 0x00, 0x00, 0x00, 0x00, 0x00, 0xAA, 0xAA, 0x06, 0x28, 0x8A, 0x12, 0x67, 0x9A, 0x14, 0xE9, 0xAA, 0x10,
    0xE7, 0xBB, 0x04, 0x88, 0x92, 0x13, 0x48, 0x92, 0x22, 0x88, 0x92, 0x22, 0x47, 0x92, 0x60, 0x88, 0x9A, 0x34, 0x27, 0x82, 0x40, 0x47, 0x8A, 0x2A,
    0x89, 0x9A, 0x28, 0x89, 0x9A, 0x2E, 0xC9, 0x92, 0x31, 0xA8, 0x92, 0x45, 0xE9, 0x9A, 0x26, 0x67, 0x8A, 0x52, 0x06, 0x7A, 0x93, 0xA7, 0x92, 0x0C,
    0xEF, 0x7B, 0x02, 0xAA, 0xAA, 0x03, 0x00, 0x00, 0x00, 0x00, 0x00, 0x00, 0x00, 0x00, 0x00, 0x00, 0x00, 0x00, 0x00, 0x00, 0x01, 0x00, 0x00, 0x00,
    0x66, 0xB2, 0x0A, 0xA5, 0x69, 0x87, 0xE6, 0x71, 0x14, 0x00, 0x00, 0x00, 0x00, 0x00, 0x01, 0x00, 0x00, 0x00, 0x00, 0x00, 0x00, 0x00, 0x00, 0x00,
    0x00, 0x00, 0x00, 0x00, 0x00, 0x00, 0x00, 0x00, 0x00, 0x00, 0x00, 0x00, 0x00, 0x00, 0x00, 0x00, 0x00, 0x00, 0x00, 0x00, 0x00, 0x00, 0x00, 0x00,
    0x00, 0x00, 0x00, 0x00, 0x00, 0x00, 0x00, 0x00, 0x00, 0x00, 0x00, 0x00, 0x00, 0x00, 0x00, 0x00, 0x00, 0x00, 0x00, 0x00, 0x00, 0x00, 0x00, 0x00,
    0x00, 0x00, 0x00, 0x00, 0x00, 0x00, 0x00, 0x00, 0x00, 0x00, 0x00, 0x00, 0x00, 0x00, 0x00, 0x00, 0x00, 0x00, 0x00, 0x00, 0x00, 0x00, 0x00, 0x00,
    0x00, 0x00, 0x00, 0x00, 0x00, 0x00, 0x00, 0x00, 0x00, 0x00, 0x00, 0x00, 0x00, 0x00, 0x00, 0x00, 0x00, 0x00, 0x00, 0x00, 0x00, 0x00, 0x00, 0x00,
    0x00, 0x00, 0x00, 0x00, 0x00, 0x00, 0x00, 0x00, 0x00, 0x00, 0x00, 0x00, 0x00, 0x00, 0x00, 0x00, 0x00, 0x00, 0x00, 0x00, 0x00, 0x00, 0x00, 0x00,
    0x00, 0x00, 0x00, 0x00, 0x00, 0x00, 0x00, 0x00, 0x00, 0xE7, 0xBB, 0x04, 0x00, 0x00, 0x01, 0x00, 0x00, 0x01, 0x00, 0x00, 0x00, 0x00, 0x00, 0x00,
    0x00, 0x00, 0x00, 0x00, 0x00, 0x00, 0x00, 0x00, 0x00, 0x00, 0x00, 0x00, 0x00, 0x00, 0x00, 0x00, 0x00, 0x00, 0x00, 0x00, 0x00, 0x00, 0x00, 0x00,
    0x00, 0x00, 0x00, 0x00, 0x00, 0x00, 0x00, 0x00, 0x00, 0x00, 0x00, 0x00, 0x00, 0x00, 0x00, 0x00, 0x00, 0x00, 0x00, 0x00, 0x00, 0x00, 0x00, 0x00,
    0x00, 0x00, 0x00, 0x00, 0x00, 0x00, 0x00, 0x00, 0x00, 0x00, 0x00, 0x00, 0x00, 0x00, 0x00, 0x00, 0x00, 0x00, 0x00, 0x00, 0x00, 0x00, 0x00, 0x00,
    0x00, 0x00, 0x00, 0x00, 0x00, 0x00, 0x00, 0x00, 0x00, 0x00, 0x00, 0x00, 0x00, 0x00, 0x00, 0x00, 0x00, 0x00, 0x27, 0xAA, 0x12, 0x2A, 0xC3, 0x2F,
    0x66, 0xB2, 0xBE, 0x83, 0xA9, 0xFF, 0x83, 0xB1, 0xFC, 0xA3, 0xB9, 0xFE, 0xA3, 0xB9, 0xFF, 0xA3, 0xB1, 0xFF, 0xA3, 0xB1, 0xFF, 0xA3, 0xB1, 0xFD,
    0xE4, 0xB1, 0xFE, 0xE9, 0xBA, 0x94, 0xE9, 0xAA, 0x30, 0x67, 0x8A, 0x10, 0x26, 0x9B, 0x05, 0x00, 0x00, 0x00, 0x00, 0x00, 0x00, 0x00, 0x00, 0x00,
    0x00, 0x00, 0x00, 0x00, 0x00, 0x00, 0x00, 0x00, 0x00, 0x00, 0x00, 0x00, 0x00, 0x00, 0x00, 0x00, 0x00, 0x00, 0x00, 0x00, 0x00, 0x00, 0x00, 0x00,
    0x00, 0x00, 0x00, 0x00, 0x00, 0x00, 0x00, 0x00, 0x00, 0x00, 0x00, 0x00, 0x00, 0x00, 0x00, 0x00, 0x00, 0x00, 0x00, 0x00, 0x00, 0x00, 0x00, 0x00,
    0x00, 0x00, 0x00, 0x00, 0x00, 0x00, 0x00, 0x00, 0x00, 0x00, 0x00, 0x00, 0x00, 0x00, 0x00, 0x00, 0x00, 0x00, 0x00, 0x00, 0x00, 0x00, 0x00, 0x00,
    0x00, 0x00, 0x00, 0x00, 0x00, 0x00, 0x00, 0x00, 0x00, 0x00, 0x00, 0x00, 0x00, 0x00, 0x00, 0x00, 0x00, 0x00, 0x00, 0x00, 0x00, 0x00, 0x00, 0x00,
    0x00, 0x00, 0x00, 0x00, 0x00, 0x00, 0x00, 0x00, 0x00, 0x00, 0x00, 0x00, 0x00, 0x00, 0x00, 0x00, 0x00, 0x00, 0x00, 0x00, 0x00, 0x00, 0x00, 0x00,
    0x00, 0x00, 0x00, 0x00, 0x00, 0x00, 0x00, 0x00, 0x00, 0x00, 0x00, 0x00, 0x00, 0x00, 0x00, 0x00, 0x00, 0x00, 0x00, 0x00, 0x00, 0x00, 0x00, 0x00,
    0x00, 0x00, 0x00, 0x00, 0x00, 0x00, 0x00, 0x00, 0x00, 0x00, 0x00, 0x00, 0x00, 0x00, 0x00, 0x00, 0x00, 0x00, 0x00, 0x00, 0x00, 0x00, 0x00, 0x00,
    0x00, 0x00, 0x00, 0x00, 0x00, 0x00, 0x00, 0x00, 0x00, 0x00, 0x00, 0x00, 0x00, 0x00, 0x00, 0x00, 0x00, 0x00, 0x00, 0x00, 0x00, 0x00, 0x00, 0x00,
    0x00, 0x00, 0x00, 0x00, 0x00, 0x00, 0x00, 0x00, 0x00, 0x00, 0x00, 0x00, 0x00, 0x00, 0x00, 0x00, 0x00, 0x00, 0x00, 0x00, 0x00, 0x00, 0x00, 0x00,
    0x00, 0x00, 0x00, 0x00, 0x00, 0x00, 0x00, 0x00, 0x00, 0x00, 0x00, 0x00, 0x00, 0x00, 0x00, 0x00, 0x00, 0x00, 0x00, 0x00, 0x00, 0x00, 0x00, 0x00,
    0x00, 0x00, 0x00, 0x00, 0x00, 0x00, 0x00, 0x00, 0x00, 0x00, 0x00, 0x00, 0x00, 0x00, 0x00, 0x00, 0x00, 0x00, 0x00, 0x00, 0x00, 0x00, 0x00, 0x00,
    0x00, 0x00, 0x00, 0x00, 0x00, 0x00, 0x00, 0x00, 0x00, 0x00, 0x00, 0x00, 0x00, 0x00, 0x00, 0x00, 0x00, 0x00, 0x00, 0x00, 0x00, 0x00, 0x00, 0x00,
    0x00, 0x00, 0x00, 0x00, 0x00, 0x00, 0x00, 0x00, 0x00, 0x00, 0x00, 0x00, 0x00, 0x00, 0x00, 0x00, 0x00, 0x00, 0x00, 0x00, 0x00, 0x00, 0x00, 0x00,
    0x00, 0x00, 0x00, 0x00, 0x00, 0x00, 0x00, 0x00, 0x00, 0x00, 0x00, 0x00, 0x00, 0x00, 0x00, 0x00, 0x00, 0x00, 0x00, 0x00, 0x00, 0x00, 0x00, 0x00,
    0x00, 0x00, 0x00, 0x00, 0x00, 0x00, 0x00, 0x00, 0x00, 0x00, 0x00, 0x00, 0x00, 0x00, 0x00, 0x00, 0x00, 0x00, 0x00, 0x00, 0x00, 0x00, 0x00, 0x00,
    0x00, 0x00, 0x00, 0x00, 0x00, 0x00, 0x00, 0x00, 0x00, 0x00, 0x00, 0x00, 0x00, 0x00, 0x00, 0x00, 0x00, 0x00, 0x00, 0x00, 0x00, 0x00, 0x00, 0x00,
    0x00, 0x00, 0x00, 0x00, 0x00, 0x00, 0x00, 0x00, 0x00, 0x00, 0x00, 0x00, 0x00, 0x00, 0x00, 0x00, 0x00, 0x00, 0x00, 0x00, 0x00, 0x00, 0x00, 0x00,
    0x00, 0x00, 0x00, 0x00, 0x00, 0x00, 0x00, 0x00, 0x00, 0x00, 0x00, 0x00, 0x00, 0x00, 0x00, 0x00, 0x00, 0x00, 0x00, 0x00, 0x00, 0x00, 0x00, 0x00,
    0x00, 0x00, 0x00, 0x00, 0x00, 0x00, 0x00, 0x00, 0x00, 0x00, 0x00, 0x00, 0x00, 0x00, 0x00, 0x00, 0x00, 0x00, 0x00, 0x00, 0x00, 0x00, 0x00, 0x00,
    0x00, 0x00, 0x00, 0x00, 0x00, 0x00, 0x00, 0x00, 0x00, 0x00, 0x00, 0x00, 0x00, 0x00, 0x00, 0x00, 0x00, 0x00, 0x00, 0x00, 0x00, 0x00, 0x00, 0x00,
    0x00, 0x00, 0x00, 0x00, 0x00, 0x00, 0x00, 0x00, 0x00, 0x00, 0x00, 0x00, 0x00, 0x00, 0x00, 0x00, 0x00, 0x00, 0x00, 0x00, 0x00, 0x00, 0x00, 0x00,
    0x00, 0x00, 0x00, 0x00, 0x00, 0x00, 0x00, 0x00, 0x00, 0x00, 0x00, 0x00, 0x00, 0x00, 0x00, 0x00, 0x00, 0x00, 0x00, 0x00, 0x00, 0x00, 0x00, 0x00,
    0x00, 0x00, 0x00, 0x00, 0x00, 0x00, 0x00, 0x00, 0x00, 0x00, 0x00, 0x00, 0x00, 0x00, 0x00, 0x00, 0x00, 0x00, 0x00, 0x00, 0x00, 0x00, 0x00, 0x00,
    0x00, 0x00, 0x00, 0x00, 0x00, 0x00, 0x00, 0x00, 0x00, 0x00, 0x00, 0x00, 0x00, 0x00, 0x00, 0x00, 0x00, 0x00, 0x00, 0x00, 0x00, 0x00, 0x00, 0x00,
    0x00, 0x00, 0x00, 0x00, 0x00, 0x00, 0x00, 0x00, 0x00, 0x00, 0x00, 0x00, 0x00, 0x78, 0x02, 0x00, 0x78, 0x02, 0x00, 0x00, 0x00, 0x00, 0x00, 0x00,
    0x00, 0x00, 0x00, 0x00, 0x00, 0x00, 0x00, 0x00, 0x00, 0x00, 0x00, 0x00, 0x00, 0x00, 0x00, 0x00, 0x00, 0x00, 0x00, 0x00, 0x00, 0x00, 0x00, 0x00,
    0x00, 0x00, 0x00, 0x00, 0x00, 0x00, 0x00, 0x00, 0x00, 0x00, 0x00, 0x00, 0x00, 0x00, 0x00, 0x00, 0x00, 0x00, 0x00, 0x00, 0x00, 0x00, 0x00, 0x00,
    0x00, 0x00, 0x00, 0x00, 0x00, 0x00, 0x00, 0x00, 0x00, 0x00, 0x00, 0x00, 0x00, 0x00, 0x00, 0x00, 0x00, 0x00, 0x00, 0x00, 0x00, 0x00, 0x00, 0x00,
    0x00, 0x00, 0x00, 0x00, 0x00, 0x00, 0x00, 0x00, 0x00, 0x00, 0x00, 0x00, 0x00, 0x00, 0x00, 0x00, 0x00, 0x00, 0x00, 0x00, 0x00, 0x00, 0x00, 0x00,
    0x00, 0x00, 0x00, 0x00, 0x00, 0x00, 0x00, 0x00, 0x00, 0x86, 0x61, 0x05, 0xAA, 0xAA, 0x03, 0x00, 0x00, 0x01, 0x00, 0x00, 0x00, 0x05, 0x82, 0x3B,
    0x06, 0x82, 0x35, 0x00, 0x00, 0x00, 0x00, 0x00, 0x01, 0x00, 0x00, 0x00, 0x00, 0x00, 0x00, 0x00, 0x00, 0x00, 0x00, 0x00, 0x00, 0x00, 0x00, 0x00,
    0xAA, 0xAA, 0x03, 0x47, 0x92, 0x11, 0x88, 0x92, 0x23, 0x67, 0x92, 0x38, 0x67, 0x92, 0x58, 0xA8, 0x9A, 0x2D, 0x87, 0x9A, 0x34, 0x88, 0x9A, 0x3F,
    0x88, 0x9A, 0x3F, 0x88, 0x9A, 0x57, 0xEA, 0xA2, 0x16, 0xC9, 0xA2, 0x41, 0xA9, 0x9A, 0x3A, 0x88, 0x9A, 0x28, 0xC8, 0x9A, 0x37, 0x67, 0x92, 0x45,
    0x47, 0x9A, 0xA8, 0x88, 0x9A, 0x3F, 0x47, 0x8A, 0x2C, 0x68, 0x8A, 0x42, 0x68, 0x8A, 0x1E, 0x00, 0xF8, 0x01, 0xAA, 0xAA, 0x03, 0x00, 0x00, 0x00,
    0x00, 0x00, 0x00, 0x00, 0x00, 0x00, 0x00, 0x00, 0x00, 0x00, 0x00, 0x00, 0x86, 0x99, 0x05, 0xA5, 0x79, 0x2E, 0x45, 0x79, 0x06, 0x00, 0x00, 0x00,
    0x00, 0x00, 0x00, 0x00, 0x00, 0x00, 0x00, 0x00, 0x00, 0x00, 0x00, 0x00, 0x00, 0x00, 0x01, 0x00, 0x00, 0x00, 0xC5, 0x69, 0x16, 0x06, 0x7A, 0x4D,
    0x44, 0x6A, 0x07, 0x00, 0x00, 0x00, 0x00, 0x00, 0x00, 0x00, 0x00, 0x00, 0x00, 0x00, 0x00, 0x00, 0x00, 0x00, 0x00, 0x00, 0x00, 0x00, 0x00, 0x00,
    0x00, 0x00, 0x00, 0x00, 0x00, 0x00, 0x00, 0x00, 0x00, 0x00, 0x00, 0x00, 0x00, 0x00, 0x00, 0x00, 0x00, 0x00, 0x00, 0x00, 0x00, 0x00, 0x00, 0x00,
    0x00, 0x00, 0x00, 0x00, 0x00, 0x00, 0x00, 0x00, 0x00, 0x00, 0x00, 0x00, 0x00, 0x00, 0x00, 0x00, 0x00, 0x00, 0x00, 0x00, 0x00, 0x00, 0x00, 0x00,
    0x00, 0x00, 0x00, 0x00, 0x00, 0x00, 0x00, 0x00, 0x00, 0x00, 0x00, 0x00, 0x00, 0x00, 0x00, 0x00, 0x00, 0x00, 0x00, 0x00, 0x00, 0x00, 0x00, 0x00,
    0x00, 0x00, 0x00, 0x00, 0x00, 0x00, 0x00, 0x00, 0x00, 0x00, 0x00, 0x00, 0x00, 0x00, 0x00, 0x00, 0x00, 0x00, 0xEF, 0x7B, 0x02, 0x26, 0x6A, 0x4E,
    0x67, 0x7A, 0x10, 0x00, 0x00, 0x00, 0x00, 0x00, 0x01, 0x00, 0x00, 0x00, 0x00, 0x00, 0x00, 0x00, 0x00, 0x00, 0x00, 0x00, 0x00, 0x00, 0x00, 0x00,
    0x00, 0x00, 0x00, 0x00, 0x00, 0x00, 0x00, 0x00, 0x00, 0x00, 0x00, 0x00, 0x00, 0x00, 0x00, 0x00, 0x00, 0x00, 0x00, 0x00, 0x00, 0x00, 0x00, 0x00,
    0x00, 0x00, 0x00, 0x00, 0x00, 0x00, 0x00, 0x00, 0x00, 0x00, 0x00, 0x00, 0x00, 0x00, 0x00, 0x00, 0x00, 0x00, 0x00, 0x00, 0x00, 0x00, 0x00, 0x00,
    0x00, 0x00, 0x00, 0x00, 0x00, 0x00, 0x00, 0x00, 0x00, 0x00, 0x00, 0x00, 0x00, 0x00, 0x00, 0x00, 0x00, 0x00, 0x00, 0x00, 0x00, 0x00, 0x00, 0x00,
    0x00, 0xF8, 0x01, 0x00, 0x00, 0x00, 0xC9, 0xB2, 0x27, 0x46, 0xB2, 0xAE, 0xC4, 0xB1, 0xFF, 0xA3, 0xB1, 0xFD, 0xA3, 0xB1, 0xFF, 0xA3, 0xB9, 0xFF,
    0xA3, 0xB9, 0xFF, 0xA3, 0xB1, 0xFF, 0xA3, 0xB1, 0xFF, 0xA3, 0xB1, 0xFE, 0xC4, 0xB9, 0xFF, 0x67, 0xB2, 0xE6, 0x2A, 0xBB, 0x5D, 0xA7, 0x9A, 0x15,
    0xE7, 0x7B, 0x04, 0x00, 0x00, 0x00, 0x00, 0x00, 0x00, 0x00, 0x00, 0x00, 0x00, 0x00, 0x00, 0x00, 0x00, 0x00, 0x00, 0x00, 0x00, 0x00, 0x00, 0x00,
    0x00, 0x00, 0x00, 0x00, 0x00, 0x00, 0x00, 0x00, 0x00, 0x00, 0x00, 0x00, 0x00, 0x00, 0x00, 0x00, 0x00, 0x00, 0x00, 0x00, 0x00, 0x00, 0x00, 0x00,
    0x00, 0x00, 0x00, 0x00, 0x00, 0x00, 0x00, 0x00, 0x00, 0x00, 0x00, 0x00, 0x00, 0x00, 0x00, 0x00, 0x00, 0x00, 0x00, 0x00, 0x00, 0x00, 0x00, 0x00,
    0x00, 0x00, 0x00, 0x00, 0x00, 0x00, 0x00, 0x00, 0x00, 0x00, 0x00, 0x00, 0x00, 0x00, 0x00, 0x00, 0x00, 0x00, 0x00, 0x00, 0x00, 0x00, 0x00, 0x00,
    0x00, 0x00, 0x00, 0x00, 0x00, 0x00, 0x00, 0x00, 0x00, 0x00, 0x00, 0x00, 0x00, 0x00, 0x00, 0x00, 0x00, 0x00, 0x00, 0x00, 0x00, 0x00, 0x00, 0x00,
    0x00, 0x00, 0x00, 0x00, 0x00, 0x00, 0x00, 0x00, 0x00, 0x00, 0x00, 0x00, 0x00, 0x00, 0x00, 0x00, 0x00, 0x00, 0x00, 0x00, 0x00, 0x00, 0x00, 0x00,
    0x00, 0x00, 0x00, 0x00, 0x00, 0x00, 0x00, 0x00, 0x00, 0x00, 0x00, 0x00, 0x00, 0x00, 0x00, 0x00, 0x00, 0x00, 0x00, 0x00, 0x00, 0x00, 0x00, 0x00,
    0x00, 0x00, 0x00, 0x00, 0x00, 0x00, 0x00, 0x00, 0x00, 0x00, 0x00, 0x00, 0x00, 0x00, 0x00, 0x00, 0x00, 0x00, 0x00, 0x00, 0x00, 0x00, 0x00, 0x00,
    0x00, 0x00, 0x00, 0x00, 0x00, 0x00, 0x00, 0x00, 0x00, 0x00, 0x00, 0x00, 0x00, 0x00, 0x00, 0x00, 0x00, 0x00, 0x00, 0x00, 0x00, 0x00, 0x00, 0x00,
    0x00, 0x00, 0x00, 0x00, 0x00, 0x00, 0x00, 0x00, 0x00, 0x00, 0x00, 0x00, 0x00, 0x00, 0x00, 0x00, 0x00, 0x00, 0x00, 0x00, 0x00, 0x00, 0x00, 0x00,
    0x00, 0x00, 0x00, 0x00, 0x00, 0x00, 0x00, 0x00, 0x00, 0x00, 0x00, 0x00, 0x00, 0x00, 0x00, 0x00, 0x00, 0x00, 0x00, 0x00, 0x00, 0x00, 0x00, 0x00,
    0x00, 0x00, 0x00, 0x00, 0x00, 0x00, 0x00, 0x00, 0x00, 0x00, 0x00, 0x00, 0x00, 0x00, 0x00, 0x00, 0x00, 0x00, 0x00, 0x00, 0x00, 0x00, 0x00, 0x00,
    0x00, 0x00, 0x00, 0x00, 0x00, 0x00, 0x00, 0x00, 0x00, 0x00, 0x00, 0x00, 0x00, 0x00, 0x00, 0x00, 0x00, 0x00, 0x00, 0x00, 0x00, 0x00, 0x00, 0x00,
    0x00, 0x00, 0x00, 0x00, 0x00, 0x00, 0x00, 0x00, 0x00, 0x00, 0x00, 0x00, 0x00, 0x00, 0x00, 0x00, 0x00, 0x00, 0x00, 0x00, 0x00, 0x00, 0x00, 0x00,
    0x00, 0x00, 0x00, 0x00, 0x00, 0x00, 0x00, 0x00, 0x00, 0x00, 0x00, 0x00, 0x00, 0x00, 0x00, 0x00, 0x00, 0x00, 0x00, 0x00, 0x00, 0x00, 0x00, 0x00,
    0x00, 0x00, 0x00, 0x00, 0x00, 0x00, 0x00, 0x00, 0x00, 0x00, 0x00, 0x00, 0x00, 0x00, 0x00, 0x00, 0x00, 0x00, 0x00, 0x00, 0x00, 0x00, 0x00, 0x00,
    0x00, 0x00, 0x00, 0x00, 0x00, 0x00, 0x00, 0x00, 0x00, 0x00, 0x00, 0x00, 0x00, 0x00, 0x00, 0x00, 0x00, 0x00, 0x00, 0x00, 0x00, 0x00, 0x00, 0x00,
    0x00, 0x00, 0x00, 0x00, 0x00, 0x00, 0x00, 0x00, 0x00, 0x00, 0x00, 0x00, 0x00, 0x00, 0x00, 0x00, 0x00, 0x00, 0x00, 0x00, 0x00, 0x00, 0x00, 0x00,
    0x00, 0x00, 0x00, 0x00, 0x00, 0x00, 0x00, 0x00, 0x00, 0x00, 0x00, 0x00, 0x00, 0x00, 0x00, 0x00, 0x00, 0x00, 0x00, 0x00, 0x00, 0x00, 0x00, 0x00,
    0x00, 0x00, 0x00, 0x00, 0x00, 0x00, 0x00, 0x00, 0x00, 0x00, 0x00, 0x00, 0x00, 0x00, 0x00, 0x00, 0x00, 0x00, 0x00, 0x00, 0x00, 0x00, 0x00, 0x00,
    0x00, 0x00, 0x00, 0x00, 0x00, 0x00, 0x00, 0x00, 0x00, 0x00, 0x00, 0x00, 0x00, 0x00, 0x00, 0x00, 0x00, 0x00, 0x00, 0x00, 0x00, 0x00, 0x00, 0x00,
    0x00, 0x00, 0x00, 0x00, 0x00, 0x00, 0x00, 0x00, 0x00, 0x00, 0x00, 0x00, 0x00, 0x00, 0x00, 0x00, 0x00, 0x00, 0x00, 0x00, 0x00, 0x00, 0x00, 0x00,
    0x00, 0x00, 0x00, 0x00, 0x00, 0x00, 0x00, 0x00, 0x00, 0x00, 0x00, 0x00, 0x00, 0x00, 0x00, 0x00, 0x00, 0x00, 0x00, 0x00, 0x00, 0x00, 0x00, 0x00,
    0x00, 0x00, 0x00, 0x00, 0x00, 0x00, 0x00, 0x00, 0x00, 0x00, 0x00, 0x00, 0x00, 0x00, 0x00, 0x00, 0x00, 0x00, 0x00, 0x00, 0x00, 0x00, 0x00, 0x00,
    0x00, 0x00, 0x00, 0x00, 0x00, 0x00, 0x00, 0x00, 0x00, 0x00, 0x00, 0x00, 0x00, 0x00, 0x00, 0x00, 0x00, 0x00, 0x00, 0x00, 0x00, 0x00, 0x00, 0x00,
    0x00, 0x00, 0x00, 0x00, 0x00, 0x00, 0x00, 0x00, 0x00, 0x00, 0x00, 0x00, 0x00, 0x00, 0x00, 0x00, 0x00, 0x00, 0x00, 0x00, 0x00, 0x00, 0x00, 0x00,
    0x00, 0x00, 0x00, 0x00, 0x00, 0x00, 0x00, 0x00, 0x00, 0x00, 0x00, 0x00, 0x00, 0x00, 0x00, 0x00, 0x00, 0x00, 0x00, 0x00, 0x00, 0x00, 0x00, 0x00,
    0x00, 0x00, 0x00, 0x00, 0x00, 0x00, 0x00, 0x00, 0x00, 0x00, 0x00, 0x00, 0x00, 0x00, 0x00, 0x00, 0x00, 0x00, 0x00, 0x00, 0x00, 0x00, 0x00, 0x00,
    0x00, 0x00, 0x00, 0x00, 0x00, 0x00, 0x00, 0x00, 0x00, 0x00, 0x00, 0x00, 0x00, 0x00, 0x00, 0x00, 0x00, 0x00, 0x00, 0x00, 0x00, 0x00, 0x00, 0x00,
    0x00, 0x00, 0x00, 0x00, 0x00, 0x00, 0x00, 0x00, 0x00, 0x00, 0x00, 0x00, 0x00, 0x00, 0x00, 0x00, 0x00, 0x00, 0x00, 0x00, 0x00, 0xA7, 0x7A, 0x0C,
    0xE7, 0x79, 0x08, 0x00, 0x00, 0x00, 0x00, 0x00, 0x00, 0x00, 0x00, 0x00, 0x00, 0x00, 0x00, 0xFF, 0xFF, 0x01, 0xA7, 0x8A, 0x09, 0xE8, 0x8A, 0x0B,
    0x00, 0x00, 0x00, 0x00, 0x00, 0x00, 0x00, 0x00, 0x00, 0xEF, 0x7B, 0x02, 0x0A, 0x50, 0x03, 0xC9, 0xA2, 0x0E, 0x88, 0x92, 0x3B, 0x68, 0x92, 0x3E,
    0x67, 0x92, 0x68, 0xA8, 0xA2, 0x20, 0x88, 0x9A, 0x5A, 0xC8, 0xAA, 0x68, 0xC9, 0xAA, 0x58, 0x09, 0xB3, 0x6F, 0xC9, 0xAA, 0x78, 0xE9, 0xAA, 0x7B,
    0xC8, 0xAA, 0x6B, 0x09, 0xB3, 0x3A, 0xC9, 0xA2, 0x51, 0xA8, 0xA2, 0x52, 0x26, 0x92, 0xA8, 0xE8, 0x9A, 0x20, 0xE8, 0x9A, 0x1E, 0x68, 0x8A, 0x41,
    0x48, 0x8A, 0x2F, 0x88, 0x9A, 0x19, 0xA8, 0x9A, 0x0F, 0x00, 0xF8, 0x01, 0x00, 0x00, 0x01, 0x00, 0x00, 0x00, 0xA0, 0x52, 0x03, 0x00, 0x00, 0x00,
    0x00, 0x00, 0x00, 0x00, 0x00, 0x00, 0x00, 0x00, 0x00, 0x00, 0x00, 0x00, 0x00, 0x00, 0x00, 0x00, 0x00, 0x00, 0x00, 0x00, 0x00, 0x00, 0x00, 0x00,
    0x00, 0x00, 0x01, 0x00, 0x00, 0x00, 0x84, 0x69, 0x15, 0x06, 0x72, 0x42, 0x28, 0x8A, 0x0B, 0x00, 0x00, 0x00, 0x00, 0x00, 0x00, 0x00, 0x00, 0x00,
    0x00, 0x00, 0x00, 0x00, 0x00, 0x00, 0x00, 0x00, 0x00, 0x00, 0x00, 0x00, 0x00, 0x00, 0x00, 0x00, 0x00, 0x00, 0x00, 0x00, 0x00, 0x00, 0x00, 0x00,
    0x00, 0x00, 0x00, 0x00, 0x00, 0x00, 0x00, 0x00, 0x00, 0x00, 0x00, 0x00, 0x00, 0x00, 0x00, 0x00, 0x00, 0x00, 0x00, 0x00, 0x00, 0x00, 0x00, 0x00,
    0x00, 0x00, 0x00, 0x00, 0x00, 0x00, 0x00, 0x00, 0x00, 0x00, 0x00, 0x00, 0x00, 0x00, 0x00, 0x00, 0x00, 0x00, 0x00, 0x00, 0x00, 0x00, 0x00, 0x00,
    0x00, 0x00, 0x00, 0x00, 0x00, 0x00, 0x00, 0x00, 0x00, 0x00, 0x00, 0x00, 0x00, 0x00, 0x00, 0x00, 0x00, 0x00, 0x00, 0x00, 0x00, 0x00, 0x00, 0x00,
    0x00, 0xF8, 0x01, 0x00, 0x78, 0x02, 0xE0, 0x7B, 0x02, 0x86, 0x61, 0x05, 0xAA, 0xAA, 0x03, 0x00, 0x00, 0x00, 0x00, 0x00, 0x00, 0x00, 0x00, 0x00,
    0x00, 0x00, 0x00, 0x00, 0x00, 0x00, 0x00, 0x00, 0x00, 0x00, 0x00, 0x00, 0x00, 0x00, 0x00, 0x00, 0x00, 0x01, 0x00, 0x00, 0x01, 0x00, 0x00, 0x00,
    0x00, 0x00, 0x00, 0x00, 0x00, 0x00, 0x00, 0x00, 0x00, 0x00, 0x00, 0x00, 0x00, 0x00, 0x00, 0x00, 0x00, 0x00, 0x00, 0x00, 0x00, 0x00, 0x00, 0x00,
    0x00, 0x00, 0x00, 0x00, 0x00, 0x00, 0x00, 0x00, 0x00, 0x00, 0x00, 0x00, 0x00, 0x00, 0x00, 0x00, 0x00, 0x00, 0x00, 0x00, 0x00, 0x00, 0x00, 0x00,
    0x00, 0x00, 0x00, 0x00, 0x00, 0x00, 0x00, 0x00, 0x00, 0x00, 0xF8, 0x01, 0x00, 0x00, 0x00, 0x27, 0xA2, 0x19, 0xA8, 0xB2, 0x6D, 0xC4, 0xA9, 0xFE,
    0x83, 0xB9, 0xFF, 0xA3, 0xB9, 0xFE, 0xA3, 0xB9, 0xFF, 0xA3, 0xB9, 0xFF, 0xA3, 0xB9, 0xFF, 0xA3, 0xB9, 0xFF, 0xA3, 0xB9, 0xFF, 0xA3, 0xB9, 0xFF,
    0xA3, 0xB9, 0xFF, 0x67, 0xBA, 0xFA, 0x0A, 0xBB, 0x80, 0x88, 0x9A, 0x19, 0x1F, 0xF8, 0x01, 0x00, 0x00, 0x01, 0x00, 0x00, 0x00, 0x00, 0x00, 0x00,
    0x00, 0x00, 0x00, 0x00, 0x00, 0x00, 0x00, 0x00, 0x00, 0x00, 0x00, 0x00, 0x00, 0x00, 0x00, 0x00, 0x00, 0x00, 0x00, 0x00, 0x00, 0x00, 0x00, 0x00,
    0x00, 0x00, 0x00, 0x00, 0x00, 0x00, 0x00, 0x00, 0x00, 0x00, 0x00, 0x00, 0x00, 0x00, 0x00, 0x00, 0x00, 0x00, 0x00, 0x00, 0x00, 0x00, 0x00, 0x00,
    0x00, 0x00, 0x00, 0x00, 0x00, 0x00, 0x00, 0x00, 0x00, 0x00, 0x00, 0x00, 0x00, 0x00, 0x00, 0x00, 0x00, 0x00, 0x00, 0x00, 0x00, 0x00, 0x00, 0x00,
    0x00, 0x00, 0x00, 0x00, 0x00, 0x00, 0x00, 0x00, 0x00, 0x00, 0x00, 0x00, 0x00, 0x00, 0x00, 0x00, 0x00, 0x00, 0x00, 0x00, 0x00, 0x00, 0x00, 0x00,
    0x00, 0x00, 0x00, 0x00, 0x00, 0x00, 0x00, 0x00, 0x00, 0x00, 0x00, 0x00, 0x00, 0x00, 0x00, 0x00, 0x00, 0x00, 0x00, 0x00, 0x00, 0x00, 0x00, 0x00,
    0x00, 0x00, 0x00, 0x00, 0x00, 0x00, 0x00, 0x00, 0x00, 0x00, 0x00, 0x00, 0x00, 0x00, 0x00, 0x00, 0x00, 0x00, 0x00, 0x00, 0x00, 0x00, 0x00, 0x00,
    0x00, 0x00, 0x00, 0x00, 0x00, 0x00, 0x00, 0x00, 0x00, 0x00, 0x00, 0x00, 0x00, 0x00, 0x00, 0x00, 0x00, 0x00, 0x00, 0x00, 0x00, 0x00, 0x00, 0x00,
    0x00, 0x00, 0x00, 0x00, 0x00, 0x00, 0x00, 0x00, 0x00, 0x00, 0x00, 0x00, 0x00, 0x00, 0x00, 0x00, 0x00, 0x00, 0x00, 0x00, 0x00, 0x00, 0x00, 0x00,
    0x00, 0x00, 0x00, 0x00, 0x00, 0x00, 0x00, 0x00, 0x00, 0x00, 0x00, 0x00, 0x00, 0x00, 0x00, 0x00, 0x00, 0x00, 0x00, 0x00, 0x00, 0x00, 0x00, 0x00,
    0x00, 0x00, 0x00, 0x00, 0x00, 0x00, 0x00, 0x00, 0x00, 0x00, 0x00, 0x00, 0x00, 0x00, 0x00, 0x00, 0x00, 0x00, 0x00, 0x00, 0x00, 0x00, 0x00, 0x00,
    0x00, 0x00, 0x00, 0x00, 0x00, 0x00, 0x00, 0x00, 0x00, 0x00, 0x00, 0x00, 0x00, 0x00, 0x00, 0x00, 0x00, 0x00, 0x00, 0x00, 0x00, 0x00, 0x00, 0x00,
    0x00, 0x00, 0x00, 0x00, 0x00, 0x00, 0x00, 0x00, 0x00, 0x00, 0x00, 0x00, 0x00, 0x00, 0x00, 0x00, 0x00, 0x00, 0x00, 0x00, 0x00, 0x00, 0x00, 0x00,
    0x00, 0x00, 0x00, 0x00, 0x00, 0x00, 0x00, 0x00, 0x00, 0x00, 0x00, 0x00, 0x00, 0x00, 0x00, 0x00, 0x00, 0x00, 0x00, 0x00, 0x00, 0x00, 0x00, 0x00,
    0x00, 0x00, 0x00, 0x00, 0x00, 0x00, 0x00, 0x00, 0x00, 0x00, 0x00, 0x00, 0x00, 0x00, 0x00, 0x00, 0x00, 0x00, 0x00, 0x00, 0x00, 0x00, 0x00, 0x00,
    0x00, 0x00, 0x00, 0x00, 0x00, 0x00, 0x00, 0x00, 0x00, 0x00, 0x00, 0x00, 0x00, 0x00, 0x00, 0x00, 0x00, 0x00, 0x00, 0x00, 0x00, 0x00, 0x00, 0x00,
    0x00, 0x00, 0x00, 0x00, 0x00, 0x00, 0x00, 0x00, 0x00, 0x00, 0x00, 0x00, 0x00, 0x00, 0x00, 0x00, 0x00, 0x00, 0x00, 0x00, 0x00, 0x00, 0x00, 0x00,
    0x00, 0x00, 0x00, 0x00, 0x00, 0x00, 0x00, 0x00, 0x00, 0x00, 0x00, 0x00, 0x00, 0x00, 0x00, 0x00, 0x00, 0x00, 0x00, 0x00, 0x00, 0x00, 0x00, 0x00,
    0x00, 0x00, 0x00, 0x00, 0x00, 0x00, 0x00, 0x00, 0x00, 0x00, 0x00, 0x00, 0x00, 0x00, 0x00, 0x00, 0x00, 0x00, 0x00, 0x00, 0x00, 0x00, 0x00, 0x00,
    0x00, 0x00, 0x00, 0x00, 0x00, 0x00, 0x00, 0x00, 0x00, 0x00, 0x00, 0x00, 0x00, 0x00, 0x00, 0x00, 0x00, 0x00, 0x00, 0x00, 0x00, 0x00, 0x00, 0x00,
    0x00, 0x00, 0x00, 0x00, 0x00, 0x00, 0x00, 0x00, 0x00, 0x00, 0x00, 0x00, 0x00, 0x00, 0x00, 0x00, 0x00, 0x00, 0x00, 0x00, 0x00, 0x00, 0x00, 0x00,
    0x00, 0x00, 0x00, 0x00, 0x00, 0x00, 0x00, 0x00, 0x00, 0x00, 0x00, 0x00, 0x00, 0x00, 0x00, 0x00, 0x00, 0x00, 0x00, 0x00, 0x00, 0x00, 0x00, 0x00,
    0x00, 0x00, 0x00, 0x00, 0x00, 0x00, 0x00, 0x00, 0x00, 0x00, 0x00, 0x00, 0x00, 0x00, 0x00, 0x00, 0x00, 0x00, 0x00, 0x00, 0x00, 0x00, 0x00, 0x00,
    0x00, 0x00, 0x00, 0x00, 0x00, 0x00, 0x00, 0x00, 0x00, 0x00, 0x00, 0x00, 0x00, 0x00, 0x00, 0x00, 0x00, 0x00, 0x00, 0x00, 0x00, 0x00, 0x00, 0x00,
    0x00, 0x00, 0x00, 0x00, 0x00, 0x00, 0x00, 0x00, 0x00, 0x00, 0x00, 0x00, 0x00, 0x00, 0x00, 0x00, 0x00, 0x00, 0x00, 0x00, 0x00, 0x00, 0x00, 0x00,
    0x00, 0x00, 0x00, 0x00, 0x00, 0x00, 0x00, 0x00, 0x00, 0xFF, 0x07, 0x01, 0x05, 0x8A, 0x7A, 0xE5, 0x81, 0x4C, 0x00, 0x00, 0x00, 0x00, 0x78, 0x02,
    0x00, 0x00, 0x00, 0x00, 0x00, 0x00, 0x00, 0x00, 0x00, 0x00, 0x00, 0x00, 0x00, 0x00, 0x00, 0x00, 0x00, 0x00, 0x00, 0x00, 0x00, 0x00, 0x00, 0x00,
    0x00, 0x00, 0x00, 0x00, 0x00, 0x00, 0x00, 0x00, 0x00, 0x00, 0x00, 0x00, 0x00, 0x00, 0x00, 0x00, 0x00, 0x00, 0x00, 0x00, 0x00, 0x00, 0x00, 0x00,
    0x00, 0x00, 0x00, 0x00, 0x00, 0x00, 0x00, 0x00, 0x00, 0x00, 0x00, 0x00, 0x00, 0x00, 0x00, 0x00, 0x00, 0x00, 0x00, 0x00, 0x00, 0x00, 0x00, 0x00,
    0x00, 0x00, 0x00, 0x00, 0x00, 0x00, 0x00, 0x00, 0x00, 0x00, 0x00, 0x00, 0x00, 0x00, 0x00, 0x00, 0x00, 0x00, 0x00, 0x00, 0x00, 0x00, 0x00, 0x00,
    0x00, 0x00, 0x00, 0x00, 0x00, 0x00, 0x00, 0x00, 0x00, 0x00, 0x00, 0x00, 0x00, 0x00, 0x00, 0x00, 0x00, 0x00, 0x00, 0x00, 0x00, 0x45, 0x79, 0x06,
    0x46, 0x7A, 0x0E, 0x00, 0x00, 0x00, 0xE7, 0x79, 0x04, 0x67, 0x8A, 0x0D, 0xA7, 0x8A, 0x09, 0x00, 0x00, 0x00, 0xA7, 0x92, 0x0C, 0x49, 0x7A, 0x0E,
    0x67, 0x8A, 0x10, 0x67, 0x92, 0x70, 0x88, 0x9A, 0x75, 0xA8, 0xA2, 0x67, 0x88, 0xA2, 0x59, 0x88, 0xA2, 0x62, 0xC9, 0xAA, 0x5C, 0x46, 0xAA, 0x8C,
    0xE5, 0xA1, 0xF0, 0xA8, 0xB2, 0xA9, 0x09, 0xB3, 0x9D, 0x29, 0xBB, 0x98, 0x87, 0xAA, 0xD5, 0x26, 0x9A, 0xC2, 0xC9, 0xAA, 0x78, 0x67, 0xA2, 0xC3,
    0x2A, 0xBB, 0x6D, 0xC8, 0xA2, 0x49, 0xA8, 0x9A, 0x4E, 0xA8, 0x9A, 0x52, 0xA8, 0x9A, 0x12, 0x88, 0x8A, 0x39, 0x88, 0x92, 0x66, 0xA8, 0x92, 0x24,
    0x00, 0xF8, 0x01, 0x0F, 0x78, 0x02, 0x00, 0x00, 0x00, 0xC9, 0x92, 0x0E, 0x47, 0x82, 0x35, 0x00, 0xF8, 0x02, 0x00, 0x00, 0x00, 0x00, 0x00, 0x00,
    0x00, 0x00, 0x00, 0x00, 0x00, 0x00, 0x00, 0x00, 0x00, 0x00, 0x00, 0x00, 0x00, 0x00, 0x00, 0x00, 0x00, 0x00, 0x00, 0x00, 0x00, 0x00, 0x00, 0x00,
    0x00, 0x00, 0x00, 0x00, 0x00, 0x00, 0x00, 0x00, 0x00, 0x00, 0x00, 0x00, 0x00, 0x00, 0x00, 0x00, 0x00, 0x00, 0x00, 0x00, 0x00, 0x00, 0x00, 0x00,
    0x00, 0x00, 0x00, 0x00, 0x00, 0x00, 0x00, 0x00, 0x00, 0x00, 0x00, 0x00, 0x00, 0x00, 0x00, 0x00, 0x00, 0x00, 0x00, 0x00, 0x00, 0x00, 0x00, 0x00,
    0x00, 0x00, 0x00, 0x00, 0x00, 0x00, 0x00, 0x00, 0x00, 0x00, 0x00, 0x00, 0x00, 0x00, 0x00, 0x00, 0x00, 0x00, 0x00, 0x00, 0x00, 0x00, 0x00, 0x00,
    0x00, 0x00, 0x00, 0x00, 0x00, 0x00, 0x00, 0x00, 0x00, 0x00, 0x00, 0x00, 0x00, 0x00, 0x00, 0x00, 0x00, 0x00, 0x00, 0x00, 0x00, 0x00, 0x00, 0x00,
    0x00, 0x00, 0x00, 0x00, 0x00, 0x00, 0x00, 0x00, 0x00, 0x00, 0x00, 0x00, 0xE0, 0xFF, 0x01, 0x00, 0xF8, 0x01, 0xAA, 0x7A, 0x06, 0x67, 0x7A, 0x14,
    0x00, 0x00, 0x00, 0x00, 0x00, 0x00, 0x00, 0x00, 0x00, 0x00, 0x00, 0x00, 0x00, 0x00, 0x00, 0x00, 0x00, 0x00, 0x00, 0x00, 0x00, 0x00, 0x00, 0x00,
    0x00, 0x00, 0x00, 0x00, 0x00, 0x00, 0x00, 0x00, 0x00, 0x00, 0x00, 0x00, 0x00, 0x00, 0x00, 0x00, 0x00, 0x00, 0x00, 0x00, 0x00, 0x00, 0x00, 0x00,
    0x00, 0x00, 0x00, 0x00, 0x00, 0x00, 0x00, 0x00, 0x00, 0x00, 0x00, 0x00, 0x00, 0x00, 0x00, 0x00, 0x00, 0x00, 0x00, 0x00, 0x00, 0x00, 0x00, 0x00,
    0x00, 0x00, 0x00, 0x00, 0x00, 0x00, 0x00, 0x00, 0x00, 0x00, 0x00, 0x00, 0x00, 0x00, 0x00, 0x00, 0x00, 0x00, 0x00, 0x00, 0x00, 0x00, 0x00, 0x00,
    0xA7, 0xAA, 0x09, 0xA8, 0xAA, 0x30, 0x46, 0xB2, 0xB3, 0xC3, 0xB9, 0xFE, 0x83, 0xB9, 0xFD, 0xA3, 0xB9, 0xFF, 0xA3, 0xB9, 0xFF, 0xA3, 0xB9, 0xFF,
    0xA3, 0xB9, 0xFF, 0xA3, 0xB9, 0xFF, 0xA3, 0xB9, 0xFF, 0xA3, 0xB9, 0xFE, 0xA3, 0xB9, 0xFF, 0x87, 0xC2, 0xE7, 0x0A, 0xB3, 0x63, 0x68, 0xA2, 0x1E,
    0x86, 0x99, 0x05, 0x00, 0x00, 0x00, 0x00, 0x00, 0x00, 0x00, 0x00, 0x00, 0x00, 0x00, 0x00, 0x00, 0x00, 0x00, 0x00, 0x00, 0x00, 0x00, 0x00, 0x00,
    0x00, 0x00, 0x00, 0x00, 0x00, 0x00, 0x00, 0x00, 0x00, 0x00, 0x00, 0x00, 0x00, 0x00, 0x00, 0x00, 0x00, 0x00, 0x00, 0x00, 0x00, 0x00, 0x00, 0x00,
    0x00, 0x00, 0x00, 0x00, 0x00, 0x00, 0x00, 0x00, 0x00, 0x00, 0x00, 0x00, 0x00, 0x00, 0x00, 0x00, 0x00, 0x00, 0x00, 0x00, 0x00, 0x00, 0x00, 0x00,
    0x00, 0x00, 0x00, 0x00, 0x00, 0x00, 0x00, 0x00, 0x00, 0x00, 0x00, 0x00, 0x00, 0x00, 0x00, 0x00, 0x00, 0x00, 0x00, 0x00, 0x00, 0x00, 0x00, 0x00,
    0x00, 0x00, 0x00, 0x00, 0x00, 0x00, 0x00, 0x00, 0x00, 0x00, 0x00, 0x00, 0x00, 0x00, 0x00, 0x00, 0x00, 0x00, 0x00, 0x00, 0x00, 0x00, 0x00, 0x00,
    0x00, 0x00, 0x00, 0x00, 0x00, 0x00, 0x00, 0x00, 0x00, 0x00, 0x00, 0x00, 0x00, 0x00, 0x00, 0x00, 0x00, 0x00, 0x00, 0x00, 0x00, 0x00, 0x00, 0x00,
    0x00, 0x00, 0x00, 0x00, 0x00, 0x00, 0x00, 0x00, 0x00, 0x00, 0x00, 0x00, 0x00, 0x00, 0x00, 0x00, 0x00, 0x00, 0x00, 0x00, 0x00, 0x00, 0x00, 0x00,
    0x00, 0x00, 0x00, 0x00, 0x00, 0x00, 0x00, 0x00, 0x00, 0x00, 0x00, 0x00, 0x00, 0x00, 0x00, 0x00, 0x00, 0x00, 0x00, 0x00, 0x00, 0x00, 0x00, 0x00,
    0x00, 0x00, 0x00, 0x00, 0x00, 0x00, 0x00, 0x00, 0x00, 0x00, 0x00, 0x00, 0x00, 0x00, 0x00, 0x00, 0x00, 0x00, 0x00, 0x00, 0x00, 0x00, 0x00, 0x00,
    0x00, 0x00, 0x00, 0x00, 0x00, 0x00, 0x00, 0x00, 0x00, 0x00, 0x00, 0x00, 0x00, 0x00, 0x00, 0x00, 0x00, 0x00, 0x00, 0x00, 0x00, 0x00, 0x00, 0x00,
    0x00, 0x00, 0x00, 0x00, 0x00, 0x00, 0x00, 0x00, 0x00, 0x00, 0x00, 0x00, 0x00, 0x00, 0x00, 0x00, 0x00, 0x00, 0x00, 0x00, 0x00, 0x00, 0x00, 0x00,
    0x00, 0x00, 0x00, 0x00, 0x00, 0x00, 0x00, 0x00, 0x00, 0x00, 0x00, 0x00, 0x00, 0x00, 0x00, 0x00, 0x00, 0x00, 0x00, 0x00, 0x00, 0x00, 0x00, 0x00,
    0x00, 0x00, 0x00, 0x00, 0x00, 0x00, 0x00, 0x00, 0x00, 0x00, 0x00, 0x00, 0x00, 0x00, 0x00, 0x00, 0x00, 0x00, 0x00, 0x00, 0x00, 0x00, 0x00, 0x00,
    0x00, 0x00, 0x00, 0x00, 0x00, 0x00, 0x00, 0x00, 0x00, 0x00, 0x00, 0x00, 0x00, 0x00, 0x00, 0x00, 0x00, 0x00, 0x00, 0x00, 0x00, 0x00, 0x00, 0x00,
    0x00, 0x00, 0x00, 0x00, 0x00, 0x00, 0x00, 0x00, 0x00, 0x00, 0x00, 0x00, 0x00, 0x00, 0x00, 0x00, 0x00, 0x00, 0x00, 0x00, 0x00, 0x00, 0x00, 0x00,
    0x00, 0x00, 0x00, 0x00, 0x00, 0x00, 0x00, 0x00, 0x00, 0x00, 0x00, 0x00, 0x00, 0x00, 0x00, 0x00, 0x00, 0x00, 0x00, 0x00, 0x00, 0x00, 0x00, 0x00,
    0x00, 0x00, 0x00, 0x00, 0x00, 0x00, 0x00, 0x00, 0x00, 0x00, 0x00, 0x00, 0x00, 0x00, 0x00, 0x00, 0x00, 0x00, 0x00, 0x00, 0x00, 0x00, 0x00, 0x00,
    0x00, 0x00, 0x00, 0x00, 0x00, 0x00, 0x00, 0x00, 0x00, 0x00, 0x00, 0x00, 0x00, 0x00, 0x00, 0x00, 0x00, 0x00, 0x00, 0x00, 0x00, 0x00, 0x00, 0x00,
    0x00, 0x00, 0x00, 0x00, 0x00, 0x00, 0x00, 0x00, 0x00, 0x00, 0x00, 0x00, 0x00, 0x00, 0x00, 0x00, 0x00, 0x00, 0x00, 0x00, 0x00, 0x00, 0x00, 0x00,
    0x00, 0x00, 0x00, 0x00, 0x00, 0x00, 0x00, 0x00, 0x00, 0x00, 0x00, 0x00, 0x00, 0x00, 0x00, 0x00, 0x00, 0x00, 0x00, 0x00, 0x00, 0x00, 0x00, 0x00,
    0x00, 0x00, 0x00, 0x00, 0x00, 0x00, 0x00, 0x00, 0x00, 0x00, 0x00, 0x00, 0x00, 0x00, 0x00, 0x00, 0x00, 0x00, 0x00, 0x00, 0x00, 0x00, 0x00, 0x00,
    0x00, 0x00, 0x00, 0x00, 0x00, 0x00, 0x00, 0x00, 0x00, 0x00, 0x00, 0x00, 0x00, 0x00, 0x00, 0x00, 0x00, 0x00, 0x00, 0x00, 0x00, 0x00, 0x00, 0x00,
    0x00, 0x00, 0x00, 0x00, 0x00, 0x00, 0x00, 0x00, 0x00, 0x00, 0x00, 0x00, 0x00, 0x00, 0x00, 0x00, 0x00, 0x00, 0x00, 0x00, 0x00, 0x00, 0x00, 0x00,
    0x00, 0x00, 0x00, 0x00, 0x00, 0x00, 0x00, 0x00, 0x00, 0x00, 0x00, 0x00, 0x00, 0x00, 0x00, 0x00, 0x00, 0x00, 0x00, 0x00, 0x00, 0x00, 0x00, 0x00,
    0x00, 0x00, 0x00, 0x00, 0x00, 0x00, 0x00, 0x00, 0x00, 0x00, 0x00, 0x00, 0x00, 0x00, 0x00, 0x00, 0x00, 0x01, 0x00, 0x00, 0x00, 0xF5, 0xAF, 0x03,
    0xC5, 0x89, 0xED, 0xA4, 0x81, 0xAE, 0x00, 0x00, 0x00, 0x00, 0x50, 0x03, 0x00, 0x00, 0x00, 0x00, 0x00, 0x00, 0x00, 0x00, 0x00, 0x00, 0x00, 0x00,
    0x00, 0x00, 0x00, 0x00, 0x00, 0x00, 0x00, 0x00, 0x00, 0x00, 0x00, 0x00, 0x00, 0x00, 0x00, 0x00, 0x00, 0x00, 0x00, 0x00, 0x00, 0x00, 0x00, 0x00,
    0x00, 0x00, 0x00, 0x00, 0x00, 0x00, 0x00, 0x00, 0x00, 0x00, 0x00, 0x01, 0x00, 0x00, 0x00, 0xE7, 0x7B, 0x04, 0x49, 0x92, 0x07, 0x00, 0x00, 0x00,
    0x00, 0x00, 0x00, 0x00, 0x00, 0x00, 0x00, 0x00, 0x00, 0x00, 0x00, 0x00, 0x00, 0x00, 0x00, 0x00, 0x00, 0x00, 0x00, 0x00, 0x00, 0x00, 0x00, 0x00,
    0x00, 0x00, 0x00, 0x00, 0x00, 0x00, 0x00, 0x00, 0x00, 0x00, 0x00, 0x00, 0x00, 0x00, 0x00, 0x00, 0x00, 0x00, 0x00, 0x00, 0x00, 0x00, 0x00, 0x00,
    0x00, 0x00, 0x00, 0x00, 0x00, 0x01, 0x00, 0x00, 0x00, 0x27, 0x7A, 0x16, 0x46, 0x7A, 0x46, 0x00, 0x00, 0x00, 0x00, 0x00, 0x01, 0xE7, 0x79, 0x04,
    0xE7, 0x99, 0x08, 0xAA, 0xAA, 0x03, 0xA7, 0x92, 0x15, 0x88, 0x82, 0x26, 0xA8, 0x92, 0x40, 0x87, 0x92, 0x6C, 0xA8, 0xA2, 0x67, 0xE9, 0xAA, 0xA1,
    0xE9, 0xB2, 0x6E, 0xA8, 0xAA, 0x90, 0x09, 0xB3, 0x81, 0x47, 0xB2, 0xC3, 0xC5, 0xA9, 0xFD, 0xE9, 0xBA, 0xCD, 0x2A, 0xC3, 0xAD, 0x29, 0xC3, 0xB3,
    0xC8, 0xBA, 0xDB, 0x67, 0xB2, 0xFA, 0x09, 0xBB, 0xBD, 0x67, 0xAA, 0xD6, 0xE8, 0xBA, 0xC4, 0xE8, 0xB2, 0x90, 0xE8, 0xAA, 0x71, 0x88, 0x9A, 0x82,
    0xA8, 0x9A, 0x3B, 0x88, 0x9A, 0x22, 0x68, 0x92, 0x67, 0x88, 0x92, 0x3B, 0xC7, 0x9A, 0x14, 0xC7, 0x92, 0x11, 0x26, 0x82, 0x70, 0x67, 0x92, 0x46,
    0xA8, 0x8A, 0x30, 0xAA, 0x8A, 0x09, 0x00, 0x00, 0x00, 0x00, 0x00, 0x00, 0x00, 0x00, 0x00, 0x00, 0x00, 0x01, 0x00, 0x00, 0x01, 0x00, 0x00, 0x00,
    0x00, 0x00, 0x00, 0x00, 0x00, 0x00, 0x00, 0x00, 0x00, 0x00, 0x00, 0x00, 0x00, 0x00, 0x00, 0x00, 0x00, 0x00, 0x00, 0x00, 0x00, 0x00, 0x00, 0x00,
    0x00, 0x00, 0x00, 0x00, 0x00, 0x00, 0x00, 0x00, 0x00, 0x00, 0x00, 0x00, 0x00, 0x00, 0x00, 0x00, 0x00, 0x00, 0x00, 0x00, 0x01, 0x00, 0x00, 0x01,
    0x00, 0x00, 0x00, 0x00, 0x00, 0x00, 0x00, 0x00, 0x00, 0x00, 0x00, 0x00, 0x00, 0x00, 0x00, 0x00, 0x00, 0x00, 0x00, 0x00, 0x00, 0x00, 0x00, 0x00,
    0x00, 0x00, 0x00, 0x00, 0x00, 0x00, 0x00, 0x00, 0x00, 0x00, 0x00, 0x00, 0x00, 0x00, 0x00, 0x00, 0x00, 0x00, 0x00, 0x00, 0x00, 0x00, 0x00, 0x00,
    0x00, 0x00, 0x00, 0x00, 0x00, 0x00, 0x00, 0x00, 0x00, 0x00, 0x00, 0x00, 0x00, 0x00, 0x00, 0x00, 0x00, 0x00, 0x00, 0x00, 0x00, 0x24, 0x91, 0x07,
    0x65, 0x71, 0x0B, 0x00, 0x00, 0x00, 0xE7, 0x59, 0x08, 0x26, 0x72, 0x25, 0x00, 0x00, 0x00, 0x00, 0x00, 0x00, 0x00, 0x00, 0x00, 0x00, 0x00, 0x00,
    0x00, 0x00, 0x00, 0x00, 0x00, 0x00, 0x00, 0x00, 0x00, 0x00, 0xF8, 0x01, 0x00, 0x00, 0x00, 0x67, 0x7A, 0x1A, 0x68, 0x82, 0x17, 0x00, 0x00, 0x00,
    0x00, 0xF8, 0x01, 0x00, 0x00, 0x00, 0x00, 0x00, 0x00, 0x00, 0x00, 0x00, 0x00, 0x00, 0x00, 0x00, 0x00, 0x00, 0x00, 0x00, 0x00, 0x00, 0x00, 0x00,
    0x00, 0x00, 0x00, 0x00, 0x00, 0x00, 0x00, 0x00, 0x00, 0x00, 0x00, 0x00, 0x00, 0x00, 0x00, 0x00, 0x00, 0x00, 0x00, 0x00, 0x00, 0x00, 0x00, 0x00,
    0x00, 0x00, 0x00, 0x00, 0x00, 0x00, 0x00, 0xF8, 0x01, 0x00, 0xF8, 0x01, 0x87, 0xAA, 0x1C, 0x88, 0xBA, 0x8D, 0xC4, 0xA9, 0xFC, 0xA3, 0xB1, 0xFE,
    0xA3, 0xB9, 0xFE, 0xA3, 0xB9, 0xFF, 0xA3, 0xB9, 0xFF, 0xA3, 0xB9, 0xFF, 0xA3, 0xB9, 0xFF, 0xA3, 0xB9, 0xFF, 0xA3, 0xB9, 0xFF, 0xA3, 0xB9, 0xFE,
    0xE4, 0xB9, 0xFB, 0xC8, 0xBA, 0xBE, 0x0A, 0xB3, 0x41, 0x47, 0x92, 0x2C, 0x47, 0x92, 0x11, 0x00, 0x00, 0x00, 0x00, 0x00, 0x01, 0x00, 0x00, 0x00,
    0x00, 0x00, 0x00, 0x00, 0x00, 0x00, 0x00, 0x00, 0x00, 0x00, 0x00, 0x00, 0x00, 0x00, 0x00, 0x00, 0x00, 0x00, 0x00, 0x00, 0x00, 0x00, 0x00, 0x00,
    0x00, 0x00, 0x00, 0x00, 0x00, 0x00, 0x00, 0x00, 0x00, 0x00, 0x00, 0x00, 0x00, 0x00, 0x00, 0x00, 0x00, 0x00, 0x00, 0x00, 0x00, 0x00, 0x00, 0x00,
    0x00, 0x00, 0x00, 0x00, 0x00, 0x00, 0x00, 0x00, 0x00, 0x00, 0x00, 0x00, 0x00, 0x00, 0x00, 0x00, 0x00, 0x00, 0x00, 0x00, 0x00, 0x00, 0x00, 0x00,
    0x00, 0x00, 0x00, 0x00, 0x00, 0x00, 0x00, 0x00, 0x00, 0x00, 0x00, 0x00, 0x00, 0x00, 0x00, 0x00, 0x00, 0x00, 0x00, 0x00, 0x00, 0x00, 0x00, 0x00,
    0x00, 0x00, 0x00, 0x00, 0x00, 0x00, 0x00, 0x00, 0x00, 0x00, 0x00, 0x00, 0x00, 0x00, 0x00, 0x00, 0x00, 0x00, 0x00, 0x00, 0x00, 0x00, 0x00, 0x00,
    0x00, 0x00, 0x00, 0x00, 0x00, 0x00, 0x00, 0x00, 0x00, 0x00, 0x00, 0x00, 0x00, 0x00, 0x00, 0x00, 0x00, 0x00, 0x00, 0x00, 0x00, 0x00, 0x00, 0x00,
    0x00, 0x00, 0x00, 0x00, 0x00, 0x00, 0x00, 0x00, 0x00, 0x00, 0x00, 0x00, 0x00, 0x00, 0x00, 0x00, 0x00, 0x00, 0x00, 0x00, 0x00, 0x00, 0x00, 0x00,
    0x00, 0x00, 0x00, 0x00, 0x00, 0x00, 0x00, 0x00, 0x00, 0x00, 0x00, 0x00, 0x00, 0x00, 0x00, 0x00, 0x00, 0x00, 0x00, 0x00, 0x00, 0x00, 0x00, 0x00,
    0x00, 0x00, 0x00, 0x00, 0x00, 0x00, 0x00, 0x00, 0x00, 0x00, 0x00, 0x00, 0x00, 0x00, 0x00, 0x00, 0x00, 0x00, 0x00, 0x00, 0x00, 0x00, 0x00, 0x00,
    0x00, 0x00, 0x00, 0x00, 0x00, 0x00, 0x00, 0x00, 0x00, 0x00, 0x00, 0x00, 0x00, 0x00, 0x00, 0x00, 0x00, 0x00, 0x00, 0x00, 0x00, 0x00, 0x00, 0x00,
    0x00, 0x00, 0x00, 0x00, 0x00, 0x00, 0x00, 0x00, 0x00, 0x00, 0x00, 0x00, 0x00, 0x00, 0x00, 0x00, 0x00, 0x00, 0x00, 0x00, 0x00, 0x00, 0x00, 0x00,
    0x00, 0x00, 0x00, 0x00, 0x00, 0x00, 0x00, 0x00, 0x00, 0x00, 0x00, 0x00, 0x00, 0x00, 0x00, 0x00, 0x00, 0x00, 0x00, 0x00, 0x00, 0x00, 0x00, 0x00,
    0x00, 0x00, 0x00, 0x00, 0x00, 0x00, 0x00, 0x00, 0x00, 0x00, 0x00, 0x00, 0x00, 0x00, 0x00, 0x00, 0x00, 0x00, 0x00, 0x00, 0x00, 0x00, 0x00, 0x00,
    0x00, 0x00, 0x00, 0x00, 0x00, 0x00, 0x00, 0x00, 0x00, 0x00, 0x00, 0x00, 0x00, 0x00, 0x00, 0x00, 0x00, 0x00, 0x00, 0x00, 0x00, 0x00, 0x00, 0x00,
    0x00, 0x00, 0x00, 0x00, 0x00, 0x00, 0x00, 0x00, 0x00, 0x00, 0x00, 0x00, 0x00, 0x00, 0x00, 0x00, 0x00, 0x00, 0x00, 0x00, 0x00, 0x00, 0x00, 0x00,
    0x00, 0x00, 0x00, 0x00, 0x00, 0x00, 0x00, 0x00, 0x00, 0x00, 0x00, 0x00, 0x00, 0x00, 0x00, 0x00, 0x00, 0x00, 0x00, 0x00, 0x00, 0x00, 0x00, 0x00,
    0x00, 0x00, 0x00, 0x00, 0x00, 0x00, 0x00, 0x00, 0x00, 0x00, 0x00, 0x00, 0x00, 0x00, 0x00, 0x00, 0x00, 0x00, 0x00, 0x00, 0x00, 0x00, 0x00, 0x00,
    0x00, 0x00, 0x00, 0x00, 0x00, 0x00, 0x00, 0x00, 0x00, 0x00, 0x00, 0x00, 0x00, 0x00, 0x00, 0x00, 0x00, 0x00, 0x00, 0x00, 0x00, 0x00, 0x00, 0x00,
    0x00, 0x00, 0x00, 0x00, 0x00, 0x00, 0x00, 0x00, 0x00, 0x00, 0x00, 0x00, 0x00, 0x00, 0x00, 0x00, 0x00, 0x00, 0x00, 0x00, 0x00, 0x00, 0x00, 0x00,
    0x00, 0x00, 0x00, 0x00, 0x00, 0x00, 0x00, 0x00, 0x00, 0x00, 0x00, 0x00, 0x00, 0x00, 0x00, 0x00, 0x00, 0x00, 0x00, 0x00, 0x00, 0x00, 0x00, 0x00,
    0x00, 0x00, 0x00, 0x00, 0x00, 0x00, 0x00, 0x00, 0x00, 0x00, 0x00, 0x00, 0x00, 0x00, 0x00, 0x00, 0x00, 0x00, 0x00, 0x00, 0x00, 0x00, 0x00, 0x00,
    0x00, 0x00, 0x00, 0x00, 0x00, 0x00, 0x00, 0x00, 0x00, 0x00, 0x00, 0x00, 0x00, 0x00, 0x00, 0x00, 0x00, 0x00, 0x00, 0x00, 0x00, 0x00, 0x00, 0x00,
    0x00, 0x00, 0x00, 0x00, 0x00, 0x00, 0x00, 0x00, 0x00, 0x00, 0x00, 0x00, 0x00, 0x00, 0x00, 0x00, 0x00, 0x00, 0x00, 0x00, 0x00, 0x00, 0x00, 0x00,
    0x00, 0x00, 0x00, 0x00, 0x00, 0x00, 0x00, 0x00, 0x00, 0x00, 0x00, 0x00, 0x00, 0x00, 0x00, 0x00, 0x00, 0x00, 0x00, 0x00, 0x00, 0x00, 0x00, 0x00,
    0x00, 0x00, 0x00, 0x00, 0x00, 0x00, 0x00, 0x00, 0x00, 0x00, 0x00, 0x00, 0x47, 0x82, 0x31, 0x27, 0x8A, 0x16, 0x00, 0x00, 0x00, 0x00, 0x00, 0x00,
    0x00, 0x00, 0x00, 0x00, 0x00, 0x00, 0x00, 0x00, 0x00, 0x00, 0x00, 0x00, 0x00, 0x00, 0x00, 0x00, 0x00, 0x00, 0x00, 0x00, 0x00, 0x00, 0x00, 0x00,
    0x00, 0x00, 0x00, 0x00, 0x00, 0x00, 0x00, 0x00, 0x00, 0x00, 0x00, 0x00, 0x00, 0x00, 0x00, 0x00, 0x00, 0x00, 0x00, 0x00, 0x00, 0x00, 0x00, 0x00,
    0x4A, 0xAB, 0x0C, 0xAA, 0xAA, 0x09, 0x09, 0x9B, 0x0D, 0xC9, 0xA2, 0x0E, 0x26, 0xCB, 0x05, 0x00, 0x00, 0x00, 0x00, 0x00, 0x00, 0x00, 0x00, 0x00,
    0x00, 0x00, 0x00, 0x00, 0x00, 0x00, 0x00, 0x00, 0x00, 0x00, 0x00, 0x00, 0x00, 0x00, 0x00, 0x00, 0x00, 0x00, 0x00, 0x00, 0x00, 0x00, 0x00, 0x00,
    0x00, 0x00, 0x00, 0x00, 0x00, 0x00, 0x00, 0x00, 0x00, 0x00, 0x00, 0x00, 0x00, 0x00, 0x00, 0x00, 0x00, 0x00, 0x00, 0x00, 0x00, 0x00, 0x00, 0x00,
    0x00, 0x00, 0x00, 0xE7, 0xB9, 0x04, 0xA7, 0x92, 0x0C, 0x00, 0x00, 0x00, 0xE7, 0x79, 0x04, 0x69, 0x9A, 0x0A, 0xAA, 0x7A, 0x06, 0xC8, 0x92, 0x37,
    0xA9, 0x9A, 0x46, 0xE9, 0xB2, 0x31, 0xE9, 0xB2, 0x71, 0xE9, 0xBA, 0x9A, 0x29, 0xC3, 0xCA, 0x09, 0xC3, 0xC1, 0x87, 0xBA, 0xC2, 0xA8, 0xBA, 0xD6,
    0xC8, 0xC2, 0xD9, 0x09, 0xCB, 0xEA, 0xA8, 0xBA, 0xE6, 0xC8, 0xBA, 0xE2, 0x25, 0xB2, 0xF9, 0x46, 0xC2, 0xFD, 0x87, 0xBA, 0xDB, 0x09, 0xCB, 0xA6,
    0x26, 0xB2, 0xFB, 0x09, 0xC3, 0xCE, 0xE8, 0xBA, 0xA0, 0x88, 0xAA, 0x89, 0xA8, 0xA2, 0x7F, 0xA8, 0xA2, 0x55, 0x88, 0xA2, 0x3E, 0x88, 0xA2, 0x6A,
    0x88, 0x9A, 0x26, 0x87, 0x9A, 0x19, 0x46, 0x9A, 0xC2, 0xA8, 0xA2, 0x3F, 0xE0, 0x07, 0x01, 0x86, 0x61, 0x05, 0x00, 0xF8, 0x01, 0x00, 0x00, 0x00,
    0x00, 0x00, 0x01, 0x00, 0x00, 0x00, 0x00, 0x00, 0x00, 0x00, 0x00, 0x00, 0x00, 0x00, 0x01, 0x00, 0x00, 0x00, 0x26, 0x8A, 0x30, 0x26, 0x82, 0x39,
    0x00, 0x50, 0x03, 0x00, 0x78, 0x02, 0x00, 0x00, 0x00, 0x00, 0x00, 0x00, 0x00, 0x00, 0x00, 0x00, 0x00, 0x00, 0x00, 0x00, 0x00, 0x00, 0x00, 0x00,
    0x00, 0x00, 0x00, 0x00, 0xF8, 0x01, 0x00, 0x00, 0x00, 0x00, 0x00, 0x00, 0x00, 0x00, 0x01, 0x00, 0x00, 0x00, 0x00, 0x00, 0x00, 0x00, 0x00, 0x00,
    0x00, 0x00, 0x00, 0x00, 0x00, 0x00, 0x00, 0x00, 0x00, 0x00, 0x00, 0x00, 0x00, 0x00, 0x00, 0x00, 0x00, 0x00, 0x00, 0x00, 0x00, 0x00, 0x00, 0x00,
    0x00, 0x00, 0x00, 0x00, 0x00, 0x00, 0x00, 0x00, 0x00, 0x00, 0x00, 0x00, 0x00, 0x00, 0x00, 0x00, 0x00, 0x00, 0x00, 0x00, 0x00, 0x00, 0x00, 0x00,
    0x00, 0x00, 0x00, 0x00, 0x00, 0x00, 0x00, 0x00, 0x00, 0x00, 0x78, 0x02, 0xAA, 0xAA, 0x03, 0x00, 0x00, 0x00, 0x00, 0x00, 0x00, 0x00, 0x00, 0x00,
    0x00, 0x00, 0x00, 0x00, 0x00, 0x00, 0xEF, 0x7B, 0x02, 0xEF, 0xFB, 0x02, 0x00, 0x00, 0x00, 0x00, 0x00, 0x00, 0x00, 0xF8, 0x01, 0xE0, 0x7B, 0x02,
    0x2C, 0x9B, 0x05, 0x68, 0x8A, 0x1A, 0x67, 0x7A, 0x10, 0x00, 0xF8, 0x01, 0x00, 0xF8, 0x01, 0x00, 0x00, 0x00, 0x00, 0x00, 0x00, 0x00, 0x00, 0x00,
    0x00, 0x00, 0x00, 0x00, 0x00, 0x00, 0x00, 0x00, 0x00, 0x00, 0x00, 0x00, 0x00, 0x00, 0x00, 0x00, 0x00, 0x00, 0x00, 0x00, 0x00, 0x00, 0x00, 0x00,
    0x00, 0x00, 0x00, 0x00, 0x00, 0x00, 0x00, 0x00, 0x00, 0x00, 0x00, 0x00, 0x00, 0x00, 0x00, 0x00, 0x00, 0x00, 0x00, 0x00, 0x00, 0xA7, 0xAA, 0x0C,
    0x88, 0xAA, 0x2B, 0xA7, 0xBA, 0xB6, 0xC4, 0xB1, 0xFF, 0xA3, 0xB1, 0xFD, 0xA3, 0xB9, 0xFF, 0xA3, 0xB9, 0xFF, 0xA3, 0xB9, 0xFF, 0xA3, 0xB9, 0xFF,
    0xA3, 0xB9, 0xFF, 0xA3, 0xB9, 0xFF, 0xA3, 0xB1, 0xFE, 0xA3, 0xB9, 0xFF, 0x05, 0xB2, 0xF1, 0x0A, 0xBB, 0x7F, 0xC9, 0xA2, 0x4D, 0xAA, 0xAA, 0x09,
    0x00, 0xF8, 0x01, 0x00, 0x00, 0x00, 0x00, 0x00, 0x00, 0x00, 0x00, 0x00, 0x00, 0x00, 0x00, 0x00, 0x00, 0x00, 0x00, 0x00, 0x00, 0x00, 0x00, 0x00,
    0x00, 0x00, 0x00, 0x00, 0x00, 0x00, 0x00, 0x00, 0x00, 0x00, 0x00, 0x00, 0x00, 0x00, 0x00, 0x00, 0x00, 0x00, 0x00, 0x00, 0x00, 0x00, 0x00, 0x00,
    0x00, 0x00, 0x00, 0x00, 0x00, 0x00, 0x00, 0x00, 0x00, 0x00, 0x00, 0x00, 0x00, 0x00, 0x00, 0x00, 0x00, 0x00, 0x00, 0x00, 0x00, 0x00, 0x00, 0x00,
    0x00, 0x00, 0x00, 0x00, 0x00, 0x00, 0x00, 0x00, 0x00, 0x00, 0x00, 0x00, 0x00, 0x00, 0x00, 0x00, 0x00, 0x00, 0x00, 0x00, 0x00, 0x00, 0x00, 0x00,
    0x00, 0x00, 0x00, 0x00, 0x00, 0x00, 0x00, 0x00, 0x00, 0x00, 0x00, 0x00, 0x00, 0x00, 0x00, 0x00, 0x00, 0x00, 0x00, 0x00, 0x00, 0x00, 0x00, 0x00,
    0x00, 0x00, 0x00, 0x00, 0x00, 0x00, 0x00, 0x00, 0x00, 0x00, 0x00, 0x00, 0x00, 0x00, 0x00, 0x00, 0x00, 0x00, 0x00, 0x00, 0x00, 0x00, 0x00, 0x00,
    0x00, 0x00, 0x00, 0x00, 0x00, 0x00, 0x00, 0x00, 0x00, 0x00, 0x00, 0x00, 0x00, 0x00, 0x00, 0x00, 0x00, 0x00, 0x00, 0x00, 0x00, 0x00, 0x00, 0x00,
    0x00, 0x00, 0x00, 0x00, 0x00, 0x00, 0x00, 0x00, 0x00, 0x00, 0x00, 0x00, 0x00, 0x00, 0x00, 0x00, 0x00, 0x00, 0x00, 0x00, 0x00, 0x00, 0x00, 0x00,
    0x00, 0x00, 0x00, 0x00, 0x00, 0x00, 0x00, 0x00, 0x00, 0x00, 0x00, 0x00, 0x00, 0x00, 0x00, 0x00, 0x00, 0x00, 0x00, 0x00, 0x00, 0x00, 0x00, 0x00,
    0x00, 0x00, 0x00, 0x00, 0x00, 0x00, 0x00, 0x00, 0x00, 0x00, 0x00, 0x00, 0x00, 0x00, 0x00, 0x00, 0x00, 0x00, 0x00, 0x00, 0x00, 0x00, 0x00, 0x00,
    0x00, 0x00, 0x00, 0x00, 0x00, 0x00, 0x00, 0x00, 0x00, 0x00, 0x00, 0x00, 0x00, 0x00, 0x00, 0x00, 0x00, 0x00, 0x00, 0x00, 0x00, 0x00, 0x00, 0x00,
    0x00, 0x00, 0x00, 0x00, 0x00, 0x00, 0x00, 0x00, 0x00, 0x00, 0x00, 0x00, 0x00, 0x00, 0x00, 0x00, 0x00, 0x00, 0x00, 0x00, 0x00, 0x00, 0x00, 0x00,
    0x00, 0x00, 0x00, 0x00, 0x00, 0x00, 0x00, 0x00, 0x00, 0x00, 0x00, 0x00, 0x00, 0x00, 0x00, 0x00, 0x00, 0x00, 0x00, 0x00, 0x00, 0x00, 0x00, 0x00,
    0x00, 0x00, 0x00, 0x00, 0x00, 0x00, 0x00, 0x00, 0x00, 0x00, 0x00, 0x00, 0x00, 0x00, 0x00, 0x00, 0x00, 0x00, 0x00, 0x00, 0x00, 0x00, 0x00, 0x00,
    0x00, 0x00, 0x00, 0x00, 0x00, 0x00, 0x00, 0x00, 0x00, 0x00, 0x00, 0x00, 0x00, 0x00, 0x00, 0x00, 0x00, 0x00, 0x00, 0x00, 0x00, 0x00, 0x00, 0x00,
    0x00, 0x00, 0x00, 0x00, 0x00, 0x00, 0x00, 0x00, 0x00, 0x00, 0x00, 0x00, 0x00, 0x00, 0x00, 0x00, 0x00, 0x00, 0x00, 0x00, 0x00, 0x00, 0x00, 0x00,
    0x00, 0x00, 0x00, 0x00, 0x00, 0x00, 0x00, 0x00, 0x00, 0x00, 0x00, 0x00, 0x00, 0x00, 0x00, 0x00, 0x00, 0x00, 0x00, 0x00, 0x00, 0x00, 0x00, 0x00,
    0x00, 0x00, 0x00, 0x00, 0x00, 0x00, 0x00, 0x00, 0x00, 0x00, 0x00, 0x00, 0x00, 0x00, 0x00, 0x00, 0x00, 0x00, 0x00, 0x00, 0x00, 0x00, 0x00, 0x00,
    0x00, 0x00, 0x00, 0x00, 0x00, 0x00, 0x00, 0x00, 0x00, 0x00, 0x00, 0x00, 0x00, 0x00, 0x00, 0x00, 0x00, 0x00, 0x00, 0x00, 0x00, 0x00, 0x00, 0x00,
    0x00, 0x00, 0x00, 0x00, 0x00, 0x00, 0x00, 0x00, 0x00, 0x00, 0x00, 0x00, 0x00, 0x00, 0x00, 0x00, 0x00, 0x00, 0x00, 0x00, 0x00, 0x00, 0x00, 0x00,
    0x00, 0x00, 0x00, 0x00, 0x00, 0x00, 0x00, 0x00, 0x00, 0x00, 0x00, 0x00, 0x00, 0x00, 0x00, 0x00, 0x00, 0x00, 0x00, 0x00, 0x00, 0x00, 0x00, 0x00,
    0x00, 0x00, 0x00, 0x00, 0x00, 0x00, 0x00, 0x00, 0x00, 0x00, 0x00, 0x00, 0x00, 0x00, 0x00, 0x00, 0x00, 0x00, 0x00, 0x00, 0x00, 0x00, 0x00, 0x00,
    0x00, 0x00, 0x00, 0x00, 0x00, 0x00, 0x00, 0x00, 0x00, 0x00, 0x00, 0x00, 0x00, 0x00, 0x00, 0x00, 0x00, 0x00, 0x00, 0x00, 0x00, 0x00, 0x00, 0x00,
    0x00, 0x00, 0x00, 0x00, 0x00, 0x00, 0x00, 0x00, 0x00, 0x00, 0x00, 0x00, 0x00, 0x00, 0x00, 0x00, 0x00, 0x00, 0x00, 0x00, 0x00, 0x00, 0x00, 0x00,
    0x00, 0x00, 0x00, 0x00, 0x00, 0x00, 0x00, 0x00, 0x00, 0x00, 0x00, 0x00, 0x00, 0x00, 0x00, 0x00, 0x00, 0x00, 0x00, 0x00, 0x00, 0x00, 0x00, 0x00,
    0x00, 0x00, 0x00, 0x00, 0x00, 0x00, 0xE0, 0x79, 0x04, 0x86, 0x61, 0x05, 0x00, 0x00, 0x00, 0x00, 0x00, 0x00, 0x00, 0x00, 0x00, 0x00, 0x00, 0x00,
    0x00, 0x00, 0x00, 0x00, 0x00, 0x00, 0x00, 0x00, 0x00, 0x00, 0x00, 0x00, 0x00, 0x00, 0x00, 0x00, 0x00, 0x00, 0x00, 0x00, 0x00, 0x00, 0x00, 0x00,
    0x00, 0x00, 0x00, 0x00, 0xF8, 0x01, 0x00, 0xF8, 0x01, 0xFF, 0xFF, 0x01, 0xAA, 0xAA, 0x09, 0xEA, 0xA2, 0x13, 0xCB, 0xA2, 0x1A, 0xE9, 0xA2, 0x20,
    0xEB, 0xBA, 0x08, 0xAA, 0xAA, 0x03, 0x00, 0x00, 0x00, 0x00, 0x00, 0x00, 0x00, 0x00, 0x00, 0x00, 0x00, 0x00, 0x00, 0x00, 0x00, 0x00, 0x00, 0x00,
    0x00, 0x00, 0x00, 0x00, 0x00, 0x00, 0x00, 0x00, 0x00, 0x00, 0x00, 0x00, 0x00, 0x00, 0x00, 0x00, 0x00, 0x00, 0x00, 0x00, 0x00, 0x00, 0x00, 0x00,
    0x00, 0x00, 0x00, 0x00, 0x00, 0x00, 0x00, 0x00, 0x00, 0x00, 0x00, 0x00, 0x00, 0x00, 0x00, 0x46, 0x92, 0x0E, 0x27, 0x82, 0x27, 0x00, 0x00, 0x00,
    0x49, 0x82, 0x11, 0xA7, 0x92, 0x0C, 0x88, 0x8A, 0x32, 0x88, 0x92, 0x52, 0xC9, 0xAA, 0x72, 0xE9, 0xB2, 0xB1, 0x09, 0xBB, 0x9F, 0xE9, 0xC2, 0xC7,
    0xE8, 0xC2, 0xF3, 0x87, 0xC2, 0xFE, 0xE4, 0xB9, 0xFF, 0xE5, 0xB9, 0xFF, 0xE5, 0xB1, 0xFE, 0xC4, 0xB1, 0xFF, 0xC4, 0xB1, 0xFF, 0xC4, 0xB1, 0xFF,
    0xA3, 0xB1, 0xFF, 0x83, 0xB1, 0xFF, 0xE5, 0xB9, 0xFF, 0x05, 0xBA, 0xFF, 0xE4, 0xB1, 0xFE, 0x26, 0xBA, 0xF7, 0x87, 0xBA, 0xFB, 0xE9, 0xC2, 0xEB,
    0xC8, 0xBA, 0xBD, 0x09, 0xB3, 0x98, 0xC9, 0xB2, 0x88, 0xC8, 0xB2, 0xA9, 0xC9, 0xB2, 0x78, 0xC8, 0xAA, 0x52, 0x47, 0x9A, 0x83, 0xA8, 0xAA, 0x35,
    0x49, 0x92, 0x0E, 0xAA, 0x7A, 0x06, 0x00, 0xF8, 0x01, 0xE7, 0x79, 0x04, 0x00, 0x00, 0x00, 0xA5, 0x71, 0x52, 0xA5, 0x71, 0x3C, 0x00, 0x00, 0x00,
    0x86, 0x61, 0x05, 0x00, 0x00, 0x00, 0x06, 0x82, 0x81, 0xE6, 0x79, 0xC6, 0x00, 0x00, 0x00, 0x00, 0x00, 0x00, 0x00, 0x00, 0x01, 0x00, 0x00, 0x00,
    0x00, 0x00, 0x00, 0x00, 0x00, 0x00, 0x00, 0x00, 0x00, 0x00, 0x00, 0x01, 0x00, 0x00, 0x00, 0x2C, 0x9B, 0x05, 0xA9, 0x9A, 0x18, 0x67, 0x9A, 0x10,
    0x00, 0xF8, 0x01, 0x28, 0xA2, 0x0B, 0xAA, 0xAA, 0x03, 0x00, 0xF8, 0x01, 0x00, 0xF8, 0x01, 0x00, 0x00, 0x01, 0x00, 0x00, 0x00, 0x00, 0x00, 0x00,
    0x00, 0x00, 0x00, 0x00, 0x00, 0x00, 0x00, 0x00, 0x00, 0x00, 0x00, 0x00, 0x00, 0x00, 0x00, 0x00, 0x00, 0x00, 0x00, 0x00, 0x00, 0x00, 0x00, 0x00,
    0x00, 0x00, 0x00, 0x00, 0x00, 0x00, 0x00, 0x00, 0x00, 0x00, 0x00, 0x00, 0x00, 0x00, 0x00, 0x00, 0x00, 0x00, 0x00, 0x00, 0x00, 0x00, 0x00, 0x00,
    0x00, 0x00, 0x00, 0x00, 0x00, 0x00, 0x00, 0x00, 0x00, 0x00, 0x00, 0x01, 0xE0, 0x7B, 0x02, 0x00, 0x00, 0x00, 0x26, 0x7A, 0x3E, 0x47, 0x82, 0x51,
    0x00, 0x00, 0x00, 0xA0, 0xAA, 0x03, 0xE7, 0x7A, 0x08, 0x2C, 0x9B, 0x05, 0xC9, 0xA2, 0x0E, 0xAA, 0xAA, 0x06, 0xAA, 0xAA, 0x03, 0xEB, 0x9A, 0x08,
    0x00, 0xF8, 0x01, 0xE0, 0x7B, 0x02, 0xA9, 0x92, 0x15, 0xAA, 0xAA, 0x06, 0x00, 0x00, 0x00, 0x00, 0x00, 0x00, 0x00, 0x00, 0x00, 0x00, 0x00, 0x00,
    0x00, 0x00, 0x00, 0x00, 0x00, 0x00, 0x00, 0x00, 0x00, 0x00, 0x00, 0x00, 0x00, 0x00, 0x00, 0x00, 0x00, 0x00, 0x00, 0x00, 0x00, 0x00, 0x00, 0x00,
    0x00, 0x00, 0x00, 0x00, 0x00, 0x00, 0xE7, 0x79, 0x04, 0x27, 0x9A, 0x12, 0xC9, 0xBA, 0x36, 0x66, 0xBA, 0xC0, 0xC3, 0xB1, 0xFF, 0xA3, 0xB9, 0xFD,
    0xA3, 0xB9, 0xFF, 0xA3, 0xB9, 0xFF, 0xA3, 0xB9, 0xFF, 0xA3, 0xB9, 0xFF, 0xA3, 0xB9, 0xFF, 0xA3, 0xB9, 0xFF, 0xA3, 0xB1, 0xFE, 0xA3, 0xB9, 0xFF,
    0x46, 0xBA, 0xFA, 0x0A, 0xBB, 0x7C, 0xC8, 0xA2, 0x2B, 0xAA, 0xAA, 0x06, 0x00, 0x00, 0x00, 0x00, 0x00, 0x00, 0x00, 0x00, 0x00, 0x00, 0x00, 0x00,
    0x00, 0x00, 0x00, 0x00, 0x00, 0x00, 0x00, 0x00, 0x00, 0x00, 0x00, 0x00, 0x00, 0x00, 0x00, 0x00, 0x00, 0x00, 0x00, 0x00, 0x00, 0x00, 0x00, 0x00,
    0x00, 0x00, 0x00, 0x00, 0x00, 0x00, 0x00, 0x00, 0x00, 0x00, 0x00, 0x00, 0x00, 0x00, 0x00, 0x00, 0x00, 0x00, 0x00, 0x00, 0x00, 0x00, 0x00, 0x00,
    0x00, 0x00, 0x00, 0x00, 0x00, 0x00, 0x00, 0x00, 0x00, 0x00, 0x00, 0x00, 0x00, 0x00, 0x00, 0x00, 0x00, 0x00, 0x00, 0x00, 0x00, 0x00, 0x00, 0x00,
    0x00, 0x00, 0x00, 0x00, 0x00, 0x00, 0x00, 0x00, 0x00, 0x00, 0x00, 0x00, 0x00, 0x00, 0x00, 0x00, 0x00, 0x00, 0x00, 0x00, 0x00, 0x00, 0x00, 0x00,
    0x00, 0x00, 0x00, 0x00, 0x00, 0x00, 0x00, 0x00, 0x00, 0x00, 0x00, 0x00, 0x00, 0x00, 0x00, 0x00, 0x00, 0x00, 0x00, 0x00, 0x00, 0x00, 0x00, 0x00,
    0x00, 0x00, 0x00, 0x00, 0x00, 0x00, 0x00, 0x00, 0x00, 0x00, 0x00, 0x00, 0x00, 0x00, 0x00, 0x00, 0x00, 0x00, 0x00, 0x00, 0x00, 0x00, 0x00, 0x00,
    0x00, 0x00, 0x00, 0x00, 0x00, 0x00, 0x00, 0x00, 0x00, 0x00, 0x00, 0x00, 0x00, 0x00, 0x00, 0x00, 0x00, 0x00, 0x00, 0x00, 0x00, 0x00, 0x00, 0x00,
    0x00, 0x00, 0x00, 0x00, 0x00, 0x00, 0x00, 0x00, 0x00, 0x00, 0x00, 0x00, 0x00, 0x00, 0x00, 0x00, 0x00, 0x00, 0x00, 0x00, 0x00, 0x00, 0x00, 0x00,
    0x00, 0x00, 0x00, 0x00, 0x00, 0x00, 0x00, 0x00, 0x00, 0x00, 0x00, 0x00, 0x00, 0x00, 0x00, 0x00, 0x00, 0x00, 0x00, 0x00, 0x00, 0x00, 0x00, 0x00,
    0x00, 0x00, 0x00, 0x00, 0x00, 0x00, 0x00, 0x00, 0x00, 0x00, 0x00, 0x00, 0x00, 0x00, 0x00, 0x00, 0x00, 0x00, 0x00, 0x00, 0x00, 0x00, 0x00, 0x00,
    0x00, 0x00, 0x00, 0x00, 0x00, 0x00, 0x00, 0x00, 0x00, 0x00, 0x00, 0x00, 0x00, 0x00, 0x00, 0x00, 0x00, 0x00, 0x00, 0x00, 0x00, 0x00, 0x00, 0x00,
    0x00, 0x00, 0x00, 0x00, 0x00, 0x00, 0x00, 0x00, 0x00, 0x00, 0x00, 0x00, 0x00, 0x00, 0x00, 0x00, 0x00, 0x00, 0x00, 0x00, 0x00, 0x00, 0x00, 0x00,
    0x00, 0x00, 0x00, 0x00, 0x00, 0x00, 0x00, 0x00, 0x00, 0x00, 0x00, 0x00, 0x00, 0x00, 0x00, 0x00, 0x00, 0x00, 0x00, 0x00, 0x00, 0x00, 0x00, 0x00,
    0x00, 0x00, 0x00, 0x00, 0x00, 0x00, 0x00, 0x00, 0x00, 0x00, 0x00, 0x00, 0x00, 0x00, 0x00, 0x00, 0x00, 0x00, 0x00, 0x00, 0x00, 0x00, 0x00, 0x00,
    0x00, 0x00, 0x00, 0x00, 0x00, 0x00, 0x00, 0x00, 0x00, 0x00, 0x00, 0x00, 0x00, 0x00, 0x00, 0x00, 0x00, 0x00, 0x00, 0x00, 0x00, 0x00, 0x00, 0x00,
    0x00, 0x00, 0x00, 0x00, 0x00, 0x00, 0x00, 0x00, 0x00, 0x00, 0x00, 0x00, 0x00, 0x00, 0x00, 0x00, 0x00, 0x00, 0x00, 0x00, 0x00, 0x00, 0x00, 0x00,
    0x00, 0x00, 0x00, 0x00, 0x00, 0x00, 0x00, 0x00, 0x00, 0x00, 0x00, 0x00, 0x00, 0x00, 0x00, 0x00, 0x00, 0x00, 0x00, 0x00, 0x00, 0x00, 0x00, 0x00,
    0x00, 0x00, 0x00, 0x00, 0x00, 0x00, 0x00, 0x00, 0x00, 0x00, 0x00, 0x00, 0x00, 0x00, 0x00, 0x00, 0x00, 0x00, 0x00, 0x00, 0x00, 0x00, 0x00, 0x00,
    0x00, 0x00, 0x00, 0x00, 0x00, 0x00, 0x00, 0x00, 0x00, 0x00, 0x00, 0x00, 0x00, 0x00, 0x00, 0x00, 0x00, 0x00, 0x00, 0x00, 0x00, 0x00, 0x00, 0x00,
    0x00, 0x00, 0x00, 0x00, 0x00, 0x00, 0x00, 0x00, 0x00, 0x00, 0x00, 0x00, 0x00, 0x00, 0x00, 0x00, 0x00, 0x00, 0x00, 0x00, 0x00, 0x00, 0x00, 0x00,
    0x00, 0x00, 0x00, 0x00, 0x00, 0x00, 0x00, 0x00, 0x00, 0x00, 0x00, 0x00, 0x00, 0x00, 0x00, 0x00, 0x00, 0x00, 0x00, 0x00, 0x00, 0x00, 0x00, 0x00,
    0x00, 0x00, 0x00, 0x00, 0x00, 0x00, 0x00, 0x00, 0x00, 0x00, 0x00, 0x00, 0x00, 0x00, 0x00, 0x00, 0x00, 0x00, 0x00, 0x00, 0x00, 0x00, 0x00, 0x00,
    0x00, 0x00, 0x00, 0x00, 0x00, 0x00, 0x00, 0x00, 0x00, 0x00, 0x00, 0x00, 0x00, 0x00, 0x00, 0x00, 0x00, 0x00, 0x00, 0x00, 0x00, 0x00, 0x00, 0x00,
    0x00, 0x00, 0x00, 0x00, 0x00, 0x00, 0x00, 0x00, 0x00, 0x00, 0x00, 0x00, 0x00, 0x00, 0x00, 0x00, 0x00, 0x00, 0x00, 0x00, 0x00, 0x00, 0x00, 0x00,
    0x00, 0x00, 0x00, 0x00, 0x00, 0x00, 0x00, 0x00, 0x00, 0x00, 0x00, 0x00, 0xA0, 0x52, 0x03, 0x00, 0xF8, 0x01, 0x26, 0x72, 0x0F, 0xA4, 0x69, 0x1C,
    0x00, 0x00, 0x00, 0x00, 0x00, 0x01, 0x00, 0x00, 0x00, 0x00, 0x00, 0x00, 0x00, 0x00, 0x00, 0x00, 0x00, 0x00, 0x00, 0x00, 0x00, 0x00, 0x00, 0x00,
    0x00, 0x00, 0x00, 0x00, 0x00, 0x01, 0x00, 0x78, 0x02, 0xA7, 0x92, 0x0C, 0xA8, 0x9A, 0x20, 0xC8, 0xA2, 0x19, 0xC9, 0xA2, 0x0E, 0xA8, 0xAA, 0x12,
    0xE9, 0xAA, 0x1E, 0xEA, 0xAA, 0x16, 0x4B, 0xB3, 0x11, 0xE9, 0xAA, 0x24, 0xE9, 0xA2, 0x2B, 0x29, 0xB3, 0x0A, 0x00, 0x00, 0x00, 0x00, 0xF8, 0x01,
    0x00, 0x00, 0x00, 0x00, 0x00, 0x00, 0x00, 0x00, 0x00, 0x00, 0x00, 0x00, 0x00, 0x00, 0x00, 0x00, 0x00, 0x00, 0x00, 0x00, 0x00, 0x00, 0x00, 0x00,
    0x00, 0x00, 0x00, 0x00, 0x00, 0x00, 0x00, 0x00, 0x00, 0x00, 0x00, 0x00, 0x00, 0x00, 0x00, 0x00, 0x00, 0x01, 0x00, 0x00, 0x01, 0x00, 0x00, 0x00,
    0x00, 0x00, 0x00, 0xAA, 0x7A, 0x06, 0xA7, 0x7A, 0x18, 0xEF, 0xBB, 0x04, 0xE7, 0x79, 0x04, 0xE8, 0x8A, 0x0B, 0x88, 0x92, 0x3E, 0xA8, 0x92, 0x30,
    0xE9, 0xAA, 0x8D, 0x09, 0xBB, 0xCA, 0x09, 0xC3, 0xD6, 0x67, 0xC2, 0xFD, 0xE4, 0xB9, 0xFF, 0xC4, 0xB9, 0xFF, 0x83, 0xB1, 0xFD, 0xA3, 0xB1, 0xFF,
    0xA3, 0xB1, 0xFF, 0xA3, 0xB1, 0xFE, 0xA3, 0xB1, 0xFE, 0xA3, 0xB1, 0xFF, 0xA3, 0xB1, 0xFF, 0xA3, 0xB1, 0xFF, 0xA3, 0xB1, 0xFF, 0xA3, 0xB1, 0xFE,
    0xA3, 0xB1, 0xFF, 0x83, 0xB1, 0xFF, 0xC4, 0xB1, 0xFD, 0xE5, 0xB1, 0xFC, 0xE5, 0xB1, 0xF2, 0x66, 0xBA, 0xDE, 0xC8, 0xC2, 0xC4, 0xE8, 0xC2, 0xD7,
    0xC8, 0xC2, 0xDD, 0xE8, 0xBA, 0xCC, 0x2A, 0xC3, 0x97, 0xC9, 0xAA, 0x62, 0x67, 0x92, 0x6A, 0x68, 0x92, 0x6B, 0x09, 0xA3, 0x1D, 0xC7, 0x89, 0x09,
    0x0F, 0x78, 0x02, 0x07, 0x82, 0x39, 0x26, 0x82, 0x29, 0x00, 0x00, 0x00, 0xAA, 0x52, 0x03, 0x00, 0x00, 0x00, 0x65, 0x7A, 0x10, 0x66, 0x82, 0x20,
    0xE5, 0x71, 0x75, 0xE5, 0x79, 0x43, 0x00, 0x00, 0x01, 0xE0, 0xFF, 0x01, 0x00, 0x00, 0x00, 0x00, 0x00, 0x00, 0x00, 0x00, 0x00, 0x00, 0x00, 0x00,
    0x00, 0xF8, 0x01, 0xA8, 0xA2, 0x1B, 0x88, 0x9A, 0x41, 0x87, 0x9A, 0x23, 0x68, 0x9A, 0x17, 0x68, 0x9A, 0x1E, 0xA6, 0x79, 0x0E, 0x86, 0x61, 0x05,
    0x00, 0xF8, 0x01, 0x00, 0x00, 0x00, 0xE0, 0x7B, 0x02, 0x00, 0xF8, 0x01, 0x00, 0xF8, 0x01, 0x00, 0xF8, 0x01, 0x00, 0x00, 0x00, 0x00, 0x00, 0x00,
    0x00, 0x00, 0x00, 0x00, 0x00, 0x00, 0x00, 0x00, 0x00, 0x00, 0x00, 0x00, 0x00, 0x00, 0x00, 0x00, 0x00, 0x00, 0x00, 0x00, 0x00, 0x00, 0x00, 0x00,
    0x00, 0x00, 0x00, 0x00, 0x00, 0x00, 0x00, 0x00, 0x00, 0x00, 0x00, 0x00, 0x00, 0x00, 0x00, 0x00, 0x00, 0x00, 0x00, 0x00, 0x00, 0x00, 0x00, 0x00,
    0x00, 0x00, 0x00, 0x00, 0xF8, 0x01, 0xA6, 0x8A, 0x0F, 0x68, 0x92, 0x17, 0xC9, 0x92, 0x1A, 0xE9, 0x9A, 0x24, 0xA9, 0x92, 0x1D, 0xA9, 0x92, 0x29,
    0xE7, 0x9A, 0x08, 0xC9, 0x92, 0x1F, 0xEF, 0x7B, 0x04, 0x29, 0x9B, 0x14, 0xE9, 0x92, 0x24, 0x69, 0x93, 0x07, 0xA8, 0x8A, 0x24, 0x88, 0x7A, 0x16,
    0x00, 0xF8, 0x01, 0x00, 0x00, 0x01, 0x00, 0x00, 0x01, 0x00, 0x00, 0x00, 0x00, 0x00, 0x00, 0x00, 0x00, 0x00, 0x00, 0x00, 0x00, 0x00, 0x00, 0x00,
    0x00, 0x00, 0x00, 0x00, 0x00, 0x00, 0x00, 0x00, 0x00, 0x00, 0x00, 0x00, 0x00, 0x00, 0x00, 0x00, 0x00, 0x00, 0x26, 0x9B, 0x05, 0x07, 0xA2, 0x1B,
    0xC9, 0xBA, 0x60, 0x25, 0xB2, 0xEF, 0x83, 0xB1, 0xFF, 0xA3, 0xB1, 0xFE, 0xA3, 0xB9, 0xFF, 0xA3, 0xB9, 0xFF, 0xA3, 0xB9, 0xFF, 0xA3, 0xB9, 0xFF,
    0xA3, 0xB9, 0xFF, 0xA3, 0xB9, 0xFF, 0x83, 0xB1, 0xFF, 0x05, 0xBA, 0xFE, 0xE8, 0xCA, 0xE2, 0xE9, 0xBA, 0x6D, 0x89, 0xA2, 0x29, 0x26, 0x9B, 0x05,
    0x00, 0x00, 0x00, 0x00, 0x00, 0x00, 0x00, 0x00, 0x00, 0x00, 0x00, 0x00, 0x00, 0x00, 0x00, 0x00, 0x00, 0x00, 0x00, 0x00, 0x00, 0x00, 0x00, 0x00,
    0x00, 0x00, 0x00, 0x00, 0x00, 0x00, 0x00, 0x00, 0x00, 0x00, 0x00, 0x00, 0x00, 0x00, 0x00, 0x00, 0x00, 0x00, 0x00, 0x00, 0x00, 0x00, 0x00, 0x00,
    0x00, 0x00, 0x00, 0x00, 0x00, 0x00, 0x00, 0x00, 0x00, 0x00, 0x00, 0x00, 0x00, 0x00, 0x00, 0x00, 0x00, 0x00, 0x00, 0x00, 0x00, 0x00, 0x00, 0x00,
    0x00, 0x00, 0x00, 0x00, 0x00, 0x00, 0x00, 0x00, 0x00, 0x00, 0x00, 0x00, 0x00, 0x00, 0x00, 0x00, 0x00, 0x00, 0x00, 0x00, 0x00, 0x00, 0x00, 0x00,
    0x00, 0x00, 0x00, 0x00, 0x00, 0x00, 0x00, 0x00, 0x00, 0x00, 0x00, 0x00, 0x00, 0x00, 0x00, 0x00, 0x00, 0x00, 0x00, 0x00, 0x00, 0x00, 0x00, 0x00,
    0x00, 0x00, 0x00, 0x00, 0x00, 0x00, 0x00, 0x00, 0x00, 0x00, 0x00, 0x00, 0x00, 0x00, 0x00, 0x00, 0x00, 0x00, 0x00, 0x00, 0x00, 0x00, 0x00, 0x00,
    0x00, 0x00, 0x00, 0x00, 0x00, 0x00, 0x00, 0x00, 0x00, 0x00, 0x00, 0x00, 0x00, 0x00, 0x00, 0x00, 0x00, 0x00, 0x00, 0x00, 0x00, 0x00, 0x00, 0x00,
    0x00, 0x00, 0x00, 0x00, 0x00, 0x00, 0x00, 0x00, 0x00, 0x00, 0x00, 0x00, 0x00, 0x00, 0x00, 0x00, 0x00, 0x00, 0x00, 0x00, 0x00, 0x00, 0x00, 0x00,
    0x00, 0x00, 0x00, 0x00, 0x00, 0x00, 0x00, 0x00, 0x00, 0x00, 0x00, 0x00, 0x00, 0x00, 0x00, 0x00, 0x00, 0x00, 0x00, 0x00, 0x00, 0x00, 0x00, 0x00,
    0x00, 0x00, 0x00, 0x00, 0x00, 0x00, 0x00, 0x00, 0x00, 0x00, 0x00, 0x00, 0x00, 0x00, 0x00, 0x00, 0x00, 0x00, 0x00, 0x00, 0x00, 0x00, 0x00, 0x00,
    0x00, 0x00, 0x00, 0x00, 0x00, 0x00, 0x00, 0x00, 0x00, 0x00, 0x00, 0x00, 0x00, 0x00, 0x00, 0x00, 0x00, 0x00, 0x00, 0x00, 0x00, 0x00, 0x00, 0x00,
    0x00, 0x00, 0x00, 0x00, 0x00, 0x00, 0x00, 0x00, 0x00, 0x00, 0x00, 0x00, 0x00, 0x00, 0x00, 0x00, 0x00, 0x00, 0x00, 0x00, 0x00, 0x00, 0x00, 0x00,
    0x00, 0x00, 0x00, 0x00, 0x00, 0x00, 0x00, 0x00, 0x00, 0x00, 0x00, 0x00, 0x00, 0x00, 0x00, 0x00, 0x00, 0x00, 0x00, 0x00, 0x00, 0x00, 0x00, 0x00,
    0x00, 0x00, 0x00, 0x00, 0x00, 0x00, 0x00, 0x00, 0x00, 0x00, 0x00, 0x00, 0x00, 0x00, 0x00, 0x00, 0x00, 0x00, 0x00, 0x00, 0x00, 0x00, 0x00, 0x00,
    0x00, 0x00, 0x00, 0x00, 0x00, 0x00, 0x00, 0x00, 0x00, 0x00, 0x00, 0x00, 0x00, 0x00, 0x00, 0x00, 0x00, 0x00, 0x00, 0x00, 0x00, 0x00, 0x00, 0x00,
    0x00, 0x00, 0x00, 0x00, 0x00, 0x00, 0x00, 0x00, 0x00, 0x00, 0x00, 0x00, 0x00, 0x00, 0x00, 0x00, 0x00, 0x00, 0x00, 0x00, 0x00, 0x00, 0x00, 0x00,
    0x00, 0x00, 0x00, 0x00, 0x00, 0x00, 0x00, 0x00, 0x00, 0x00, 0x00, 0x00, 0x00, 0x00, 0x00, 0x00, 0x00, 0x00, 0x00, 0x00, 0x00, 0x00, 0x00, 0x00,
    0x00, 0x00, 0x00, 0x00, 0x00, 0x00, 0x00, 0x00, 0x00, 0x00, 0x00, 0x00, 0x00, 0x00, 0x00, 0x00, 0x00, 0x00, 0x00, 0x00, 0x00, 0x00, 0x00, 0x00,
    0x00, 0x00, 0x00, 0x00, 0x00, 0x00, 0x00, 0x00, 0x00, 0x00, 0x00, 0x00, 0x00, 0x00, 0x00, 0x00, 0x00, 0x00, 0x00, 0x00, 0x00, 0x00, 0x00, 0x00,
    0x00, 0x00, 0x00, 0x00, 0x00, 0x00, 0x00, 0x00, 0x00, 0x00, 0x00, 0x00, 0x00, 0x00, 0x00, 0x00, 0x00, 0x00, 0x00, 0x00, 0x00, 0x00, 0x00, 0x00,
    0x00, 0x00, 0x00, 0x00, 0x00, 0x00, 0x00, 0x00, 0x00, 0x00, 0x00, 0x00, 0x00, 0x00, 0x00, 0x00, 0x00, 0x00, 0x00, 0x00, 0x00, 0x00, 0x00, 0x00,
    0x00, 0x00, 0x00, 0x00, 0x00, 0x00, 0x00, 0x00, 0x00, 0x00, 0x00, 0x00, 0x00, 0x00, 0x00, 0x00, 0x00, 0x00, 0x00, 0x00, 0x00, 0x00, 0x00, 0x00,
    0x00, 0x00, 0x00, 0x00, 0x00, 0x00, 0x00, 0x00, 0x00, 0x00, 0x00, 0x00, 0x00, 0x00, 0x00, 0x00, 0x00, 0x00, 0x00, 0x00, 0x00, 0x00, 0x00, 0x00,
    0x00, 0x00, 0x00, 0x00, 0x00, 0x00, 0x00, 0x00, 0x00, 0x00, 0x00, 0x00, 0x00, 0x00, 0x00, 0x00, 0x00, 0x00, 0x00, 0x00, 0x00, 0x00, 0x00, 0x00,
    0x00, 0x00, 0x00, 0x00, 0x00, 0x00, 0x00, 0x00, 0x00, 0x00, 0x00, 0x00, 0x00, 0x00, 0x00, 0x00, 0x00, 0x00, 0x00, 0x00, 0x00, 0x00, 0x00, 0x00,
    0x00, 0x00, 0x00, 0x00, 0x00, 0x00, 0x00, 0x00, 0x00, 0x00, 0x00, 0x00, 0x00, 0x00, 0x00, 0x00, 0x00, 0x00, 0x00, 0x00, 0x00, 0x00, 0x00, 0x00,
    0x00, 0x00, 0x00, 0x00, 0x00, 0x00, 0x00, 0x00, 0x00, 0x00, 0x00, 0x00, 0x00, 0x00, 0x00, 0x00, 0x00, 0x00, 0xEF, 0x7B, 0x02, 0xC8, 0x9A, 0x1A,
    0xE8, 0xA2, 0x2B, 0xC8, 0xA2, 0x2B, 0xE9, 0xA2, 0x29, 0xC9, 0xAA, 0x3D, 0xE9, 0xAA, 0x52, 0xC9, 0xAA, 0x56, 0xE9, 0xAA, 0x34, 0xE9, 0xAA, 0x43,
    0xEA, 0xAA, 0x33, 0x4B, 0xAB, 0x13, 0x49, 0xB2, 0x07, 0xAA, 0xAA, 0x06, 0x00, 0x00, 0x00, 0x00, 0x00, 0x00, 0x00, 0x00, 0x00, 0x00, 0x00, 0x00,
    0x00, 0x00, 0x00, 0x00, 0x00, 0x00, 0x00, 0x00, 0x00, 0x00, 0x00, 0x00, 0x00, 0x00, 0x00, 0x00, 0x00, 0x00, 0x00, 0x00, 0x00, 0x00, 0x00, 0x00,
    0x00, 0x00, 0x00, 0x00, 0x00, 0x00, 0x00, 0x00, 0x00, 0x00, 0x00, 0x00, 0x00, 0x00, 0x00, 0x00, 0x00, 0x00, 0xAA, 0x8A, 0x09, 0xE7, 0x79, 0x08,
    0x00, 0x00, 0x00, 0xAA, 0x8A, 0x09, 0xC9, 0x9A, 0x25, 0xE9, 0x9A, 0x38, 0xE9, 0xB2, 0x63, 0x2A, 0xC3, 0xC0, 0xA8, 0xC2, 0xEA, 0xC4, 0xB1, 0xFF,
    0x83, 0xB1, 0xFE, 0xA3, 0xB1, 0xFF, 0xA3, 0xB1, 0xFF, 0xA3, 0xB1, 0xFF, 0xA3, 0xB1, 0xFF, 0xA3, 0xB1, 0xFF, 0xA3, 0xB9, 0xFF, 0xA3, 0xB1, 0xFF,
    0xA3, 0xB1, 0xFF, 0xA3, 0xB9, 0xFF, 0xA3, 0xB9, 0xFF, 0xA3, 0xB1, 0xFF, 0xA3, 0xB9, 0xFF, 0xA3, 0xB1, 0xFF, 0xA3, 0xB1, 0xFF, 0xA3, 0xB1, 0xFF,
    0xA3, 0xB9, 0xFF, 0xC3, 0xB9, 0xFF, 0xC4, 0xB9, 0xFF, 0xE4, 0xB9, 0xFF, 0xE5, 0xB9, 0xFF, 0x46, 0xC2, 0xFC, 0x87, 0xBA, 0xF9, 0xC8, 0xBA, 0xC8,
    0xE9, 0xBA, 0x5E, 0xC9, 0xA2, 0x62, 0x88, 0x9A, 0x7E, 0xA8, 0x9A, 0x32, 0xC8, 0x9A, 0x2B, 0xC9, 0x92, 0x3C, 0xC9, 0x9A, 0x17, 0xEF, 0x7B, 0x02,
    0xAA, 0xAA, 0x03, 0x00, 0xF8, 0x01, 0x00, 0x00, 0x01, 0x00, 0x00, 0x00, 0xC5, 0x71, 0x66, 0xE5, 0x79, 0x52, 0x00, 0x00, 0x00, 0x00, 0x78, 0x02,
    0x00, 0x00, 0x00, 0x00, 0x00, 0x00, 0x00, 0x00, 0x00, 0x88, 0x92, 0x16, 0x87, 0x9A, 0x19, 0x67, 0x9A, 0x32, 0x88, 0xA2, 0x52, 0xE9, 0xBA, 0x5A,
    0xC8, 0xB2, 0x7F, 0xE8, 0xBA, 0x88, 0x09, 0xBB, 0x6D, 0xC9, 0xAA, 0x38, 0x89, 0xA2, 0x1F, 0x47, 0x92, 0x1B, 0x00, 0x00, 0x00, 0x00, 0x00, 0x00,
    0x00, 0x00, 0x00, 0x00, 0x00, 0x00, 0x00, 0x00, 0x00, 0x00, 0x00, 0x01, 0x00, 0x00, 0x00, 0x00, 0x00, 0x01, 0x00, 0x00, 0x00, 0x00, 0x00, 0x00,
    0x00, 0x00, 0x00, 0x00, 0x00, 0x00, 0x00, 0x00, 0x00, 0x00, 0x00, 0x00, 0x00, 0x00, 0x00, 0x00, 0x00, 0x00, 0x00, 0x00, 0x00, 0x00, 0x00, 0x00,
    0x00, 0x00, 0x00, 0x00, 0x00, 0x00, 0x00, 0x00, 0x01, 0x00, 0x00, 0x00, 0xAA, 0xAA, 0x03, 0xAA, 0xAA, 0x0F, 0x00, 0x00, 0x00, 0xE7, 0x9A, 0x08,
    0xA9, 0x9A, 0x23, 0xE9, 0x9A, 0x2F, 0xC9, 0x9A, 0x2E, 0xA9, 0x9A, 0x1D, 0xC9, 0x92, 0x22, 0xC9, 0x92, 0x25, 0xC9, 0xA2, 0x11, 0xC9, 0x9A, 0x2D,
    0xC9, 0x92, 0x4A, 0xE7, 0x79, 0x04, 0x47, 0x7A, 0x30, 0x47, 0x82, 0x3D, 0x00, 0x00, 0x01, 0x00, 0x00, 0x00, 0x00, 0x00, 0x00, 0x00, 0x00, 0x00,
    0x00, 0x00, 0x00, 0x00, 0x00, 0x00, 0x00, 0x00, 0x00, 0x00, 0x00, 0x00, 0x00, 0x00, 0x00, 0x00, 0x00, 0x00, 0x00, 0x00, 0x00, 0x00, 0x00, 0x00,
    0x00, 0x00, 0x00, 0x00, 0x00, 0x00, 0xE7, 0x99, 0x08, 0x88, 0xAA, 0x3C, 0x46, 0xB2, 0xBD, 0xE4, 0xB9, 0xFF, 0x83, 0xB1, 0xFE, 0xA3, 0xB1, 0xFF,
    0xA3, 0xB9, 0xFF, 0xA3, 0xB9, 0xFF, 0xA3, 0xB9, 0xFF, 0xA3, 0xB9, 0xFF, 0xA3, 0xB9, 0xFF, 0xA3, 0xB9, 0xFF, 0x83, 0xB1, 0xFE, 0x46, 0xC2, 0xFF,
    0x29, 0xC3, 0xB4, 0xE9, 0xB2, 0x37, 0x86, 0x99, 0x05, 0x00, 0x00, 0x00, 0x00, 0x00, 0x00, 0x00, 0x00, 0x00, 0x00, 0x00, 0x00, 0x00, 0x00, 0x00,
    0x00, 0x00, 0x00, 0x00, 0x00, 0x00, 0x00, 0x00, 0x00, 0x00, 0x00, 0x00, 0x00, 0x00, 0x00, 0x00, 0x00, 0x00, 0x00, 0x00, 0x00, 0x00, 0x00, 0x00,
    0x00, 0x00, 0x00, 0x00, 0x00, 0x00, 0x00, 0x00, 0x00, 0x00, 0x00, 0x00, 0x00, 0x00, 0x00, 0x00, 0x00, 0x00, 0x00, 0x00, 0x00, 0x00, 0x00, 0x00,
    0x00, 0x00, 0x00, 0x00, 0x00, 0x00, 0x00, 0x00, 0x00, 0x00, 0x00, 0x00, 0x00, 0x00, 0x00, 0x00, 0x00, 0x00, 0x00, 0x00, 0x00, 0x00, 0x00, 0x00,
    0x00, 0x00, 0x00, 0x00, 0x00, 0x00, 0x00, 0x00, 0x00, 0x00, 0x00, 0x00, 0x00, 0x00, 0x00, 0x00, 0x00, 0x00, 0x00, 0x00, 0x00, 0x00, 0x00, 0x00,
    0x00, 0x00, 0x00, 0x00, 0x00, 0x00, 0x00, 0x00, 0x00, 0x00, 0x00, 0x00, 0x00, 0x00, 0x00, 0x00, 0x00, 0x00, 0x00, 0x00, 0x00, 0x00, 0x00, 0x00,
    0x00, 0x00, 0x00, 0x00, 0x00, 0x00, 0x00, 0x00, 0x00, 0x00, 0x00, 0x00, 0x00, 0x00, 0x00, 0x00, 0x00, 0x00, 0x00, 0x00, 0x00, 0x00, 0x00, 0x00,
    0x00, 0x00, 0x00, 0x00, 0x00, 0x00, 0x00, 0x00, 0x00, 0x00, 0x00, 0x00, 0x00, 0x00, 0x00, 0x00, 0x00, 0x00, 0x00, 0x00, 0x00, 0x00, 0x00, 0x00,
    0x00, 0x00, 0x00, 0x00, 0x00, 0x00, 0x00, 0x00, 0x00, 0x00, 0x00, 0x00, 0x00, 0x00, 0x00, 0x00, 0x00, 0x00, 0x00, 0x00, 0x00, 0x00, 0x00, 0x00,
    0x00, 0x00, 0x00, 0x00, 0x00, 0x00, 0x00, 0x00, 0x00, 0x00, 0x00, 0x00, 0x00, 0x00, 0x00, 0x00, 0x00, 0x00, 0x00, 0x00, 0x00, 0x00, 0x00, 0x00,
    0x00, 0x00, 0x00, 0x00, 0x00, 0x00, 0x00, 0x00, 0x00, 0x00, 0x00, 0x00, 0x00, 0x00, 0x00, 0x00, 0x00, 0x00, 0x00, 0x00, 0x00, 0x00, 0x00, 0x00,
    0x00, 0x00, 0x00, 0x00, 0x00, 0x00, 0x00, 0x00, 0x00, 0x00, 0x00, 0x00, 0x00, 0x00, 0x00, 0x00, 0x00, 0x00, 0x00, 0x00, 0x00, 0x00, 0x00, 0x00,
    0x00, 0x00, 0x00, 0x00, 0x00, 0x00, 0x00, 0x00, 0x00, 0x00, 0x00, 0x00, 0x00, 0x00, 0x00, 0x00, 0x00, 0x00, 0x00, 0x00, 0x00, 0x00, 0x00, 0x00,
    0x00, 0x00, 0x00, 0x00, 0x00, 0x00, 0x00, 0x00, 0x00, 0x00, 0x00, 0x00, 0x00, 0x00, 0x00, 0x00, 0x00, 0x00, 0x00, 0x00, 0x00, 0x00, 0x00, 0x00,
    0x00, 0x00, 0x00, 0x00, 0x00, 0x00, 0x00, 0x00, 0x00, 0x00, 0x00, 0x00, 0x00, 0x00, 0x00, 0x00, 0x00, 0x00, 0x00, 0x00, 0x00, 0x00, 0x00, 0x00,
    0x00, 0x00, 0x00, 0x00, 0x00, 0x00, 0x00, 0x00, 0x00, 0x00, 0x00, 0x00, 0x00, 0x00, 0x00, 0x00, 0x00, 0x00, 0x00, 0x00, 0x00, 0x00, 0x00, 0x00,
    0x00, 0x00, 0x00, 0x00, 0x00, 0x00, 0x00, 0x00, 0x00, 0x00, 0x00, 0x00, 0x00, 0x00, 0x00, 0x00, 0x00, 0x00, 0x00, 0x00, 0x00, 0x00, 0x00, 0x00,
    0x00, 0x00, 0x00, 0x00, 0x00, 0x00, 0x00, 0x00, 0x00, 0x00, 0x00, 0x00, 0x00, 0x00, 0x00, 0x00, 0x00, 0x00, 0x00, 0x00, 0x00, 0x00, 0x00, 0x00,
    0x00, 0x00, 0x00, 0x00, 0x00, 0x00, 0x00, 0x00, 0x00, 0x00, 0x00, 0x00, 0x00, 0x00, 0x00, 0x00, 0x00, 0x00, 0x00, 0x00, 0x00, 0x00, 0x00, 0x00,
    0x00, 0x00, 0x00, 0x00, 0x00, 0x00, 0x00, 0x00, 0x00, 0x00, 0x00, 0x00, 0x00, 0x00, 0x00, 0x00, 0x00, 0x00, 0x00, 0x00, 0x00, 0x00, 0x00, 0x00,
    0x00, 0x00, 0x00, 0x00, 0x00, 0x00, 0x00, 0x00, 0x00, 0x00, 0x00, 0x00, 0x00, 0x00, 0x00, 0x00, 0x00, 0x00, 0x00, 0x00, 0x00, 0x00, 0x00, 0x00,
    0x00, 0x00, 0x00, 0x00, 0x00, 0x00, 0x00, 0x00, 0x00, 0x00, 0x00, 0x00, 0x00, 0x00, 0x00, 0x00, 0x00, 0x00, 0x00, 0x00, 0x00, 0x00, 0x00, 0x00,
    0x00, 0x00, 0x00, 0x00, 0x00, 0x00, 0x00, 0x00, 0x00, 0x00, 0x00, 0x00, 0x00, 0x00, 0x00, 0x00, 0x00, 0x00, 0x00, 0x00, 0x00, 0x00, 0x00, 0x00,
    0x00, 0x00, 0x00, 0x00, 0x00, 0x00, 0x00, 0x00, 0x00, 0x00, 0x00, 0x00, 0x00, 0x00, 0x00, 0x00, 0x00, 0x00, 0x00, 0x00, 0x00, 0x00, 0x00, 0x00,
    0x00, 0x00, 0x00, 0x00, 0x00, 0x00, 0x00, 0x00, 0x00, 0x00, 0x00, 0x00, 0x00, 0x00, 0x00, 0x00, 0x00, 0x00, 0x00, 0x78, 0x02, 0xE0, 0x7B, 0x02,
    0x00, 0x00, 0x00, 0x00, 0x00, 0x00, 0x00, 0x00, 0x00, 0x00, 0x00, 0x00, 0x00, 0x00, 0x00, 0x00, 0x00, 0x00, 0x00, 0x00, 0x00, 0x00, 0x00, 0x00,
    0x00, 0x00, 0x00, 0x00, 0x00, 0x00, 0x00, 0x00, 0x00, 0x00, 0x00, 0x00, 0x00, 0x00, 0x00, 0x00, 0x00, 0x00, 0x00, 0x00, 0x00, 0x00, 0x00, 0x00,
    0x00, 0xF8, 0x01, 0xFF, 0xFF, 0x01, 0xE7, 0x9A, 0x10, 0xC8, 0xA2, 0x28, 0xC9, 0xA2, 0x40, 0xC8, 0xAA, 0x27, 0xE9, 0xAA, 0x45, 0xE9, 0xB2, 0x76,
    0xE9, 0xB2, 0x76, 0xE9, 0xB2, 0x73, 0x09, 0xBB, 0x87, 0x09, 0xB3, 0x88, 0x0A, 0xB3, 0x6C, 0x2A, 0xB3, 0x42, 0xEA, 0xA2, 0x23, 0x89, 0x9A, 0x1F,
    0x09, 0x9B, 0x15, 0x00, 0x00, 0x00, 0x00, 0xF8, 0x01, 0x00, 0x00, 0x00, 0x00, 0x00, 0x00, 0x00, 0x00, 0x00, 0x00, 0x00, 0x00, 0x00, 0x00, 0x00,
    0x00, 0x00, 0x00, 0x00, 0x00, 0x00, 0x00, 0x00, 0x00, 0x86, 0x99, 0x05, 0x00, 0xF8, 0x01, 0x06, 0x82, 0x3E, 0x06, 0x82, 0x2E, 0x00, 0x00, 0x00,
    0x00, 0x78, 0x02, 0x00, 0x00, 0x00, 0xAA, 0xAA, 0x06, 0x00, 0xF8, 0x01, 0xE7, 0x9A, 0x08, 0xC9, 0x9A, 0x17, 0xC9, 0x92, 0x25, 0x09, 0xA3, 0x3D,
    0x2A, 0xBB, 0x87, 0x29, 0xC3, 0xD0, 0xC8, 0xCA, 0xF3, 0xC4, 0xB1, 0xFE, 0xA3, 0xB9, 0xFF, 0xA3, 0xB9, 0xFF, 0xA3, 0xB9, 0xFF, 0xA3, 0xB9, 0xFF,
    0xA3, 0xB9, 0xFF, 0xA3, 0xB9, 0xFF, 0xA3, 0xB9, 0xFF, 0xA3, 0xB9, 0xFF, 0xA3, 0xB9, 0xFF, 0xA4, 0xB9, 0xFF, 0xA4, 0xB9, 0xFF, 0xA3, 0xB9, 0xFF,
    0xA3, 0xB9, 0xFF, 0xA3, 0xB9, 0xFF, 0xA3, 0xB9, 0xFF, 0xA3, 0xB9, 0xFF, 0xA3, 0xB9, 0xFF, 0xA3, 0xB9, 0xFE, 0xA3, 0xB9, 0xFE, 0xA3, 0xB9, 0xFF,
    0xA3, 0xB9, 0xFE, 0xA3, 0xB9, 0xFF, 0xC4, 0xB9, 0xFF, 0x46, 0xC2, 0xFF, 0x67, 0xB2, 0xE1, 0xE9, 0xC2, 0xA4, 0x0A, 0xC3, 0x94, 0xE9, 0xB2, 0x80,
    0xC9, 0xA2, 0x6F, 0xC9, 0x9A, 0x56, 0xA9, 0x92, 0x2A, 0x88, 0x8A, 0x16, 0x00, 0x00, 0x00, 0x00, 0x00, 0x00, 0xEF, 0x7B, 0x02, 0x45, 0x79, 0x06,
    0x00, 0x00, 0x00, 0xE5, 0x81, 0x60, 0xC5, 0x81, 0x8D, 0x00, 0x00, 0x01, 0x00, 0xF8, 0x01, 0x49, 0x92, 0x07, 0xA7, 0xAA, 0x09, 0x48, 0x9A, 0x23,
    0x68, 0x9A, 0x39, 0xC8, 0xB2, 0x62, 0xE8, 0xC2, 0x9C, 0x66, 0xBA, 0xDA, 0x05, 0xB2, 0xFE, 0x25, 0xBA, 0xFD, 0x86, 0xC2, 0xEB, 0x66, 0xB2, 0xE2,
    0x67, 0xB2, 0x93, 0xC8, 0xB2, 0x78, 0xE9, 0xBA, 0x5B, 0xEA, 0xB2, 0x23, 0x07, 0x92, 0x1B, 0x47, 0x92, 0x2C, 0xE7, 0x79, 0x04, 0x00, 0xF8, 0x01,
    0xAA, 0xAA, 0x06, 0x00, 0x00, 0x00, 0x00, 0x00, 0x00, 0x00, 0x00, 0x00, 0x00, 0x00, 0x00, 0x00, 0x00, 0x00, 0x00, 0x00, 0x00, 0x00, 0x00, 0x01,
    0x00, 0x00, 0x00, 0x00, 0x00, 0x00, 0x00, 0x00, 0x00, 0x00, 0x00, 0x00, 0x00, 0x00, 0x00, 0x00, 0x00, 0x00, 0xAA, 0xAA, 0x03, 0x26, 0xCB, 0x05,
    0xAA, 0xAA, 0x03, 0xA7, 0xAA, 0x09, 0x88, 0x9A, 0x28, 0xC9, 0x9A, 0x1F, 0xC9, 0xA2, 0x36, 0xA9, 0xA2, 0x69, 0xA9, 0xA2, 0x3A, 0xC9, 0xA2, 0x31,
    0xC9, 0xA2, 0x62, 0xE9, 0xA2, 0x63, 0x09, 0xA3, 0x42, 0xC9, 0x9A, 0x3D, 0xE9, 0x9A, 0x3F, 0xC9, 0xA2, 0x17, 0xC9, 0x9A, 0x28, 0xC9, 0x92, 0x11,
    0x26, 0x63, 0x05, 0x26, 0x72, 0x0F, 0x27, 0x7A, 0x12, 0x00, 0x00, 0x00, 0x00, 0x00, 0x01, 0x00, 0x00, 0x00, 0x00, 0x00, 0x00, 0x00, 0x00, 0x00,
    0x00, 0x00, 0x00, 0x00, 0x00, 0x00, 0x00, 0x00, 0x00, 0x00, 0x00, 0x00, 0x00, 0x00, 0x01, 0xE0, 0x7B, 0x02, 0x27, 0x9A, 0x1A, 0xA8, 0xB2, 0x6B,
    0x26, 0xB2, 0xEA, 0xA3, 0xB9, 0xFF, 0xA3, 0xB1, 0xFE, 0xA3, 0xB1, 0xFF, 0xA3, 0xB9, 0xFF, 0xA3, 0xB9, 0xFF, 0xA3, 0xB9, 0xFF, 0xA3, 0xB9, 0xFF,
    0xA4, 0xB9, 0xFF, 0xA3, 0xB1, 0xFE, 0xC3, 0xB9, 0xFF, 0xA8, 0xC2, 0xCF, 0x0A, 0xBB, 0x49, 0xC7, 0x99, 0x0D, 0xEF, 0xFB, 0x02, 0x00, 0x00, 0x00,
    0x00, 0x00, 0x00, 0x00, 0x00, 0x00, 0x00, 0x00, 0x00, 0x00, 0x00, 0x00, 0x00, 0x00, 0x00, 0x00, 0x00, 0x00, 0x00, 0x00, 0x00, 0x00, 0x00, 0x00,
    0x00, 0x00, 0x00, 0x00, 0x00, 0x00, 0x00, 0x00, 0x00, 0x00, 0x00, 0x00, 0x00, 0x00, 0x00, 0x00, 0x00, 0x00, 0x00, 0x00, 0x00, 0x00, 0x00, 0x00,
    0x00, 0x00, 0x00, 0x00, 0x00, 0x00, 0x00, 0x00, 0x00, 0x00, 0x00, 0x00, 0x00, 0x00, 0x00, 0x00, 0x00, 0x00, 0x00, 0x00, 0x00, 0x00, 0x00, 0x00,
    0x00, 0x00, 0x00, 0x00, 0x00, 0x00, 0x00, 0x00, 0x00, 0x00, 0x00, 0x00, 0x00, 0x00, 0x00, 0x00, 0x00, 0x00, 0x00, 0x00, 0x00, 0x00, 0x00, 0x00,
    0x00, 0x00, 0x00, 0x00, 0x00, 0x00, 0x00, 0x00, 0x00, 0x00, 0x00, 0x00, 0x00, 0x00, 0x00, 0x00, 0x00, 0x00, 0x00, 0x00, 0x00, 0x00, 0x00, 0x00,
    0x00, 0x00, 0x00, 0x00, 0x00, 0x00, 0x00, 0x00, 0x00, 0x00, 0x00, 0x00, 0x00, 0x00, 0x00, 0x00, 0x00, 0x00, 0x00, 0x00, 0x00, 0x00, 0x00, 0x00,
    0x00, 0x00, 0x00, 0x00, 0x00, 0x00, 0x00, 0x00, 0x00, 0x00, 0x00, 0x00, 0x00, 0x00, 0x00, 0x00, 0x00, 0x00, 0x00, 0x00, 0x00, 0x00, 0x00, 0x00,
    0x00, 0x00, 0x00, 0x00, 0x00, 0x00, 0x00, 0x00, 0x00, 0x00, 0x00, 0x00, 0x00, 0x00, 0x00, 0x00, 0x00, 0x00, 0x00, 0x00, 0x00, 0x00, 0x00, 0x00,
    0x00, 0x00, 0x00, 0x00, 0x00, 0x00, 0x00, 0x00, 0x00, 0x00, 0x00, 0x00, 0x00, 0x00, 0x00, 0x00, 0x00, 0x00, 0x00, 0x00, 0x00, 0x00, 0x00, 0x00,
    0x00, 0x00, 0x00, 0x00, 0x00, 0x00, 0x00, 0x00, 0x00, 0x00, 0x00, 0x00, 0x00, 0x00, 0x00, 0x00, 0x00, 0x00, 0x00, 0x00, 0x00, 0x00, 0x00, 0x00,
    0x00, 0x00, 0x00, 0x00, 0x00, 0x00, 0x00, 0x00, 0x00, 0x00, 0x00, 0x00, 0x00, 0x00, 0x00, 0x00, 0x00, 0x00, 0x00, 0x00, 0x00, 0x00, 0x00, 0x00,
    0x00, 0x00, 0x00, 0x00, 0x00, 0x00, 0x00, 0x00, 0x00, 0x00, 0x00, 0x00, 0x00, 0x00, 0x00, 0x00, 0x00, 0x00, 0x00, 0x00, 0x00, 0x00, 0x00, 0x00,
    0x00, 0x00, 0x00, 0x00, 0x00, 0x00, 0x00, 0x00, 0x00, 0x00, 0x00, 0x00, 0x00, 0x00, 0x00, 0x00, 0x00, 0x00, 0x00, 0x00, 0x00, 0x00, 0x00, 0x00,
    0x00, 0x00, 0x00, 0x00, 0x00, 0x00, 0x00, 0x00, 0x00, 0x00, 0x00, 0x00, 0x00, 0x00, 0x00, 0x00, 0x00, 0x00, 0x00, 0x00, 0x00, 0x00, 0x00, 0x00,
    0x00, 0x00, 0x00, 0x00, 0x00, 0x00, 0x00, 0x00, 0x00, 0x00, 0x00, 0x00, 0x00, 0x00, 0x00, 0x00, 0x00, 0x00, 0x00, 0x00, 0x00, 0x00, 0x00, 0x00,
    0x00, 0x00, 0x00, 0x00, 0x00, 0x00, 0x00, 0x00, 0x00, 0x00, 0x00, 0x00, 0x00, 0x00, 0x00, 0x00, 0x00, 0x00, 0x00, 0x00, 0x00, 0x00, 0x00, 0x00,
    0x00, 0x00, 0x00, 0x00, 0x00, 0x00, 0x00, 0x00, 0x00, 0x00, 0x00, 0x00, 0x00, 0x00, 0x00, 0x00, 0x00, 0x00, 0x00, 0x00, 0x00, 0x00, 0x00, 0x00,
    0x00, 0x00, 0x00, 0x00, 0x00, 0x00, 0x00, 0x00, 0x00, 0x00, 0x00, 0x00, 0x00, 0x00, 0x00, 0x00, 0x00, 0x00, 0x00, 0x00, 0x00, 0x00, 0x00, 0x00,
    0x00, 0x00, 0x00, 0x00, 0x00, 0x00, 0x00, 0x00, 0x00, 0x00, 0x00, 0x00, 0x00, 0x00, 0x00, 0x00, 0x00, 0x00, 0x00, 0x00, 0x00, 0x00, 0x00, 0x00,
    0x00, 0x00, 0x00, 0x00, 0x00, 0x00, 0x00, 0x00, 0x00, 0x00, 0x00, 0x00, 0x00, 0x00, 0x00, 0x00, 0x00, 0x00, 0x00, 0x00, 0x00, 0x00, 0x00, 0x00,
    0x00, 0x00, 0x00, 0x00, 0x00, 0x00, 0x00, 0x00, 0x00, 0x00, 0x00, 0x00, 0x00, 0x00, 0x00, 0x00, 0x00, 0x00, 0x00, 0x00, 0x00, 0x00, 0x00, 0x00,
    0x00, 0x00, 0x00, 0x00, 0x00, 0x00, 0x00, 0x00, 0x00, 0x00, 0x00, 0x00, 0x00, 0x00, 0x00, 0x00, 0x00, 0x00, 0x00, 0x00, 0x00, 0x00, 0x00, 0x00,
    0x00, 0x00, 0x00, 0x00, 0x00, 0x00, 0x00, 0x00, 0x00, 0x00, 0x00, 0x00, 0x00, 0x00, 0x00, 0x00, 0x00, 0x00, 0x00, 0x00, 0x00, 0x00, 0x00, 0x00,
    0x00, 0x00, 0x00, 0x00, 0x00, 0x00, 0x00, 0x00, 0x00, 0x00, 0x00, 0x00, 0x00, 0x00, 0x00, 0x00, 0x00, 0x00, 0x00, 0x00, 0x00, 0x00, 0x00, 0x00,
    0x00, 0x00, 0x00, 0x00, 0x00, 0x00, 0x00, 0x00, 0x00, 0x00, 0x00, 0x00, 0x00, 0x00, 0x00, 0x00, 0x00, 0x00, 0x00, 0x00, 0x00, 0x00, 0x00, 0x00,
    0x00, 0x00, 0x00, 0x00, 0x00, 0x00, 0x00, 0x00, 0x00, 0x00, 0x00, 0x00, 0x00, 0x00, 0x00, 0x00, 0x00, 0x00, 0x00, 0x00, 0x00, 0x00, 0x00, 0x00,
    0x00, 0x00, 0x00, 0x00, 0x00, 0x00, 0x00, 0x00, 0x00, 0x00, 0x00, 0x00, 0x00, 0x00, 0x01, 0xAA, 0xAA, 0x03, 0xA8, 0x9A, 0x40, 0xA8, 0xA2, 0x57,
    0xC9, 0xAA, 0x3F, 0xE9, 0xAA, 0x56, 0xE9, 0xBA, 0x78, 0xC8, 0xBA, 0xBF, 0xE9, 0xC2, 0xC3, 0x29, 0xC3, 0xC1, 0x2A, 0xCB, 0xCE, 0x29, 0xCB, 0xC3,
    0x2A, 0xC3, 0xA8, 0x2A, 0xBB, 0x8A, 0x09, 0xAB, 0x60, 0xE9, 0xAA, 0x21, 0xE9, 0xAA, 0x1B, 0xAA, 0xAA, 0x06, 0x00, 0x00, 0x00, 0x00, 0x00, 0x00,
    0x00, 0x00, 0x00, 0x00, 0x00, 0x00, 0x00, 0x00, 0x00, 0x00, 0x00, 0x00, 0x00, 0x00, 0x00, 0x00, 0x00, 0x01, 0x00, 0x00, 0x00, 0x49, 0x92, 0x07,
    0xE7, 0xB9, 0x04, 0x26, 0x8A, 0x1D, 0x27, 0x8A, 0x16, 0x00, 0xF8, 0x01, 0xE0, 0x7B, 0x02, 0x00, 0xF8, 0x01, 0xE7, 0x9A, 0x08, 0xEF, 0xFB, 0x02,
    0x00, 0x00, 0x00, 0xA7, 0x92, 0x18, 0x89, 0x9A, 0x1C, 0xE9, 0xAA, 0x68, 0x4A, 0xC3, 0xC6, 0xA7, 0xC2, 0xF4, 0x04, 0xBA, 0xFF, 0xC3, 0xB9, 0xFF,
    0xA3, 0xB9, 0xFF, 0xA3, 0xB9, 0xFF, 0xA3, 0xB9, 0xFF, 0xA3, 0xB9, 0xFF, 0xA3, 0xB9, 0xFF, 0xA3, 0xB9, 0xFF, 0xA3, 0xB9, 0xFF, 0xA3, 0xB9, 0xFF,
    0xA3, 0xB9, 0xFF, 0xA3, 0xB9, 0xFF, 0xA3, 0xB9, 0xFF, 0xA3, 0xB9, 0xFF, 0xA3, 0xB9, 0xFF, 0xA3, 0xB9, 0xFF, 0xA3, 0xB9, 0xFF, 0xA3, 0xB9, 0xFF,
    0xA3, 0xB9, 0xFF, 0xA3, 0xB9, 0xFF, 0xA3, 0xB9, 0xFF, 0xA3, 0xB9, 0xFF, 0xA3, 0xB9, 0xFF, 0xA4, 0xB9, 0xFF, 0xA3, 0xB9, 0xFE, 0x83, 0xB1, 0xFE,
    0xC4, 0xB9, 0xFF, 0x05, 0xBA, 0xFF, 0x46, 0xBA, 0xF4, 0x26, 0xB2, 0xF2, 0xE8, 0xC2, 0xA8, 0x4A, 0xC3, 0x8E, 0xC9, 0xA2, 0x60, 0xC8, 0x9A, 0x36,
    0xA9, 0x92, 0x38, 0x88, 0x92, 0x25, 0x00, 0x00, 0x00, 0x26, 0xCB, 0x05, 0x00, 0x78, 0x02, 0xC5, 0x79, 0x31, 0xA4, 0x71, 0x53, 0x00, 0x00, 0x00,
    0x00, 0xF8, 0x01, 0x49, 0x92, 0x07, 0xAA, 0xAA, 0x03, 0x68, 0xA2, 0x3B, 0xA8, 0xB2, 0x77, 0x26, 0xB2, 0xD6, 0x05, 0xB2, 0xFA, 0xA3, 0xB1, 0xFF,
    0x83, 0xB1, 0xFF, 0x83, 0xB1, 0xFF, 0x83, 0xB1, 0xFF, 0x83, 0xB1, 0xFF, 0xC4, 0xB1, 0xFF, 0xE4, 0xB1, 0xF7, 0x05, 0xB2, 0xF6, 0x47, 0xB2, 0xB2,
    0x2A, 0xBB, 0x6B, 0xEA, 0xB2, 0x69, 0x88, 0xA2, 0x44, 0x87, 0x9A, 0x1C, 0x88, 0xAA, 0x2C, 0x47, 0xA2, 0x11, 0x49, 0xB2, 0x07, 0x2C, 0x9B, 0x05,
    0xE0, 0x7B, 0x02, 0xAA, 0xAA, 0x03, 0xE7, 0xB9, 0x04, 0x00, 0x00, 0x00, 0x00, 0x00, 0x00, 0x00, 0x00, 0x00, 0x00, 0x00, 0x00, 0x49, 0xB2, 0x07,
    0xAA, 0xAA, 0x06, 0x26, 0xCB, 0x05, 0xE8, 0xA2, 0x0B, 0xC9, 0xA2, 0x14, 0xA8, 0xAA, 0x2A, 0xA8, 0xA2, 0x30, 0xA8, 0xA2, 0x45, 0xA8, 0xA2, 0x77,
    0xA9, 0xA2, 0x71, 0xC9, 0xAA, 0x6F, 0xE9, 0xB2, 0x94, 0x0A, 0xBB, 0x9F, 0x09, 0xB3, 0x8F, 0xE9, 0xB2, 0x88, 0x0A, 0xB3, 0x8F, 0xC9, 0xA2, 0x59,
    0xE9, 0xA2, 0x5C, 0xEA, 0xA2, 0x69, 0xE9, 0x92, 0x2F, 0xE8, 0xA2, 0x0B, 0xAA, 0xAA, 0x06, 0x47, 0x82, 0x2D, 0x47, 0x82, 0x3D, 0x00, 0x00, 0x00,
    0x00, 0x78, 0x02, 0x00, 0x00, 0x00, 0x00, 0x00, 0x00, 0x00, 0x00, 0x00, 0x00, 0x00, 0x00, 0x00, 0x00, 0x00, 0x00, 0x00, 0x00, 0x00, 0x00, 0x00,
    0x00, 0x00, 0x00, 0x86, 0x99, 0x05, 0x67, 0x9A, 0x28, 0xC8, 0xBA, 0x86, 0x26, 0xBA, 0xF5, 0xA3, 0xB9, 0xFF, 0xA3, 0xB1, 0xFE, 0xA3, 0xB9, 0xFF,
    0xA3, 0xB9, 0xFF, 0xA3, 0xB9, 0xFF, 0xA3, 0xB9, 0xFF, 0xA3, 0xB9, 0xFF, 0xA3, 0xB9, 0xFF, 0xA3, 0xB9, 0xFE, 0xE4, 0xB1, 0xF7, 0xE9, 0xC2, 0x92,
    0xC9, 0xAA, 0x31, 0x00, 0xA8, 0x03, 0x00, 0x00, 0x01, 0x00, 0x00, 0x00, 0x00, 0x00, 0x00, 0x00, 0x00, 0x00, 0x00, 0x00, 0x00, 0x00, 0x00, 0x00,
    0x00, 0x00, 0x00, 0x00, 0x00, 0x00, 0x00, 0x00, 0x00, 0x00, 0x00, 0x00, 0x00, 0x00, 0x00, 0x00, 0x00, 0x00, 0x00, 0x00, 0x00, 0x00, 0x00, 0x00,
    0x00, 0x00, 0x00, 0x00, 0x00, 0x00, 0x00, 0x00, 0x00, 0x00, 0x00, 0x00, 0x00, 0x00, 0x00, 0x00, 0x00, 0x00, 0x00, 0x00, 0x00, 0x00, 0x00, 0x00,
    0x00, 0x00, 0x00, 0x00, 0x00, 0x00, 0x00, 0x00, 0x00, 0x00, 0x00, 0x00, 0x00, 0x00, 0x00, 0x00, 0x00, 0x00, 0x00, 0x00, 0x00, 0x00, 0x00, 0x00,
    0x00, 0x00, 0x00, 0x00, 0x00, 0x00, 0x00, 0x00, 0x00, 0x00, 0x00, 0x00, 0x00, 0x00, 0x00, 0x00, 0x00, 0x00, 0x00, 0x00, 0x00, 0x00, 0x00, 0x00,
    0x00, 0x00, 0x00, 0x00, 0x00, 0x00, 0x00, 0x00, 0x00, 0x00, 0x00, 0x00, 0x00, 0x00, 0x00, 0x00, 0x00, 0x00, 0x00, 0x00, 0x00, 0x00, 0x00, 0x00,
    0x00, 0x00, 0x00, 0x00, 0x00, 0x00, 0x00, 0x00, 0x00, 0x00, 0x00, 0x00, 0x00, 0x00, 0x00, 0x00, 0x00, 0x00, 0x00, 0x00, 0x00, 0x00, 0x00, 0x00,
    0x00, 0x00, 0x00, 0x00, 0x00, 0x00, 0x00, 0x00, 0x00, 0x00, 0x00, 0x00, 0x00, 0x00, 0x00, 0x00, 0x00, 0x00, 0x00, 0x00, 0x00, 0x00, 0x00, 0x00,
    0x00, 0x00, 0x00, 0x00, 0x00, 0x00, 0x00, 0x00, 0x00, 0x00, 0x00, 0x00, 0x00, 0x00, 0x00, 0x00, 0x00, 0x00, 0x00, 0x00, 0x00, 0x00, 0x00, 0x00,
    0x00, 0x00, 0x00, 0x00, 0x00, 0x00, 0x00, 0x00, 0x00, 0x00, 0x00, 0x00, 0x00, 0x00, 0x00, 0x00, 0x00, 0x00, 0x00, 0x00, 0x00, 0x00, 0x00, 0x00,
    0x00, 0x00, 0x00, 0x00, 0x00, 0x00, 0x00, 0x00, 0x00, 0x00, 0x00, 0x00, 0x00, 0x00, 0x00, 0x00, 0x00, 0x00, 0x00, 0x00, 0x00, 0x00, 0x00, 0x00,
    0x00, 0x00, 0x00, 0x00, 0x00, 0x00, 0x00, 0x00, 0x00, 0x00, 0x00, 0x00, 0x00, 0x00, 0x00, 0x00, 0x00, 0x00, 0x00, 0x00, 0x00, 0x00, 0x00, 0x00,
    0x00, 0x00, 0x00, 0x00, 0x00, 0x00, 0x00, 0x00, 0x00, 0x00, 0x00, 0x00, 0x00, 0x00, 0x00, 0x00, 0x00, 0x00, 0x00, 0x00, 0x00, 0x00, 0x00, 0x00,
    0x00, 0x00, 0x00, 0x00, 0x00, 0x00, 0x00, 0x00, 0x00, 0x00, 0x00, 0x00, 0x00, 0x00, 0x00, 0x00, 0x00, 0x00, 0x00, 0x00, 0x00, 0x00, 0x00, 0x00,
    0x00, 0x00, 0x00, 0x00, 0x00, 0x00, 0x00, 0x00, 0x00, 0x00, 0x00, 0x00, 0x00, 0x00, 0x00, 0x00, 0x00, 0x00, 0x00, 0x00, 0x00, 0x00, 0x00, 0x00,
    0x00, 0x00, 0x00, 0x00, 0x00, 0x00, 0x00, 0x00, 0x00, 0x00, 0x00, 0x00, 0x00, 0x00, 0x00, 0x00, 0x00, 0x00, 0x00, 0x00, 0x00, 0x00, 0x00, 0x00,
    0x00, 0x00, 0x00, 0x00, 0x00, 0x00, 0x00, 0x00, 0x00, 0x00, 0x00, 0x00, 0x00, 0x00, 0x00, 0x00, 0x00, 0x00, 0x00, 0x00, 0x00, 0x00, 0x00, 0x00,
    0x00, 0x00, 0x00, 0x00, 0x00, 0x00, 0x00, 0x00, 0x00, 0x00, 0x00, 0x00, 0x00, 0x00, 0x00, 0x00, 0x00, 0x00, 0x00, 0x00, 0x00, 0x00, 0x00, 0x00,
    0x00, 0x00, 0x00, 0x00, 0x00, 0x00, 0x00, 0x00, 0x00, 0x00, 0x00, 0x00, 0x00, 0x00, 0x00, 0x00, 0x00, 0x00, 0x00, 0x00, 0x00, 0x00, 0x00, 0x00,
    0x00, 0x00, 0x00, 0x00, 0x00, 0x00, 0x00, 0x00, 0x00, 0x00, 0x00, 0x00, 0x00, 0x00, 0x00, 0x00, 0x00, 0x00, 0x00, 0x00, 0x00, 0x00, 0x00, 0x00,
    0x00, 0x00, 0x00, 0x00, 0x00, 0x00, 0x00, 0x00, 0x00, 0x00, 0x00, 0x00, 0x00, 0x00, 0x00, 0x00, 0x00, 0x00, 0x00, 0x00, 0x00, 0x00, 0x00, 0x00,
    0x00, 0x00, 0x00, 0x00, 0x00, 0x00, 0x00, 0x00, 0x00, 0x00, 0x00, 0x00, 0x00, 0x00, 0x00, 0x00, 0x00, 0x00, 0x00, 0x00, 0x00, 0x00, 0x00, 0x00,
    0x00, 0x00, 0x00, 0x00, 0x00, 0x00, 0x00, 0x00, 0x00, 0x00, 0x00, 0x00, 0x00, 0x00, 0x00, 0x00, 0x00, 0x00, 0x00, 0x00, 0x00, 0x00, 0x00, 0x00,
    0x00, 0x00, 0x00, 0x00, 0x00, 0x00, 0x00, 0x00, 0x00, 0x00, 0x00, 0x00, 0x00, 0x00, 0x00, 0x00, 0x00, 0x00, 0x00, 0x00, 0x00, 0x00, 0x00, 0x00,
    0x00, 0x00, 0x00, 0x00, 0x00, 0x00, 0x00, 0x00, 0x00, 0x00, 0x00, 0x00, 0x00, 0xF8, 0x01, 0x00, 0x00, 0x00, 0x46, 0x92, 0x34, 0x27, 0x92, 0x32,
    0x00, 0x00, 0x00, 0x00, 0x00, 0x01, 0x00, 0x00, 0x00, 0x00, 0x00, 0x00, 0x00, 0x00, 0x00, 0x00, 0x00, 0x00, 0x00, 0x00, 0x00, 0x00, 0x00, 0x00,
    0x00, 0x00, 0x00, 0x00, 0x00, 0x00, 0x00, 0x00, 0x00, 0x00, 0x00, 0x00, 0x00, 0x00, 0x00, 0x00, 0x00, 0x00, 0x00, 0x00, 0x00, 0x00, 0xF8, 0x01,
    0xE7, 0x99, 0x08, 0xE7, 0xBB, 0x04, 0xE8, 0xA2, 0x13, 0xE8, 0xAA, 0x2B, 0xE9, 0xAA, 0x42, 0x09, 0xB3, 0x79, 0x09, 0xC3, 0xC7, 0x87, 0xC2, 0xFF,
    0xA7, 0xC2, 0xF8, 0x66, 0xC2, 0xFB, 0x87, 0xC2, 0xFD, 0x09, 0xCB, 0xFA, 0x4A, 0xCB, 0xD5, 0x2A, 0xC3, 0xA2, 0x0A, 0xB3, 0x5C, 0xE9, 0xAA, 0x50,
    0xCA, 0xA2, 0x36, 0xCB, 0xA2, 0x14, 0x69, 0x93, 0x07, 0x00, 0x00, 0x00, 0x00, 0x00, 0x00, 0x00, 0x00, 0x00, 0x00, 0x00, 0x00, 0x00, 0x00, 0x00,
    0x00, 0x00, 0x00, 0x00, 0x00, 0x00, 0x00, 0x00, 0x00, 0x00, 0x00, 0x00, 0xE7, 0xBB, 0x04, 0x00, 0x00, 0x00, 0x00, 0x00, 0x00, 0x00, 0x00, 0x00,
    0x00, 0x00, 0x00, 0x00, 0x00, 0x00, 0x00, 0x00, 0x01, 0xC7, 0x92, 0x11, 0xA8, 0xA2, 0x64, 0xE9, 0xAA, 0x39, 0x49, 0x9A, 0x18, 0x0A, 0xB3, 0x55,
    0xE9, 0xBA, 0xC9, 0x26, 0xBA, 0xFF, 0xA3, 0xB9, 0xFF, 0xA3, 0xB9, 0xFF, 0xA3, 0xB9, 0xFF, 0xA3, 0xB9, 0xFF, 0xA3, 0xB9, 0xFF, 0xA3, 0xB9, 0xFF,
    0xA3, 0xB9, 0xFF, 0xA3, 0xB9, 0xFF, 0xA3, 0xB9, 0xFF, 0xA3, 0xB9, 0xFF, 0xA3, 0xB9, 0xFF, 0xA3, 0xB9, 0xFF, 0xA3, 0xB9, 0xFF, 0xA3, 0xB9, 0xFF,
    0xA3, 0xB9, 0xFF, 0xA3, 0xB9, 0xFF, 0xA3, 0xB9, 0xFF, 0xA3, 0xB9, 0xFF, 0xA3, 0xB9, 0xFF, 0xA3, 0xB9, 0xFF, 0xA3, 0xB9, 0xFF, 0xA3, 0xB9, 0xFF,
    0xA3, 0xB9, 0xFF, 0xA3, 0xB9, 0xFF, 0xA3, 0xB9, 0xFF, 0xA4, 0xB9, 0xFF, 0xA3, 0xB9, 0xFE, 0xA3, 0xB9, 0xFE, 0xA3, 0xB1, 0xFF, 0xC4, 0xB9, 0xFF,
    0x05, 0xBA, 0xFF, 0x67, 0xBA, 0xEA, 0x09, 0xC3, 0xB6, 0x09, 0xB3, 0x7D, 0xA8, 0x9A, 0x59, 0xA8, 0x9A, 0x47, 0xA8, 0x8A, 0x0F, 0x00, 0x00, 0x00,
    0x26, 0x9B, 0x05, 0x00, 0x00, 0x00, 0xFF, 0xFF, 0x02, 0x88, 0x92, 0x16, 0x00, 0x00, 0x00, 0xE7, 0x99, 0x10, 0x67, 0xA2, 0x24, 0x68, 0xAA, 0x7D,
    0x67, 0xBA, 0xD0, 0xA3, 0xB1, 0xFF, 0x83, 0xB1, 0xFF, 0xA3, 0xB1, 0xFE, 0xA3, 0xB1, 0xFF, 0xA3, 0xB1, 0xFF, 0xA3, 0xB1, 0xFE, 0xA3, 0xB1, 0xFE,
    0x83, 0xB1, 0xFE, 0x83, 0xB1, 0xFF, 0x83, 0xB1, 0xFF, 0xC4, 0xB1, 0xFF, 0x25, 0xB2, 0xF4, 0x67, 0xBA, 0xDF, 0x09, 0xC3, 0xC2, 0xE9, 0xBA, 0x85,
    0x0A, 0xBB, 0x77, 0xE9, 0xAA, 0x53, 0xE9, 0xAA, 0x24, 0xA8, 0xA2, 0x39, 0xA8, 0xAA, 0x21, 0x68, 0xA2, 0x1D, 0x47, 0x9A, 0x15, 0x47, 0x92, 0x1B,
    0x67, 0x9A, 0x1A, 0x25, 0xA2, 0x0B, 0xC7, 0xA9, 0x09, 0xA7, 0x9A, 0x18, 0x88, 0xA2, 0x34, 0x68, 0xA2, 0x2E, 0x88, 0xA2, 0x38, 0x88, 0xAA, 0x4A,
    0x67, 0xAA, 0xD5, 0xC8, 0xBA, 0x9E, 0x09, 0xBB, 0x59, 0xC8, 0xAA, 0xA2, 0x09, 0xBB, 0x9D, 0x09, 0xC3, 0xA9, 0x09, 0xC3, 0xD9, 0x2A, 0xCB, 0xE6,
    0x6B, 0xCB, 0xE3, 0x4B, 0xCB, 0xC7, 0x4A, 0xBB, 0xBE, 0x2A, 0xBB, 0x7E, 0x0A, 0xAB, 0x6F, 0x0A, 0xAB, 0x6D, 0xEA, 0x9A, 0x2F, 0xEA, 0xA2, 0x16,
    0xAA, 0x92, 0x1B, 0x2C, 0x9B, 0x05, 0x00, 0x00, 0x00, 0x00, 0x00, 0x00, 0x00, 0x00, 0x00, 0x00, 0x00, 0x00, 0x00, 0x00, 0x00, 0x00, 0x00, 0x00,
    0x00, 0x00, 0x00, 0x00, 0x00, 0x00, 0x00, 0x00, 0x00, 0x00, 0x00, 0x00, 0x00, 0xF8, 0x01, 0xAA, 0xAA, 0x03, 0xA8, 0xB2, 0x32, 0x67, 0xBA, 0xC6,
    0xE4, 0xB9, 0xFF, 0xA3, 0xB9, 0xFE, 0xA3, 0xB9, 0xFF, 0xA3, 0xB9, 0xFF, 0xA3, 0xB9, 0xFF, 0xA3, 0xB9, 0xFF, 0xA3, 0xB9, 0xFF, 0xA3, 0xB9, 0xFF,
    0xA3, 0xB9, 0xFE, 0xC3, 0xB9, 0xFF, 0x87, 0xBA, 0xE2, 0x4B, 0xC3, 0x5C, 0xE7, 0x99, 0x10, 0x00, 0x00, 0x00, 0x00, 0x00, 0x01, 0x00, 0x00, 0x00,
    0x00, 0x00, 0x00, 0x00, 0x00, 0x00, 0x00, 0x00, 0x00, 0x00, 0x00, 0x00, 0x00, 0x00, 0x00, 0x00, 0x00, 0x00, 0x00, 0x00, 0x00, 0x00, 0x00, 0x00,
    0x00, 0x00, 0x00, 0x00, 0x00, 0x00, 0x00, 0x00, 0x00, 0x00, 0x00, 0x00, 0x00, 0x00, 0x00, 0x00, 0x00, 0x00, 0x00, 0x00, 0x00, 0x00, 0x00, 0x00,
    0x00, 0x00, 0x00, 0x00, 0x00, 0x00, 0x00, 0x00, 0x00, 0x00, 0x00, 0x00, 0x00, 0x00, 0x00, 0x00, 0x00, 0x00, 0x00, 0x00, 0x00, 0x00, 0x00, 0x00,
    0x00, 0x00, 0x00, 0x00, 0x00, 0x00, 0x00, 0x00, 0x00, 0x00, 0x00, 0x00, 0x00, 0x00, 0x00, 0x00, 0x00, 0x00, 0x00, 0x00, 0x00, 0x00, 0x00, 0x00,
    0x00, 0x00, 0x00, 0x00, 0x00, 0x00, 0x00, 0x00, 0x00, 0x00, 0x00, 0x00, 0x00, 0x00, 0x00, 0x00, 0x00, 0x00, 0x00, 0x00, 0x00, 0x00, 0x00, 0x00,
    0x00, 0x00, 0x00, 0x00, 0x00, 0x00, 0x00, 0x00, 0x00, 0x00, 0x00, 0x00, 0x00, 0x00, 0x00, 0x00, 0x00, 0x00, 0x00, 0x00, 0x00, 0x00, 0x00, 0x00,
    0x00, 0x00, 0x00, 0x00, 0x00, 0x00, 0x00, 0x00, 0x00, 0x00, 0x00, 0x00, 0x00, 0x00, 0x00, 0x00, 0x00, 0x00, 0x00, 0x00, 0x00, 0x00, 0x00, 0x00,
    0x00, 0x00, 0x00, 0x00, 0x00, 0x00, 0x00, 0x00, 0x00, 0x00, 0x00, 0x00, 0x00, 0x00, 0x00, 0x00, 0x00, 0x00, 0x00, 0x00, 0x00, 0x00, 0x00, 0x00,
    0x00, 0x00, 0x00, 0x00, 0x00, 0x00, 0x00, 0x00, 0x00, 0x00, 0x00, 0x00, 0x00, 0x00, 0x00, 0x00, 0x00, 0x00, 0x00, 0x00, 0x00, 0x00, 0x00, 0x00,
    0x00, 0x00, 0x00, 0x00, 0x00, 0x00, 0x00, 0x00, 0x00, 0x00, 0x00, 0x00, 0x00, 0x00, 0x00, 0x00, 0x00, 0x00, 0x00, 0x00, 0x00, 0x00, 0x00, 0x00,
    0x00, 0x00, 0x00, 0x00, 0x00, 0x00, 0x00, 0x00, 0x00, 0x00, 0x00, 0x00, 0x00, 0x00, 0x00, 0x00, 0x00, 0x00, 0x00, 0x00, 0x00, 0x00, 0x00, 0x00,
    0x00, 0x00, 0x00, 0x00, 0x00, 0x00, 0x00, 0x00, 0x00, 0x00, 0x00, 0x00, 0x00, 0x00, 0x00, 0x00, 0x00, 0x00, 0x00, 0x00, 0x00, 0x00, 0x00, 0x00,
    0x00, 0x00, 0x00, 0x00, 0x00, 0x00, 0x00, 0x00, 0x00, 0x00, 0x00, 0x00, 0x00, 0x00, 0x00, 0x00, 0x00, 0x00, 0x00, 0x00, 0x00, 0x00, 0x00, 0x00,
    0x00, 0x00, 0x00, 0x00, 0x00, 0x00, 0x00, 0x00, 0x00, 0x00, 0x00, 0x00, 0x00, 0x00, 0x00, 0x00, 0x00, 0x00, 0x00, 0x00, 0x00, 0x00, 0x00, 0x00,
    0x00, 0x00, 0x00, 0x00, 0x00, 0x00, 0x00, 0x00, 0x00, 0x00, 0x00, 0x00, 0x00, 0x00, 0x00, 0x00, 0x00, 0x00, 0x00, 0x00, 0x00, 0x00, 0x00, 0x00,
    0x00, 0x00, 0x00, 0x00, 0x00, 0x00, 0x00, 0x00, 0x00, 0x00, 0x00, 0x00, 0x00, 0x00, 0x00, 0x00, 0x00, 0x00, 0x00, 0x00, 0x00, 0x00, 0x00, 0x00,
    0x00, 0x00, 0x00, 0x00, 0x00, 0x00, 0x00, 0x00, 0x00, 0x00, 0x00, 0x00, 0x00, 0x00, 0x00, 0x00, 0x00, 0x00, 0x00, 0x00, 0x00, 0x00, 0x00, 0x00,
    0x00, 0x00, 0x00, 0x00, 0x00, 0x00, 0x00, 0x00, 0x00, 0x00, 0x00, 0x00, 0x00, 0x00, 0x00, 0x00, 0x00, 0x00, 0x00, 0x00, 0x00, 0x00, 0x00, 0x00,
    0x00, 0x00, 0x00, 0x00, 0x00, 0x00, 0x00, 0x00, 0x00, 0x00, 0x00, 0x00, 0x00, 0x00, 0x00, 0x00, 0x00, 0x00, 0x00, 0x00, 0x00, 0x00, 0x00, 0x00,
    0x00, 0x00, 0x00, 0x00, 0x00, 0x00, 0x00, 0x00, 0x00, 0x00, 0x00, 0x00, 0x00, 0x00, 0x00, 0x00, 0x00, 0x00, 0x00, 0x00, 0x00, 0x00, 0x00, 0x00,
    0x00, 0x00, 0x00, 0x00, 0x00, 0x00, 0x00, 0x00, 0x00, 0x00, 0x00, 0x00, 0x00, 0x00, 0x00, 0x00, 0x00, 0x00, 0x00, 0x00, 0x00, 0x00, 0x00, 0x00,
    0x00, 0x00, 0x00, 0x00, 0x00, 0x00, 0x00, 0x00, 0x00, 0x00, 0x00, 0x00, 0x00, 0x00, 0x00, 0x00, 0x00, 0x00, 0x00, 0x00, 0x00, 0x00, 0x00, 0x00,
    0x00, 0x00, 0x00, 0x00, 0x00, 0x00, 0x00, 0x00, 0x00, 0x00, 0x00, 0x00, 0x00, 0x00, 0x00, 0x00, 0x00, 0x00, 0x00, 0x00, 0x00, 0x00, 0x00, 0x00,
    0x00, 0x00, 0x00, 0x00, 0x00, 0x00, 0x00, 0x00, 0x00, 0x00, 0x00, 0x00, 0x00, 0x00, 0x00, 0x00, 0x00, 0x00, 0x00, 0x00, 0x00, 0x00, 0x00, 0x00,
    0xAA, 0xAA, 0x03, 0x00, 0x00, 0x00, 0x06, 0x8A, 0xB3, 0x06, 0x82, 0xBC, 0x00, 0x00, 0x00, 0xA0, 0xAA, 0x03, 0x00, 0x00, 0x00, 0x00, 0x00, 0x00,
    0x00, 0x00, 0x00, 0x00, 0x00, 0x00, 0x00, 0x00, 0x00, 0x00, 0x00, 0x00, 0x00, 0x00, 0x00, 0x00, 0x00, 0x00, 0x00, 0x00, 0x00, 0x00, 0x00, 0x00,
    0x00, 0x00, 0x00, 0x00, 0x00, 0x00, 0x00, 0x00, 0x00, 0x00, 0xF8, 0x01, 0x69, 0x9A, 0x0A, 0x69, 0x9A, 0x0A, 0xE9, 0xAA, 0x21, 0xE9, 0xAA, 0x6C,
    0x09, 0xB3, 0x6D, 0x2A, 0xC3, 0xA6, 0xC8, 0xC2, 0xE8, 0x05, 0xBA, 0xFF, 0xE4, 0xB9, 0xFF, 0xA3, 0xB1, 0xFF, 0x05, 0xBA, 0xFE, 0x25, 0xBA, 0xFE,
    0x87, 0xC2, 0xFA, 0xC8, 0xBA, 0xE4, 0x2A, 0xBB, 0x87, 0x0A, 0xB3, 0x65, 0xEA, 0xAA, 0x49, 0x09, 0xAB, 0x3F, 0x28, 0xAB, 0x0F, 0x00, 0x00, 0x00,
    0x00, 0xF8, 0x01, 0xEF, 0xFB, 0x02, 0xE7, 0xBB, 0x04, 0xAA, 0xAA, 0x03, 0xAA, 0xAA, 0x03, 0xC9, 0x9A, 0x1A, 0xC8, 0x9A, 0x17, 0xC9, 0xA2, 0x17,
    0xC9, 0xA2, 0x30, 0xA8, 0x9A, 0x1E, 0x46, 0x92, 0x0E, 0x67, 0x9A, 0x0D, 0x88, 0x9A, 0x22, 0xA8, 0xA2, 0x1E, 0xA7, 0xAA, 0x09, 0xE8, 0xA2, 0x16,
    0x67, 0xA2, 0xCA, 0x88, 0xAA, 0x83, 0x0A, 0xA3, 0x22, 0xC9, 0xAA, 0x52, 0x09, 0xC3, 0xD5, 0x87, 0xC2, 0xF6, 0xA3, 0xB9, 0xFF, 0xA3, 0xB9, 0xFF,
    0xA3, 0xB9, 0xFF, 0xA3, 0xB9, 0xFF, 0xA3, 0xB9, 0xFF, 0xA3, 0xB9, 0xFF, 0xA3, 0xB9, 0xFF, 0xA3, 0xB9, 0xFF, 0xA3, 0xB9, 0xFF, 0xA3, 0xB9, 0xFF,
    0xA3, 0xB9, 0xFF, 0xA3, 0xB9, 0xFF, 0xA3, 0xB9, 0xFF, 0xA3, 0xB9, 0xFF, 0xA3, 0xB9, 0xFF, 0xA3, 0xB9, 0xFF, 0xA3, 0xB9, 0xFF, 0xA3, 0xB9, 0xFF,
    0xA3, 0xB9, 0xFF, 0xA3, 0xB9, 0xFF, 0xA3, 0xB9, 0xFF, 0xA3, 0xB9, 0xFF, 0xA4, 0xB9, 0xFF, 0xA3, 0xB9, 0xFF, 0xA3, 0xB9, 0xFF, 0xA3, 0xB9, 0xFF,
    0xA4, 0xB9, 0xFF, 0xA4, 0xB9, 0xFF, 0xA4, 0xB9, 0xFE, 0xA3, 0xB9, 0xFE, 0xA3, 0xB9, 0xFE, 0xA3, 0xB1, 0xFF, 0x46, 0xBA, 0xFF, 0xA7, 0xBA, 0xD6,
    0xE9, 0xBA, 0x9E, 0xE9, 0xB2, 0x75, 0xC9, 0x9A, 0x2A, 0xC7, 0x71, 0x0D, 0x49, 0x92, 0x07, 0x09, 0x9B, 0x0D, 0xC5, 0x89, 0x8F, 0xC5, 0x91, 0xEE,
    0x06, 0x9A, 0x39, 0x00, 0x00, 0x00, 0x88, 0xA2, 0x37, 0xC9, 0xC2, 0x84, 0x05, 0xB2, 0xF3, 0xA3, 0xB9, 0xFE, 0xC4, 0xB9, 0xFE, 0xA3, 0xB9, 0xFF,
    0xA3, 0xB9, 0xFF, 0xA3, 0xB9, 0xFF, 0xA3, 0xB9, 0xFF, 0xA3, 0xB9, 0xFF, 0xA4, 0xB9, 0xFF, 0xC3, 0xB9, 0xFE, 0xA4, 0xB9, 0xFE, 0xA3, 0xB9, 0xFE,
    0xA3, 0xB9, 0xFF, 0xC3, 0xB9, 0xFF, 0x05, 0xBA, 0xFF, 0x05, 0xB2, 0xFF, 0x87, 0xBA, 0xE8, 0xC8, 0xC2, 0xC3, 0xC8, 0xBA, 0xB8, 0xE9, 0xBA, 0xA8,
    0xC8, 0xBA, 0xBC, 0xA8, 0xB2, 0x7D, 0xE9, 0xB2, 0x66, 0xE9, 0xB2, 0x81, 0xE9, 0xB2, 0x5C, 0xC8, 0xAA, 0x47, 0xC8, 0xAA, 0x5B, 0xA8, 0xAA, 0x53,
    0xC9, 0xB2, 0x71, 0xE9, 0xBA, 0x7B, 0xE9, 0xBA, 0x72, 0xE9, 0xBA, 0xA9, 0x25, 0xBA, 0xFE, 0x25, 0xBA, 0xFE, 0xC8, 0xBA, 0xBE, 0xE8, 0xC2, 0xB4,
    0xC8, 0xC2, 0xE5, 0x67, 0xBA, 0xF6, 0x46, 0xBA, 0xFE, 0x25, 0xBA, 0xFD, 0x46, 0xBA, 0xF6, 0x46, 0xBA, 0xFC, 0x87, 0xC2, 0xE4, 0xE9, 0xC2, 0xE8,
    0x29, 0xC3, 0xB1, 0x4A, 0xBB, 0x66, 0x0A, 0xAB, 0x5C, 0xE9, 0x9A, 0x50, 0xAA, 0x9A, 0x12, 0xA0, 0x52, 0x03, 0x00, 0x78, 0x02, 0x00, 0xF8, 0x01,
    0x00, 0xF8, 0x01, 0x00, 0x00, 0x00, 0x00, 0x00, 0x00, 0x00, 0x00, 0x00, 0x00, 0x00, 0x00, 0x00, 0x00, 0x00, 0x00, 0x00, 0x00, 0x00, 0x00, 0x00,
    0x00, 0x00, 0x00, 0xA7, 0x8A, 0x09, 0xA8, 0xBA, 0x58, 0x05, 0xB2, 0xEB, 0xA3, 0xB9, 0xFF, 0xA3, 0xB9, 0xFE, 0xA3, 0xB9, 0xFF, 0xA3, 0xB9, 0xFF,
    0xA3, 0xB9, 0xFF, 0xA3, 0xB9, 0xFF, 0xA3, 0xB9, 0xFF, 0xA3, 0xB9, 0xFF, 0x83, 0xB1, 0xFE, 0xC4, 0xB9, 0xFF, 0xC8, 0xC2, 0xC4, 0x0A, 0xB3, 0x49,
    0x44, 0x92, 0x07, 0x00, 0x00, 0x00, 0x00, 0x00, 0x00, 0x00, 0x00, 0x00, 0x00, 0x00, 0x00, 0x00, 0x00, 0x00, 0x00, 0x00, 0x00, 0x00, 0x00, 0x00,
    0x00, 0x00, 0x00, 0x00, 0x00, 0x00, 0x00, 0x00, 0x00, 0x00, 0x00, 0x00, 0x00, 0x00, 0x00, 0x00, 0x00, 0x00, 0x00, 0x00, 0x00, 0x00, 0x00, 0x00,
    0x00, 0x00, 0x00, 0x00, 0x00, 0x00, 0x00, 0x00, 0x00, 0x00, 0x00, 0x00, 0x00, 0x00, 0x00, 0x00, 0x00, 0x00, 0x00, 0x00, 0x00, 0x00, 0x00, 0x00,
    0x00, 0x00, 0x00, 0x00, 0x00, 0x00, 0x00, 0x00, 0x00, 0x00, 0x00, 0x00, 0x00, 0x00, 0x00, 0x00, 0x00, 0x00, 0x00, 0x00, 0x00, 0x00, 0x00, 0x00,
    0x00, 0x00, 0x00, 0x00, 0x00, 0x00, 0x00, 0x00, 0x00, 0x00, 0x00, 0x00, 0x00, 0x00, 0x00, 0x00, 0x00, 0x00, 0x00, 0x00, 0x00, 0x00, 0x00, 0x00,
    0x00, 0x00, 0x00, 0x00, 0x00, 0x00, 0x00, 0x00, 0x00, 0x00, 0x00, 0x00, 0x00, 0x00, 0x00, 0x00, 0x00, 0x00, 0x00, 0x00, 0x00, 0x00, 0x00, 0x00,
    0x00, 0x00, 0x00, 0x00, 0x00, 0x00, 0x00, 0x00, 0x00, 0x00, 0x00, 0x00, 0x00, 0x00, 0x00, 0x00, 0x00, 0x00, 0x00, 0x00, 0x00, 0x00, 0x00, 0x00,
    0x00, 0x00, 0x00, 0x00, 0x00, 0x00, 0x00, 0x00, 0x00, 0x00, 0x00, 0x00, 0x00, 0x00, 0x00, 0x00, 0x00, 0x00, 0x00, 0x00, 0x00, 0x00, 0x00, 0x00,
    0x00, 0x00, 0x00, 0x00, 0x00, 0x00, 0x00, 0x00, 0x00, 0x00, 0x00, 0x00, 0x00, 0x00, 0x00, 0x00, 0x00, 0x00, 0x00, 0x00, 0x00, 0x00, 0x00, 0x00,
    0x00, 0x00, 0x00, 0x00, 0x00, 0x00, 0x00, 0x00, 0x00, 0x00, 0x00, 0x00, 0x00, 0x00, 0x00, 0x00, 0x00, 0x00, 0x00, 0x00, 0x00, 0x00, 0x00, 0x00,
    0x00, 0x00, 0x00, 0x00, 0x00, 0x00, 0x00, 0x00, 0x00, 0x00, 0x00, 0x00, 0x00, 0x00, 0x00, 0x00, 0x00, 0x00, 0x00, 0x00, 0x00, 0x00, 0x00, 0x00,
    0x00, 0x00, 0x00, 0x00, 0x00, 0x00, 0x00, 0x00, 0x00, 0x00, 0x00, 0x00, 0x00, 0x00, 0x00, 0x00, 0x00, 0x00, 0x00, 0x00, 0x00, 0x00, 0x00, 0x00,
    0x00, 0x00, 0x00, 0x00, 0x00, 0x00, 0x00, 0x00, 0x00, 0x00, 0x00, 0x00, 0x00, 0x00, 0x00, 0x00, 0x00, 0x00, 0x00, 0x00, 0x00, 0x00, 0x00, 0x00,
    0x00, 0x00, 0x00, 0x00, 0x00, 0x00, 0x00, 0x00, 0x00, 0x00, 0x00, 0x00, 0x00, 0x00, 0x00, 0x00, 0x00, 0x00, 0x00, 0x00, 0x00, 0x00, 0x00, 0x00,
    0x00, 0x00, 0x00, 0x00, 0x00, 0x00, 0x00, 0x00, 0x00, 0x00, 0x00, 0x00, 0x00, 0x00, 0x00, 0x00, 0x00, 0x00, 0x00, 0x00, 0x00, 0x00, 0x00, 0x00,
    0x00, 0x00, 0x00, 0x00, 0x00, 0x00, 0x00, 0x00, 0x00, 0x00, 0x00, 0x00, 0x00, 0x00, 0x00, 0x00, 0x00, 0x00, 0x00, 0x00, 0x00, 0x00, 0x00, 0x00,
    0x00, 0x00, 0x00, 0x00, 0x00, 0x00, 0x00, 0x00, 0x00, 0x00, 0x00, 0x00, 0x00, 0x00, 0x00, 0x00, 0x00, 0x00, 0x00, 0x00, 0x00, 0x00, 0x00, 0x00,
    0x00, 0x00, 0x00, 0x00, 0x00, 0x00, 0x00, 0x00, 0x00, 0x00, 0x00, 0x00, 0x00, 0x00, 0x00, 0x00, 0x00, 0x00, 0x00, 0x00, 0x00, 0x00, 0x00, 0x00,
    0x00, 0x00, 0x00, 0x00, 0x00, 0x00, 0x00, 0x00, 0x00, 0x00, 0x00, 0x00, 0x00, 0x00, 0x00, 0x00, 0x00, 0x00, 0x00, 0x00, 0x00, 0x00, 0x00, 0x00,
    0x00, 0x00, 0x00, 0x00, 0x00, 0x00, 0x00, 0x00, 0x00, 0x00, 0x00, 0x00, 0x00, 0x00, 0x00, 0x00, 0x00, 0x00, 0x00, 0x00, 0x00, 0x00, 0x00, 0x00,
    0x00, 0x00, 0x00, 0x00, 0x00, 0x00, 0x00, 0x00, 0x00, 0x00, 0x00, 0x00, 0x00, 0x00, 0x00, 0x00, 0x00, 0x00, 0x00, 0x00, 0x00, 0x00, 0x00, 0x00,
    0x00, 0x00, 0x00, 0x00, 0x00, 0x00, 0x00, 0x00, 0x00, 0x00, 0x00, 0x00, 0x00, 0x00, 0x00, 0x00, 0x00, 0x00, 0x00, 0x00, 0x00, 0x00, 0x00, 0x00,
    0x00, 0x00, 0x00, 0x00, 0x00, 0x00, 0x00, 0x00, 0x00, 0x00, 0x00, 0x00, 0x00, 0x00, 0x00, 0x00, 0x00, 0x00, 0x00, 0x00, 0x00, 0x00, 0x00, 0x00,
    0x00, 0x00, 0x00, 0x00, 0x00, 0x00, 0x00, 0x00, 0x00, 0x00, 0x00, 0x00, 0x00, 0x00, 0x00, 0x00, 0x00, 0x00, 0x00, 0x00, 0x00, 0x00, 0x00, 0x00,
    0x00, 0x00, 0x00, 0x00, 0x00, 0x00, 0x00, 0x00, 0x00, 0x00, 0x00, 0x00, 0x00, 0x00, 0x01, 0x00, 0x00, 0x00, 0x46, 0x92, 0x26, 0x46, 0x8A, 0x2E,
    0x00, 0x00, 0x00, 0x00, 0x00, 0x01, 0x00, 0x00, 0x00, 0x00, 0x00, 0x00, 0x00, 0x00, 0x00, 0x00, 0x00, 0x00, 0x00, 0x00, 0x00, 0x00, 0x00, 0x00,
    0x00, 0x00, 0x00, 0x00, 0x00, 0x00, 0x00, 0x00, 0x00, 0x00, 0x00, 0x00, 0x00, 0x00, 0x00, 0x00, 0x00, 0x00, 0x00, 0x00, 0x00, 0x00, 0xF8, 0x01,
    0x00, 0x00, 0x00, 0x49, 0xB2, 0x07, 0xC9, 0xA2, 0x41, 0xE9, 0xAA, 0x81, 0x0A, 0xC3, 0x98, 0xA8, 0xC2, 0xE3, 0x05, 0xBA, 0xFF, 0xA3, 0xB9, 0xFE,
    0xA3, 0xB9, 0xFF, 0xA3, 0xB9, 0xFF, 0xA3, 0xB1, 0xFF, 0xA3, 0xB1, 0xFF, 0xC4, 0xB9, 0xFF, 0x67, 0xC2, 0xFF, 0x2A, 0xCB, 0xCB, 0x2A, 0xBB, 0x97,
    0xEA, 0xB2, 0x66, 0xE9, 0xA2, 0x62, 0x09, 0xA3, 0x3D, 0xC9, 0xA2, 0x11, 0xE0, 0xFB, 0x02, 0x68, 0x92, 0x2B, 0x68, 0x92, 0x3A, 0xE7, 0x9A, 0x08,
    0xC9, 0xA2, 0x31, 0xA8, 0x9A, 0x2C, 0xA9, 0xA2, 0x2F, 0xA8, 0xA2, 0x3D, 0xE9, 0xB2, 0x5C, 0x09, 0xB3, 0x6D, 0x09, 0xB3, 0x6B, 0x2A, 0xBB, 0x7C,
    0x2A, 0xBB, 0x9B, 0x09, 0xB3, 0x60, 0xE9, 0xAA, 0x3A, 0xEA, 0xB2, 0x39, 0x67, 0xAA, 0x81, 0x68, 0xA2, 0x7B, 0xEA, 0xAA, 0x4C, 0xC9, 0xB2, 0x5E,
    0x09, 0xC3, 0xC3, 0x67, 0xBA, 0xF8, 0xA3, 0xB9, 0xFF, 0xA3, 0xB9, 0xFF, 0xA3, 0xB9, 0xFF, 0xA3, 0xB9, 0xFF, 0xA3, 0xB9, 0xFF, 0xA3, 0xB9, 0xFF,
    0xA3, 0xB9, 0xFF, 0xA3, 0xB9, 0xFF, 0xA3, 0xB9, 0xFF, 0xA3, 0xB9, 0xFF, 0xA3, 0xB9, 0xFF, 0xA3, 0xB9, 0xFF, 0xA3, 0xB9, 0xFF, 0xA3, 0xB9, 0xFF,
    0xA3, 0xB9, 0xFF, 0xA3, 0xB9, 0xFF, 0xC3, 0xB9, 0xFF, 0xA3, 0xB9, 0xFF, 0xA3, 0xB9, 0xFF, 0xA3, 0xB9, 0xFF, 0xA3, 0xB9, 0xFF, 0xA3, 0xB9, 0xFF,
    0xA3, 0xB9, 0xFF, 0xA3, 0xB9, 0xFF, 0xA3, 0xB9, 0xFF, 0xA3, 0xB9, 0xFF, 0xA4, 0xB9, 0xFF, 0xA3, 0xB9, 0xFF, 0xA3, 0xB9, 0xFF, 0xA3, 0xB9, 0xFF,
    0xA3, 0xB9, 0xFF, 0xA3, 0xB1, 0xFE, 0xA3, 0xB1, 0xFF, 0x05, 0xC2, 0xFF, 0x25, 0xC2, 0xFF, 0x25, 0xB2, 0xDA, 0xC8, 0xBA, 0xB0, 0xC9, 0xB2, 0x78,
    0x88, 0xA2, 0x22, 0x47, 0x9A, 0x34, 0x06, 0x9A, 0x43, 0xC5, 0x91, 0x8A, 0x47, 0x9A, 0x30, 0xC5, 0x99, 0x7A, 0x27, 0xAA, 0x66, 0x87, 0xBA, 0xB8,
    0xE4, 0xB9, 0xFF, 0xA3, 0xB1, 0xFE, 0xA3, 0xB9, 0xFF, 0xA3, 0xB9, 0xFF, 0xA3, 0xB9, 0xFF, 0xA3, 0xB9, 0xFF, 0xA3, 0xB9, 0xFF, 0xA3, 0xB9, 0xFF,
    0xA3, 0xB9, 0xFF, 0xA3, 0xB9, 0xFF, 0xA3, 0xB9, 0xFF, 0xA3, 0xB9, 0xFF, 0xA3, 0xB9, 0xFE, 0xA3, 0xB9, 0xFE, 0xA3, 0xB9, 0xFF, 0xA3, 0xB9, 0xFF,
    0xC4, 0xB9, 0xFF, 0xE4, 0xB9, 0xFF, 0xE4, 0xB1, 0xFF, 0x05, 0xBA, 0xFF, 0x25, 0xC2, 0xFF, 0x05, 0xB2, 0xF9, 0x05, 0xB2, 0xF8, 0x46, 0xBA, 0xEA,
    0xA8, 0xC2, 0xE0, 0xC8, 0xC2, 0xDE, 0xE9, 0xC2, 0xDA, 0xE9, 0xC2, 0xD1, 0xC8, 0xC2, 0xE0, 0xA8, 0xC2, 0xEC, 0xA7, 0xBA, 0xEA, 0xA7, 0xC2, 0xE8,
    0xC4, 0xB1, 0xFB, 0xA3, 0xB1, 0xFF, 0xE5, 0xB9, 0xFF, 0x05, 0xBA, 0xFF, 0xC4, 0xB9, 0xFF, 0xC4, 0xB9, 0xFF, 0xA3, 0xB9, 0xFF, 0xA3, 0xB9, 0xFF,
    0xA3, 0xB9, 0xFF, 0xA3, 0xB9, 0xFF, 0xC4, 0xB9, 0xFF, 0x05, 0xBA, 0xFF, 0x87, 0xBA, 0xFD, 0x6B, 0xCB, 0xC2, 0x2A, 0xB3, 0x82, 0x2A, 0xAB, 0x58,
    0xE8, 0x9A, 0x20, 0xEF, 0xFB, 0x02, 0xAA, 0xAA, 0x03, 0x00, 0x00, 0x00, 0x00, 0x00, 0x00, 0x00, 0x00, 0x00, 0x00, 0x00, 0x00, 0x00, 0x00, 0x00,
    0x00, 0x00, 0x00, 0x00, 0x00, 0x00, 0x00, 0x00, 0x00, 0x00, 0x00, 0x01, 0x00, 0x00, 0x00, 0xA9, 0xB2, 0x1B, 0x87, 0xBA, 0x9D, 0xC4, 0xB1, 0xFF,
    0xA3, 0xB9, 0xFE, 0xA3, 0xB9, 0xFF, 0xA3, 0xB9, 0xFF, 0xA3, 0xB9, 0xFF, 0xA3, 0xB9, 0xFF, 0xA3, 0xB9, 0xFF, 0xA3, 0xB9, 0xFF, 0xA3, 0xB9, 0xFE,
    0xC4, 0xB9, 0xFE, 0x46, 0xBA, 0xF1, 0x09, 0xBB, 0x6C, 0xA9, 0xA2, 0x20, 0x00, 0x78, 0x02, 0x00, 0x00, 0x00, 0x00, 0x00, 0x00, 0x00, 0x00, 0x00,
    0x00, 0x00, 0x00, 0x00, 0x00, 0x00, 0x00, 0x00, 0x00, 0x00, 0x00, 0x00, 0x00, 0x00, 0x00, 0x00, 0x00, 0x00, 0x00, 0x00, 0x00, 0x00, 0x00, 0x00,
    0x00, 0x00, 0x00, 0x00, 0x00, 0x00, 0x00, 0x00, 0x00, 0x00, 0x00, 0x00, 0x00, 0x00, 0x00, 0x00, 0x00, 0x00, 0x00, 0x00, 0x00, 0x00, 0x00, 0x00,
    0x00, 0x00, 0x00, 0x00, 0x00, 0x00, 0x00, 0x00, 0x00, 0x00, 0x00, 0x00, 0x00, 0x00, 0x00, 0x00, 0x00, 0x00, 0x00, 0x00, 0x00, 0x00, 0x00, 0x00,
    0x00, 0x00, 0x00, 0x00, 0x00, 0x00, 0x00, 0x00, 0x00, 0x00, 0x00, 0x00, 0x00, 0x00, 0x00, 0x00, 0x00, 0x00, 0x00, 0x00, 0x00, 0x00, 0x00, 0x00,
    0x00, 0x00, 0x00, 0x00, 0x00, 0x00, 0x00, 0x00, 0x00, 0x00, 0x00, 0x00, 0x00, 0x00, 0x00, 0x00, 0x00, 0x00, 0x00, 0x00, 0x00, 0x00, 0x00, 0x00,
    0x00, 0x00, 0x00, 0x00, 0x00, 0x00, 0x00, 0x00, 0x00, 0x00, 0x00, 0x00, 0x00, 0x00, 0x00, 0x00, 0x00, 0x00, 0x00, 0x00, 0x00, 0x00, 0x00, 0x00,
    0x00, 0x00, 0x00, 0x00, 0x00, 0x00, 0x00, 0x00, 0x00, 0x00, 0x00, 0x00, 0x00, 0x00, 0x00, 0x00, 0x00, 0x00, 0x00, 0x00, 0x00, 0x00, 0x00, 0x00,
    0x00, 0x00, 0x00, 0x00, 0x00, 0x00, 0x00, 0x00, 0x00, 0x00, 0x00, 0x00, 0x00, 0x00, 0x00, 0x00, 0x00, 0x00, 0x00, 0x00, 0x00, 0x00, 0x00, 0x00,
    0x00, 0x00, 0x00, 0x00, 0x00, 0x00, 0x00, 0x00, 0x00, 0x00, 0x00, 0x00, 0x00, 0x00, 0x00, 0x00, 0x00, 0x00, 0x00, 0x00, 0x00, 0x00, 0x00, 0x00,
    0x00, 0x00, 0x00, 0x00, 0x00, 0x00, 0x00, 0x00, 0x00, 0x00, 0x00, 0x00, 0x00, 0x00, 0x00, 0x00, 0x00, 0x00, 0x00, 0x00, 0x00, 0x00, 0x00, 0x00,
    0x00, 0x00, 0x00, 0x00, 0x00, 0x00, 0x00, 0x00, 0x00, 0x00, 0x00, 0x00, 0x00, 0x00, 0x00, 0x00, 0x00, 0x00, 0x00, 0x00, 0x00, 0x00, 0x00, 0x00,
    0x00, 0x00, 0x00, 0x00, 0x00, 0x00, 0x00, 0x00, 0x00, 0x00, 0x00, 0x00, 0x00, 0x00, 0x00, 0x00, 0x00, 0x00, 0x00, 0x00, 0x00, 0x00, 0x00, 0x00,
    0x00, 0x00, 0x00, 0x00, 0x00, 0x00, 0x00, 0x00, 0x00, 0x00, 0x00, 0x00, 0x00, 0x00, 0x00, 0x00, 0x00, 0x00, 0x00, 0x00, 0x00, 0x00, 0x00, 0x00,
    0x00, 0x00, 0x00, 0x00, 0x00, 0x00, 0x00, 0x00, 0x00, 0x00, 0x00, 0x00, 0x00, 0x00, 0x00, 0x00, 0x00, 0x00, 0x00, 0x00, 0x00, 0x00, 0x00, 0x00,
    0x00, 0x00, 0x00, 0x00, 0x00, 0x00, 0x00, 0x00, 0x00, 0x00, 0x00, 0x00, 0x00, 0x00, 0x00, 0x00, 0x00, 0x00, 0x00, 0x00, 0x00, 0x00, 0x00, 0x00,
    0x00, 0x00, 0x00, 0x00, 0x00, 0x00, 0x00, 0x00, 0x00, 0x00, 0x00, 0x00, 0x00, 0x00, 0x00, 0x00, 0x00, 0x00, 0x00, 0x00, 0x00, 0x00, 0x00, 0x00,
    0x00, 0x00, 0x00, 0x00, 0x00, 0x00, 0x00, 0x00, 0x00, 0x00, 0x00, 0x00, 0x00, 0x00, 0x00, 0x00, 0x00, 0x00, 0x00, 0x00, 0x00, 0x00, 0x00, 0x00,
    0x00, 0x00, 0x00, 0x00, 0x00, 0x00, 0x00, 0x00, 0x00, 0x00, 0x00, 0x00, 0x00, 0x00, 0x00, 0x00, 0x00, 0x00, 0x00, 0x00, 0x00, 0x00, 0x00, 0x00,
    0x00, 0x00, 0x00, 0x00, 0x00, 0x00, 0x00, 0x00, 0x00, 0x00, 0x00, 0x00, 0x00, 0x00, 0x00, 0x00, 0x00, 0x00, 0x00, 0x00, 0x00, 0x00, 0x00, 0x00,
    0x00, 0x00, 0x00, 0x00, 0x00, 0x00, 0x00, 0x00, 0x00, 0x00, 0x00, 0x00, 0x00, 0x00, 0x00, 0x00, 0x00, 0x00, 0x00, 0x00, 0x00, 0x00, 0x00, 0x00,
    0x00, 0x00, 0x00, 0x00, 0x00, 0x00, 0x00, 0x00, 0x00, 0x00, 0x00, 0x00, 0x00, 0x00, 0x00, 0x00, 0x00, 0x00, 0x00, 0x00, 0x00, 0x00, 0x00, 0x00,
    0x00, 0x00, 0x00, 0x00, 0x00, 0x00, 0x00, 0x00, 0x00, 0x00, 0x00, 0x00, 0x00, 0x00, 0x00, 0x00, 0x00, 0x00, 0x00, 0x00, 0x00, 0x00, 0x00, 0x00,
    0x00, 0x00, 0x00, 0x00, 0x00, 0x00, 0x00, 0x00, 0x00, 0x00, 0x00, 0x00, 0x00, 0x00, 0x00, 0x00, 0x00, 0x00, 0x00, 0x00, 0x00, 0x00, 0x00, 0x00,
    0x00, 0x00, 0x00, 0x00, 0x00, 0x00, 0x00, 0x00, 0x00, 0x00, 0x00, 0x00, 0x00, 0x00, 0x00, 0x00, 0x00, 0x00, 0x00, 0x00, 0x00, 0x00, 0x00, 0x00,
    0x00, 0x00, 0x00, 0x00, 0x00, 0x00, 0x00, 0x00, 0x00, 0x00, 0x00, 0x00, 0x00, 0x00, 0x00, 0x00, 0x00, 0x00, 0x00, 0x00, 0x00, 0x00, 0x00, 0x00,
    0x00, 0x00, 0x00, 0x00, 0x00, 0x00, 0x00, 0x00, 0x00, 0x00, 0x00, 0x00, 0x00, 0x00, 0x00, 0x00, 0x00, 0x00, 0x00, 0x00, 0x00, 0x00, 0x00, 0x00,
    0x00, 0x00, 0x00, 0x00, 0x00, 0x00, 0x00, 0x00, 0x00, 0x00, 0x00, 0x00, 0xE7, 0x9A, 0x08, 0xA9, 0x9A, 0x2C, 0xE9, 0xA2, 0x57, 0x0A, 0xB3, 0x68,
    0x09, 0xC3, 0xBF, 0xA8, 0xC2, 0xFF, 0xC4, 0xB1, 0xFE, 0xA3, 0xB1, 0xFF, 0xA3, 0xB9, 0xFF, 0xA3, 0xB9, 0xFF, 0xA3, 0xB9, 0xFF, 0xA3, 0xB1, 0xFF,
    0x82, 0xB1, 0xFE, 0xA3, 0xB1, 0xFE, 0xA8, 0xC2, 0xEC, 0x2A, 0xCB, 0xA7, 0xE9, 0xB2, 0x78, 0xE9, 0xAA, 0x4A, 0xE9, 0xAA, 0x42, 0xC9, 0xAA, 0x31,
    0xE9, 0xAA, 0x33, 0x09, 0xAB, 0x57, 0xE9, 0xB2, 0x60, 0x0A, 0xBB, 0x7E, 0x09, 0xBB, 0x85, 0x09, 0xBB, 0x9D, 0xE9, 0xC2, 0xBA, 0xA8, 0xBA, 0xD5,
    0xC8, 0xBA, 0xCB, 0xE8, 0xC2, 0xD5, 0x87, 0xBA, 0xE7, 0xA7, 0xC2, 0xEF, 0xC8, 0xC2, 0xE8, 0x09, 0xC3, 0xB3, 0xE9, 0xBA, 0xAC, 0x09, 0xC3, 0xD3,
    0x09, 0xC3, 0xB2, 0x2A, 0xC3, 0x83, 0x09, 0xBB, 0xC3, 0xE9, 0xBA, 0xA1, 0x09, 0xC3, 0xB4, 0x09, 0xCB, 0xEF, 0x25, 0xBA, 0xF8, 0xA3, 0xB1, 0xFF,
    0xA3, 0xB9, 0xFF, 0xA3, 0xB9, 0xFF, 0xA3, 0xB9, 0xFF, 0xA3, 0xB9, 0xFF, 0xA3, 0xB9, 0xFF, 0xA3, 0xB9, 0xFF, 0xA3, 0xB9, 0xFF, 0xA3, 0xB9, 0xFF,
    0xA3, 0xB9, 0xFF, 0xA3, 0xB9, 0xFF, 0xA3, 0xB9, 0xFF, 0xA3, 0xB9, 0xFF, 0xA3, 0xB9, 0xFF, 0xA3, 0xB9, 0xFF, 0xA3, 0xB9, 0xFF, 0xA3, 0xB9, 0xFF,
    0xA3, 0xB9, 0xFF, 0xA3, 0xB9, 0xFF, 0xA3, 0xB9, 0xFF, 0xA3, 0xB9, 0xFF, 0xA3, 0xB9, 0xFF, 0xA3, 0xB9, 0xFF, 0xA4, 0xB9, 0xFF, 0xA3, 0xB9, 0xFF,
    0xA3, 0xB9, 0xFF, 0xA3, 0xB9, 0xFF, 0xA3, 0xB9, 0xFF, 0xA3, 0xB9, 0xFF, 0xA3, 0xB9, 0xFF, 0xA3, 0xB1, 0xFF, 0xA3, 0xB1, 0xFF, 0x83, 0xB1, 0xFE,
    0x83, 0xB1, 0xFD, 0xA3, 0xB1, 0xFF, 0xA4, 0xB1, 0xFF, 0x66, 0xBA, 0xE4, 0xC9, 0xBA, 0xA7, 0xC8, 0xB2, 0x76, 0x67, 0xA2, 0x64, 0xCA, 0xA2, 0x1C,
    0x47, 0x92, 0x15, 0x63, 0x89, 0xDA, 0x06, 0xAA, 0xCE, 0xA8, 0xC2, 0xC9, 0xA3, 0xB1, 0xFF, 0xA3, 0xB1, 0xFE, 0xA3, 0xB9, 0xFF, 0xA3, 0xB9, 0xFF,
    0xA3, 0xB9, 0xFF, 0xA3, 0xB9, 0xFF, 0xA3, 0xB9, 0xFF, 0xA3, 0xB9, 0xFF, 0xA3, 0xB9, 0xFF, 0xA3, 0xB9, 0xFF, 0xA3, 0xB9, 0xFF, 0xA3, 0xB9, 0xFF,
    0xA3, 0xB9, 0xFF, 0xA3, 0xB9, 0xFF, 0xA3, 0xB9, 0xFF, 0xA3, 0xB9, 0xFF, 0x83, 0xB1, 0xFE, 0x83, 0xB1, 0xFD, 0x83, 0xB1, 0xFE, 0x83, 0xB1, 0xFE,
    0x83, 0xB1, 0xFD, 0x83, 0xB1, 0xFF, 0x83, 0xB1, 0xFF, 0x83, 0xB1, 0xFF, 0x83, 0xB1, 0xFF, 0xC4, 0xB1, 0xFF, 0xC4, 0xB1, 0xFF, 0xE4, 0xB9, 0xFF,
    0xA3, 0xB1, 0xFF, 0xA3, 0xB1, 0xFF, 0xA3, 0xB1, 0xFF, 0x83, 0xB1, 0xFF, 0xA3, 0xB1, 0xFF, 0xA3, 0xB1, 0xFF, 0x83, 0xB1, 0xFF, 0x83, 0xB1, 0xFF,
    0xA3, 0xB1, 0xFE, 0xA3, 0xB1, 0xFF, 0xA3, 0xB1, 0xFF, 0xA3, 0xB1, 0xFF, 0xA3, 0xB1, 0xFF, 0xA3, 0xB1, 0xFF, 0xA3, 0xB1, 0xFE, 0x83, 0xB1, 0xFE,
    0x05, 0xBA, 0xFD, 0xE8, 0xC2, 0xFF, 0x2A, 0xBB, 0xB8, 0x2A, 0xAB, 0x7B, 0xA9, 0x92, 0x29, 0xC9, 0x9A, 0x28, 0x00, 0x00, 0x00, 0x46, 0x8A, 0x30,
    0x46, 0x8A, 0x5E, 0x00, 0x00, 0x00, 0x00, 0xF8, 0x01, 0x00, 0x00, 0x00, 0x00, 0x00, 0x00, 0x00, 0x00, 0x00, 0x00, 0x00, 0x00, 0x00, 0x00, 0x00,
    0x00, 0xF8, 0x01, 0xC9, 0xB2, 0x39, 0x05, 0xB2, 0xE9, 0x83, 0xB1, 0xFF, 0xA3, 0xB9, 0xFE, 0xA3, 0xB9, 0xFF, 0xA3, 0xB9, 0xFF, 0xA3, 0xB9, 0xFF,
    0xA3, 0xB9, 0xFF, 0xA3, 0xB9, 0xFF, 0xA3, 0xB9, 0xFF, 0x83, 0xB9, 0xFD, 0xE4, 0xB9, 0xFF, 0xE9, 0xC2, 0xBD, 0x2A, 0xBB, 0x35, 0x66, 0x9A, 0x0A,
    0x00, 0x00, 0x00, 0x00, 0x00, 0x00, 0x00, 0x00, 0x00, 0x00, 0x00, 0x00, 0x00, 0x00, 0x00, 0x00, 0x00, 0x00, 0x00, 0x00, 0x00, 0x00, 0x00, 0x00,
    0x00, 0x00, 0x00, 0x00, 0x00, 0x00, 0x00, 0x00, 0x00, 0x00, 0x00, 0x00, 0x00, 0x00, 0x00, 0x00, 0x00, 0x00, 0x00, 0x00, 0x00, 0x00, 0x00, 0x00,
    0x00, 0x00, 0x00, 0x00, 0x00, 0x00, 0x00, 0x00, 0x00, 0x00, 0x00, 0x00, 0x00, 0x00, 0x00, 0x00, 0x00, 0x00, 0x00, 0x00, 0x00, 0x00, 0x00, 0x00,
    0x00, 0x00, 0x00, 0x00, 0x00, 0x00, 0x00, 0x00, 0x00, 0x00, 0x00, 0x00, 0x00, 0x00, 0x00, 0x00, 0x00, 0x00, 0x00, 0x00, 0x00, 0x00, 0x00, 0x00,
    0x00, 0x00, 0x00, 0x00, 0x00, 0x00, 0x00, 0x00, 0x00, 0x00, 0x00, 0x00, 0x00, 0x00, 0x00, 0x00, 0x00, 0x00, 0x00, 0x00, 0x00, 0x00, 0x00, 0x00,
    0x00, 0x00, 0x00, 0x00, 0x00, 0x00, 0x00, 0x00, 0x00, 0x00, 0x00, 0x00, 0x00, 0x00, 0x00, 0x00, 0x00, 0x00, 0x00, 0x00, 0x00, 0x00, 0x00, 0x00,
    0x00, 0x00, 0x00, 0x00, 0x00, 0x00, 0x00, 0x00, 0x00, 0x00, 0x00, 0x00, 0x00, 0x00, 0x00, 0x00, 0x00, 0x00, 0x00, 0x00, 0x00, 0x00, 0x00, 0x00,
    0x00, 0x00, 0x00, 0x00, 0x00, 0x00, 0x00, 0x00, 0x00, 0x00, 0x00, 0x00, 0x00, 0x00, 0x00, 0x00, 0x00, 0x00, 0x00, 0x00, 0x00, 0x00, 0x00, 0x00,
    0x00, 0x00, 0x00, 0x00, 0x00, 0x00, 0x00, 0x00, 0x00, 0x00, 0x00, 0x00, 0x00, 0x00, 0x00, 0x00, 0x00, 0x00, 0x00, 0x00, 0x00, 0x00, 0x00, 0x00,
    0x00, 0x00, 0x00, 0x00, 0x00, 0x00, 0x00, 0x00, 0x00, 0x00, 0x00, 0x00, 0x00, 0x00, 0x00, 0x00, 0x00, 0x00, 0x00, 0x00, 0x00, 0x00, 0x00, 0x00,
    0x00, 0x00, 0x00, 0x00, 0x00, 0x00, 0x00, 0x00, 0x00, 0x00, 0x00, 0x00, 0x00, 0x00, 0x00, 0x00, 0x00, 0x00, 0x00, 0x00, 0x00, 0x00, 0x00, 0x00,
    0x00, 0x00, 0x00, 0x00, 0x00, 0x00, 0x00, 0x00, 0x00, 0x00, 0x00, 0x00, 0x00, 0x00, 0x00, 0x00, 0x00, 0x00, 0x00, 0x00, 0x00, 0x00, 0x00, 0x00,
    0x00, 0x00, 0x00, 0x00, 0x00, 0x00, 0x00, 0x00, 0x00, 0x00, 0x00, 0x00, 0x00, 0x00, 0x00, 0x00, 0x00, 0x00, 0x00, 0x00, 0x00, 0x00, 0x00, 0x00,
    0x00, 0x00, 0x00, 0x00, 0x00, 0x00, 0x00, 0x00, 0x00, 0x00, 0x00, 0x00, 0x00, 0x00, 0x00, 0x00, 0x00, 0x00, 0x00, 0x00, 0x00, 0x00, 0x00, 0x00,
    0x00, 0x00, 0x00, 0x00, 0x00, 0x00, 0x00, 0x00, 0x00, 0x00, 0x00, 0x00, 0x00, 0x00, 0x00, 0x00, 0x00, 0x00, 0x00, 0x00, 0x00, 0x00, 0x00, 0x00,
    0x00, 0x00, 0x00, 0x00, 0x00, 0x00, 0x00, 0x00, 0x00, 0x00, 0x00, 0x00, 0x00, 0x00, 0x00, 0x00, 0x00, 0x00, 0x00, 0x00, 0x00, 0x00, 0x00, 0x00,
    0x00, 0x00, 0x00, 0x00, 0x00, 0x00, 0x00, 0x00, 0x00, 0x00, 0x00, 0x00, 0x00, 0x00, 0x00, 0x00, 0x00, 0x00, 0x00, 0x00, 0x00, 0x00, 0x00, 0x00,
    0x00, 0x00, 0x00, 0x00, 0x00, 0x00, 0x00, 0x00, 0x00, 0x00, 0x00, 0x00, 0x00, 0x00, 0x00, 0x00, 0x00, 0x00, 0x00, 0x00, 0x00, 0x00, 0x00, 0x00,
    0x00, 0x00, 0x00, 0x00, 0x00, 0x00, 0x00, 0x00, 0x00, 0x00, 0x00, 0x00, 0x00, 0x00, 0x00, 0x00, 0x00, 0x00, 0x00, 0x00, 0x00, 0x00, 0x00, 0x00,
    0x00, 0x00, 0x00, 0x00, 0x00, 0x00, 0x00, 0x00, 0x00, 0x00, 0x00, 0x00, 0x00, 0x00, 0x00, 0x00, 0x00, 0x00, 0x00, 0x00, 0x00, 0x00, 0x00, 0x00,
    0x00, 0x00, 0x00, 0x00, 0x00, 0x00, 0x00, 0x00, 0x00, 0x00, 0x00, 0x00, 0x00, 0x00, 0x00, 0x00, 0x00, 0x00, 0x00, 0x00, 0x00, 0x00, 0x00, 0x00,
    0x00, 0x00, 0x00, 0x00, 0x00, 0x00, 0x00, 0x00, 0x00, 0x00, 0x00, 0x00, 0x00, 0x00, 0x00, 0x00, 0x00, 0x00, 0x00, 0x00, 0x00, 0x00, 0x00, 0x00,
    0x00, 0x00, 0x00, 0x00, 0x00, 0x00, 0x00, 0x00, 0x00, 0x00, 0x00, 0x00, 0x00, 0x00, 0x00, 0x00, 0x00, 0x00, 0x00, 0x00, 0x00, 0x00, 0x00, 0x00,
    0x00, 0x00, 0x00, 0x00, 0x00, 0x00, 0x00, 0x00, 0x00, 0x00, 0x00, 0x00, 0x00, 0x00, 0x00, 0x00, 0x00, 0x00, 0x00, 0x00, 0x00, 0x00, 0x00, 0x00,
    0x00, 0x00, 0x00, 0x00, 0x00, 0x00, 0x00, 0x00, 0x00, 0x00, 0x00, 0x00, 0x00, 0x00, 0x00, 0x00, 0x00, 0x00, 0x00, 0x78, 0x02, 0xE0, 0x7B, 0x02,
    0x00, 0x00, 0x00, 0x00, 0x00, 0x00, 0x00, 0x00, 0x00, 0x00, 0x00, 0x00, 0x00, 0x00, 0x00, 0x00, 0x00, 0x00, 0x00, 0x00, 0x00, 0x00, 0x00, 0x00,
    0x00, 0x00, 0x00, 0x00, 0x00, 0x00, 0x00, 0x00, 0x00, 0x00, 0x00, 0x00, 0x00, 0x00, 0x00, 0x00, 0x00, 0x00, 0x00, 0x00, 0x00, 0x00, 0xF8, 0x01,
    0x00, 0x00, 0x00, 0xA8, 0x9A, 0x21, 0xE9, 0xAA, 0x44, 0xE9, 0xB2, 0x85, 0x4A, 0xCB, 0xBF, 0x87, 0xC2, 0xF5, 0xA3, 0xB1, 0xFF, 0xA3, 0xB9, 0xFF,
    0xA3, 0xB9, 0xFF, 0xA3, 0xB9, 0xFF, 0xA3, 0xB9, 0xFF, 0xA3, 0xB1, 0xFF, 0xA3, 0xB9, 0xFF, 0xA3, 0xB1, 0xFF, 0x25, 0xBA, 0xFF, 0x09, 0xCB, 0xEB,
    0x09, 0xBB, 0xBD, 0x2A, 0xC3, 0x7E, 0x2A, 0xBB, 0x8C, 0x2A, 0xC3, 0x96, 0x09, 0xC3, 0xA3, 0x09, 0xC3, 0xD6, 0x09, 0xC3, 0xDD, 0x87, 0xBA, 0xF0,
    0x46, 0xBA, 0xFE, 0x26, 0xBA, 0xFF, 0x05, 0xBA, 0xFF, 0x05, 0xC2, 0xFF, 0x05, 0xBA, 0xFF, 0xA3, 0xB9, 0xFF, 0xA3, 0xB9, 0xFF, 0xA3, 0xB1, 0xFF,
    0xA3, 0xB1, 0xFF, 0xC4, 0xB1, 0xFF, 0x05, 0xBA, 0xFF, 0x05, 0xBA, 0xFF, 0x46, 0xC2, 0xFF, 0x87, 0xC2, 0xF9, 0x87, 0xC2, 0xF8, 0xC8, 0xC2, 0xFE,
    0x09, 0xCB, 0xF1, 0xA7, 0xC2, 0xF8, 0x09, 0xCB, 0xDD, 0x25, 0xBA, 0xF7, 0xA3, 0xB1, 0xFF, 0xA3, 0xB1, 0xFF, 0xA3, 0xB9, 0xFF, 0xA3, 0xB9, 0xFF,
    0xA3, 0xB9, 0xFE, 0xA3, 0xB9, 0xFF, 0xA3, 0xB9, 0xFF, 0x83, 0xB9, 0xFF, 0x83, 0xB9, 0xFF, 0xC4, 0xB9, 0xFF, 0xA3, 0xB9, 0xFF, 0xA3, 0xB9, 0xFF,
    0xA3, 0xB9, 0xFF, 0xC3, 0xB9, 0xFF, 0xC4, 0xB9, 0xFF, 0xA3, 0xB9, 0xFF, 0xA3, 0xB9, 0xFF, 0xA3, 0xB9, 0xFF, 0xA3, 0xB9, 0xFF, 0xA3, 0xB9, 0xFF,
    0xA3, 0xB9, 0xFF, 0xA3, 0xB9, 0xFF, 0xA3, 0xB9, 0xFF, 0xA3, 0xB9, 0xFF, 0xA3, 0xB9, 0xFF, 0xA3, 0xB9, 0xFF, 0xA3, 0xB9, 0xFF, 0xA3, 0xB9, 0xFF,
    0xA3, 0xB9, 0xFF, 0xA3, 0xB9, 0xFF, 0xA3, 0xB9, 0xFF, 0xA3, 0xB9, 0xFF, 0xA3, 0xB9, 0xFF, 0xA3, 0xB1, 0xFE, 0x83, 0xB1, 0xFD, 0xA4, 0xB9, 0xFF,
    0x25, 0xBA, 0xF3, 0xA8, 0xBA, 0xB3, 0x67, 0xA2, 0xA1, 0x06, 0x92, 0x35, 0x00, 0x00, 0x00, 0xE8, 0xD2, 0x0B, 0xA8, 0xBA, 0x64, 0x26, 0xB2, 0xEB,
    0xA3, 0xB1, 0xFF, 0xA3, 0xB1, 0xFE, 0xA3, 0xB9, 0xFF, 0xA3, 0xB9, 0xFF, 0xA3, 0xB9, 0xFF, 0xA3, 0xB9, 0xFF, 0xA3, 0xB9, 0xFF, 0xA3, 0xB9, 0xFF,
    0xA3, 0xB9, 0xFF, 0xA3, 0xB9, 0xFF, 0xA3, 0xB9, 0xFF, 0xA3, 0xB9, 0xFF, 0xA3, 0xB9, 0xFF, 0xA3, 0xB9, 0xFF, 0xA3, 0xB9, 0xFF, 0xA3, 0xB9, 0xFF,
    0xA3, 0xB9, 0xFF, 0xA3, 0xB9, 0xFF, 0xA3, 0xB9, 0xFF, 0xA3, 0xB9, 0xFF, 0xA3, 0xB9, 0xFF, 0xA3, 0xB9, 0xFE, 0xA3, 0xB9, 0xFE, 0xA3, 0xB1, 0xFE,
    0xA3, 0xB9, 0xFE, 0xA3, 0xB1, 0xFE, 0x83, 0xB1, 0xFE, 0x83, 0xB1, 0xFE, 0xA3, 0xB1, 0xFE, 0xA3, 0xB1, 0xFE, 0xA3, 0xB1, 0xFE, 0xA3, 0xB9, 0xFE,
    0xA3, 0xB1, 0xFF, 0xA3, 0xB1, 0xFF, 0xA3, 0xB1, 0xFF, 0xA3, 0xB1, 0xFF, 0xA3, 0xB9, 0xFF, 0xA3, 0xB9, 0xFF, 0xA3, 0xB9, 0xFF, 0xA3, 0xB9, 0xFF,
    0xA3, 0xB9, 0xFF, 0xA3, 0xB9, 0xFF, 0xA3, 0xB9, 0xFF, 0xC4, 0xB9, 0xFF, 0xA3, 0xB1, 0xFF, 0x05, 0xBA, 0xF6, 0x4A, 0xCB, 0xC0, 0x0A, 0xAB, 0x66,
    0xC9, 0x9A, 0x35, 0xC9, 0x9A, 0x28, 0x26, 0x9B, 0x05, 0x67, 0x8A, 0x2D, 0x26, 0x82, 0x3D, 0x00, 0x00, 0x00, 0x00, 0xF8, 0x01, 0x00, 0x00, 0x00,
    0x00, 0x00, 0x00, 0x00, 0x00, 0x00, 0x00, 0x00, 0x00, 0xA8, 0x9A, 0x0F, 0x67, 0xA2, 0x1E, 0xE9, 0xBA, 0x60, 0x05, 0xB2, 0xE7, 0x83, 0xB1, 0xFF,
    0xA3, 0xB9, 0xFE, 0xA3, 0xB9, 0xFF, 0xA3, 0xB9, 0xFF, 0xA3, 0xB9, 0xFF, 0xA3, 0xB9, 0xFF, 0xA3, 0xB9, 0xFF, 0xA3, 0xB9, 0xFE, 0xA3, 0xB9, 0xFE,
    0x25, 0xBA, 0xF7, 0x09, 0xC3, 0x6A, 0x48, 0x9A, 0x22, 0xA8, 0xAA, 0x0F, 0x00, 0x00, 0x00, 0x00, 0x00, 0x01, 0x00, 0x00, 0x00, 0x00, 0x00, 0x00,
    0x00, 0x00, 0x00, 0x00, 0x00, 0x00, 0x00, 0x00, 0x00, 0x00, 0x00, 0x00, 0x00, 0x00, 0x00, 0x00, 0x00, 0x00, 0x00, 0x00, 0x00, 0x00, 0x00, 0x00,
    0x00, 0x00, 0x00, 0x00, 0x00, 0x00, 0x00, 0x00, 0x00, 0x00, 0x00, 0x00, 0x00, 0x00, 0x00, 0x00, 0x00, 0x00, 0x00, 0x00, 0x00, 0x00, 0x00, 0x00,
    0x00, 0x00, 0x00, 0x00, 0x00, 0x00, 0x00, 0x00, 0x00, 0x00, 0x00, 0x00, 0x00, 0x00, 0x00, 0x00, 0x00, 0x00, 0x00, 0x00, 0x00, 0x00, 0x00, 0x00,
    0x00, 0x00, 0x00, 0x00, 0x00, 0x00, 0x00, 0x00, 0x00, 0x00, 0x00, 0x00, 0x00, 0x00, 0x00, 0x00, 0x00, 0x00, 0x00, 0x00, 0x00, 0x00, 0x00, 0x00,
    0x00, 0x00, 0x00, 0x00, 0x00, 0x00, 0x00, 0x00, 0x00, 0x00, 0x00, 0x00, 0x00, 0x00, 0x00, 0x00, 0x00, 0x00, 0x00, 0x00, 0x00, 0x00, 0x00, 0x00,
    0x00, 0x00, 0x00, 0x00, 0x00, 0x00, 0x00, 0x00, 0x00, 0x00, 0x00, 0x00, 0x00, 0x00, 0x00, 0x00, 0x00, 0x00, 0x00, 0x00, 0x00, 0x00, 0x00, 0x00,
    0x00, 0x00, 0x00, 0x00, 0x00, 0x00, 0x00, 0x00, 0x00, 0x00, 0x00, 0x00, 0x00, 0x00, 0x00, 0x00, 0x00, 0x00, 0x00, 0x00, 0x00, 0x00, 0x00, 0x00,
    0x00, 0x00, 0x00, 0x00, 0x00, 0x00, 0x00, 0x00, 0x00, 0x00, 0x00, 0x00, 0x00, 0x00, 0x00, 0x00, 0x00, 0x00, 0x00, 0x00, 0x00, 0x00, 0x00, 0x00,
    0x00, 0x00, 0x00, 0x00, 0x00, 0x00, 0x00, 0x00, 0x00, 0x00, 0x00, 0x00, 0x00, 0x00, 0x00, 0x00, 0x00, 0x00, 0x00, 0x00, 0x00, 0x00, 0x00, 0x00,
    0x00, 0x00, 0x00, 0x00, 0x00, 0x00, 0x00, 0x00, 0x00, 0x00, 0x00, 0x00, 0x00, 0x00, 0x00, 0x00, 0x00, 0x00, 0x00, 0x00, 0x00, 0x00, 0x00, 0x00,
    0x00, 0x00, 0x00, 0x00, 0x00, 0x00, 0x00, 0x00, 0x00, 0x00, 0x00, 0x00, 0x00, 0x00, 0x00, 0x00, 0x00, 0x00, 0x00, 0x00, 0x00, 0x00, 0x00, 0x00,
    0x00, 0x00, 0x00, 0x00, 0x00, 0x00, 0x00, 0x00, 0x00, 0x00, 0x00, 0x00, 0x00, 0x00, 0x00, 0x00, 0x00, 0x00, 0x00, 0x00, 0x00, 0x00, 0x00, 0x00,
    0x00, 0x00, 0x00, 0x00, 0x00, 0x00, 0x00, 0x00, 0x00, 0x00, 0x00, 0x00, 0x00, 0x00, 0x00, 0x00, 0x00, 0x00, 0x00, 0x00, 0x00, 0x00, 0x00, 0x00,
    0x00, 0x00, 0x00, 0x00, 0x00, 0x00, 0x00, 0x00, 0x00, 0x00, 0x00, 0x00, 0x00, 0x00, 0x00, 0x00, 0x00, 0x00, 0x00, 0x00, 0x00, 0x00, 0x00, 0x00,
    0x00, 0x00, 0x00, 0x00, 0x00, 0x00, 0x00, 0x00, 0x00, 0x00, 0x00, 0x00, 0x00, 0x00, 0x00, 0x00, 0x00, 0x00, 0x00, 0x00, 0x00, 0x00, 0x00, 0x00,
    0x00, 0x00, 0x00, 0x00, 0x00, 0x00, 0x00, 0x00, 0x00, 0x00, 0x00, 0x00, 0x00, 0x00, 0x00, 0x00, 0x00, 0x00, 0x00, 0x00, 0x00, 0x00, 0x00, 0x00,
    0x00, 0x00, 0x00, 0x00, 0x00, 0x00, 0x00, 0x00, 0x00, 0x00, 0x00, 0x00, 0x00, 0x00, 0x00, 0x00, 0x00, 0x00, 0x00, 0x00, 0x00, 0x00, 0x00, 0x00,
    0x00, 0x00, 0x00, 0x00, 0x00, 0x00, 0x00, 0x00, 0x00, 0x00, 0x00, 0x00, 0x00, 0x00, 0x00, 0x00, 0x00, 0x00, 0x00, 0x00, 0x00, 0x00, 0x00, 0x00,
    0x00, 0x00, 0x00, 0x00, 0x00, 0x00, 0x00, 0x00, 0x00, 0x00, 0x00, 0x00, 0x00, 0x00, 0x00, 0x00, 0x00, 0x00, 0x00, 0x00, 0x00, 0x00, 0x00, 0x00,
    0x00, 0x00, 0x00, 0x00, 0x00, 0x00, 0x00, 0x00, 0x00, 0x00, 0x00, 0x00, 0x00, 0x00, 0x00, 0x00, 0x00, 0x00, 0x00, 0x00, 0x00, 0x00, 0x00, 0x00,
    0x00, 0x00, 0x00, 0x00, 0x00, 0x00, 0x00, 0x00, 0x00, 0x00, 0x00, 0x00, 0x00, 0x00, 0x00, 0x00, 0x00, 0x00, 0x00, 0x00, 0x00, 0x00, 0x00, 0x00,
    0x00, 0x00, 0x00, 0x00, 0x00, 0x00, 0x00, 0x00, 0x00, 0x00, 0x00, 0x00, 0x00, 0x00, 0x00, 0x00, 0x00, 0x00, 0x00, 0x00, 0x00, 0x00, 0x00, 0x00,
    0x00, 0x00, 0x00, 0x00, 0x00, 0x00, 0x00, 0x00, 0x00, 0x00, 0x00, 0x00, 0x00, 0x00, 0x00, 0x00, 0x00, 0x00, 0x00, 0x00, 0x00, 0x00, 0x00, 0x00,
    0x00, 0x00, 0x00, 0x00, 0x00, 0x00, 0x00, 0x00, 0x00, 0x00, 0x00, 0x00, 0x00, 0x00, 0x00, 0x00, 0x00, 0x00, 0x00, 0x00, 0x00, 0x00, 0x00, 0x00,
    0x00, 0x00, 0x00, 0x00, 0x00, 0x00, 0x00, 0x00, 0x00, 0x00, 0x00, 0x00, 0x00, 0x00, 0x00, 0x00, 0x00, 0x00, 0x00, 0x00, 0x00, 0x00, 0x00, 0x00,
    0x00, 0x00, 0x00, 0x00, 0x00, 0x00, 0x00, 0x00, 0x00, 0x00, 0x00, 0x00, 0x00, 0x00, 0x00, 0x00, 0x00, 0x00, 0x00, 0x00, 0x00, 0x00, 0x00, 0x00,
    0x00, 0x00, 0x00, 0x00, 0x00, 0x00, 0x00, 0x00, 0x01, 0x00, 0x00, 0x00, 0x68, 0x92, 0x17, 0xC8, 0x9A, 0x27, 0xC9, 0xA2, 0x38, 0xE9, 0xB2, 0x80,
    0x2A, 0xC3, 0xCB, 0x66, 0xBA, 0xFC, 0xA3, 0xB1, 0xFF, 0xA3, 0xB9, 0xFF, 0xA3, 0xB9, 0xFF, 0xA3, 0xB9, 0xFF, 0xA3, 0xB9, 0xFF, 0xA3, 0xB9, 0xFF,
    0xA3, 0xB9, 0xFF, 0xA3, 0xB9, 0xFF, 0xA3, 0xB1, 0xFF, 0x67, 0xC2, 0xFA, 0xE8, 0xCA, 0xE3, 0xC8, 0xC2, 0xD0, 0xA8, 0xC2, 0xF2, 0xA7, 0xC2, 0xF1,
    0x25, 0xBA, 0xFC, 0xE4, 0xB9, 0xFF, 0xC4, 0xB9, 0xFF, 0x83, 0xB1, 0xFF, 0x83, 0xB1, 0xFF, 0x83, 0xB1, 0xFF, 0x83, 0xB1, 0xFD, 0x83, 0xB1, 0xFD,
    0x83, 0xB1, 0xFD, 0x83, 0xB1, 0xFE, 0xA3, 0xB1, 0xFE, 0x83, 0xB9, 0xFE, 0xA3, 0xB9, 0xFE, 0x83, 0xB9, 0xFE, 0x83, 0xB1, 0xFF, 0x83, 0xB1, 0xFE,
    0xA3, 0xB9, 0xFE, 0x83, 0xB1, 0xFF, 0xC4, 0xB9, 0xFF, 0x05, 0xBA, 0xFC, 0x67, 0xC2, 0xFA, 0x87, 0xC2, 0xFC, 0xE8, 0xCA, 0xF3, 0x87, 0xBA, 0xFA,
    0xA7, 0xC2, 0xF2, 0x05, 0xBA, 0xFD, 0xA3, 0xB9, 0xFF, 0xC3, 0xB9, 0xFF, 0xC4, 0xB9, 0xFF, 0xC4, 0xB9, 0xFF, 0xA3, 0xB9, 0xFD, 0xC4, 0xB9, 0xFE,
    0xC4, 0xB9, 0xFF, 0x05, 0xBA, 0xFF, 0xE4, 0xB9, 0xFF, 0xE4, 0xB9, 0xFF, 0x25, 0xC2, 0xFF, 0x04, 0xBA, 0xFF, 0xE4, 0xB9, 0xFF, 0xE4, 0xB9, 0xFF,
    0xC4, 0xB9, 0xFF, 0xA3, 0xB9, 0xFF, 0xA3, 0xB9, 0xFF, 0xA3, 0xB9, 0xFF, 0xA3, 0xB9, 0xFF, 0xA3, 0xB9, 0xFF, 0xA3, 0xB9, 0xFF, 0xA3, 0xB9, 0xFF,
    0xA3, 0xB9, 0xFF, 0xA3, 0xB9, 0xFF, 0xA3, 0xB9, 0xFF, 0xA3, 0xB9, 0xFF, 0xA3, 0xB9, 0xFF, 0xA3, 0xB9, 0xFF, 0xA3, 0xB9, 0xFF, 0xA4, 0xB9, 0xFF,
    0xA3, 0xB9, 0xFF, 0xA4, 0xB9, 0xFF, 0xA4, 0xB9, 0xFF, 0xA3, 0xB1, 0xFE, 0xA3, 0xB1, 0xFF, 0xC4, 0xB1, 0xFF, 0x26, 0xB2, 0xB1, 0x0A, 0xC3, 0x66,
    0xA8, 0xAA, 0x2A, 0x86, 0x79, 0x0A, 0xA9, 0xAA, 0x42, 0x67, 0xB2, 0xA4, 0xC4, 0xB1, 0xFF, 0xA3, 0xB1, 0xFE, 0xA3, 0xB9, 0xFF, 0xA3, 0xB9, 0xFF,
    0xA3, 0xB9, 0xFF, 0xA3, 0xB9, 0xFF, 0xA3, 0xB9, 0xFF, 0xA3, 0xB9, 0xFF, 0xA3, 0xB9, 0xFF, 0xA4, 0xB9, 0xFF, 0xA3, 0xB9, 0xFF, 0xA3, 0xB9, 0xFF,
    0xA3, 0xB9, 0xFF, 0xA3, 0xB9, 0xFF, 0xA3, 0xB9, 0xFF, 0xA3, 0xB9, 0xFF, 0xA3, 0xB9, 0xFF, 0xA3, 0xB9, 0xFF, 0xA3, 0xB9, 0xFF, 0xA3, 0xB9, 0xFF,
    0xA3, 0xB9, 0xFF, 0xA3, 0xB9, 0xFF, 0xA3, 0xB9, 0xFF, 0xA3, 0xB9, 0xFF, 0xA3, 0xB9, 0xFF, 0xA3, 0xB9, 0xFF, 0xA3, 0xB9, 0xFF, 0xA3, 0xB9, 0xFF,
    0xA3, 0xB9, 0xFF, 0xA3, 0xB9, 0xFF, 0xA3, 0xB9, 0xFF, 0xA3, 0xB9, 0xFF, 0xA3, 0xB9, 0xFF, 0xA3, 0xB9, 0xFF, 0xA3, 0xB9, 0xFF, 0xA3, 0xB9, 0xFF,
    0xA3, 0xB9, 0xFF, 0xA3, 0xB9, 0xFF, 0xA3, 0xB9, 0xFF, 0xA3, 0xB9, 0xFF, 0xA3, 0xB9, 0xFF, 0xA3, 0xB9, 0xFF, 0xA3, 0xB9, 0xFF, 0xA4, 0xB9, 0xFF,
    0xA3, 0xB9, 0xFE, 0xE4, 0xB9, 0xFF, 0xE9, 0xC2, 0xE1, 0x4A, 0xBB, 0x8E, 0xE9, 0xA2, 0x2E, 0xC9, 0x92, 0x0E, 0xC8, 0x92, 0x1A, 0xEF, 0xFB, 0x02,
    0x00, 0x00, 0x00, 0x00, 0x00, 0x00, 0x00, 0x00, 0x00, 0x00, 0x00, 0x00, 0x00, 0x00, 0x00, 0x00, 0x00, 0x00, 0xEF, 0x7B, 0x02, 0xAA, 0xAA, 0x06,
    0xA8, 0xAA, 0x2F, 0x87, 0xBA, 0xA3, 0xA3, 0xB1, 0xFC, 0x83, 0xB1, 0xFF, 0xA3, 0xB9, 0xFF, 0xA3, 0xB9, 0xFF, 0xA3, 0xB9, 0xFF, 0xA3, 0xB9, 0xFF,
    0xA3, 0xB9, 0xFF, 0xA3, 0xB9, 0xFF, 0xA3, 0xB9, 0xFE, 0xA3, 0xB9, 0xFF, 0x66, 0xB2, 0xD0, 0x2B, 0xBB, 0x42, 0x26, 0x9A, 0x0F, 0xE0, 0x7B, 0x02,
    0x00, 0x00, 0x00, 0x00, 0x00, 0x00, 0x00, 0x00, 0x00, 0x00, 0x00, 0x00, 0x00, 0x00, 0x00, 0x00, 0x00, 0x00, 0x00, 0x00, 0x00, 0x00, 0x00, 0x00,
    0x00, 0x00, 0x00, 0x00, 0x00, 0x00, 0x00, 0x00, 0x00, 0x00, 0x00, 0x00, 0x00, 0x00, 0x00, 0x00, 0x00, 0x00, 0x00, 0x00, 0x00, 0x00, 0x00, 0x00,
    0x00, 0x00, 0x00, 0x00, 0x00, 0x00, 0x00, 0x00, 0x00, 0x00, 0x00, 0x00, 0x00, 0x00, 0x00, 0x00, 0x00, 0x00, 0x00, 0x00, 0x00, 0x00, 0x00, 0x00,
    0x00, 0x00, 0x00, 0x00, 0x00, 0x00, 0x00, 0x00, 0x00, 0x00, 0x00, 0x00, 0x00, 0x00, 0x00, 0x00, 0x00, 0x00, 0x00, 0x00, 0x00, 0x00, 0x00, 0x00,
    0x00, 0x00, 0x00, 0x00, 0x00, 0x00, 0x00, 0x00, 0x00, 0x00, 0x00, 0x00, 0x00, 0x00, 0x00, 0x00, 0x00, 0x00, 0x00, 0x00, 0x00, 0x00, 0x00, 0x00,
    0x00, 0x00, 0x00, 0x00, 0x00, 0x00, 0x00, 0x00, 0x00, 0x00, 0x00, 0x00, 0x00, 0x00, 0x00, 0x00, 0x00, 0x00, 0x00, 0x00, 0x00, 0x00, 0x00, 0x00,
    0x00, 0x00, 0x00, 0x00, 0x00, 0x00, 0x00, 0x00, 0x00, 0x00, 0x00, 0x00, 0x00, 0x00, 0x00, 0x00, 0x00, 0x00, 0x00, 0x00, 0x00, 0x00, 0x00, 0x00,
    0x00, 0x00, 0x00, 0x00, 0x00, 0x00, 0x00, 0x00, 0x00, 0x00, 0x00, 0x00, 0x00, 0x00, 0x00, 0x00, 0x00, 0x00, 0x00, 0x00, 0x00, 0x00, 0x00, 0x00,
    0x00, 0x00, 0x00, 0x00, 0x00, 0x00, 0x00, 0x00, 0x00, 0x00, 0x00, 0x00, 0x00, 0x00, 0x00, 0x00, 0x00, 0x00, 0x00, 0x00, 0x00, 0x00, 0x00, 0x00,
    0x00, 0x00, 0x00, 0x00, 0x00, 0x00, 0x00, 0x00, 0x00, 0x00, 0x00, 0x00, 0x00, 0x00, 0x00, 0x00, 0x00, 0x00, 0x00, 0x00, 0x00, 0x00, 0x00, 0x00,
    0x00, 0x00, 0x00, 0x00, 0x00, 0x00, 0x00, 0x00, 0x00, 0x00, 0x00, 0x00, 0x00, 0x00, 0x00, 0x00, 0x00, 0x00, 0x00, 0x00, 0x00, 0x00, 0x00, 0x00,
    0x00, 0x00, 0x00, 0x00, 0x00, 0x00, 0x00, 0x00, 0x00, 0x00, 0x00, 0x00, 0x00, 0x00, 0x00, 0x00, 0x00, 0x00, 0x00, 0x00, 0x00, 0x00, 0x00, 0x00,
    0x00, 0x00, 0x00, 0x00, 0x00, 0x00, 0x00, 0x00, 0x00, 0x00, 0x00, 0x00, 0x00, 0x00, 0x00, 0x00, 0x00, 0x00, 0x00, 0x00, 0x00, 0x00, 0x00, 0x00,
    0x00, 0x00, 0x00, 0x00, 0x00, 0x00, 0x00, 0x00, 0x00, 0x00, 0x00, 0x00, 0x00, 0x00, 0x00, 0x00, 0x00, 0x00, 0x00, 0x00, 0x00, 0x00, 0x00, 0x00,
    0x00, 0x00, 0x00, 0x00, 0x00, 0x00, 0x00, 0x00, 0x00, 0x00, 0x00, 0x00, 0x00, 0x00, 0x00, 0x00, 0x00, 0x00, 0x00, 0x00, 0x00, 0x00, 0x00, 0x00,
    0x00, 0x00, 0x00, 0x00, 0x00, 0x00, 0x00, 0x00, 0x00, 0x00, 0x00, 0x00, 0x00, 0x00, 0x00, 0x00, 0x00, 0x00, 0x00, 0x00, 0x00, 0x00, 0x00, 0x00,
    0x00, 0x00, 0x00, 0x00, 0x00, 0x00, 0x00, 0x00, 0x00, 0x00, 0x00, 0x00, 0x00, 0x00, 0x00, 0x00, 0x00, 0x00, 0x00, 0x00, 0x00, 0x00, 0x00, 0x00,
    0x00, 0x00, 0x00, 0x00, 0x00, 0x00, 0x00, 0x00, 0x00, 0x00, 0x00, 0x00, 0x00, 0x00, 0x00, 0x00, 0x00, 0x00, 0x00, 0x00, 0x00, 0x00, 0x00, 0x00,
    0x00, 0x00, 0x00, 0x00, 0x00, 0x00, 0x00, 0x00, 0x00, 0x00, 0x00, 0x00, 0x00, 0x00, 0x00, 0x00, 0x00, 0x00, 0x00, 0x00, 0x00, 0x00, 0x00, 0x00,
    0x00, 0x00, 0x00, 0x00, 0x00, 0x00, 0x00, 0x00, 0x00, 0x00, 0x00, 0x00, 0x00, 0x00, 0x00, 0x00, 0x00, 0x00, 0x00, 0x00, 0x00, 0x00, 0x00, 0x00,
    0x00, 0x00, 0x00, 0x00, 0x00, 0x00, 0x00, 0x00, 0x00, 0x00, 0x00, 0x00, 0x00, 0x00, 0x00, 0x00, 0x00, 0x00, 0x00, 0x00, 0x00, 0x00, 0x00, 0x00,
    0x00, 0x00, 0x00, 0x00, 0x00, 0x00, 0x00, 0x00, 0x00, 0x00, 0x00, 0x00, 0x00, 0x00, 0x00, 0x00, 0x00, 0x00, 0x00, 0x00, 0x00, 0x00, 0x00, 0x00,
    0x00, 0x00, 0x00, 0x00, 0x00, 0x00, 0x00, 0x00, 0x00, 0x00, 0x00, 0x00, 0x00, 0x00, 0x00, 0x00, 0x00, 0x00, 0x00, 0x00, 0x00, 0x00, 0x00, 0x00,
    0x00, 0x00, 0x00, 0x00, 0x00, 0x00, 0x00, 0x00, 0x00, 0x00, 0x00, 0x00, 0x00, 0x00, 0x00, 0x00, 0x00, 0x00, 0x00, 0x00, 0x00, 0x00, 0x00, 0x00,
    0x00, 0x00, 0x00, 0x00, 0x00, 0x00, 0x00, 0x00, 0x00, 0x00, 0x00, 0x00, 0x00, 0x00, 0x00, 0x00, 0x00, 0x00, 0x00, 0x00, 0x00, 0x00, 0x00, 0x00,
    0x00, 0x00, 0x00, 0x00, 0x00, 0x00, 0x00, 0x00, 0x00, 0x00, 0x00, 0x00, 0x00, 0x00, 0x00, 0x00, 0x00, 0x00, 0x00, 0x00, 0x00, 0x00, 0x00, 0x00,
    0x00, 0x00, 0x00, 0x00, 0x00, 0x00, 0x00, 0x00, 0x00, 0x00, 0x00, 0x00, 0x00, 0x00, 0x00, 0x00, 0x00, 0x00, 0x00, 0x00, 0x00, 0x00, 0x00, 0x01,
    0xA8, 0x9A, 0x0F, 0xA9, 0x9A, 0x21, 0xC9, 0xA2, 0x33, 0x09, 0xB3, 0x76, 0x2A, 0xC3, 0xC1, 0x67, 0xBA, 0xFC, 0xA3, 0xB1, 0xFF, 0xA3, 0xB1, 0xFF,
    0xA3, 0xB9, 0xFF, 0xA3, 0xB9, 0xFF, 0xA3, 0xB9, 0xFF, 0xA3, 0xB9, 0xFF, 0xA3, 0xB9, 0xFF, 0xA3, 0xB9, 0xFF, 0xA3, 0xB9, 0xFF, 0xC4, 0xB9, 0xFE,
    0xC4, 0xB9, 0xFF, 0xC4, 0xB9, 0xFF, 0xA3, 0xB1, 0xFF, 0x83, 0xB1, 0xFF, 0x83, 0xB1, 0xFF, 0x83, 0xB1, 0xFE, 0x83, 0xB1, 0xFE, 0xA3, 0xB9, 0xFE,
    0xA3, 0xB9, 0xFF, 0xA3, 0xB9, 0xFF, 0xA3, 0xB9, 0xFF, 0xA3, 0xB9, 0xFF, 0xA3, 0xB9, 0xFF, 0xA3, 0xB9, 0xFF, 0xA3, 0xB1, 0xFF, 0xA3, 0xB9, 0xFF,
    0xA3, 0xB9, 0xFF, 0xA3, 0xB9, 0xFF, 0xA3, 0xB9, 0xFF, 0xA3, 0xB9, 0xFF, 0xA3, 0xB9, 0xFF, 0xA3, 0xB9, 0xFE, 0xA3, 0xB9, 0xFF, 0xA3, 0xB9, 0xFF,
    0xC4, 0xB9, 0xFF, 0x46, 0xC2, 0xFD, 0xC8, 0xCA, 0xEA, 0x08, 0xCB, 0xD9, 0x29, 0xCB, 0xDF, 0xC8, 0xCA, 0xF0, 0x25, 0xBA, 0xFC, 0x67, 0xC2, 0xEB,
    0x87, 0xC2, 0xEE, 0xE8, 0xCA, 0xE5, 0x46, 0xC2, 0xFF, 0x87, 0xC2, 0xF7, 0x87, 0xC2, 0xEE, 0x46, 0xC2, 0xFC, 0x25, 0xC2, 0xFF, 0x25, 0xC2, 0xFF,
    0x05, 0xBA, 0xFF, 0x05, 0xC2, 0xFF, 0xC3, 0xB9, 0xFF, 0x46, 0xC2, 0xFF, 0x46, 0xC2, 0xFF, 0xE4, 0xB9, 0xFF, 0xC4, 0xB9, 0xFF, 0xA3, 0xB9, 0xFF,
    0xA3, 0xB9, 0xFF, 0xA3, 0xB9, 0xFF, 0xA3, 0xB9, 0xFF, 0xA3, 0xB9, 0xFF, 0xA3, 0xB9, 0xFF, 0xA4, 0xB9, 0xFF, 0xA3, 0xB9, 0xFF, 0xA3, 0xB9, 0xFF,
    0xA3, 0xB9, 0xFF, 0xA3, 0xB9, 0xFF, 0xA3, 0xB9, 0xFF, 0xA3, 0xB9, 0xFF, 0xA3, 0xB9, 0xFF, 0xA3, 0xB9, 0xFF, 0xA3, 0xB9, 0xFF, 0xA3, 0xB9, 0xFF,
    0xA3, 0xB9, 0xFE, 0xA3, 0xB9, 0xFF, 0xC4, 0xB9, 0xFF, 0x46, 0xBA, 0xEC, 0xC8, 0xBA, 0x93, 0x68, 0xAA, 0x2D, 0x68, 0xA2, 0x45, 0xE9, 0xC2, 0x9C,
    0xE4, 0xB9, 0xF5, 0xA3, 0xB9, 0xFF, 0xA3, 0xB9, 0xFF, 0xA3, 0xB9, 0xFF, 0xA3, 0xB9, 0xFF, 0xA3, 0xB9, 0xFF, 0xA3, 0xB9, 0xFF, 0xA3, 0xB9, 0xFF,
    0xA3, 0xB9, 0xFF, 0xA3, 0xB9, 0xFF, 0xA3, 0xB9, 0xFF, 0xA3, 0xB9, 0xFF, 0xA3, 0xB9, 0xFF, 0xA3, 0xB9, 0xFF, 0xA3, 0xB9, 0xFF, 0xA3, 0xB9, 0xFF,
    0xA3, 0xB9, 0xFF, 0xA3, 0xB9, 0xFF, 0xA3, 0xB9, 0xFF, 0xA3, 0xB9, 0xFF, 0xA3, 0xB9, 0xFF, 0xA3, 0xB9, 0xFF, 0xA3, 0xB9, 0xFF, 0xA3, 0xB9, 0xFF,
    0xA3, 0xB9, 0xFF, 0xA3, 0xB9, 0xFF, 0xA3, 0xB9, 0xFF, 0xA3, 0xB9, 0xFF, 0xA3, 0xB9, 0xFF, 0xA3, 0xB9, 0xFF, 0xA3, 0xB9, 0xFF, 0xA3, 0xB9, 0xFF,
    0xA3, 0xB9, 0xFF, 0xA3, 0xB9, 0xFF, 0xA3, 0xB9, 0xFF, 0xA3, 0xB9, 0xFF, 0xA3, 0xB9, 0xFF, 0xA3, 0xB9, 0xFF, 0xA3, 0xB9, 0xFF, 0xA3, 0xB9, 0xFF,
    0xA3, 0xB9, 0xFF, 0xA3, 0xB9, 0xFF, 0xA3, 0xB9, 0xFF, 0xA3, 0xB9, 0xFF, 0xA3, 0xB9, 0xFE, 0x05, 0xBA, 0xFD, 0xE9, 0xC2, 0xC9, 0xE9, 0xB2, 0xB1,
    0xA8, 0xA2, 0xAC, 0xE9, 0xA2, 0x33, 0xC8, 0x92, 0x25, 0xC9, 0x92, 0x0E, 0xAA, 0xAA, 0x03, 0x00, 0x00, 0x00, 0x00, 0x00, 0x00, 0x00, 0x00, 0x00,
    0x00, 0x00, 0x00, 0x00, 0x00, 0x00, 0x00, 0x00, 0x00, 0x68, 0xA2, 0x17, 0x09, 0xBB, 0x47, 0x05, 0xB2, 0xE1, 0x83, 0xB1, 0xFF, 0x83, 0xB1, 0xFE,
    0xA3, 0xB9, 0xFF, 0xA3, 0xB9, 0xFF, 0xA3, 0xB9, 0xFF, 0xA3, 0xB9, 0xFF, 0xA3, 0xB9, 0xFF, 0xA3, 0xB9, 0xFE, 0xA3, 0xB9, 0xFF, 0x05, 0xB2, 0xE3,
    0xE9, 0xBA, 0x6C, 0xC9, 0xAA, 0x22, 0x00, 0x00, 0x00, 0x00, 0x00, 0x00, 0x00, 0x00, 0x00, 0x00, 0x00, 0x00, 0x00, 0x00, 0x00, 0x00, 0x00, 0x00,
    0x00, 0x00, 0x00, 0x00, 0x00, 0x00, 0x00, 0x00, 0x00, 0x00, 0x00, 0x00, 0x00, 0x00, 0x00, 0x00, 0x00, 0x00, 0x00, 0x00, 0x00, 0x00, 0x00, 0x00,
    0x00, 0x00, 0x00, 0x00, 0x00, 0x00, 0x00, 0x00, 0x00, 0x00, 0x00, 0x00, 0x00, 0x00, 0x00, 0x00, 0x00, 0x00, 0x00, 0x00, 0x00, 0x00, 0x00, 0x00,
    0x00, 0x00, 0x00, 0x00, 0x00, 0x00, 0x00, 0x00, 0x00, 0x00, 0x00, 0x00, 0x00, 0x00, 0x00, 0x00, 0x00, 0x00, 0x00, 0x00, 0x00, 0x00, 0x00, 0x00,
    0x00, 0x00, 0x00, 0x00, 0x00, 0x00, 0x00, 0x00, 0x00, 0x00, 0x00, 0x00, 0x00, 0x00, 0x00, 0x00, 0x00, 0x00, 0x00, 0x00, 0x00, 0x00, 0x00, 0x00,
    0x00, 0x00, 0x00, 0x00, 0x00, 0x00, 0x00, 0x00, 0x00, 0x00, 0x00, 0x00, 0x00, 0x00, 0x00, 0x00, 0x00, 0x00, 0x00, 0x00, 0x00, 0x00, 0x00, 0x00,
    0x00, 0x00, 0x00, 0x00, 0x00, 0x00, 0x00, 0x00, 0x00, 0x00, 0x00, 0x00, 0x00, 0x00, 0x00, 0x00, 0x00, 0x00, 0x00, 0x00, 0x00, 0x00, 0x00, 0x00,
    0x00, 0x00, 0x00, 0x00, 0x00, 0x00, 0x00, 0x00, 0x00, 0x00, 0x00, 0x00, 0x00, 0x00, 0x00, 0x00, 0x00, 0x00, 0x00, 0x00, 0x00, 0x00, 0x00, 0x00,
    0x00, 0x00, 0x00, 0x00, 0x00, 0x00, 0x00, 0x00, 0x00, 0x00, 0x00, 0x00, 0x00, 0x00, 0x00, 0x00, 0x00, 0x00, 0x00, 0x00, 0x00, 0x00, 0x00, 0x00,
    0x00, 0x00, 0x00, 0x00, 0x00, 0x00, 0x00, 0x00, 0x00, 0x00, 0x00, 0x00, 0x00, 0x00, 0x00, 0x00, 0x00, 0x00, 0x00, 0x00, 0x00, 0x00, 0x00, 0x00,
    0x00, 0x00, 0x00, 0x00, 0x00, 0x00, 0x00, 0x00, 0x00, 0x00, 0x00, 0x00, 0x00, 0x00, 0x00, 0x00, 0x00, 0x00, 0x00, 0x00, 0x00, 0x00, 0x00, 0x00,
    0x00, 0x00, 0x00, 0x00, 0x00, 0x00, 0x00, 0x00, 0x00, 0x00, 0x00, 0x00, 0x00, 0x00, 0x00, 0x00, 0x00, 0x00, 0x00, 0x00, 0x00, 0x00, 0x00, 0x00,
    0x00, 0x00, 0x00, 0x00, 0x00, 0x00, 0x00, 0x00, 0x00, 0x00, 0x00, 0x00, 0x00, 0x00, 0x00, 0x00, 0x00, 0x00, 0x00, 0x00, 0x00, 0x00, 0x00, 0x00,
    0x00, 0x00, 0x00, 0x00, 0x00, 0x00, 0x00, 0x00, 0x00, 0x00, 0x00, 0x00, 0x00, 0x00, 0x00, 0x00, 0x00, 0x00, 0x00, 0x00, 0x00, 0x00, 0x00, 0x00,
    0x00, 0x00, 0x00, 0x00, 0x00, 0x00, 0x00, 0x00, 0x00, 0x00, 0x00, 0x00, 0x00, 0x00, 0x00, 0x00, 0x00, 0x00, 0x00, 0x00, 0x00, 0x00, 0x00, 0x00,
    0x00, 0x00, 0x00, 0x00, 0x00, 0x00, 0x00, 0x00, 0x00, 0x00, 0x00, 0x00, 0x00, 0x00, 0x00, 0x00, 0x00, 0x00, 0x00, 0x00, 0x00, 0x00, 0x00, 0x00,
    0x00, 0x00, 0x00, 0x00, 0x00, 0x00, 0x00, 0x00, 0x00, 0x00, 0x00, 0x00, 0x00, 0x00, 0x00, 0x00, 0x00, 0x00, 0x00, 0x00, 0x00, 0x00, 0x00, 0x00,
    0x00, 0x00, 0x00, 0x00, 0x00, 0x00, 0x00, 0x00, 0x00, 0x00, 0x00, 0x00, 0x00, 0x00, 0x00, 0x00, 0x00, 0x00, 0x00, 0x00, 0x00, 0x00, 0x00, 0x00,
    0x00, 0x00, 0x00, 0x00, 0x00, 0x00, 0x00, 0x00, 0x00, 0x00, 0x00, 0x00, 0x00, 0x00, 0x00, 0x00, 0x00, 0x00, 0x00, 0x00, 0x00, 0x00, 0x00, 0x00,
    0x00, 0x00, 0x00, 0x00, 0x00, 0x00, 0x00, 0x00, 0x00, 0x00, 0x00, 0x00, 0x00, 0x00, 0x00, 0x00, 0x00, 0x00, 0x00, 0x00, 0x00, 0x00, 0x00, 0x00,
    0x00, 0x00, 0x00, 0x00, 0x00, 0x00, 0x00, 0x00, 0x00, 0x00, 0x00, 0x00, 0x00, 0x00, 0x00, 0x00, 0x00, 0x00, 0x00, 0x00, 0x00, 0x00, 0x00, 0x00,
    0x00, 0x00, 0x00, 0x00, 0x00, 0x00, 0x00, 0x00, 0x00, 0x00, 0x00, 0x00, 0x00, 0x00, 0x00, 0x00, 0x00, 0x00, 0x00, 0x00, 0x00, 0x00, 0x00, 0x00,
    0x00, 0x00, 0x00, 0x00, 0x00, 0x00, 0x00, 0x00, 0x00, 0x00, 0x00, 0x00, 0x00, 0x00, 0x00, 0x00, 0x00, 0x00, 0x00, 0x00, 0x00, 0x00, 0x00, 0x00,
    0x00, 0x00, 0x00, 0x00, 0x00, 0x00, 0x00, 0x00, 0x00, 0x00, 0x00, 0x00, 0x00, 0x00, 0x00, 0x00, 0x00, 0x00, 0x00, 0x00, 0x00, 0x00, 0x00, 0x00,
    0x00, 0x00, 0x00, 0x00, 0x00, 0x00, 0x00, 0x00, 0x00, 0x00, 0x00, 0x00, 0x00, 0x00, 0x00, 0x00, 0x00, 0x00, 0x00, 0x00, 0x00, 0x00, 0x00, 0x00,
    0x00, 0x00, 0x00, 0x00, 0x00, 0x00, 0x00, 0x00, 0x00, 0x00, 0x00, 0x00, 0x00, 0x00, 0x00, 0x00, 0x00, 0x00, 0x00, 0x00, 0x00, 0x00, 0x00, 0x00,
    0x00, 0x00, 0x00, 0x00, 0x00, 0x00, 0x00, 0x00, 0x00, 0x00, 0x00, 0x00, 0x00, 0x00, 0x00, 0x00, 0x00, 0x00, 0x00, 0x00, 0x00, 0x00, 0x00, 0x00,
    0x00, 0x00, 0x00, 0x00, 0x00, 0x00, 0x00, 0x00, 0x01, 0xAA, 0xAA, 0x03, 0xE9, 0x9A, 0x18, 0xC9, 0x9A, 0x30, 0xE9, 0xA2, 0x49, 0xE9, 0xAA, 0x67,
    0x4A, 0xC3, 0xAD, 0xA7, 0xC2, 0xED, 0xA3, 0xB1, 0xFF, 0xA3, 0xB1, 0xFE, 0xA3, 0xB9, 0xFF, 0xA3, 0xB9, 0xFF, 0xA3, 0xB9, 0xFF, 0xA3, 0xB9, 0xFF,
    0xA3, 0xB9, 0xFF, 0xA3, 0xB9, 0xFF, 0xA3, 0xB9, 0xFF, 0xA3, 0xB9, 0xFF, 0xA3, 0xB9, 0xFF, 0xA3, 0xB1, 0xFE, 0xA3, 0xB1, 0xFE, 0xA3, 0xB9, 0xFE,
    0xA3, 0xB9, 0xFF, 0xA3, 0xB9, 0xFF, 0xA3, 0xB9, 0xFF, 0xA3, 0xB9, 0xFF, 0xA3, 0xB9, 0xFF, 0xA3, 0xB9, 0xFF, 0xA3, 0xB9, 0xFF, 0xA3, 0xB1, 0xFF,
    0xA3, 0xB9, 0xFF, 0xA3, 0xB9, 0xFF, 0xA3, 0xB1, 0xFF, 0xA3, 0xB9, 0xFF, 0xA3, 0xB9, 0xFF, 0xA3, 0xB9, 0xFF, 0xA3, 0xB9, 0xFF, 0xA3, 0xB9, 0xFF,
    0xA3, 0xB9, 0xFF, 0xA3, 0xB9, 0xFF, 0xA3, 0xB9, 0xFF, 0xA3, 0xB9, 0xFF, 0xA3, 0xB9, 0xFE, 0xA3, 0xB9, 0xFF, 0x25, 0xBA, 0xF1, 0x09, 0xD3, 0xD0,
    0x09, 0xC3, 0xCF, 0x09, 0xC3, 0xE3, 0x09, 0xCB, 0xEE, 0xC8, 0xC2, 0xE5, 0xE8, 0xC2, 0xD8, 0x29, 0xCB, 0xC5, 0xA7, 0xBA, 0xDE, 0x88, 0xBA, 0xEF,
    0x09, 0xCB, 0xDC, 0xA7, 0xC2, 0xF1, 0x05, 0xBA, 0xFE, 0xE4, 0xB9, 0xFF, 0xA3, 0xB9, 0xFF, 0xC4, 0xB9, 0xFF, 0xC4, 0xB9, 0xFF, 0xC4, 0xB9, 0xFF,
    0x46, 0xC2, 0xFD, 0x87, 0xC2, 0xF9, 0x87, 0xC2, 0xF3, 0xC4, 0xB9, 0xFF, 0x25, 0xC2, 0xFF, 0xC3, 0xB9, 0xFF, 0xA3, 0xB9, 0xFF, 0xA3, 0xB9, 0xFF,
    0xA3, 0xB9, 0xFF, 0xA3, 0xB9, 0xFE, 0xA3, 0xB9, 0xFE, 0xA3, 0xB9, 0xFF, 0xA3, 0xB9, 0xFF, 0xA3, 0xB9, 0xFF, 0xA3, 0xB9, 0xFF, 0xA3, 0xB9, 0xFF,
    0xA3, 0xB9, 0xFF, 0xA3, 0xB9, 0xFF, 0xA3, 0xB9, 0xFF, 0xA3, 0xB9, 0xFF, 0xA3, 0xB9, 0xFF, 0xA3, 0xB9, 0xFF, 0xA3, 0xB9, 0xFD, 0xA3, 0xB9, 0xFF,
    0x66, 0xBA, 0xEC, 0xE9, 0xBA, 0x76, 0x48, 0x9A, 0x2F, 0xA8, 0xBA, 0x8A, 0xE4, 0xB1, 0xFF, 0x83, 0xB1, 0xFE, 0xA3, 0xB9, 0xFF, 0xA3, 0xB9, 0xFF,
    0xA3, 0xB9, 0xFF, 0xA3, 0xB9, 0xFF, 0xA3, 0xB9, 0xFF, 0xA3, 0xB9, 0xFF, 0xA3, 0xB9, 0xFF, 0xA3, 0xB9, 0xFF, 0xA3, 0xB9, 0xFF, 0xA3, 0xB9, 0xFF,
    0xA3, 0xB9, 0xFE, 0xA3, 0xB9, 0xFE, 0xA3, 0xB9, 0xFF, 0xA3, 0xB9, 0xFF, 0xA3, 0xB9, 0xFF, 0xA3, 0xB9, 0xFF, 0xA3, 0xB9, 0xFF, 0xA3, 0xB9, 0xFF,
    0xA3, 0xB9, 0xFF, 0xA3, 0xB9, 0xFF, 0xA3, 0xB9, 0xFF, 0xA3, 0xB9, 0xFF, 0xA3, 0xB9, 0xFF, 0xA3, 0xB9, 0xFF, 0xA3, 0xB9, 0xFF, 0xA3, 0xB9, 0xFF,
    0xA3, 0xB9, 0xFF, 0xA3, 0xB9, 0xFF, 0xA3, 0xB9, 0xFF, 0xA3, 0xB9, 0xFF, 0xA3, 0xB9, 0xFF, 0xA3, 0xB9, 0xFF, 0xA3, 0xB9, 0xFF, 0xA3, 0xB9, 0xFF,
    0xA3, 0xB9, 0xFF, 0xA3, 0xB9, 0xFF, 0xA3, 0xB9, 0xFF, 0xA3, 0xB9, 0xFF, 0xA3, 0xB9, 0xFF, 0xA3, 0xB9, 0xFF, 0xA3, 0xB9, 0xFF, 0xA3, 0xB9, 0xFF,
    0xA3, 0xB9, 0xFF, 0x25, 0xBA, 0xFB, 0x4A, 0xCB, 0xCA, 0x29, 0xBB, 0xA3, 0xE9, 0xAA, 0x99, 0xC9, 0xA2, 0x54, 0xC8, 0x9A, 0x32, 0xA8, 0x9A, 0x0F,
    0xEF, 0x7B, 0x02, 0x00, 0x00, 0x00, 0x00, 0x00, 0x00, 0x00, 0x00, 0x00, 0x00, 0x00, 0x00, 0x00, 0x00, 0x00, 0xE7, 0xBB, 0x04, 0xA8, 0xAA, 0x1E,
    0xA8, 0xBA, 0x90, 0x05, 0xBA, 0xFA, 0x83, 0xB1, 0xFE, 0xA3, 0xB1, 0xFF, 0xA3, 0xB9, 0xFF, 0xA3, 0xB9, 0xFF, 0xA3, 0xB9, 0xFF, 0xA4, 0xB9, 0xFF,
    0xA3, 0xB9, 0xFF, 0xA3, 0xB9, 0xFD, 0xC4, 0xB9, 0xFF, 0xA8, 0xBA, 0xB5, 0xCA, 0xB2, 0x3D, 0x28, 0x9A, 0x0F, 0x00, 0x00, 0x00, 0x00, 0x00, 0x00,
    0x00, 0x00, 0x00, 0x00, 0x00, 0x00, 0x00, 0x00, 0x00, 0x00, 0x00, 0x00, 0x00, 0x00, 0x00, 0x00, 0x00, 0x00, 0x00, 0x00, 0x00, 0x00, 0x00, 0x00,
    0x00, 0x00, 0x00, 0x00, 0x00, 0x00, 0x00, 0x00, 0x00, 0x00, 0x00, 0x00, 0x00, 0x00, 0x00, 0x00, 0x00, 0x00, 0x00, 0x00, 0x00, 0x00, 0x00, 0x00,
    0x00, 0x00, 0x00, 0x00, 0x00, 0x00, 0x00, 0x00, 0x00, 0x00, 0x00, 0x00, 0x00, 0x00, 0x00, 0x00, 0x00, 0x00, 0x00, 0x00, 0x00, 0x00, 0x00, 0x00,
    0x00, 0x00, 0x00, 0x00, 0x00, 0x00, 0x00, 0x00, 0x00, 0x00, 0x00, 0x00, 0x00, 0x00, 0x00, 0x00, 0x00, 0x00, 0x00, 0x00, 0x00, 0x00, 0x00, 0x00,
    0x00, 0x00, 0x00, 0x00, 0x00, 0x00, 0x00, 0x00, 0x00, 0x00, 0x00, 0x00, 0x00, 0x00, 0x00, 0x00, 0x00, 0x00, 0x00, 0x00, 0x00, 0x00, 0x00, 0x00,
    0x00, 0x00, 0x00, 0x00, 0x00, 0x00, 0x00, 0x00, 0x00, 0x00, 0x00, 0x00, 0x00, 0x00, 0x00, 0x00, 0x00, 0x00, 0x00, 0x00, 0x00, 0x00, 0x00, 0x00,
    0x00, 0x00, 0x00, 0x00, 0x00, 0x00, 0x00, 0x00, 0x00, 0x00, 0x00, 0x00, 0x00, 0x00, 0x00, 0x00, 0x00, 0x00, 0x00, 0x00, 0x00, 0x00, 0x00, 0x00,
    0x00, 0x00, 0x00, 0x00, 0x00, 0x00, 0x00, 0x00, 0x00, 0x00, 0x00, 0x00, 0x00, 0x00, 0x00, 0x00, 0x00, 0x00, 0x00, 0x00, 0x00, 0x00, 0x00, 0x00,
    0x00, 0x00, 0x00, 0x00, 0x00, 0x00, 0x00, 0x00, 0x00, 0x00, 0x00, 0x00, 0x00, 0x00, 0x00, 0x00, 0x00, 0x00, 0x00, 0x00, 0x00, 0x00, 0x00, 0x00,
    0x00, 0x00, 0x00, 0x00, 0x00, 0x00, 0x00, 0x00, 0x00, 0x00, 0x00, 0x00, 0x00, 0x00, 0x00, 0x00, 0x00, 0x00, 0x00, 0x00, 0x00, 0x00, 0x00, 0x00,
    0x00, 0x00, 0x00, 0x00, 0x00, 0x00, 0x00, 0x00, 0x00, 0x00, 0x00, 0x00, 0x00, 0x00, 0x00, 0x00, 0x00, 0x00, 0x00, 0x00, 0x00, 0x00, 0x00, 0x00,
    0x00, 0x00, 0x00, 0x00, 0x00, 0x00, 0x00, 0x00, 0x00, 0x00, 0x00, 0x00, 0x00, 0x00, 0x00, 0x00, 0x00, 0x00, 0x00, 0x00, 0x00, 0x00, 0x00, 0x00,
    0x00, 0x00, 0x00, 0x00, 0x00, 0x00, 0x00, 0x00, 0x00, 0x00, 0x00, 0x00, 0x00, 0x00, 0x00, 0x00, 0x00, 0x00, 0x00, 0x00, 0x00, 0x00, 0x00, 0x00,
    0x00, 0x00, 0x00, 0x00, 0x00, 0x00, 0x00, 0x00, 0x00, 0x00, 0x00, 0x00, 0x00, 0x00, 0x00, 0x00, 0x00, 0x00, 0x00, 0x00, 0x00, 0x00, 0x00, 0x00,
    0x00, 0x00, 0x00, 0x00, 0x00, 0x00, 0x00, 0x00, 0x00, 0x00, 0x00, 0x00, 0x00, 0x00, 0x00, 0x00, 0x00, 0x00, 0x00, 0x00, 0x00, 0x00, 0x00, 0x00,
    0x00, 0x00, 0x00, 0x00, 0x00, 0x00, 0x00, 0x00, 0x00, 0x00, 0x00, 0x00, 0x00, 0x00, 0x00, 0x00, 0x00, 0x00, 0x00, 0x00, 0x00, 0x00, 0x00, 0x00,
    0x00, 0x00, 0x00, 0x00, 0x00, 0x00, 0x00, 0x00, 0x00, 0x00, 0x00, 0x00, 0x00, 0x00, 0x00, 0x00, 0x00, 0x00, 0x00, 0x00, 0x00, 0x00, 0x00, 0x00,
    0x00, 0x00, 0x00, 0x00, 0x00, 0x00, 0x00, 0x00, 0x00, 0x00, 0x00, 0x00, 0x00, 0x00, 0x00, 0x00, 0x00, 0x00, 0x00, 0x00, 0x00, 0x00, 0x00, 0x00,
    0x00, 0x00, 0x00, 0x00, 0x00, 0x00, 0x00, 0x00, 0x00, 0x00, 0x00, 0x00, 0x00, 0x00, 0x00, 0x00, 0x00, 0x00, 0x00, 0x00, 0x00, 0x00, 0x00, 0x00,
    0x00, 0x00, 0x00, 0x00, 0x00, 0x00, 0x00, 0x00, 0x00, 0x00, 0x00, 0x00, 0x00, 0x00, 0x00, 0x00, 0x00, 0x00, 0x00, 0x00, 0x00, 0x00, 0x00, 0x00,
    0x00, 0x00, 0x00, 0x00, 0x00, 0x00, 0x00, 0x00, 0x00, 0x00, 0x00, 0x00, 0x00, 0x00, 0x00, 0x00, 0x00, 0x00, 0x00, 0x00, 0x00, 0x00, 0x00, 0x00,
    0x00, 0x00, 0x00, 0x00, 0x00, 0x00, 0x00, 0x00, 0x00, 0x00, 0x00, 0x00, 0x00, 0x00, 0x00, 0x00, 0x00, 0x00, 0x00, 0x00, 0x00, 0x00, 0x00, 0x00,
    0x00, 0x00, 0x00, 0x00, 0x00, 0x00, 0x00, 0x00, 0x00, 0x00, 0x00, 0x00, 0x00, 0x00, 0x00, 0x00, 0x00, 0x00, 0x00, 0x00, 0x00, 0x00, 0x00, 0x00,
    0x00, 0x00, 0x00, 0x00, 0x00, 0x00, 0x00, 0x00, 0x00, 0x00, 0x00, 0x00, 0x00, 0x00, 0x00, 0x00, 0x00, 0x00, 0x00, 0x00, 0x00, 0x00, 0x00, 0x00,
    0x00, 0x00, 0x00, 0x00, 0x00, 0x00, 0x00, 0x00, 0x00, 0x00, 0x00, 0x00, 0x00, 0x00, 0x00, 0x00, 0x00, 0x00, 0x00, 0x00, 0x00, 0x00, 0x00, 0x00,
    0x00, 0x00, 0x00, 0x00, 0x00, 0x00, 0x00, 0x00, 0x00, 0x00, 0x00, 0x00, 0x00, 0x00, 0x00, 0x00, 0x00, 0x00, 0x00, 0x00, 0x00, 0x00, 0x00, 0x00,
    0x00, 0x00, 0x00, 0x00, 0x00, 0x00, 0xE0, 0x7B, 0x02, 0x00, 0x00, 0x01, 0x00, 0x00, 0x00, 0x00, 0x00, 0x00, 0xAA, 0xAA, 0x03, 0xAA, 0xAA, 0x06,
    0x69, 0x9A, 0x0A, 0xE9, 0x9A, 0x37, 0xEA, 0xA2, 0x4E, 0xE9, 0xAA, 0x50, 0x2A, 0xBB, 0xB4, 0x87, 0xC2, 0xF0, 0xA3, 0xB1, 0xFF, 0xA3, 0xB1, 0xFE,
    0xA3, 0xB1, 0xFF, 0xA3, 0xB9, 0xFF, 0xA3, 0xB9, 0xFF, 0xA3, 0xB9, 0xFF, 0xA3, 0xB9, 0xFF, 0xA3, 0xB9, 0xFF, 0xA3, 0xB9, 0xFF, 0xA3, 0xB9, 0xFF,
    0xA3, 0xB9, 0xFF, 0xA3, 0xB9, 0xFF, 0xA3, 0xB9, 0xFF, 0xA3, 0xB9, 0xFF, 0xA3, 0xB9, 0xFF, 0xA3, 0xB9, 0xFF, 0xA3, 0xB9, 0xFF, 0xA3, 0xB9, 0xFF,
    0xA3, 0xB9, 0xFF, 0xA3, 0xB1, 0xFF, 0xA3, 0xB1, 0xFF, 0xA3, 0xB1, 0xFF, 0xA3, 0xB1, 0xFF, 0xA3, 0xB1, 0xFF, 0xA3, 0xB9, 0xFF, 0xA3, 0xB9, 0xFF,
    0xA3, 0xB9, 0xFF, 0xA3, 0xB9, 0xFF, 0xA3, 0xB9, 0xFF, 0xA3, 0xB9, 0xFF, 0xA3, 0xB9, 0xFF, 0xA3, 0xB9, 0xFF, 0xA3, 0xB9, 0xFF, 0xA3, 0xB9, 0xFF,
    0xA3, 0xB9, 0xFF, 0xC3, 0xB9, 0xFE, 0xA3, 0xB9, 0xFF, 0x87, 0xC2, 0xFB, 0x6B, 0xCB, 0xAA, 0x6A, 0xCB, 0x9F, 0xE8, 0xBA, 0xE6, 0xC8, 0xC2, 0xD0,
    0xC8, 0xC2, 0xF0, 0x26, 0xB2, 0xF9, 0x25, 0xAA, 0xC9, 0x09, 0xC3, 0xB9, 0xC8, 0xC2, 0xF4, 0x66, 0xC2, 0xFC, 0xC4, 0xB9, 0xFF, 0xA3, 0xB9, 0xFF,
    0xA3, 0xB9, 0xFF, 0xA3, 0xB9, 0xFF, 0xA3, 0xB9, 0xFF, 0xA3, 0xB9, 0xFE, 0x05, 0xBA, 0xFF, 0xC8, 0xCA, 0xED, 0xA8, 0xCA, 0xDD, 0xC3, 0xB1, 0xFF,
    0x87, 0xC2, 0xF1, 0xE4, 0xB1, 0xFB, 0x83, 0xB9, 0xFF, 0x05, 0xBA, 0xFF, 0x26, 0xBA, 0xFC, 0xE4, 0xB9, 0xFF, 0xC4, 0xB9, 0xFF, 0xA3, 0xB9, 0xFE,
    0xA3, 0xB9, 0xFE, 0xA3, 0xB9, 0xFF, 0xA4, 0xB9, 0xFF, 0xA3, 0xB9, 0xFF, 0xA3, 0xB9, 0xFF, 0xA3, 0xB9, 0xFF, 0xA3, 0xB9, 0xFF, 0xA3, 0xB9, 0xFF,
    0xA3, 0xB9, 0xFF, 0xA3, 0xB9, 0xFF, 0xA3, 0xB9, 0xFF, 0xA3, 0xB9, 0xFE, 0xC4, 0xB1, 0xFD, 0x66, 0xBA, 0xD0, 0xA8, 0xB2, 0x78, 0xC8, 0xBA, 0x65,
    0xC4, 0xA9, 0xE8, 0xA3, 0xB9, 0xFF, 0xA3, 0xB9, 0xFE, 0xA3, 0xB9, 0xFF, 0xA3, 0xB9, 0xFF, 0xA3, 0xB9, 0xFF, 0xA3, 0xB9, 0xFF, 0xA3, 0xB9, 0xFF,
    0xA3, 0xB9, 0xFF, 0xA3, 0xB9, 0xFF, 0xA3, 0xB9, 0xFF, 0x83, 0xB9, 0xFF, 0xA3, 0xB9, 0xFF, 0xA3, 0xB9, 0xFF, 0xA3, 0xB9, 0xFF, 0xA3, 0xB9, 0xFF,
    0xA3, 0xB9, 0xFE, 0xA3, 0xB9, 0xFE, 0xA3, 0xB9, 0xFE, 0xA3, 0xB9, 0xFE, 0xA3, 0xB9, 0xFE, 0xA3, 0xB9, 0xFF, 0xA3, 0xB9, 0xFF, 0xA3, 0xB9, 0xFF,
    0xA3, 0xB9, 0xFF, 0xA3, 0xB9, 0xFF, 0xA3, 0xB9, 0xFF, 0xA3, 0xB9, 0xFF, 0xA3, 0xB9, 0xFF, 0xA3, 0xB9, 0xFF, 0xA3, 0xB9, 0xFF, 0xA3, 0xB9, 0xFF,
    0xA3, 0xB9, 0xFF, 0xA3, 0xB9, 0xFF, 0xA3, 0xB9, 0xFF, 0xA3, 0xB9, 0xFF, 0xA3, 0xB9, 0xFF, 0xA3, 0xB9, 0xFF, 0xA3, 0xB9, 0xFF, 0xA3, 0xB9, 0xFF,
    0xA3, 0xB9, 0xFF, 0xA3, 0xB9, 0xFF, 0xA3, 0xB9, 0xFF, 0xA3, 0xB9, 0xFF, 0xA3, 0xB1, 0xFE, 0x25, 0xBA, 0xFF, 0xE8, 0xBA, 0xE6, 0x4A, 0xC3, 0x9F,
    0xA7, 0xA2, 0x94, 0x0A, 0xAB, 0x29, 0x49, 0x92, 0x07, 0x67, 0x9A, 0x10, 0x69, 0x8A, 0x0D, 0x00, 0x00, 0x00, 0x00, 0x00, 0x00, 0x00, 0x00, 0x00,
    0x00, 0x00, 0x00, 0x00, 0x00, 0x00, 0x49, 0xB2, 0x07, 0xA9, 0xAA, 0x15, 0x67, 0xB2, 0xB3, 0xE4, 0xB9, 0xFF, 0x83, 0xB1, 0xFD, 0xA3, 0xB9, 0xFF,
    0xA3, 0xB9, 0xFF, 0xA3, 0xB9, 0xFF, 0xA3, 0xB9, 0xFF, 0xA3, 0xB9, 0xFF, 0xA3, 0xB9, 0xFF, 0xA3, 0xB9, 0xFE, 0x05, 0xBA, 0xFE, 0xA8, 0xB2, 0xB0,
    0x89, 0xAA, 0x2C, 0xAA, 0xAA, 0x06, 0x00, 0x00, 0x00, 0x00, 0x00, 0x00, 0x00, 0x00, 0x00, 0x00, 0x00, 0x00, 0x00, 0x00, 0x00, 0x00, 0x00, 0x00,
    0x00, 0x00, 0x00, 0x00, 0x00, 0x00, 0x00, 0x00, 0x00, 0x00, 0x00, 0x00, 0x00, 0x00, 0x00, 0x00, 0x00, 0x00, 0x00, 0x00, 0x00, 0x00, 0x00, 0x00,
    0x00, 0x00, 0x00, 0x00, 0x00, 0x00, 0x00, 0x00, 0x00, 0x00, 0x00, 0x00, 0x00, 0x00, 0x00, 0x00, 0x00, 0x00, 0x00, 0x00, 0x00, 0x00, 0x00, 0x00,
    0x00, 0x00, 0x00, 0x00, 0x00, 0x00, 0x00, 0x00, 0x00, 0x00, 0x00, 0x00, 0x00, 0x00, 0x00, 0x00, 0x00, 0x00, 0x00, 0x00, 0x00, 0x00, 0x00, 0x00,
    0x00, 0x00, 0x00, 0x00, 0x00, 0x00, 0x00, 0x00, 0x00, 0x00, 0x00, 0x00, 0x00, 0x00, 0x00, 0x00, 0x00, 0x00, 0xFF, 0xFF, 0x01, 0xFF, 0xFF, 0x01,
    0x00, 0x00, 0x00, 0x00, 0x00, 0x00, 0x00, 0x00, 0x00, 0x00, 0x00, 0x00, 0x00, 0x00, 0x00, 0x00, 0x00, 0x00, 0x00, 0x00, 0x00, 0x00, 0x00, 0x00,
    0x00, 0x00, 0x00, 0x00, 0x00, 0x00, 0x00, 0x00, 0x00, 0x00, 0x00, 0x00, 0x00, 0x00, 0x00, 0x00, 0x00, 0x00, 0x00, 0x00, 0x00, 0x00, 0x00, 0x00,
    0x00, 0x00, 0x00, 0x00, 0x00, 0x00, 0x00, 0x00, 0x00, 0x00, 0x00, 0x00, 0x00, 0x00, 0x00, 0x00, 0x00, 0x00, 0x00, 0x00, 0x00, 0x00, 0x00, 0x00,
    0x00, 0x00, 0x00, 0x00, 0x00, 0x00, 0x00, 0x00, 0x00, 0x00, 0x00, 0x00, 0x00, 0x00, 0x00, 0x00, 0x00, 0x00, 0x00, 0x00, 0x00, 0x00, 0x00, 0x00,
    0x00, 0x00, 0x00, 0x00, 0x00, 0x00, 0x00, 0x00, 0x00, 0x00, 0x00, 0x00, 0x00, 0x00, 0x00, 0x00, 0x00, 0x00, 0x00, 0x00, 0x00, 0x00, 0x00, 0x00,
    0x00, 0x00, 0x00, 0x00, 0x00, 0x00, 0x00, 0x00, 0x00, 0x00, 0x00, 0x00, 0x00, 0x00, 0x00, 0x00, 0x00, 0x00, 0x00, 0x00, 0x00, 0x00, 0x00, 0x00,
    0x00, 0x00, 0x00, 0x00, 0x00, 0x00, 0x00, 0x00, 0x00, 0x00, 0x00, 0x00, 0x00, 0x00, 0x00, 0x00, 0x00, 0x00, 0x00, 0x00, 0x00, 0x00, 0x00, 0x00,
    0x00, 0x00, 0x00, 0x00, 0x00, 0x00, 0x00, 0x00, 0x00, 0x00, 0x00, 0x00, 0x00, 0x00, 0x00, 0x00, 0x00, 0x00, 0x00, 0x00, 0x00, 0x00, 0x00, 0x00,
    0x00, 0x00, 0x00, 0x00, 0x00, 0x00, 0x00, 0x00, 0x00, 0x00, 0x00, 0x00, 0x00, 0x00, 0x00, 0x00, 0x00, 0x00, 0x00, 0x00, 0x00, 0x00, 0x00, 0x00,
    0x00, 0x00, 0x00, 0x00, 0x00, 0x00, 0x00, 0x00, 0x00, 0x00, 0x00, 0x00, 0x00, 0x00, 0x00, 0x00, 0x00, 0x00, 0x00, 0x00, 0x00, 0x00, 0x00, 0x00,
    0x00, 0x00, 0x00, 0x00, 0x00, 0x00, 0x00, 0x00, 0x00, 0x00, 0x00, 0x00, 0x00, 0x00, 0x00, 0x00, 0x00, 0x00, 0x00, 0x00, 0x00, 0x00, 0x00, 0x00,
    0x00, 0x00, 0x00, 0x00, 0x00, 0x00, 0x00, 0x00, 0x00, 0xFF, 0xFF, 0x01, 0xFF, 0xFF, 0x01, 0x00, 0x00, 0x00, 0x00, 0x00, 0x00, 0x00, 0x00, 0x00,
    0x00, 0x00, 0x00, 0x00, 0x00, 0x00, 0x00, 0x00, 0x00, 0x00, 0x00, 0x00, 0x00, 0x00, 0x00, 0x00, 0x00, 0x00, 0x00, 0x00, 0x00, 0x00, 0x00, 0x00,
    0x00, 0x00, 0x00, 0x00, 0x00, 0x00, 0x00, 0x00, 0x00, 0x00, 0x00, 0x00, 0x00, 0x00, 0x00, 0x00, 0x00, 0x00, 0x00, 0x00, 0x00, 0x00, 0x00, 0x00,
    0x00, 0x00, 0x00, 0x00, 0x00, 0x00, 0x00, 0x00, 0x00, 0x00, 0x00, 0x00, 0x00, 0x00, 0x00, 0x00, 0x00, 0x00, 0x00, 0x00, 0x00, 0x00, 0x00, 0x00,
    0x00, 0x00, 0x00, 0x00, 0x00, 0x00, 0x00, 0x00, 0x00, 0x00, 0x00, 0x00, 0x00, 0x00, 0x00, 0x00, 0x00, 0x00, 0x00, 0x00, 0x00, 0x00, 0x00, 0x00,
    0x00, 0x00, 0x00, 0x00, 0x00, 0x00, 0x00, 0x00, 0x00, 0x00, 0x00, 0x00, 0x00, 0x00, 0x00, 0x00, 0x00, 0x00, 0x00, 0x00, 0x00, 0x00, 0x00, 0x00,
    0x00, 0x00, 0x00, 0x00, 0x00, 0x00, 0xFF, 0xFF, 0x01, 0xFF, 0xFF, 0x01, 0xFF, 0xFF, 0x01, 0x00, 0x00, 0x00, 0x00, 0x00, 0x00, 0x00, 0x00, 0x00,
    0x00, 0x00, 0x00, 0x00, 0x00, 0x00, 0x00, 0x00, 0x00, 0x00, 0x00, 0x00, 0x00, 0x00, 0x00, 0x00, 0x00, 0x00, 0x00, 0x00, 0x00, 0x00, 0x00, 0x00,
    0x00, 0x00, 0x00, 0x00, 0x00, 0x00, 0x00, 0x00, 0x00, 0x00, 0x00, 0x00, 0x00, 0x00, 0x00, 0x00, 0x00, 0x00, 0x00, 0x00, 0x00, 0x00, 0x00, 0x00,
    0x00, 0x00, 0x00, 0x00, 0x00, 0x00, 0x00, 0x00, 0x00, 0x00, 0x00, 0x00, 0x00, 0x00, 0x00, 0x00, 0x00, 0x00, 0x00, 0x00, 0x00, 0x00, 0x00, 0x00,
    0x00, 0x00, 0x00, 0x00, 0x00, 0x00, 0x00, 0x00, 0x00, 0x00, 0x00, 0x00, 0x00, 0x00, 0x00, 0x00, 0x00, 0x00, 0x00, 0x00, 0x00, 0x00, 0x00, 0x00,
    0x00, 0x00, 0x00, 0x00, 0x00, 0x00, 0x00, 0x00, 0x00, 0xE7, 0x79, 0x04, 0x69, 0x9A, 0x0D, 0xC9, 0xA2, 0x30, 0xE9, 0xAA, 0x55, 0x2A, 0xBB, 0x86,
    0x4A, 0xCB, 0xDC, 0x46, 0xBA, 0xFC, 0x83, 0xB1, 0xFF, 0xA3, 0xB9, 0xFF, 0xA3, 0xB9, 0xFF, 0xA3, 0xB9, 0xFF, 0xA3, 0xB9, 0xFF, 0xA3, 0xB9, 0xFF,
    0xA3, 0xB9, 0xFF, 0xA3, 0xB9, 0xFF, 0xA3, 0xB9, 0xFF, 0xA3, 0xB9, 0xFF, 0xA3, 0xB9, 0xFF, 0xA3, 0xB9, 0xFF, 0xA3, 0xB9, 0xFF, 0xA3, 0xB9, 0xFF,
    0xA3, 0xB9, 0xFF, 0xA3, 0xB9, 0xFF, 0xA3, 0xB9, 0xFF, 0xA3, 0xB9, 0xFF, 0xA3, 0xB9, 0xFF, 0xA3, 0xB1, 0xFF, 0xA3, 0xB1, 0xFE, 0xA3, 0xB1, 0xFE,
    0xA3, 0xB1, 0xFE, 0xA3, 0xB1, 0xFE, 0xA3, 0xB9, 0xFD, 0xA3, 0xB9, 0xFD, 0xA3, 0xB9, 0xFD, 0xA3, 0xB9, 0xFE, 0xA3, 0xB9, 0xFF, 0xA3, 0xB9, 0xFF,
    0xA3, 0xB9, 0xFF, 0xA3, 0xB9, 0xFF, 0xA3, 0xB9, 0xFF, 0xA3, 0xB9, 0xFF, 0xA3, 0xB9, 0xFF, 0xA3, 0xB9, 0xFF, 0xA3, 0xB9, 0xFE, 0x25, 0xBA, 0xFF,
    0x09, 0xC3, 0xBC, 0x09, 0xBB, 0xB3, 0x09, 0xBB, 0xA9, 0x4B, 0xC3, 0x86, 0xA8, 0xBA, 0xD8, 0x46, 0xB2, 0xDB, 0x46, 0xAA, 0xCA, 0x4A, 0xCB, 0xA1,
    0xA8, 0xC2, 0xE3, 0x25, 0xBA, 0xFD, 0xA3, 0xB9, 0xFE, 0xA3, 0xB9, 0xFF, 0xA3, 0xB9, 0xFF, 0xA3, 0xB9, 0xFF, 0xA3, 0xB9, 0xFF, 0xA3, 0xB1, 0xFF,
    0xC4, 0xB1, 0xFF, 0xC8, 0xCA, 0xF0, 0xC8, 0xCA, 0xE1, 0xE4, 0xB9, 0xFF, 0xC8, 0xC2, 0xAD, 0x05, 0xB2, 0xE1, 0xA3, 0xB9, 0xFF, 0x67, 0xBA, 0xD4,
    0x2A, 0xC3, 0xA2, 0xE9, 0xC2, 0xCD, 0xC8, 0xC2, 0xEC, 0x05, 0xBA, 0xFF, 0xC3, 0xB9, 0xFF, 0xA3, 0xB9, 0xFE, 0xA4, 0xB9, 0xFF, 0xA3, 0xB9, 0xFF,
    0xA3, 0xB9, 0xFF, 0xA3, 0xB9, 0xFF, 0xA3, 0xB9, 0xFF, 0xA3, 0xB9, 0xFF, 0xA3, 0xB9, 0xFF, 0xA3, 0xB9, 0xFF, 0xA3, 0xB9, 0xFF, 0xA3, 0xB9, 0xFF,
    0xA3, 0xB1, 0xFE, 0xC4, 0xB9, 0xFF, 0x87, 0xBA, 0xCE, 0x2A, 0xC3, 0x91, 0xC8, 0xC2, 0xC0, 0xC4, 0xB1, 0xFE, 0xA3, 0xB9, 0xFE, 0xA3, 0xB9, 0xFF,
    0xA3, 0xB9, 0xFF, 0xA3, 0xB9, 0xFF, 0xA3, 0xB9, 0xFF, 0xA3, 0xB9, 0xFF, 0xA3, 0xB9, 0xFF, 0xA3, 0xB9, 0xFF, 0xC3, 0xB9, 0xFF, 0x87, 0xC2, 0xF9,
    0x87, 0xC2, 0xE4, 0x46, 0xBA, 0xF4, 0x25, 0xBA, 0xFF, 0xE4, 0xB9, 0xFC, 0xC4, 0xB9, 0xFF, 0xA3, 0xB9, 0xFF, 0xA3, 0xB9, 0xFF, 0xA3, 0xB9, 0xFF,
    0xA3, 0xB9, 0xFF, 0xA3, 0xB9, 0xFE, 0xA3, 0xB9, 0xFE, 0xA3, 0xB9, 0xFD, 0xA3, 0xB9, 0xFD, 0xA3, 0xB9, 0xFD, 0xA3, 0xB9, 0xFE, 0xA3, 0xB9, 0xFE,
    0xA3, 0xB9, 0xFE, 0xA3, 0xB9, 0xFF, 0xA3, 0xB9, 0xFE, 0xA3, 0xB9, 0xFF, 0xA3, 0xB9, 0xFF, 0xA3, 0xB9, 0xFF, 0xA3, 0xB9, 0xFF, 0xA3, 0xB9, 0xFF,
    0xA3, 0xB9, 0xFF, 0xA3, 0xB9, 0xFF, 0xA3, 0xB9, 0xFF, 0xA3, 0xB9, 0xFF, 0xA3, 0xB9, 0xFF, 0xA3, 0xB9, 0xFF, 0xA3, 0xB9, 0xFF, 0xA3, 0xB9, 0xFE,
    0x05, 0xBA, 0xFE, 0xE8, 0xCA, 0xFB, 0x09, 0xBB, 0xCA, 0xE8, 0xB2, 0xA4, 0x47, 0xA2, 0xFF, 0xC8, 0xA2, 0x41, 0x00, 0x00, 0x00, 0xE7, 0x99, 0x08,
    0xE7, 0x79, 0x04, 0x00, 0x00, 0x00, 0x00, 0x00, 0x00, 0x00, 0x00, 0x00, 0x00, 0x00, 0x00, 0x00, 0x00, 0x00, 0x44, 0xB2, 0x07, 0xE9, 0xB2, 0x31,
    0x67, 0xBA, 0xC2, 0xA3, 0xB1, 0xFF, 0x83, 0xB1, 0xFD, 0xA3, 0xB9, 0xFF, 0xA3, 0xB9, 0xFF, 0xA3, 0xB9, 0xFF, 0xA3, 0xB9, 0xFF, 0xA3, 0xB9, 0xFF,
    0xA3, 0xB9, 0xFE, 0xA3, 0xB9, 0xFF, 0x46, 0xBA, 0xF1, 0x09, 0xC3, 0x86, 0xA9, 0xAA, 0x18, 0x00, 0x00, 0x00, 0x00, 0xF8, 0x01, 0x00, 0x00, 0x00,
    0x00, 0x00, 0x00, 0x00, 0x00, 0x00, 0x00, 0x00, 0x00, 0x00, 0x00, 0x00, 0x00, 0x00, 0x00, 0x00, 0x00, 0x00, 0x00, 0x00, 0x00, 0x00, 0x00, 0x00,
    0x00, 0x00, 0x00, 0x00, 0x00, 0x00, 0x00, 0x00, 0x00, 0x00, 0x00, 0x00, 0x00, 0x00, 0x00, 0x00, 0x00, 0x00, 0x00, 0x00, 0x00, 0x00, 0x00, 0x00,
    0x00, 0x00, 0x00, 0x00, 0x00, 0x00, 0x00, 0x00, 0x00, 0x00, 0x00, 0x00, 0x00, 0x00, 0x00, 0x00, 0x00, 0x00, 0x00, 0x00, 0x00, 0x00, 0x00, 0x00,
    0x00, 0x00, 0x00, 0x00, 0x00, 0x00, 0x00, 0x00, 0x00, 0x00, 0x00, 0x00, 0xFF, 0xFF, 0x02, 0xFF, 0xFF, 0x03, 0xFF, 0xFF, 0x03, 0xFF, 0xFF, 0x03,
    0xFF, 0xFF, 0x03, 0xFF, 0xFF, 0x01, 0x00, 0x00, 0x00, 0x00, 0x00, 0x00, 0xFF, 0xFF, 0x01, 0xFF, 0xFF, 0x02, 0xFF, 0xFF, 0x03, 0xFF, 0xFF, 0x03,
    0xFF, 0xFF, 0x03, 0xFF, 0xFF, 0x02, 0xFF, 0xFF, 0x01, 0x00, 0x00, 0x00, 0x00, 0x00, 0x00, 0x00, 0x00, 0x00, 0x00, 0x00, 0x00, 0x00, 0x00, 0x00,
    0x00, 0x00, 0x00, 0x00, 0x00, 0x00, 0x00, 0x00, 0x00, 0x00, 0x00, 0x00, 0x00, 0x00, 0x00, 0x00, 0x00, 0x00, 0x00, 0x00, 0x00, 0x00, 0x00, 0x00,
    0x00, 0x00, 0x00, 0x00, 0x00, 0x00, 0x00, 0x00, 0x00, 0x00, 0x00, 0x00, 0x00, 0x00, 0x00, 0x00, 0x00, 0x00, 0x00, 0x00, 0x00, 0x00, 0x00, 0x00,
    0x00, 0x00, 0x00, 0x00, 0x00, 0x00, 0x00, 0x00, 0x00, 0x00, 0x00, 0x00, 0x00, 0x00, 0x00, 0x00, 0x00, 0x00, 0x00, 0x00, 0x00, 0x00, 0x00, 0x00,
    0x00, 0x00, 0x00, 0x00, 0x00, 0x00, 0x00, 0x00, 0x00, 0xFF, 0xFF, 0x02, 0xFF, 0xFF, 0x03, 0xFF, 0xFF, 0x03, 0xFF, 0xFF, 0x03, 0xFF, 0xFF, 0x03,
    0xFF, 0xFF, 0x03, 0xFF, 0xFF, 0x03, 0xFF, 0xFF, 0x03, 0xFF, 0xFF, 0x02, 0x00, 0x00, 0x00, 0x00, 0x00, 0x00, 0x00, 0x00, 0x00, 0x00, 0x00, 0x00,
    0x00, 0x00, 0x00, 0x00, 0x00, 0x00, 0x00, 0x00, 0x00, 0x00, 0x00, 0x00, 0x00, 0x00, 0x00, 0x00, 0x00, 0x00, 0x00, 0x00, 0x00, 0x00, 0x00, 0x00,
    0x00, 0x00, 0x00, 0x00, 0x00, 0x00, 0x00, 0x00, 0x00, 0x00, 0x00, 0x00, 0x00, 0x00, 0x00, 0x00, 0x00, 0x00, 0x00, 0x00, 0x00, 0x00, 0x00, 0x00,
    0x00, 0x00, 0x00, 0x00, 0x00, 0x00, 0x00, 0x00, 0x00, 0x00, 0x00, 0x00, 0x00, 0x00, 0x00, 0x00, 0x00, 0x00, 0x00, 0x00, 0x00, 0x00, 0x00, 0x00,
    0x00, 0x00, 0x00, 0x00, 0x00, 0x00, 0x00, 0x00, 0x00, 0x00, 0x00, 0x00, 0x00, 0x00, 0x00, 0x00, 0x00, 0x00, 0x00, 0x00, 0x00, 0x00, 0x00, 0x00,
    0x00, 0x00, 0x00, 0xFF, 0xFF, 0x02, 0xFF, 0xFF, 0x03, 0xFF, 0xFF, 0x03, 0xFF, 0xFF, 0x03, 0xFF, 0xFF, 0x03, 0xFF, 0xFF, 0x01, 0x00, 0x00, 0x00,
    0x00, 0x00, 0x00, 0xFF, 0xFF, 0x01, 0xFF, 0xFF, 0x02, 0xFF, 0xFF, 0x03, 0xFF, 0xFF, 0x03, 0xFF, 0xFF, 0x03, 0xFF, 0xFF, 0x02, 0xFF, 0xFF, 0x01,
    0x00, 0x00, 0x00, 0x00, 0x00, 0x00, 0x00, 0x00, 0x00, 0x00, 0x00, 0x00, 0x00, 0x00, 0x00, 0x00, 0x00, 0x00, 0x00, 0x00, 0x00, 0x00, 0x00, 0x00,
    0x00, 0x00, 0x00, 0x00, 0x00, 0x00, 0x00, 0x00, 0x00, 0x00, 0x00, 0x00, 0x00, 0x00, 0x00, 0x00, 0x00, 0x00, 0x00, 0x00, 0x00, 0x00, 0x00, 0x00,
    0x00, 0x00, 0x00, 0x00, 0x00, 0x00, 0x00, 0x00, 0x00, 0x00, 0x00, 0x00, 0x00, 0x00, 0x00, 0x00, 0x00, 0x00, 0x00, 0x00, 0x00, 0x00, 0x00, 0x00,
    0x00, 0x00, 0x00, 0x00, 0x00, 0x00, 0x00, 0x00, 0x00, 0x00, 0x00, 0x00, 0x00, 0x00, 0x00, 0x00, 0x00, 0x00, 0x00, 0x00, 0x00, 0x00, 0x00, 0x00,
    0xFF, 0xFF, 0x01, 0xFF, 0xFF, 0x03, 0xFF, 0xFF, 0x03, 0xFF, 0xFF, 0x03, 0xFF, 0xFF, 0x03, 0xFF, 0xFF, 0x01, 0x00, 0x00, 0x00, 0x00, 0x00, 0x00,
    0x00, 0x00, 0x00, 0xFF, 0xFF, 0x02, 0xFF, 0xFF, 0x03, 0xFF, 0xFF, 0x03, 0xFF, 0xFF, 0x03, 0xFF, 0xFF, 0x03, 0xFF, 0xFF, 0x01, 0x00, 0x00, 0x00,
    0x00, 0x00, 0x00, 0x00, 0x00, 0x00, 0x00, 0x00, 0x00, 0x00, 0x00, 0x00, 0x00, 0x00, 0x00, 0x00, 0x00, 0x00, 0x00, 0x00, 0x00, 0x00, 0x00, 0x00,
    0x00, 0x00, 0x00, 0x00, 0x00, 0x00, 0x00, 0x00, 0x00, 0x00, 0x00, 0x00, 0x00, 0x00, 0x00, 0x00, 0x00, 0x00, 0x00, 0x00, 0x00, 0x00, 0x00, 0x00,
    0x00, 0x00, 0x00, 0x00, 0x00, 0x00, 0xFF, 0xFF, 0x02, 0xFF, 0xFF, 0x03, 0xFF, 0xFF, 0x03, 0xFF, 0xFF, 0x03, 0xFF, 0xFF, 0x03, 0xFF, 0xFF, 0x03,
    0xF7, 0xFD, 0x04, 0xFF, 0xFF, 0x03, 0x46, 0x72, 0x4A, 0x26, 0x7A, 0x1D, 0x00, 0x00, 0x00, 0x00, 0x00, 0x00, 0x4A, 0x93, 0x0C, 0xC9, 0xA2, 0x17,
    0xC9, 0xA2, 0x27, 0xE9, 0xA2, 0x3A, 0x2A, 0xB3, 0x7F, 0x2A, 0xC3, 0xC2, 0x46, 0xBA, 0xFB, 0xA3, 0xB1, 0xFE, 0xA3, 0xB9, 0xFF, 0xA3, 0xB9, 0xFF,
    0xA3, 0xB9, 0xFF, 0xA3, 0xB9, 0xFF, 0xA3, 0xB9, 0xFF, 0xA3, 0xB9, 0xFF, 0xA3, 0xB9, 0xFF, 0xA3, 0xB9, 0xFF, 0xA3, 0xB9, 0xFF, 0xA3, 0xB9, 0xFF,
    0xA3, 0xB9, 0xFF, 0xA3, 0xB9, 0xFF, 0xA3, 0xB9, 0xFF, 0xA3, 0xB9, 0xFF, 0xA3, 0xB9, 0xFE, 0xA3, 0xB9, 0xFD, 0xA3, 0xB9, 0xFD, 0xA3, 0xB9, 0xFD,
    0x83, 0xB9, 0xFD, 0x83, 0xB9, 0xFF, 0xA3, 0xB9, 0xFF, 0xA3, 0xB9, 0xFF, 0xA3, 0xB9, 0xFF, 0xA3, 0xB9, 0xFF, 0xA3, 0xB9, 0xFF, 0xA3, 0xB9, 0xFF,
    0xC3, 0xB9, 0xFF, 0xA3, 0xB9, 0xFF, 0xA3, 0xB9, 0xFF, 0xA3, 0xB9, 0xFF, 0xA3, 0xB9, 0xFF, 0xA3, 0xB9, 0xFF, 0xA3, 0xB9, 0xFF, 0xA3, 0xB9, 0xFF,
    0xA3, 0xB9, 0xFF, 0xA3, 0xB9, 0xFF, 0xC4, 0xB9, 0xFE, 0xA3, 0xB1, 0xFF, 0x87, 0xBA, 0xDD, 0xC9, 0xB2, 0xC2, 0xA8, 0xA2, 0x75, 0x2A, 0xAB, 0x37,
    0xE9, 0xB2, 0x73, 0x09, 0xB3, 0x99, 0x09, 0xBB, 0xAA, 0xE9, 0xBA, 0xD7, 0xE8, 0xCA, 0xDB, 0x46, 0xC2, 0xFA, 0xA3, 0xB1, 0xFF, 0xA3, 0xB9, 0xFF,
    0xA3, 0xB9, 0xFF, 0xA3, 0xB9, 0xFF, 0xA3, 0xB9, 0xFF, 0xA3, 0xB1, 0xFF, 0xA3, 0xB1, 0xFF, 0xA8, 0xC2, 0xEE, 0xA7, 0xC2, 0xE4, 0xC4, 0xB1, 0xFF,
    0xA8, 0xBA, 0x80, 0xE4, 0xA9, 0xD6, 0xA3, 0xB9, 0xFF, 0x67, 0xB2, 0x7B, 0xEA, 0xAA, 0x5C, 0xEA, 0xAA, 0x7F, 0x0A, 0xBB, 0x5F, 0xA8, 0xBA, 0x9E,
    0x46, 0xB2, 0xF4, 0xE4, 0xB9, 0xFF, 0xA3, 0xB9, 0xFE, 0xA3, 0xB9, 0xFD, 0xA3, 0xB9, 0xFE, 0xA3, 0xB9, 0xFF, 0xA3, 0xB9, 0xFF, 0xA3, 0xB9, 0xFF,
    0xA3, 0xB9, 0xFF, 0xA3, 0xB9, 0xFF, 0xA3, 0xB9, 0xFF, 0xA3, 0xB9, 0xFF, 0xA3, 0xB9, 0xFF, 0xA3, 0xB9, 0xFD, 0xC4, 0xB1, 0xFE, 0xE8, 0xCA, 0xD6,
    0x09, 0xCB, 0xD5, 0x25, 0xBA, 0xF8, 0xA3, 0xB9, 0xFF, 0xA3, 0xB9, 0xFF, 0xA3, 0xB9, 0xFF, 0xA3, 0xB9, 0xFF, 0xA3, 0xB9, 0xFF, 0xA3, 0xB9, 0xFF,
    0xA3, 0xB9, 0xFF, 0xA3, 0xB9, 0xFE, 0xC4, 0xB9, 0xFF, 0xC8, 0xCA, 0xE8, 0x6B, 0xCB, 0x65, 0x0A, 0xBB, 0x78, 0xEA, 0xBA, 0x91, 0xC9, 0xBA, 0x81,
    0x88, 0xB2, 0xDB, 0x67, 0xBA, 0xEA, 0x05, 0xB2, 0xFD, 0x25, 0xBA, 0xF1, 0x05, 0xB2, 0xF5, 0xC4, 0xB1, 0xFF, 0xC4, 0xB9, 0xFF, 0xC4, 0xB9, 0xFF,
    0xC3, 0xB9, 0xFF, 0xC3, 0xB9, 0xFF, 0xA3, 0xB9, 0xFF, 0xA3, 0xB9, 0xFF, 0xA3, 0xB9, 0xFF, 0xA3, 0xB9, 0xFF, 0xA3, 0xB9, 0xFF, 0x83, 0xB9, 0xFE,
    0xA3, 0xB9, 0xFE, 0xA3, 0xB9, 0xFF, 0xA3, 0xB9, 0xFF, 0xA3, 0xB9, 0xFE, 0xA3, 0xB9, 0xFE, 0xA3, 0xB9, 0xFF, 0x83, 0xB9, 0xFF, 0xA3, 0xB9, 0xFF,
    0xA3, 0xB9, 0xFF, 0xA3, 0xB9, 0xFF, 0xA3, 0xB1, 0xFF, 0x05, 0xBA, 0xFF, 0x09, 0xCB, 0xEE, 0x29, 0xC3, 0xCB, 0x2A, 0xBB, 0xAC, 0x09, 0xAB, 0x86,
    0xE9, 0xAA, 0x77, 0xC9, 0xA2, 0x14, 0xEF, 0x7B, 0x02, 0x00, 0x00, 0x00, 0x00, 0x00, 0x00, 0x00, 0x00, 0x00, 0x00, 0x00, 0x00, 0x00, 0x00, 0x00,
    0x00, 0x00, 0x01, 0x00, 0x00, 0x00, 0x49, 0xA2, 0x0E, 0xC9, 0xB2, 0x58, 0x46, 0xBA, 0xDB, 0xA3, 0xB9, 0xFF, 0xA3, 0xB1, 0xFE, 0xA3, 0xB9, 0xFF,
    0xA3, 0xB9, 0xFF, 0xA3, 0xB9, 0xFF, 0xA3, 0xB9, 0xFF, 0xA3, 0xB9, 0xFF, 0xA3, 0xB9, 0xFF, 0xC3, 0xB1, 0xFD, 0xC8, 0xC2, 0xDF, 0xE9, 0xBA, 0x7C,
    0x69, 0x9A, 0x0A, 0x00, 0x00, 0x01, 0x00, 0x00, 0x00, 0x00, 0x00, 0x00, 0x00, 0x00, 0x00, 0x00, 0x00, 0x00, 0x00, 0x00, 0x00, 0x00, 0x00, 0x00,
    0x00, 0x00, 0x00, 0x00, 0x00, 0x00, 0x00, 0x00, 0x00, 0x00, 0x00, 0x00, 0x00, 0x00, 0x00, 0x00, 0x00, 0x00, 0x00, 0x00, 0x00, 0x00, 0x00, 0x00,
    0x00, 0x00, 0x00, 0x00, 0x00, 0x00, 0x00, 0x00, 0x00, 0x00, 0x00, 0x00, 0x00, 0x00, 0x00, 0x00, 0x00, 0x00, 0x00, 0x00, 0x00, 0x00, 0x00, 0x00,
    0x00, 0x00, 0x00, 0x00, 0x00, 0x00, 0x00, 0x00, 0x00, 0x00, 0x00, 0x00, 0x00, 0x00, 0x00, 0xFF, 0xFB, 0x02, 0xFF, 0xFF, 0x04, 0xFF, 0xFF, 0x01,
    0x00, 0x00, 0x00, 0x00, 0x00, 0x00, 0x00, 0x00, 0x00, 0x00, 0x00, 0x00, 0x00, 0x00, 0x00, 0x00, 0x00, 0x00, 0x00, 0x00, 0x00, 0x00, 0x00, 0x00,
    0x00, 0x00, 0x00, 0x00, 0x00, 0x00, 0x00, 0x00, 0x00, 0x00, 0x00, 0x00, 0x00, 0x00, 0x00, 0x00, 0x00, 0x00, 0x00, 0x00, 0x00, 0xFF, 0xFF, 0x02,
    0xFF, 0xFF, 0x03, 0xFF, 0xFF, 0x01, 0x00, 0x00, 0x00, 0x00, 0x00, 0x00, 0x00, 0x00, 0x00, 0x00, 0x00, 0x00, 0x00, 0x00, 0x00, 0x00, 0x00, 0x00,
    0x00, 0x00, 0x00, 0x00, 0x00, 0x00, 0x00, 0x00, 0x00, 0x00, 0x00, 0x00, 0x00, 0x00, 0x00, 0x00, 0x00, 0x00, 0x00, 0x00, 0x00, 0x00, 0x00, 0x00,
    0x00, 0x00, 0x00, 0x00, 0x00, 0x00, 0x00, 0x00, 0x00, 0x00, 0x00, 0x00, 0x00, 0x00, 0x00, 0x00, 0x00, 0x00, 0x00, 0x00, 0x00, 0x00, 0x00, 0x00,
    0x00, 0x00, 0x00, 0x00, 0x00, 0x00, 0x00, 0x00, 0x00, 0x00, 0x00, 0x00, 0x00, 0x00, 0x00, 0x00, 0x00, 0x00, 0xFF, 0xFF, 0x01, 0x00, 0x00, 0x00,
    0x00, 0x00, 0x00, 0x00, 0x00, 0x00, 0x00, 0x00, 0x00, 0x00, 0x00, 0x00, 0x00, 0x00, 0x00, 0x00, 0x00, 0x00, 0x00, 0x00, 0x00, 0x00, 0x00, 0x00,
    0x00, 0x00, 0x00, 0x00, 0x00, 0x00, 0x00, 0x00, 0x00, 0x00, 0x00, 0x00, 0x00, 0x00, 0x00, 0x00, 0x00, 0x00, 0x00, 0x00, 0x00, 0x00, 0x00, 0x00,
    0x00, 0x00, 0x00, 0x00, 0x00, 0x00, 0x00, 0x00, 0x00, 0x00, 0x00, 0x00, 0x00, 0x00, 0x00, 0x00, 0x00, 0x00, 0x00, 0x00, 0x00, 0x00, 0x00, 0x00,
    0x00, 0x00, 0x00, 0x00, 0x00, 0x00, 0x00, 0x00, 0x00, 0x00, 0x00, 0x00, 0x00, 0x00, 0x00, 0x00, 0x00, 0x00, 0x00, 0x00, 0x00, 0x00, 0x00, 0x00,
    0x00, 0x00, 0x00, 0x00, 0x00, 0x00, 0x00, 0x00, 0x00, 0x00, 0x00, 0x00, 0x00, 0x00, 0x00, 0x00, 0x00, 0x00, 0x00, 0x00, 0x00, 0x00, 0x00, 0x00,
    0x00, 0x00, 0x00, 0x00, 0x00, 0x00, 0xEF, 0x7B, 0x02, 0xFF, 0xFF, 0x04, 0xFF, 0xFF, 0x01, 0x00, 0x00, 0x00, 0x00, 0x00, 0x00, 0x00, 0x00, 0x00,
    0x00, 0x00, 0x00, 0x00, 0x00, 0x00, 0x00, 0x00, 0x00, 0x00, 0x00, 0x00, 0xFF, 0xFF, 0x02, 0x00, 0x00, 0x00, 0x00, 0x00, 0x00, 0x00, 0x00, 0x00,
    0x00, 0x00, 0x00, 0x00, 0x00, 0x00, 0x00, 0x00, 0x00, 0x00, 0x00, 0x00, 0xFF, 0xFF, 0x03, 0xFF, 0xFF, 0x03, 0xFF, 0xFF, 0x01, 0x00, 0x00, 0x00,
    0x00, 0x00, 0x00, 0x00, 0x00, 0x00, 0x00, 0x00, 0x00, 0x00, 0x00, 0x00, 0x00, 0x00, 0x00, 0x00, 0x00, 0x00, 0x00, 0x00, 0x00, 0x00, 0x00, 0x00,
    0x00, 0x00, 0x00, 0x00, 0x00, 0x00, 0x00, 0x00, 0x00, 0x00, 0x00, 0x00, 0x00, 0x00, 0x00, 0x00, 0x00, 0x00, 0x00, 0x00, 0x00, 0x00, 0x00, 0x00,
    0x00, 0x00, 0x00, 0x00, 0x00, 0x00, 0x00, 0x00, 0x00, 0x00, 0x00, 0x00, 0x00, 0x00, 0x00, 0x00, 0x00, 0x00, 0x00, 0x00, 0x00, 0x00, 0x00, 0x00,
    0x00, 0x00, 0x00, 0xFF, 0xFF, 0x01, 0xFF, 0xFF, 0x03, 0xFF, 0xFF, 0x02, 0x00, 0x00, 0x00, 0x00, 0x00, 0x00, 0x00, 0x00, 0x00, 0x00, 0x00, 0x00,
    0x00, 0x00, 0x00, 0x00, 0x00, 0x00, 0x00, 0x00, 0x00, 0xFF, 0xFF, 0x01, 0x00, 0x00, 0x00, 0x00, 0x00, 0x00, 0x00, 0x00, 0x00, 0x00, 0x00, 0x00,
    0x00, 0x00, 0x00, 0x00, 0x00, 0x00, 0x00, 0x00, 0x00, 0xFF, 0xFF, 0x01, 0xFF, 0xFF, 0x04, 0xFF, 0xFF, 0x02, 0x00, 0x00, 0x00, 0x00, 0x00, 0x00,
    0x00, 0x00, 0x00, 0x00, 0x00, 0x00, 0x00, 0x00, 0x00, 0x00, 0x00, 0x00, 0x00, 0x00, 0x00, 0x00, 0x00, 0x00, 0x00, 0x00, 0x00, 0x00, 0x00, 0x00,
    0x00, 0x00, 0x00, 0x00, 0x00, 0x00, 0x00, 0x00, 0x00, 0x00, 0x00, 0x00, 0x00, 0x00, 0x00, 0x00, 0x00, 0x00, 0x00, 0x00, 0x00, 0x00, 0x00, 0x00,
    0x00, 0x00, 0x00, 0x00, 0x00, 0x00, 0x00, 0x00, 0x00, 0x00, 0x00, 0x00, 0x00, 0x00, 0x00, 0x00, 0x00, 0x00, 0x84, 0x61, 0x48, 0x26, 0x7A, 0x25,
    0x00, 0x00, 0x00, 0x00, 0xF8, 0x01, 0x0B, 0xA3, 0x1A, 0xC9, 0xA2, 0x3F, 0x0A, 0xAB, 0x43, 0x0A, 0xBB, 0x83, 0x2A, 0xC3, 0xCB, 0x26, 0xBA, 0xF2,
    0x83, 0xB1, 0xFF, 0x83, 0xB1, 0xFE, 0xA3, 0xB9, 0xFF, 0xA3, 0xB9, 0xFF, 0xA3, 0xB9, 0xFF, 0xA3, 0xB9, 0xFF, 0xA3, 0xB9, 0xFF, 0xA3, 0xB9, 0xFF,
    0xA3, 0xB9, 0xFF, 0xA3, 0xB9, 0xFF, 0xA3, 0xB9, 0xFF, 0xA3, 0xB9, 0xFF, 0xA3, 0xB9, 0xFF, 0xA3, 0xB9, 0xFF, 0x83, 0xB1, 0xFF, 0x62, 0xB1, 0xFF,
    0x83, 0xB9, 0xFF, 0x83, 0xB9, 0xFF, 0x62, 0xB1, 0xFF, 0x83, 0xB1, 0xFF, 0xA4, 0xB1, 0xFF, 0xC4, 0xB1, 0xFF, 0xC4, 0xA9, 0xF8, 0xC4, 0xA9, 0xEA,
    0xE5, 0xA9, 0xE6, 0x26, 0xB2, 0xE4, 0x26, 0xB2, 0xD1, 0x67, 0xBA, 0xCA, 0x66, 0xBA, 0xCE, 0x87, 0xC2, 0xE5, 0x25, 0xBA, 0xFF, 0xC4, 0xB9, 0xFF,
    0xA3, 0xB9, 0xFF, 0xA3, 0xB9, 0xFF, 0xA3, 0xB9, 0xFF, 0xC3, 0xB9, 0xFF, 0xA3, 0xB9, 0xFF, 0xA3, 0xB9, 0xFF, 0xA3, 0xB9, 0xFE, 0xC4, 0xB9, 0xFF,
    0x67, 0xBA, 0xEE, 0x4B, 0xC3, 0x53, 0xEA, 0xAA, 0x61, 0xC9, 0xA2, 0x4C, 0x09, 0xA3, 0x7F, 0xE9, 0xAA, 0x68, 0xE9, 0xAA, 0x50, 0xE8, 0xBA, 0xBC,
    0xA8, 0xC2, 0xE7, 0x05, 0xBA, 0xFE, 0xA3, 0xB9, 0xFE, 0xA3, 0xB9, 0xFF, 0xA3, 0xB9, 0xFF, 0xA3, 0xB9, 0xFF, 0xA3, 0xB9, 0xFF, 0xA3, 0xB1, 0xFF,
    0xC4, 0xB9, 0xFF, 0xA8, 0xC2, 0xF3, 0xE8, 0xCA, 0xD1, 0xC4, 0xB1, 0xFE, 0x88, 0xBA, 0x93, 0xE4, 0xA9, 0xDB, 0xC3, 0xB9, 0xFF, 0x47, 0xA2, 0x7A,
    0xEA, 0xA2, 0x24, 0x88, 0x9A, 0x2C, 0x68, 0x9A, 0x20, 0x89, 0x9A, 0x25, 0x0A, 0xBB, 0x5C, 0x88, 0xBA, 0xAB, 0xE4, 0xB1, 0xFF, 0xA3, 0xB9, 0xFF,
    0xA3, 0xB9, 0xFF, 0xA3, 0xB9, 0xFF, 0xA3, 0xB9, 0xFF, 0xA3, 0xB1, 0xFF, 0xC3, 0xB9, 0xFF, 0xA3, 0xB9, 0xFF, 0xA4, 0xB9, 0xFF, 0xC4, 0xB9, 0xFF,
    0xA3, 0xB9, 0xFF, 0xA3, 0xB9, 0xFF, 0xA3, 0xB1, 0xFF, 0x46, 0xBA, 0xF1, 0x09, 0xCB, 0xD4, 0x25, 0xBA, 0xF8, 0xA3, 0xB9, 0xFF, 0xA3, 0xB9, 0xFE,
    0xA3, 0xB9, 0xFF, 0xA3, 0xB9, 0xFF, 0xA3, 0xB9, 0xFF, 0xA3, 0xB9, 0xFF, 0xA3, 0xB9, 0xFF, 0xA3, 0xB9, 0xFF, 0xA3, 0xB9, 0xFF, 0x25, 0xB2, 0xF7,
    0xEA, 0xB2, 0x7F, 0x89, 0x92, 0x5D, 0x8A, 0x9A, 0x23, 0xCA, 0xA2, 0x34, 0xEA, 0xB2, 0x40, 0x0A, 0xBB, 0x55, 0xE9, 0xBA, 0x6C, 0x0A, 0xBB, 0x61,
    0xE9, 0xBA, 0x79, 0xA8, 0xB2, 0x93, 0x88, 0xB2, 0xA2, 0x67, 0xB2, 0xBF, 0x67, 0xB2, 0xBA, 0x67, 0xBA, 0xCA, 0xE5, 0xB1, 0xF1, 0xE5, 0xB1, 0xF7,
    0xC4, 0xB1, 0xFC, 0xE4, 0xB1, 0xFF, 0xE4, 0xB1, 0xF8, 0xE4, 0xB9, 0xFF, 0xE4, 0xB9, 0xFF, 0xE4, 0xB9, 0xFD, 0xE5, 0xB9, 0xFD, 0xC4, 0xB9, 0xFF,
    0xC3, 0xB9, 0xFF, 0xE4, 0xB9, 0xFE, 0x05, 0xBA, 0xF6, 0xA3, 0xB9, 0xFC, 0xA3, 0xB1, 0xFD, 0x87, 0xC2, 0xF2, 0xC8, 0xC2, 0xE1, 0x09, 0xCB, 0xE4,
    0x2A, 0xC3, 0xC2, 0x09, 0xB3, 0xA6, 0x09, 0xAB, 0xA4, 0xE9, 0xA2, 0x7D, 0xE9, 0x9A, 0x62, 0x88, 0x92, 0x25, 0x00, 0x00, 0x00, 0x00, 0xF8, 0x01,
    0x00, 0x00, 0x00, 0x00, 0x00, 0x00, 0x00, 0x00, 0x00, 0x00, 0x00, 0x00, 0x00, 0x00, 0x01, 0x00, 0x00, 0x00, 0x69, 0xB2, 0x0D, 0xA8, 0xBA, 0x74,
    0xC4, 0xA9, 0xFC, 0x83, 0xB1, 0xFF, 0xA3, 0xB9, 0xFF, 0xA3, 0xB9, 0xFF, 0xA3, 0xB9, 0xFF, 0xA3, 0xB9, 0xFF, 0xA3, 0xB9, 0xFF, 0x83, 0xB1, 0xFF,
    0xA3, 0xB1, 0xFE, 0x05, 0xBA, 0xFF, 0xE9, 0xC2, 0xA7, 0x2B, 0xC3, 0x28, 0x00, 0x00, 0x00, 0x00, 0x00, 0x00, 0x00, 0x00, 0x00, 0x00, 0x00, 0x00,
    0x00, 0x00, 0x00, 0x00, 0x00, 0x00, 0x00, 0x00, 0x00, 0x00, 0x00, 0x00, 0x00, 0x00, 0x00, 0x00, 0x00, 0x00, 0x00, 0x00, 0x00, 0x00, 0x00, 0x00,
    0x00, 0x00, 0x00, 0x00, 0x00, 0x00, 0x00, 0x00, 0x00, 0x00, 0x00, 0x00, 0x00, 0x00, 0x00, 0x00, 0x00, 0x00, 0x00, 0x00, 0x00, 0x00, 0x00, 0x00,
    0x00, 0x00, 0x00, 0x00, 0x00, 0x00, 0x00, 0x00, 0x00, 0x00, 0x00, 0x00, 0x00, 0x00, 0x00, 0x00, 0x00, 0x00, 0x00, 0x00, 0x00, 0xFF, 0xFF, 0x02,
    0x55, 0xAD, 0x03, 0x00, 0x00, 0x00, 0x00, 0x00, 0x00, 0x00, 0x00, 0x00, 0xFF, 0xFF, 0x23, 0xDF, 0xFF, 0x4B, 0xFF, 0xFF, 0x7B, 0xFF, 0xFF, 0xA0,
    0xFF, 0xFF, 0xB7, 0xFF, 0xFF, 0xC3, 0xFF, 0xFF, 0xCA, 0xFF, 0xFF, 0xCA, 0xFF, 0xFF, 0xC5, 0xFF, 0xFF, 0xBB, 0xFF, 0xFF, 0xA0, 0xFF, 0xFF, 0x8A,
    0xFF, 0xFF, 0x5C, 0xFF, 0xFF, 0x32, 0xFF, 0xFF, 0x0A, 0x00, 0x00, 0x00, 0x00, 0x00, 0x00, 0x00, 0x00, 0x00, 0xFF, 0xFF, 0x03, 0xFF, 0xFF, 0x01,
    0x00, 0x00, 0x00, 0x00, 0x00, 0x00, 0x00, 0x00, 0x00, 0x00, 0x00, 0x00, 0x00, 0x00, 0x00, 0x00, 0x00, 0x00, 0x00, 0x00, 0x00, 0x00, 0x00, 0x00,
    0x00, 0x00, 0x00, 0x00, 0x00, 0x00, 0x00, 0x00, 0x00, 0x00, 0x00, 0x00, 0x00, 0x00, 0x00, 0x00, 0x00, 0x00, 0x00, 0x00, 0x00, 0x00, 0x00, 0x00,
    0x00, 0x00, 0x00, 0x00, 0x00, 0x00, 0x00, 0x00, 0x00, 0x00, 0x00, 0x00, 0x00, 0x00, 0x00, 0x00, 0x00, 0x00, 0x00, 0x00, 0x00, 0x00, 0x00, 0x00,
    0x00, 0x00, 0x00, 0x00, 0x00, 0x00, 0x00, 0x00, 0x00, 0xDF, 0xFF, 0x2C, 0xBE, 0xF7, 0x45, 0xBE, 0xF7, 0x3F, 0xDF, 0xFF, 0x3E, 0xDF, 0xFF, 0x3C,
    0xDF, 0xFF, 0x3C, 0xFF, 0xFF, 0x3B, 0xFF, 0xFF, 0x3F, 0xFF, 0xFF, 0x1C, 0x00, 0x00, 0x00, 0xFF, 0xFF, 0x01, 0x00, 0x00, 0x00, 0x00, 0x00, 0x00,
    0x00, 0x00, 0x00, 0x00, 0x00, 0x00, 0x00, 0x00, 0x00, 0x00, 0x00, 0x00, 0x00, 0x00, 0x00, 0x00, 0x00, 0x00, 0x00, 0x00, 0x00, 0x00, 0x00, 0x00,
    0x00, 0x00, 0x00, 0x00, 0x00, 0x00, 0x00, 0x00, 0x00, 0x00, 0x00, 0x00, 0x00, 0x00, 0x00, 0x00, 0x00, 0x00, 0x00, 0x00, 0x00, 0x00, 0x00, 0x00,
    0x00, 0x00, 0x00, 0x00, 0x00, 0x00, 0x00, 0x00, 0x00, 0x00, 0x00, 0x00, 0x00, 0x00, 0x00, 0x00, 0x00, 0x00, 0x00, 0x00, 0x00, 0x00, 0x00, 0x00,
    0x00, 0x00, 0x00, 0x00, 0x00, 0x00, 0x00, 0x00, 0x00, 0x00, 0x00, 0x00, 0xFF, 0xFF, 0x02, 0xFF, 0xFF, 0x03, 0x00, 0x00, 0x00, 0x00, 0x00, 0x00,
    0x00, 0x00, 0x00, 0xFF, 0xFF, 0x1B, 0xFF, 0xFF, 0x49, 0xFF, 0xFF, 0x72, 0xFF, 0xFF, 0x9D, 0xFF, 0xFF, 0xB6, 0xFF, 0xFF, 0xC4, 0xFF, 0xFF, 0xCA,
    0xFF, 0xFF, 0xCD, 0xFF, 0xFF, 0xC3, 0xFF, 0xFF, 0xB9, 0xFF, 0xFF, 0xA4, 0xFF, 0xFF, 0x84, 0xFF, 0xFF, 0x56, 0xFF, 0xFF, 0x2F, 0x5D, 0xEF, 0x0D,
    0x00, 0x00, 0x00, 0x00, 0x00, 0x00, 0x00, 0x00, 0x00, 0xFF, 0xFF, 0x03, 0xFF, 0xFF, 0x01, 0x00, 0x00, 0x00, 0x00, 0x00, 0x00, 0x00, 0x00, 0x00,
    0x00, 0x00, 0x00, 0x00, 0x00, 0x00, 0x00, 0x00, 0x00, 0x00, 0x00, 0x00, 0x00, 0x00, 0x00, 0x00, 0x00, 0x00, 0x00, 0x00, 0x00, 0x00, 0x00, 0x00,
    0x00, 0x00, 0x00, 0x00, 0x00, 0x00, 0x00, 0x00, 0x00, 0x00, 0x00, 0x00, 0x00, 0x00, 0x00, 0x00, 0x00, 0x00, 0x00, 0x00, 0x00, 0x00, 0x00, 0x00,
    0x00, 0x00, 0x00, 0x00, 0x00, 0x00, 0x00, 0x00, 0x00, 0xFF, 0xFF, 0x01, 0xFF, 0xFF, 0x03, 0x00, 0x00, 0x00, 0x00, 0x00, 0x00, 0x00, 0x00, 0x00,
    0xFF, 0xFF, 0x13, 0xFF, 0xFF, 0x3E, 0xFF, 0xFF, 0x67, 0xFF, 0xFF, 0x94, 0xFF, 0xFF, 0xB2, 0xFF, 0xFF, 0xC3, 0xFF, 0xFF, 0xCB, 0xFF, 0xFF, 0xCD,
    0xFF, 0xFF, 0xCB, 0xFF, 0xFF, 0xBB, 0xFF, 0xFF, 0xAF, 0xFF, 0xFF, 0x91, 0xFF, 0xFF, 0x68, 0xFF, 0xFF, 0x41, 0xFF, 0xFF, 0x15, 0x00, 0x00, 0x00,
    0x00, 0x00, 0x00, 0x00, 0x00, 0x00, 0xFF, 0xFF, 0x03, 0xFF, 0xFF, 0x02, 0x00, 0x00, 0x00, 0x00, 0x00, 0x00, 0x00, 0x00, 0x00, 0x00, 0x00, 0x00,
    0x00, 0x00, 0x00, 0x00, 0x00, 0x00, 0x00, 0x00, 0x00, 0x00, 0x00, 0x00, 0x00, 0x00, 0x00, 0x00, 0x00, 0x00, 0x00, 0x00, 0x00, 0x00, 0x00, 0x00,
    0xFF, 0xFF, 0x01, 0x00, 0x00, 0x00, 0xFF, 0xFF, 0x32, 0xFF, 0xFF, 0x53, 0xFF, 0xFF, 0x53, 0xFF, 0xFF, 0x55, 0xFF, 0xFF, 0x55, 0xFF, 0xFF, 0x56,
    0xFF, 0xFF, 0x53, 0xFF, 0xFF, 0x55, 0xFF, 0xFF, 0x16, 0x00, 0x00, 0x00, 0x8E, 0xAB, 0x09, 0xCB, 0xA2, 0x14, 0x0A, 0xAB, 0x3D, 0x2A, 0xB3, 0x69,
    0x2A, 0xC3, 0x96, 0x87, 0xBA, 0xE6, 0xE5, 0xB1, 0xFF, 0x83, 0xB1, 0xFF, 0xA3, 0xB9, 0xFF, 0xA3, 0xB9, 0xFF, 0xA3, 0xB9, 0xFF, 0xA3, 0xB9, 0xFF,
    0xA3, 0xB9, 0xFF, 0xA3, 0xB9, 0xFF, 0xA3, 0xB9, 0xFF, 0xA3, 0xB9, 0xFF, 0xA3, 0xB9, 0xFF, 0xA3, 0xB9, 0xFF, 0xA3, 0xB9, 0xFF, 0xA3, 0xB9, 0xFF,
    0xA3, 0xB9, 0xFF, 0xA3, 0xB9, 0xFF, 0xE4, 0xB9, 0xFF, 0x25, 0xB2, 0xFB, 0x25, 0xB2, 0xDF, 0x26, 0xB2, 0xC2, 0x67, 0xB2, 0xCF, 0x87, 0xB2, 0xA5,
    0x87, 0xB2, 0x84, 0xA8, 0xB2, 0x6D, 0xA8, 0xB2, 0x52, 0xE9, 0xB2, 0x2C, 0xE9, 0xB2, 0x2B, 0x09, 0xBB, 0x3A, 0x0A, 0xB3, 0x37, 0x4A, 0xBB, 0x30,
    0x0A, 0xB3, 0x56, 0x0A, 0xBB, 0x7E, 0x2A, 0xCB, 0xC8, 0xC8, 0xCA, 0xF3, 0xE4, 0xB9, 0xFE, 0xA3, 0xB9, 0xFF, 0xA3, 0xB9, 0xFF, 0xA3, 0xB9, 0xFF,
    0xA3, 0xB9, 0xFF, 0xA3, 0xB9, 0xFF, 0xA3, 0xB9, 0xFE, 0x83, 0xB1, 0xFF, 0x46, 0xBA, 0xEF, 0x6B, 0xBB, 0x6C, 0xC9, 0xA2, 0x46, 0xE9, 0xAA, 0x53,
    0xA9, 0xA2, 0x3A, 0x26, 0x92, 0xC0, 0x88, 0xA2, 0x46, 0x2A, 0xBB, 0x8C, 0x08, 0xCB, 0xD2, 0x25, 0xBA, 0xFE, 0xA3, 0xB1, 0xFF, 0xA3, 0xB9, 0xFF,
    0xA3, 0xB9, 0xFF, 0xA3, 0xB9, 0xFF, 0xA3, 0xB9, 0xFF, 0xA3, 0xB9, 0xFF, 0xA3, 0xB1, 0xFF, 0x26, 0xBA, 0xF7, 0xA7, 0xC2, 0xE8, 0xE4, 0xB9, 0xFF,
    0x88, 0xBA, 0x9C, 0xE5, 0xA9, 0xD8, 0xC4, 0xB1, 0xFF, 0x46, 0xA2, 0x4E, 0x00, 0x00, 0x00, 0xA7, 0xAA, 0x09, 0xAA, 0xAA, 0x09, 0x69, 0xAA, 0x10,
    0x00, 0x50, 0x03, 0xC9, 0xB2, 0x1A, 0x88, 0xB2, 0x96, 0x66, 0xBA, 0xD8, 0x25, 0xBA, 0xE8, 0xE4, 0xB9, 0xFF, 0xA3, 0xB9, 0xFF, 0xA3, 0xB9, 0xFF,
    0xA3, 0xB9, 0xFF, 0xA3, 0xB9, 0xFF, 0xC3, 0xB9, 0xFF, 0xC3, 0xB9, 0xFF, 0xA3, 0xB9, 0xFF, 0xA3, 0xB9, 0xFF, 0xA3, 0xB1, 0xFE, 0xC4, 0xB9, 0xFF,
    0xE8, 0xD2, 0xDE, 0x87, 0xC2, 0xE4, 0xA3, 0xB9, 0xFF, 0xA3, 0xB9, 0xFE, 0xA3, 0xB9, 0xFF, 0xA3, 0xB9, 0xFF, 0xA3, 0xB9, 0xFF, 0xA3, 0xB9, 0xFF,
    0xA3, 0xB9, 0xFF, 0xA3, 0xB9, 0xFE, 0xA3, 0xB9, 0xFF, 0x46, 0xBA, 0xF8, 0x0A, 0xBB, 0x87, 0x68, 0x92, 0x20, 0x00, 0xF8, 0x01, 0xA8, 0x9A, 0x12,
    0xE7, 0x79, 0x04, 0xE7, 0x99, 0x10, 0xAA, 0x9A, 0x0F, 0x00, 0x00, 0x02, 0x28, 0x8A, 0x12, 0xCB, 0xB2, 0x17, 0xEB, 0xAA, 0x13, 0xEA, 0xBA, 0x1E,
    0x0B, 0xBB, 0x25, 0xEA, 0xB2, 0x3C, 0xC9, 0xB2, 0x51, 0xC9, 0xB2, 0x5F, 0xA9, 0xAA, 0x6A, 0xA8, 0xB2, 0x64, 0xE9, 0xBA, 0x6A, 0xC9, 0xBA, 0x8A,
    0x09, 0xC3, 0xBE, 0x09, 0xC3, 0xB3, 0x0A, 0xC3, 0xBD, 0xE9, 0xC2, 0xD5, 0xE8, 0xC2, 0xD7, 0x25, 0xB2, 0xFE, 0x87, 0xC2, 0xE8, 0x66, 0xBA, 0xF4,
    0x66, 0xC2, 0xFF, 0x09, 0xC3, 0xC1, 0x0A, 0xB3, 0xAB, 0x2A, 0xBB, 0x96, 0x09, 0xAB, 0x85, 0xC9, 0x9A, 0x5A, 0xC9, 0xA2, 0x57, 0xC8, 0x9A, 0x5F,
    0x88, 0x8A, 0x22, 0x26, 0x9B, 0x05, 0x00, 0x00, 0x00, 0x00, 0x00, 0x00, 0x00, 0x00, 0x00, 0x00, 0x00, 0x00, 0x00, 0x00, 0x00, 0x00, 0x00, 0x00,
    0x00, 0xF8, 0x01, 0x00, 0x00, 0x00, 0xEA, 0xB2, 0x1B, 0x46, 0xB2, 0xA5, 0xC4, 0xB1, 0xFF, 0xA3, 0xB9, 0xFE, 0xA3, 0xB9, 0xFF, 0xA3, 0xB9, 0xFF,
    0xA3, 0xB9, 0xFF, 0xA3, 0xB9, 0xFF, 0xA3, 0xB9, 0xFF, 0x83, 0xB1, 0xFD, 0xC3, 0xB9, 0xFF, 0x66, 0xBA, 0xD8, 0xEA, 0xBA, 0x56, 0x8A, 0xA2, 0x13,
    0x00, 0xF8, 0x01, 0x00, 0x00, 0x00, 0x00, 0x00, 0x00, 0x00, 0x00, 0x00, 0x00, 0x00, 0x00, 0x00, 0x00, 0x00, 0x00, 0x00, 0x00, 0x00, 0x00, 0x00,
    0x00, 0x00, 0x00, 0x00, 0x00, 0x00, 0x00, 0x00, 0x00, 0x00, 0x00, 0x00, 0x00, 0x00, 0x00, 0x00, 0x00, 0x00, 0x00, 0x00, 0x00, 0x00, 0x00, 0x00,
    0x00, 0x00, 0x00, 0x00, 0x00, 0x00, 0x00, 0x00, 0x00, 0x00, 0x00, 0x00, 0x00, 0x00, 0x00, 0x00, 0x00, 0x00, 0x00, 0x00, 0x00, 0x00, 0x00, 0x00,
    0x00, 0x00, 0x00, 0xFF, 0xFF, 0x01, 0xFF, 0xFF, 0x03, 0x00, 0x00, 0x00, 0x00, 0x00, 0x00, 0xFE, 0xF7, 0x1D, 0xFF, 0xFF, 0x72, 0xFF, 0xFF, 0xC0,
    0xFF, 0xFF, 0xF2, 0xFF, 0xFF, 0xFF, 0xFF, 0xFF, 0xFF, 0xFF, 0xFF, 0xFF, 0xFF, 0xFF, 0xFF, 0xFF, 0xFF, 0xFF, 0xFF, 0xFF, 0xFF, 0xFF, 0xFF, 0xFF,
    0xFF, 0xFF, 0xFF, 0xFF, 0xFF, 0xFF, 0xFF, 0xFF, 0xFF, 0xFF, 0xFF, 0xFF, 0xFF, 0xFF, 0xFF, 0xFF, 0xFF, 0xFD, 0xFF, 0xFF, 0xDF, 0xFF, 0xFF, 0x9E,
    0xFF, 0xFF, 0x45, 0xFF, 0xFF, 0x02, 0x00, 0x00, 0x00, 0x00, 0x00, 0x00, 0xFF, 0xFF, 0x02, 0x00, 0x00, 0x00, 0x00, 0x00, 0x00, 0x00, 0x00, 0x00,
    0x00, 0x00, 0x00, 0x00, 0x00, 0x00, 0x00, 0x00, 0x00, 0x00, 0x00, 0x00, 0x00, 0x00, 0x00, 0x00, 0x00, 0x00, 0x00, 0x00, 0x00, 0x00, 0x00, 0x00,
    0x00, 0x00, 0x00, 0x00, 0x00, 0x00, 0x00, 0x00, 0x00, 0x00, 0x00, 0x00, 0x00, 0x00, 0x00, 0x00, 0x00, 0x00, 0x00, 0x00, 0x00, 0x00, 0x00, 0x00,
    0x00, 0x00, 0x00, 0x00, 0x00, 0x00, 0x00, 0x00, 0x00, 0x00, 0x00, 0x00, 0xFF, 0xFF, 0x01, 0xFF, 0xFF, 0x01, 0x7D, 0xEF, 0x1E, 0xFF, 0xFF, 0xEF,
    0xFF, 0xFF, 0xFF, 0xFF, 0xFF, 0xFF, 0xFF, 0xFF, 0xFF, 0xFF, 0xFF, 0xFF, 0xFF, 0xFF, 0xFF, 0xFF, 0xFF, 0xFF, 0xFF, 0xFF, 0xFF, 0xFF, 0xFF, 0xC2,
    0xFF, 0xFF, 0x03, 0xFF, 0xFF, 0x02, 0x00, 0x00, 0x00, 0x00, 0x00, 0x00, 0x00, 0x00, 0x00, 0x00, 0x00, 0x00, 0x00, 0x00, 0x00, 0x00, 0x00, 0x00,
    0x00, 0x00, 0x00, 0x00, 0x00, 0x00, 0x00, 0x00, 0x00, 0x00, 0x00, 0x00, 0x00, 0x00, 0x00, 0x00, 0x00, 0x00, 0x00, 0x00, 0x00, 0x00, 0x00, 0x00,
    0x00, 0x00, 0x00, 0x00, 0x00, 0x00, 0x00, 0x00, 0x00, 0x00, 0x00, 0x00, 0x00, 0x00, 0x00, 0x00, 0x00, 0x00, 0x00, 0x00, 0x00, 0x00, 0x00, 0x00,
    0x00, 0x00, 0x00, 0x00, 0x00, 0x00, 0x00, 0x00, 0x00, 0x00, 0x00, 0x00, 0x00, 0x00, 0x00, 0x00, 0x00, 0x00, 0xFF, 0xFF, 0x01, 0xFF, 0xFF, 0x03,
    0x00, 0x00, 0x00, 0x00, 0x00, 0x00, 0xFF, 0xFF, 0x1D, 0xFF, 0xFF, 0x6D, 0xFF, 0xFF, 0xC2, 0xFF, 0xFF, 0xED, 0xFF, 0xFF, 0xFF, 0xFF, 0xFF, 0xFF,
    0xFF, 0xFF, 0xFF, 0xFF, 0xFF, 0xFF, 0xFF, 0xFF, 0xFF, 0xFF, 0xFF, 0xFF, 0xFF, 0xFF, 0xFF, 0xFF, 0xFF, 0xFF, 0xFF, 0xFF, 0xFF, 0xFF, 0xFF, 0xFF,
    0xFF, 0xFF, 0xFF, 0xFF, 0xFF, 0xFF, 0xFF, 0xFF, 0xFC, 0xFF, 0xFF, 0xE1, 0xFF, 0xFF, 0x9A, 0xDF, 0xFF, 0x45, 0xFF, 0xFF, 0x01, 0x00, 0x00, 0x00,
    0x00, 0x00, 0x00, 0xFF, 0xFF, 0x02, 0x00, 0x00, 0x00, 0x00, 0x00, 0x00, 0x00, 0x00, 0x00, 0x00, 0x00, 0x00, 0x00, 0x00, 0x00, 0x00, 0x00, 0x00,
    0x00, 0x00, 0x00, 0x00, 0x00, 0x00, 0x00, 0x00, 0x00, 0x00, 0x00, 0x00, 0x00, 0x00, 0x00, 0x00, 0x00, 0x00, 0x00, 0x00, 0x00, 0x00, 0x00, 0x00,
    0x00, 0x00, 0x00, 0x00, 0x00, 0x00, 0x00, 0x00, 0x00, 0x00, 0x00, 0x00, 0x00, 0x00, 0x00, 0x00, 0x00, 0x00, 0xFF, 0xFF, 0x03, 0x00, 0x00, 0x00,
    0x00, 0x00, 0x00, 0x3C, 0xE7, 0x0B, 0xFF, 0xFF, 0x54, 0xFF, 0xFF, 0xAA, 0xFF, 0xFF, 0xE6, 0xFF, 0xFF, 0xFF, 0xFF, 0xFF, 0xFF, 0xFF, 0xFF, 0xFF,
    0xFF, 0xFF, 0xFF, 0xFF, 0xFF, 0xFF, 0xFF, 0xFF, 0xFF, 0xFF, 0xFF, 0xFF, 0xFF, 0xFF, 0xFF, 0xFF, 0xFF, 0xFF, 0xFF, 0xFF, 0xFF, 0xFF, 0xFF, 0xFF,
    0xFF, 0xFF, 0xFF, 0xFF, 0xFF, 0xFF, 0xFF, 0xFF, 0xE8, 0xFF, 0xFF, 0xC1, 0xFF, 0xFF, 0x69, 0xFF, 0xFF, 0x1C, 0x00, 0x00, 0x00, 0x00, 0x00, 0x00,
    0xFF, 0xFF, 0x04, 0xFF, 0xFF, 0x01, 0x00, 0x00, 0x00, 0x00, 0x00, 0x00, 0x00, 0x00, 0x00, 0x00, 0x00, 0x00, 0x00, 0x00, 0x00, 0x00, 0x00, 0x00,
    0x00, 0x00, 0x00, 0x00, 0x00, 0x00, 0x00, 0x00, 0x00, 0x00, 0x00, 0x00, 0xFF, 0xFF, 0x03, 0x00, 0x00, 0x00, 0xFF, 0xFF, 0xA7, 0xFF, 0xFF, 0xFF,
    0xFF, 0xFF, 0xFF, 0xFF, 0xFF, 0xFF, 0xFF, 0xFF, 0xFF, 0xFF, 0xFF, 0xFF, 0xFF, 0xFF, 0xFF, 0xFF, 0xFF, 0xFF, 0xFF, 0xFF, 0x7A, 0xFF, 0xFF, 0x01,
    0xCD, 0xA3, 0x17, 0x2B, 0xB3, 0x59, 0x6B, 0xC3, 0x82, 0xC9, 0xC2, 0xB8, 0xE5, 0xB1, 0xFB, 0xA3, 0xB9, 0xFF, 0x83, 0xB1, 0xFE, 0xA3, 0xB9, 0xFF,
    0xA3, 0xB9, 0xFF, 0xA3, 0xB9, 0xFF, 0xA3, 0xB9, 0xFF, 0xA3, 0xB9, 0xFF, 0xA3, 0xB9, 0xFF, 0xA3, 0xB9, 0xFF, 0xA3, 0xB9, 0xFF, 0xA3, 0xB9, 0xFF,
    0xA3, 0xB9, 0xFF, 0xA3, 0xB9, 0xFF, 0xA3, 0xB9, 0xFF, 0xA3, 0xB9, 0xFF, 0x83, 0xB1, 0xFF, 0x25, 0xBA, 0xFF, 0x09, 0xCB, 0xEA, 0x4A, 0xC3, 0x97,
    0x6B, 0xBB, 0x57, 0xAD, 0xBB, 0x1A, 0x4B, 0xB3, 0x24, 0x4E, 0xBC, 0x0B, 0x00, 0x00, 0x00, 0x00, 0x00, 0x00, 0x00, 0x00, 0x00, 0x00, 0x00, 0x00,
    0x00, 0x00, 0x00, 0x00, 0x00, 0x00, 0x86, 0x99, 0x05, 0xE7, 0xB9, 0x04, 0x88, 0xA2, 0x25, 0xA8, 0xA2, 0x39, 0x0A, 0xC3, 0x84, 0xE9, 0xC2, 0xE4,
    0xE4, 0xB9, 0xFF, 0xA3, 0xB9, 0xFE, 0xA3, 0xB9, 0xFF, 0xA4, 0xB9, 0xFF, 0xA3, 0xB9, 0xFF, 0xA3, 0xB9, 0xFF, 0xA3, 0xB9, 0xFE, 0xA3, 0xB9, 0xFF,
    0xA8, 0xC2, 0xF7, 0x4B, 0xBB, 0x65, 0x46, 0x9A, 0xAD, 0x46, 0x9A, 0x9E, 0x09, 0xA3, 0x2A, 0x46, 0x92, 0x48, 0xA8, 0xA2, 0x50, 0xA8, 0xAA, 0xB7,
    0x09, 0xC3, 0xC2, 0x66, 0xC2, 0xF6, 0xA3, 0xB1, 0xFF, 0xA3, 0xB9, 0xFE, 0xA3, 0xB9, 0xFF, 0xA3, 0xB9, 0xFF, 0xA3, 0xB9, 0xFF, 0xA3, 0xB9, 0xFF,
    0x83, 0xB1, 0xFF, 0x26, 0xBA, 0xF9, 0xC8, 0xC2, 0xF1, 0x05, 0xAA, 0xEE, 0x88, 0xAA, 0x62, 0xC4, 0xA1, 0xDA, 0xC4, 0xB1, 0xFF, 0x46, 0xA2, 0x33,
    0x00, 0x00, 0x00, 0xE0, 0xFF, 0x01, 0x00, 0x00, 0x00, 0x00, 0x00, 0x00, 0x00, 0xF8, 0x01, 0x00, 0x00, 0x00, 0x0A, 0xBB, 0x12, 0xEA, 0xAA, 0x47,
    0x4B, 0xC3, 0x7B, 0xC8, 0xC2, 0xDE, 0xE4, 0xB9, 0xFE, 0xA3, 0xB9, 0xFE, 0xA4, 0xB9, 0xFF, 0xA3, 0xB9, 0xFF, 0xC3, 0xB9, 0xFF, 0xC4, 0xB9, 0xFF,
    0xA3, 0xB9, 0xFF, 0xA3, 0xB9, 0xFF, 0xA3, 0xB9, 0xFE, 0xA3, 0xB9, 0xFF, 0x05, 0xBA, 0xF2, 0xC8, 0xCA, 0xDF, 0x05, 0xBA, 0xFE, 0xA3, 0xB9, 0xFE,
    0xA3, 0xB9, 0xFF, 0xA3, 0xB9, 0xFF, 0xA3, 0xB9, 0xFF, 0xA3, 0xB9, 0xFF, 0xA3, 0xB9, 0xFF, 0xA3, 0xB9, 0xFF, 0xA3, 0xB9, 0xFF, 0x05, 0xBA, 0xF8,
    0x2A, 0xC3, 0xA1, 0xE9, 0xAA, 0x21, 0x00, 0x00, 0x00, 0x00, 0x00, 0x00, 0x00, 0x00, 0x00, 0x00, 0x00, 0x00, 0x00, 0x00, 0x00, 0x00, 0x00, 0x00,
    0x00, 0x00, 0x00, 0x00, 0x00, 0x00, 0x00, 0x00, 0x00, 0x00, 0x00, 0x00, 0x00, 0x00, 0x00, 0x00, 0x00, 0x01, 0x00, 0x00, 0x00, 0x00, 0x00, 0x00,
    0xA7, 0x92, 0x0C, 0xEF, 0x7B, 0x02, 0x86, 0x61, 0x05, 0xE9, 0xAA, 0x10, 0xCA, 0xB2, 0x44, 0xE9, 0xAA, 0x4D, 0xC9, 0xAA, 0x4E, 0x0A, 0xB3, 0x4F,
    0x2A, 0xBB, 0x4F, 0xE4, 0xA1, 0xE7, 0x05, 0xAA, 0xE5, 0x2A, 0xC3, 0x87, 0xE9, 0xB2, 0xAA, 0x0A, 0xB3, 0x69, 0xE9, 0xA2, 0x69, 0xC9, 0xA2, 0x4F,
    0xC9, 0xA2, 0x64, 0xC9, 0x9A, 0x3F, 0xEA, 0x92, 0x2F, 0xEA, 0xA2, 0x13, 0x00, 0x00, 0x00, 0x00, 0x00, 0x00, 0x00, 0x00, 0x00, 0x00, 0x00, 0x00,
    0x00, 0x00, 0x00, 0x00, 0x00, 0x00, 0x00, 0x00, 0x00, 0x00, 0x00, 0x00, 0x00, 0x00, 0x00, 0x00, 0x78, 0x02, 0xEA, 0xB2, 0x56, 0x46, 0xB2, 0xD8,
    0xA3, 0xB9, 0xFF, 0xA3, 0xB9, 0xFD, 0xA3, 0xB9, 0xFF, 0xA3, 0xB9, 0xFF, 0xA3, 0xB9, 0xFF, 0xA3, 0xB9, 0xFF, 0xA3, 0xB9, 0xFF, 0x83, 0xB1, 0xFE,
    0xC4, 0xB9, 0xFE, 0xC8, 0xBA, 0xA4, 0x2B, 0xB3, 0x2B, 0xE7, 0xA9, 0x0C, 0x00, 0x00, 0x00, 0x00, 0x00, 0x00, 0x00, 0x00, 0x00, 0x00, 0x00, 0x00,
    0x00, 0x00, 0x00, 0x00, 0x00, 0x00, 0x00, 0x00, 0x00, 0x00, 0x00, 0x00, 0x00, 0x00, 0x00, 0x00, 0x00, 0x00, 0x00, 0x00, 0x00, 0x00, 0x00, 0x00,
    0x00, 0x00, 0x00, 0x00, 0x00, 0x00, 0x00, 0x00, 0x00, 0x00, 0x00, 0x00, 0x00, 0x00, 0x00, 0x00, 0x00, 0x00, 0x00, 0x00, 0x00, 0x00, 0x00, 0x00,
    0x00, 0x00, 0x00, 0x00, 0x00, 0x00, 0x00, 0x00, 0x00, 0x00, 0x00, 0x00, 0xFF, 0xFF, 0x03, 0x00, 0x00, 0x00, 0x00, 0x00, 0x00, 0xFF, 0xFF, 0x34,
    0xFF, 0xFF, 0xA1, 0xFF, 0xFF, 0xF1, 0xFF, 0xFF, 0xFF, 0xFF, 0xFF, 0xFF, 0xFF, 0xFF, 0xFF, 0xFF, 0xFF, 0xFC, 0xFF, 0xFF, 0xFC, 0xFF, 0xFF, 0xFC,
    0xFF, 0xFF, 0xFC, 0xFF, 0xFF, 0xFC, 0xFF, 0xFF, 0xFC, 0xFF, 0xFF, 0xFC, 0xFF, 0xFF, 0xFC, 0xFF, 0xFF, 0xFC, 0xFF, 0xFF, 0xFC, 0xFF, 0xFF, 0xFC,
    0xFF, 0xFF, 0xFC, 0xFF, 0xFF, 0xFF, 0xFF, 0xFF, 0xFF, 0xFF, 0xFF, 0xFF, 0xFF, 0xFF, 0xFF, 0xFF, 0xFF, 0xCA, 0xFF, 0xFF, 0x5F, 0xFF, 0xFF, 0x05,
    0x00, 0x00, 0x00, 0xFF, 0xFF, 0x03, 0xFF, 0xFF, 0x01, 0x00, 0x00, 0x00, 0x00, 0x00, 0x00, 0x00, 0x00, 0x00, 0x00, 0x00, 0x00, 0x00, 0x00, 0x00,
    0x00, 0x00, 0x00, 0x00, 0x00, 0x00, 0x00, 0x00, 0x00, 0x00, 0x00, 0x00, 0x00, 0x00, 0x00, 0x00, 0x00, 0x00, 0x00, 0x00, 0x00, 0x00, 0x00, 0x00,
    0x00, 0x00, 0x00, 0x00, 0x00, 0x00, 0x00, 0x00, 0x00, 0x00, 0x00, 0x00, 0x00, 0x00, 0x00, 0x00, 0x00, 0x00, 0x00, 0x00, 0x00, 0x00, 0x00, 0x00,
    0xFF, 0xFF, 0x03, 0x00, 0x00, 0x00, 0xFF, 0xFF, 0x6D, 0xFF, 0xFF, 0xFF, 0xFF, 0xFF, 0xF9, 0xFF, 0xFF, 0xFE, 0xFF, 0xFF, 0xFE, 0xFF, 0xFF, 0xFE,
    0xFF, 0xFF, 0xFE, 0xFF, 0xFF, 0xFE, 0xFF, 0xFF, 0xFC, 0xFF, 0xFF, 0xFF, 0xFF, 0xFF, 0x3A, 0x00, 0x00, 0x00, 0xFF, 0xFF, 0x03, 0x00, 0x00, 0x00,
    0x00, 0x00, 0x00, 0x00, 0x00, 0x00, 0x00, 0x00, 0x00, 0x00, 0x00, 0x00, 0x00, 0x00, 0x00, 0x00, 0x00, 0x00, 0x00, 0x00, 0x00, 0x00, 0x00, 0x00,
    0x00, 0x00, 0x00, 0x00, 0x00, 0x00, 0x00, 0x00, 0x00, 0x00, 0x00, 0x00, 0x00, 0x00, 0x00, 0x00, 0x00, 0x00, 0x00, 0x00, 0x00, 0x00, 0x00, 0x00,
    0x00, 0x00, 0x00, 0x00, 0x00, 0x00, 0x00, 0x00, 0x00, 0x00, 0x00, 0x00, 0x00, 0x00, 0x00, 0x00, 0x00, 0x00, 0x00, 0x00, 0x00, 0x00, 0x00, 0x00,
    0x00, 0x00, 0x00, 0xFF, 0xFF, 0x03, 0x00, 0x00, 0x00, 0x00, 0x00, 0x00, 0xFF, 0xFF, 0x27, 0xFF, 0xFF, 0x97, 0xFF, 0xFF, 0xF0, 0xFF, 0xFF, 0xFF,
    0xFF, 0xFF, 0xFF, 0xFF, 0xFF, 0xFF, 0xFF, 0xFF, 0xFD, 0xFF, 0xFF, 0xFC, 0xFF, 0xFF, 0xFC, 0xFF, 0xFF, 0xFC, 0xFF, 0xFF, 0xFC, 0xFF, 0xFF, 0xFC,
    0xFF, 0xFF, 0xFD, 0xFF, 0xFF, 0xFC, 0xFF, 0xFF, 0xFC, 0xFF, 0xFF, 0xFC, 0xFF, 0xFF, 0xFC, 0xFF, 0xFF, 0xFC, 0xFF, 0xFF, 0xFF, 0xFF, 0xFF, 0xFF,
    0xFF, 0xFF, 0xFF, 0xFF, 0xFF, 0xFF, 0xFF, 0xFF, 0xC8, 0xFF, 0xFF, 0x5B, 0xFF, 0xFF, 0x04, 0x00, 0x00, 0x00, 0xFF, 0xFF, 0x03, 0xFF, 0xFF, 0x01,
    0x00, 0x00, 0x00, 0x00, 0x00, 0x00, 0x00, 0x00, 0x00, 0x00, 0x00, 0x00, 0x00, 0x00, 0x00, 0x00, 0x00, 0x00, 0x00, 0x00, 0x00, 0x00, 0x00, 0x00,
    0x00, 0x00, 0x00, 0x00, 0x00, 0x00, 0x00, 0x00, 0x00, 0x00, 0x00, 0x00, 0x00, 0x00, 0x00, 0x00, 0x00, 0x00, 0x00, 0x00, 0x00, 0x00, 0x00, 0x00,
    0xFF, 0xFF, 0x02, 0xFF, 0xFF, 0x01, 0x00, 0x00, 0x00, 0x3C, 0xE7, 0x0A, 0xFF, 0xFF, 0x6B, 0xFF, 0xFF, 0xDA, 0xFF, 0xFF, 0xFF, 0xFF, 0xFF, 0xFF,
    0xFF, 0xFF, 0xFF, 0xFF, 0xFF, 0xFE, 0xFF, 0xFF, 0xFC, 0xFF, 0xFF, 0xFC, 0xFF, 0xFF, 0xFC, 0xFF, 0xFF, 0xFC, 0xFF, 0xFF, 0xFC, 0xFF, 0xFF, 0xFD,
    0xFF, 0xFF, 0xFC, 0xFF, 0xFF, 0xFC, 0xFF, 0xFF, 0xFC, 0xFF, 0xFF, 0xFC, 0xFF, 0xFF, 0xFC, 0xFF, 0xFF, 0xFD, 0xFF, 0xFF, 0xFF, 0xFF, 0xFF, 0xFF,
    0xFF, 0xFF, 0xFF, 0xFF, 0xFF, 0xED, 0xFF, 0xFF, 0x8B, 0xFF, 0xFF, 0x21, 0x00, 0x00, 0x00, 0x00, 0x00, 0x00, 0xFF, 0xFF, 0x03, 0x00, 0x00, 0x00,
    0x00, 0x00, 0x00, 0x00, 0x00, 0x00, 0x00, 0x00, 0x00, 0x00, 0x00, 0x00, 0x00, 0x00, 0x00, 0x00, 0x00, 0x00, 0x00, 0x00, 0x00, 0x00, 0x00, 0x00,
    0xFF, 0xFF, 0x03, 0x00, 0x00, 0x00, 0xFF, 0xFF, 0x9D, 0xFF, 0xFF, 0xFC, 0xFF, 0xFF, 0xF9, 0xFF, 0xFF, 0xFC, 0xFF, 0xFF, 0xFC, 0xFF, 0xFF, 0xFC,
    0xFF, 0xFF, 0xF8, 0xFF, 0xFF, 0xFC, 0x7D, 0xF7, 0x73, 0x00, 0x00, 0x03, 0xAD, 0xB3, 0x4E, 0x8C, 0xC3, 0x9D, 0xE9, 0xC2, 0xE3, 0xC4, 0xB1, 0xFF,
    0x83, 0xB1, 0xFF, 0xA3, 0xB9, 0xFE, 0xA3, 0xB9, 0xFF, 0xA3, 0xB9, 0xFF, 0xA3, 0xB9, 0xFF, 0xA3, 0xB9, 0xFF, 0xA3, 0xB9, 0xFF, 0xA3, 0xB9, 0xFF,
    0xA3, 0xB9, 0xFF, 0xA3, 0xB9, 0xFF, 0xA3, 0xB9, 0xFF, 0xA3, 0xB9, 0xFF, 0xA3, 0xB9, 0xFF, 0xA3, 0xB9, 0xFF, 0xA3, 0xB9, 0xFF, 0xA3, 0xB9, 0xFF,
    0x83, 0xB9, 0xFF, 0x46, 0xBA, 0xFE, 0x8B, 0xD3, 0xCF, 0x4B, 0xBB, 0x74, 0xEA, 0xA2, 0x39, 0xA8, 0x9A, 0x0F, 0xE7, 0x79, 0x04, 0x00, 0x00, 0x00,
    0x00, 0x78, 0x02, 0x00, 0x78, 0x02, 0xE0, 0x7B, 0x02, 0xE0, 0x7B, 0x02, 0xE0, 0x7B, 0x02, 0x00, 0x00, 0x00, 0xE0, 0x7B, 0x02, 0xEA, 0xD3, 0x06,
    0x8A, 0xAA, 0x16, 0xC9, 0xAA, 0x3D, 0xE9, 0xBA, 0x9C, 0xA8, 0xC2, 0xF7, 0xC4, 0xB9, 0xFF, 0xA3, 0xB9, 0xFF, 0xA3, 0xB9, 0xFF, 0xA3, 0xB9, 0xFF,
    0xA3, 0xB9, 0xFF, 0xA3, 0xB9, 0xFF, 0xA3, 0xB9, 0xFD, 0xA3, 0xB9, 0xFF, 0x47, 0xB2, 0xD4, 0x8C, 0xC3, 0x3A, 0x47, 0xA2, 0x6D, 0x46, 0x9A, 0x72,
    0xEC, 0xB3, 0x14, 0xEA, 0xA2, 0x33, 0x88, 0x9A, 0x42, 0xC9, 0xAA, 0x79, 0x0A, 0xC3, 0xBC, 0x26, 0xBA, 0xF7, 0xA3, 0xB1, 0xFF, 0xA3, 0xB1, 0xFF,
    0xA3, 0xB9, 0xFF, 0xA3, 0xB9, 0xFF, 0xA3, 0xB9, 0xFF, 0xA3, 0xB1, 0xFF, 0x83, 0xB1, 0xFF, 0x26, 0xBA, 0xF9, 0x2A, 0xCB, 0xDD, 0x0A, 0xBB, 0x78,
    0xAA, 0x9A, 0x26, 0xC4, 0xA1, 0xDD, 0xC4, 0xB1, 0xFF, 0x67, 0xA2, 0x30, 0x00, 0x00, 0x00, 0xE0, 0xFB, 0x02, 0x00, 0x00, 0x00, 0x00, 0x00, 0x00,
    0x00, 0x00, 0x00, 0x00, 0xF8, 0x01, 0x00, 0x00, 0x00, 0x44, 0x92, 0x07, 0x89, 0x9A, 0x38, 0x0A, 0xBB, 0xA4, 0x87, 0xC2, 0xF5, 0xC3, 0xB1, 0xFF,
    0xA3, 0xB9, 0xFF, 0xC4, 0xB9, 0xFF, 0xA3, 0xB9, 0xFF, 0xA3, 0xB9, 0xFF, 0xA3, 0xB9, 0xFF, 0xA3, 0xB9, 0xFF, 0xA3, 0xB9, 0xFF, 0x83, 0xB9, 0xFF,
    0xC4, 0xB1, 0xFB, 0xE8, 0xCA, 0xEC, 0x46, 0xC2, 0xFC, 0xA3, 0xB9, 0xFF, 0xA3, 0xB9, 0xFF, 0xA3, 0xB9, 0xFF, 0xA3, 0xB9, 0xFF, 0xA3, 0xB9, 0xFF,
    0xA3, 0xB9, 0xFF, 0xA3, 0xB9, 0xFF, 0xA3, 0xB9, 0xFE, 0x05, 0xBA, 0xFE, 0x0A, 0xC3, 0xB0, 0xEA, 0xA2, 0x24, 0xEF, 0x7B, 0x02, 0x00, 0xF8, 0x01,
    0x00, 0x00, 0x00, 0x00, 0x00, 0x00, 0x00, 0x00, 0x01, 0x00, 0x00, 0x00, 0x00, 0xF8, 0x01, 0x00, 0xF8, 0x01, 0x00, 0xF8, 0x01, 0x00, 0xF8, 0x01,
    0x00, 0x00, 0x00, 0x00, 0x00, 0x00, 0xA5, 0xAA, 0x06, 0x69, 0x9A, 0x0A, 0x00, 0x00, 0x00, 0x00, 0x78, 0x02, 0x00, 0x00, 0x00, 0x00, 0xF8, 0x01,
    0xA7, 0x8A, 0x09, 0x29, 0xB3, 0x0A, 0x89, 0x92, 0x2E, 0x89, 0x92, 0x26, 0xE9, 0xA2, 0x21, 0xA8, 0xB2, 0xAB, 0xE9, 0xB2, 0xC6, 0x2A, 0xAB, 0x57,
    0xEA, 0xA2, 0x4C, 0xE9, 0xA2, 0x3F, 0xC9, 0x9A, 0x35, 0xC9, 0x9A, 0x47, 0xE9, 0x9A, 0x29, 0xE9, 0x9A, 0x26, 0xC9, 0x92, 0x28, 0x69, 0x9A, 0x0A,
    0x00, 0x00, 0x01, 0x00, 0x00, 0x00, 0x00, 0x00, 0x00, 0x00, 0x00, 0x00, 0x00, 0x00, 0x00, 0x00, 0x00, 0x00, 0x00, 0x00, 0x00, 0x00, 0x00, 0x01,
    0xE0, 0xFF, 0x01, 0xA7, 0xAA, 0x0C, 0xA8, 0xBA, 0x6F, 0xE4, 0xA9, 0xF6, 0x83, 0xB1, 0xFF, 0xA3, 0xB9, 0xFE, 0xA3, 0xB9, 0xFF, 0xA3, 0xB9, 0xFF,
    0xA3, 0xB9, 0xFF, 0xA3, 0xB9, 0xFF, 0xA3, 0xB9, 0xFF, 0x83, 0xA9, 0xFF, 0xE4, 0xB1, 0xFF, 0xE9, 0xC2, 0x7E, 0xAA, 0xAA, 0x0F, 0x00, 0xF8, 0x01,
    0x00, 0x00, 0x00, 0x00, 0x00, 0x00, 0x00, 0x00, 0x00, 0x00, 0x00, 0x00, 0x00, 0x00, 0x00, 0x00, 0x00, 0x01, 0x00, 0x00, 0x00, 0x00, 0x00, 0x00,
    0x00, 0x00, 0x00, 0x00, 0x00, 0x00, 0x00, 0x00, 0x00, 0x00, 0x00, 0x00, 0x00, 0x00, 0x00, 0x00, 0x00, 0x00, 0x00, 0x00, 0x00, 0x00, 0x00, 0x00,
    0x00, 0x00, 0x00, 0x00, 0x00, 0x00, 0x00, 0x00, 0x00, 0x00, 0x00, 0x00, 0x00, 0x00, 0x00, 0x00, 0x00, 0x00, 0x00, 0x00, 0x00, 0xFF, 0xFF, 0x03,
    0x00, 0x00, 0x00, 0xFF, 0xFF, 0x18, 0xFF, 0xFF, 0x97, 0xFF, 0xFF, 0xFA, 0xFF, 0xFF, 0xFF, 0xFF, 0xFF, 0xFF, 0xFF, 0xFF, 0xFB, 0xFF, 0xFF, 0xFC,
    0xFF, 0xFF, 0xFE, 0xFF, 0xFF, 0xFF, 0xFF, 0xFF, 0xFF, 0xFF, 0xFF, 0xFF, 0xFF, 0xFF, 0xFF, 0xFF, 0xFF, 0xFF, 0xFF, 0xFF, 0xFF, 0xFF, 0xFF, 0xFF,
    0xFF, 0xFF, 0xFF, 0xFF, 0xFF, 0xFF, 0xFF, 0xFF, 0xFF, 0xFF, 0xFF, 0xFF, 0xFF, 0xFF, 0xFF, 0xFF, 0xFF, 0xFE, 0xFF, 0xFF, 0xFD, 0xFF, 0xFF, 0xFC,
    0xFF, 0xFF, 0xFE, 0xFF, 0xFF, 0xFF, 0xFF, 0xFF, 0xFF, 0xFF, 0xFF, 0xCA, 0xDF, 0xFF, 0x43, 0x00, 0x00, 0x00, 0x00, 0x00, 0x00, 0xFF, 0xFF, 0x01,
    0x00, 0x00, 0x00, 0x00, 0x00, 0x00, 0x00, 0x00, 0x00, 0x00, 0x00, 0x00, 0x00, 0x00, 0x00, 0x00, 0x00, 0x00, 0x00, 0x00, 0x00, 0x00, 0x00, 0x00,
    0x00, 0x00, 0x00, 0x00, 0x00, 0x00, 0x00, 0x00, 0x00, 0x00, 0x00, 0x00, 0x00, 0x00, 0x00, 0x00, 0x00, 0x00, 0x00, 0x00, 0x00, 0x00, 0x00, 0x00,
    0x00, 0x00, 0x00, 0x00, 0x00, 0x00, 0x00, 0x00, 0x00, 0xFF, 0xFF, 0x01, 0xFF, 0xFF, 0x01, 0xFF, 0xFF, 0x02, 0xFF, 0xFF, 0xC8, 0xFF, 0xFF, 0xFE,
    0xFF, 0xFF, 0xFC, 0xFF, 0xFF, 0xFF, 0xFF, 0xFF, 0xFF, 0xFF, 0xFF, 0xFF, 0xFF, 0xFF, 0xFF, 0xFF, 0xFF, 0xFF, 0xFF, 0xFF, 0xFB, 0xFF, 0xFF, 0xFF,
    0xFF, 0xFF, 0xA5, 0x00, 0x00, 0x00, 0xFF, 0xFF, 0x03, 0x00, 0x00, 0x00, 0x00, 0x00, 0x00, 0x00, 0x00, 0x00, 0x00, 0x00, 0x00, 0x00, 0x00, 0x00,
    0x00, 0x00, 0x00, 0x00, 0x00, 0x00, 0x00, 0x00, 0x00, 0x00, 0x00, 0x00, 0x00, 0x00, 0x00, 0x00, 0x00, 0x00, 0x00, 0x00, 0x00, 0x00, 0x00, 0x00,
    0x00, 0x00, 0x00, 0x00, 0x00, 0x00, 0x00, 0x00, 0x00, 0x00, 0x00, 0x00, 0x00, 0x00, 0x00, 0x00, 0x00, 0x00, 0x00, 0x00, 0x00, 0x00, 0x00, 0x00,
    0x00, 0x00, 0x00, 0x00, 0x00, 0x00, 0x00, 0x00, 0x00, 0x00, 0x00, 0x00, 0xFF, 0xFF, 0x03, 0x00, 0x00, 0x00, 0xFF, 0xFF, 0x14, 0xFF, 0xFF, 0x88,
    0xFF, 0xFF, 0xF4, 0xFF, 0xFF, 0xFF, 0xFF, 0xFF, 0xFF, 0xFF, 0xFF, 0xFB, 0xFF, 0xFF, 0xFC, 0xFF, 0xFF, 0xFE, 0xFF, 0xFF, 0xFF, 0xFF, 0xFF, 0xFF,
    0xFF, 0xFF, 0xFF, 0xFF, 0xFF, 0xFF, 0xFF, 0xFF, 0xFF, 0xFF, 0xFF, 0xFF, 0xFF, 0xFF, 0xFF, 0xFF, 0xFF, 0xFF, 0xFF, 0xFF, 0xFF, 0xFF, 0xFF, 0xFF,
    0xFF, 0xFF, 0xFF, 0xFF, 0xFF, 0xFF, 0xFF, 0xFF, 0xFE, 0xFF, 0xFF, 0xFD, 0xFF, 0xFF, 0xFC, 0xFF, 0xFF, 0xFE, 0xFF, 0xFF, 0xFF, 0xFF, 0xFF, 0xFF,
    0xFF, 0xFF, 0xC7, 0xDF, 0xFF, 0x43, 0x00, 0x00, 0x00, 0x00, 0x00, 0x00, 0xFF, 0xFF, 0x01, 0x00, 0x00, 0x00, 0x00, 0x00, 0x00, 0x00, 0x00, 0x00,
    0x00, 0x00, 0x00, 0x00, 0x00, 0x00, 0x00, 0x00, 0x00, 0x00, 0x00, 0x00, 0x00, 0x00, 0x00, 0x00, 0x00, 0x00, 0x00, 0x00, 0x00, 0x00, 0x00, 0x00,
    0x00, 0x00, 0x00, 0x00, 0x00, 0x00, 0x00, 0x00, 0x00, 0xFF, 0xFF, 0x03, 0x00, 0x00, 0x00, 0xFF, 0xFF, 0x01, 0xFF, 0xFF, 0x5E, 0xFF, 0xFF, 0xD4,
    0xFF, 0xFF, 0xFF, 0xFF, 0xFF, 0xFF, 0xFF, 0xFF, 0xFD, 0xFF, 0xFF, 0xFC, 0xFF, 0xFF, 0xFE, 0xFF, 0xFF, 0xFF, 0xFF, 0xFF, 0xFF, 0xFF, 0xFF, 0xFF,
    0xFF, 0xFF, 0xFF, 0xFF, 0xFF, 0xFF, 0xFF, 0xFF, 0xFF, 0xFF, 0xFF, 0xFF, 0xFF, 0xFF, 0xFF, 0xFF, 0xFF, 0xFF, 0xFF, 0xFF, 0xFF, 0xFF, 0xFF, 0xFF,
    0xFF, 0xFF, 0xFF, 0xFF, 0xFF, 0xFF, 0xFF, 0xFF, 0xFE, 0xFF, 0xFF, 0xFC, 0xFF, 0xFF, 0xFB, 0xFF, 0xFF, 0xFF, 0xFF, 0xFF, 0xFF, 0xFF, 0xFF, 0xEF,
    0xFF, 0xFF, 0x7C, 0xFF, 0xFF, 0x08, 0x00, 0x00, 0x00, 0xFF, 0xFF, 0x03, 0x00, 0x00, 0x00, 0x00, 0x00, 0x00, 0x00, 0x00, 0x00, 0x00, 0x00, 0x00,
    0x00, 0x00, 0x00, 0x00, 0x00, 0x00, 0x00, 0x00, 0x00, 0x00, 0x00, 0x00, 0xFF, 0xFF, 0x03, 0x00, 0x00, 0x00, 0xFF, 0xFF, 0x9F, 0xFF, 0xFF, 0xFF,
    0xFF, 0xFF, 0xFC, 0xFF, 0xFF, 0xFF, 0xFF, 0xFF, 0xFF, 0xFF, 0xFF, 0xFF, 0xFF, 0xFF, 0xFB, 0xFF, 0xFF, 0xFF, 0x9E, 0xF7, 0x72, 0x67, 0x9A, 0x3E,
    0xCD, 0xCB, 0xC2, 0x67, 0xBA, 0xE4, 0xA4, 0xB1, 0xFE, 0xA3, 0xB1, 0xFE, 0xA3, 0xB9, 0xFE, 0xA3, 0xB9, 0xFF, 0xA3, 0xB9, 0xFF, 0xA3, 0xB9, 0xFF,
    0xA3, 0xB9, 0xFF, 0xA3, 0xB9, 0xFF, 0xA3, 0xB9, 0xFF, 0xA3, 0xB9, 0xFF, 0xA3, 0xB9, 0xFF, 0xA3, 0xB9, 0xFF, 0xA3, 0xB9, 0xFF, 0xA3, 0xB9, 0xFF,
    0xA4, 0xB9, 0xFF, 0xA4, 0xB9, 0xFF, 0xA3, 0xB9, 0xFF, 0xA3, 0xB9, 0xFF, 0xA3, 0xB9, 0xFF, 0x26, 0xBA, 0xFE, 0x4A, 0xCB, 0xCE, 0x4B, 0xBB, 0x80,
    0xEA, 0xAA, 0x1B, 0xCB, 0xA2, 0x0E, 0xAA, 0xAA, 0x09, 0x00, 0xF8, 0x01, 0x00, 0x00, 0x00, 0x00, 0x00, 0x00, 0x00, 0x00, 0x00, 0x00, 0x00, 0x01,
    0x00, 0x00, 0x00, 0x00, 0xF8, 0x01, 0xE7, 0x7B, 0x04, 0xC9, 0xA2, 0x1A, 0xA9, 0xAA, 0x21, 0xE9, 0xB2, 0x5B, 0xE9, 0xC2, 0xCF, 0x25, 0xBA, 0xFF,
    0xA3, 0xB9, 0xFE, 0xA3, 0xB9, 0xFF, 0xA3, 0xB9, 0xFF, 0xA3, 0xB9, 0xFF, 0xA3, 0xB9, 0xFF, 0xA3, 0xB9, 0xFF, 0xA3, 0xB9, 0xFE, 0xE4, 0xB9, 0xFD,
    0xA8, 0xBA, 0xAF, 0x2A, 0xAB, 0x23, 0x00, 0x00, 0x00, 0x55, 0xAD, 0x03, 0x26, 0x9A, 0x6C, 0x88, 0x9A, 0x7B, 0x86, 0x92, 0x13, 0x88, 0xA2, 0x4F,
    0x09, 0xBB, 0xA0, 0x25, 0xB2, 0xF7, 0xA3, 0xB1, 0xFF, 0xA3, 0xB1, 0xFE, 0xA3, 0xB9, 0xFF, 0xA3, 0xB9, 0xFF, 0xA3, 0xB9, 0xFF, 0xA3, 0xB1, 0xFF,
    0x83, 0xB1, 0xFF, 0xE4, 0xB9, 0xFD, 0x09, 0xC3, 0xD8, 0xE9, 0xB2, 0x6D, 0xEA, 0xA2, 0x26, 0xE4, 0xA9, 0xD8, 0xC4, 0xB1, 0xFF, 0x26, 0x9A, 0x37,
    0x00, 0x00, 0x00, 0xE0, 0xFB, 0x02, 0x00, 0x00, 0x00, 0x00, 0x00, 0x00, 0x00, 0x00, 0x01, 0x00, 0x00, 0x00, 0x49, 0x92, 0x11, 0xC8, 0x9A, 0x25,
    0xAA, 0xAA, 0x09, 0xA9, 0xA2, 0x3B, 0x09, 0xC3, 0x94, 0x66, 0xC2, 0xEA, 0xA3, 0xB1, 0xFF, 0xA3, 0xB9, 0xFE, 0xA3, 0xB9, 0xFF, 0xA3, 0xB9, 0xFF,
    0xA3, 0xB9, 0xFF, 0xA3, 0xB9, 0xFF, 0xA3, 0xB9, 0xFF, 0xA3, 0xB9, 0xFF, 0xC4, 0xB9, 0xFF, 0xE8, 0xCA, 0xD5, 0x66, 0xC2, 0xEE, 0xA3, 0xB9, 0xFF,
    0xA3, 0xB9, 0xFF, 0xA3, 0xB9, 0xFF, 0xA3, 0xB9, 0xFF, 0xA3, 0xB9, 0xFF, 0xA3, 0xB9, 0xFF, 0xC3, 0xB9, 0xFF, 0xA3, 0xB9, 0xFE, 0x05, 0xC2, 0xFF,
    0xC8, 0xBA, 0xC0, 0x0A, 0xB3, 0x34, 0xA9, 0x9A, 0x15, 0x00, 0x00, 0x00, 0x00, 0xF8, 0x01, 0x00, 0x00, 0x00, 0x00, 0x00, 0x00, 0x00, 0x00, 0x00,
    0x00, 0x00, 0x00, 0x00, 0x00, 0x00, 0x00, 0x00, 0x00, 0x00, 0x00, 0x00, 0x00, 0xF8, 0x01, 0x00, 0x00, 0x00, 0xE0, 0xFF, 0x01, 0xEF, 0xFB, 0x02,
    0x00, 0x00, 0x01, 0x00, 0x00, 0x00, 0x00, 0x00, 0x01, 0x00, 0x00, 0x00, 0x00, 0x00, 0x00, 0xEF, 0x7B, 0x02, 0xE9, 0x9A, 0x10, 0x69, 0x9A, 0x0D,
    0xA8, 0x92, 0x1B, 0x0A, 0xAB, 0x69, 0x4A, 0xB3, 0x7D, 0xE9, 0x9A, 0x63, 0x2B, 0xB3, 0x1B, 0x6B, 0xA3, 0x1C, 0xA8, 0xAA, 0x0F, 0xC9, 0x9A, 0x27,
    0x28, 0x8A, 0x12, 0xA7, 0x8A, 0x18, 0x69, 0x9A, 0x0A, 0x00, 0x00, 0x00, 0x00, 0x00, 0x00, 0x00, 0x00, 0x00, 0x00, 0x00, 0x00, 0x00, 0x00, 0x00,
    0x00, 0x00, 0x00, 0x00, 0x00, 0x00, 0x00, 0x00, 0x00, 0x00, 0x00, 0x00, 0x26, 0x9B, 0x05, 0xA8, 0xA2, 0x24, 0xE9, 0xBA, 0x9C, 0xE4, 0xB1, 0xFF,
    0x83, 0xB1, 0xFF, 0xA3, 0xB9, 0xFF, 0xA3, 0xB9, 0xFF, 0xA3, 0xB9, 0xFF, 0xA3, 0xB9, 0xFF, 0xA3, 0xB9, 0xFF, 0xA3, 0xB9, 0xFE, 0x62, 0xA9, 0xFF,
    0x26, 0xB2, 0xF1, 0x2A, 0xBB, 0x5C, 0x00, 0x00, 0x00, 0xAA, 0xFA, 0x03, 0x00, 0x00, 0x00, 0x00, 0x00, 0x00, 0x00, 0x00, 0x00, 0x00, 0x00, 0x00,
    0x00, 0x00, 0x00, 0x00, 0x00, 0x00, 0x00, 0x00, 0x00, 0x00, 0x00, 0x00, 0x00, 0x00, 0x00, 0x00, 0x00, 0x00, 0x00, 0x00, 0x00, 0x00, 0x00, 0x00,
    0x00, 0x00, 0x00, 0x00, 0x00, 0x00, 0x00, 0x00, 0x00, 0x00, 0x00, 0x00, 0x00, 0x00, 0x00, 0x00, 0x00, 0x00, 0x00, 0x00, 0x00, 0x00, 0x00, 0x00,
    0x00, 0x00, 0x00, 0xFF, 0xFF, 0x01, 0xFF, 0xFF, 0x01, 0x00, 0x00, 0x00, 0xDF, 0xFF, 0x54, 0xFF, 0xFF, 0xE3, 0xFF, 0xFF, 0xFF, 0xFF, 0xFF, 0xFF,
    0xFF, 0xFF, 0xFC, 0xFF, 0xFF, 0xFE, 0xFF, 0xFF, 0xFF, 0xFF, 0xFF, 0xFF, 0xFF, 0xFF, 0xFF, 0xFF, 0xFF, 0xFF, 0xFF, 0xFF, 0xFF, 0xFF, 0xFF, 0xFF,
    0xFF, 0xFF, 0xFF, 0xFF, 0xFF, 0xFF, 0xFF, 0xFF, 0xFF, 0xFF, 0xFF, 0xFF, 0xFF, 0xFF, 0xFF, 0xFF, 0xFF, 0xFF, 0xFF, 0xFF, 0xFF, 0xFF, 0xFF, 0xFF,
    0xFF, 0xFF, 0xFF, 0xFF, 0xFF, 0xFF, 0xFF, 0xFF, 0xFF, 0xFF, 0xFF, 0xFF, 0xFF, 0xFF, 0xFF, 0xFF, 0xFF, 0xFD, 0xFF, 0xFF, 0xFC, 0xFF, 0xFF, 0xFF,
    0xFF, 0xFF, 0xFE, 0xFF, 0xFF, 0x8E, 0xFF, 0xFF, 0x06, 0x00, 0x00, 0x00, 0xFF, 0xFF, 0x02, 0x00, 0x00, 0x00, 0x00, 0x00, 0x00, 0x00, 0x00, 0x00,
    0x00, 0x00, 0x00, 0x00, 0x00, 0x00, 0x00, 0x00, 0x00, 0x00, 0x00, 0x00, 0x00, 0x00, 0x00, 0x00, 0x00, 0x00, 0x00, 0x00, 0x00, 0x00, 0x00, 0x00,
    0x00, 0x00, 0x00, 0x00, 0x00, 0x00, 0x00, 0x00, 0x00, 0x00, 0x00, 0x00, 0x00, 0x00, 0x00, 0x00, 0x00, 0x00, 0x00, 0x00, 0x00, 0xFF, 0xFF, 0x03,
    0x00, 0x00, 0x00, 0xDF, 0xFF, 0x47, 0xFF, 0xFF, 0xFF, 0xFF, 0xFF, 0xFD, 0xFF, 0xFF, 0xFF, 0xFF, 0xFF, 0xFF, 0xFF, 0xFF, 0xFF, 0xFF, 0xFF, 0xFF,
    0xFF, 0xFF, 0xFF, 0xFF, 0xFF, 0xFF, 0xFF, 0xFF, 0xFE, 0xFF, 0xFF, 0xFE, 0xFF, 0xFF, 0xF8, 0xFF, 0xFF, 0x27, 0x00, 0x00, 0x00, 0xFF, 0xFF, 0x03,
    0x00, 0x00, 0x00, 0x00, 0x00, 0x00, 0x00, 0x00, 0x00, 0x00, 0x00, 0x00, 0x00, 0x00, 0x00, 0x00, 0x00, 0x00, 0x00, 0x00, 0x00, 0x00, 0x00, 0x00,
    0x00, 0x00, 0x00, 0x00, 0x00, 0x00, 0x00, 0x00, 0x00, 0x00, 0x00, 0x00, 0x00, 0x00, 0x00, 0x00, 0x00, 0x00, 0x00, 0x00, 0x00, 0x00, 0x00, 0x00,
    0x00, 0x00, 0x00, 0x00, 0x00, 0x00, 0x00, 0x00, 0x00, 0x00, 0x00, 0x00, 0x00, 0x00, 0x00, 0x00, 0x00, 0x00, 0xFF, 0xFF, 0x01, 0xFF, 0xFF, 0x02,
    0x00, 0x00, 0x00, 0xFF, 0xFF, 0x5B, 0xFF, 0xFF, 0xE3, 0xFF, 0xFF, 0xFF, 0xFF, 0xFF, 0xFF, 0xFF, 0xFF, 0xFB, 0xFF, 0xFF, 0xFE, 0xFF, 0xFF, 0xFF,
    0xFF, 0xFF, 0xFF, 0xFF, 0xFF, 0xFF, 0xFF, 0xFF, 0xFF, 0xFF, 0xFF, 0xFF, 0xFF, 0xFF, 0xFF, 0xFF, 0xFF, 0xFF, 0xFF, 0xFF, 0xFF, 0xFF, 0xFF, 0xFF,
    0xFF, 0xFF, 0xFF, 0xFF, 0xFF, 0xFF, 0xFF, 0xFF, 0xFF, 0xFF, 0xFF, 0xFF, 0xFF, 0xFF, 0xFF, 0xFF, 0xFF, 0xFF, 0xFF, 0xFF, 0xFF, 0xFF, 0xFF, 0xFF,
    0xFF, 0xFF, 0xFF, 0xFF, 0xFF, 0xFF, 0xFF, 0xFF, 0xFD, 0xFF, 0xFF, 0xFC, 0xFF, 0xFF, 0xFF, 0xFF, 0xFF, 0xFE, 0xFF, 0xFF, 0x8F, 0xDB, 0xDE, 0x07,
    0x00, 0x00, 0x00, 0xFF, 0xFF, 0x02, 0x00, 0x00, 0x00, 0x00, 0x00, 0x00, 0x00, 0x00, 0x00, 0x00, 0x00, 0x00, 0x00, 0x00, 0x00, 0x00, 0x00, 0x00,
    0x00, 0x00, 0x00, 0x00, 0x00, 0x00, 0x00, 0x00, 0x00, 0x00, 0x00, 0x00, 0x00, 0x00, 0x00, 0x00, 0x00, 0x00, 0xFF, 0xFF, 0x03, 0x00, 0x00, 0x00,
    0xFF, 0xFF, 0x20, 0xFF, 0xFF, 0xB6, 0xFF, 0xFF, 0xFF, 0xFF, 0xFF, 0xFF, 0xFF, 0xFF, 0xFC, 0xFF, 0xFF, 0xFD, 0xFF, 0xFF, 0xFF, 0xFF, 0xFF, 0xFF,
    0xFF, 0xFF, 0xFF, 0xFF, 0xFF, 0xFF, 0xFF, 0xFF, 0xFF, 0xFF, 0xFF, 0xFF, 0xFF, 0xFF, 0xFF, 0xFF, 0xFF, 0xFF, 0xFF, 0xFF, 0xFF, 0xFF, 0xFF, 0xFF,
    0xFF, 0xFF, 0xFF, 0xFF, 0xFF, 0xFF, 0xFF, 0xFF, 0xFF, 0xFF, 0xFF, 0xFF, 0xFF, 0xFF, 0xFF, 0xFF, 0xFF, 0xFF, 0xFF, 0xFF, 0xFF, 0xFF, 0xFF, 0xFF,
    0xFF, 0xFF, 0xFF, 0xFF, 0xFF, 0xFE, 0xFF, 0xFF, 0xFB, 0xFF, 0xFF, 0xFF, 0xFF, 0xFF, 0xFF, 0xFF, 0xFF, 0xCB, 0xFF, 0xFF, 0x36, 0x00, 0x00, 0x00,
    0xFF, 0xFF, 0x04, 0x00, 0x00, 0x00, 0x00, 0x00, 0x00, 0x00, 0x00, 0x00, 0x00, 0x00, 0x00, 0x00, 0x00, 0x00, 0x00, 0x00, 0x00, 0x00, 0x00, 0x00,
    0xFF, 0xFF, 0x03, 0x00, 0x00, 0x00, 0xFF, 0xFF, 0x9E, 0xFF, 0xFF, 0xFF, 0xFF, 0xFF, 0xFC, 0xFF, 0xFF, 0xFF, 0xFF, 0xFF, 0xFF, 0xFF, 0xFF, 0xFF,
    0xFF, 0xFF, 0xFD, 0xFF, 0xFF, 0xFF, 0x34, 0xBD, 0xAF, 0x2E, 0xD4, 0xCE, 0x66, 0xBA, 0xFF, 0x62, 0xA9, 0xFF, 0x83, 0xB1, 0xFF, 0xA3, 0xB9, 0xFF,
    0xA3, 0xB9, 0xFF, 0xA4, 0xB9, 0xFF, 0xA3, 0xB9, 0xFF, 0xA3, 0xB9, 0xFF, 0xA3, 0xB9, 0xFF, 0xA3, 0xB9, 0xFF, 0xA3, 0xB9, 0xFF, 0xA3, 0xB9, 0xFE,
    0xA3, 0xB9, 0xFF, 0xA3, 0xB9, 0xFF, 0xA3, 0xB9, 0xFF, 0xA3, 0xB9, 0xFF, 0xA3, 0xB9, 0xFF, 0xA3, 0xB9, 0xFF, 0xA3, 0xB9, 0xFF, 0xA3, 0xB9, 0xFF,
    0x83, 0xB9, 0xFF, 0x46, 0xBA, 0xFE, 0x6B, 0xD3, 0xCD, 0x4A, 0xBB, 0x89, 0x0A, 0xAB, 0x2C, 0xC9, 0xA2, 0x11, 0xA9, 0x92, 0x15, 0x00, 0xF8, 0x01,
    0x00, 0x00, 0x00, 0x00, 0x00, 0x00, 0x00, 0x00, 0x00, 0x00, 0x00, 0x00, 0x00, 0x00, 0x00, 0xA5, 0x7A, 0x06, 0x8A, 0xA2, 0x13, 0xA8, 0xAA, 0x32,
    0xA9, 0xAA, 0x4C, 0xA8, 0xB2, 0xC0, 0x46, 0xBA, 0xFA, 0xA3, 0xB1, 0xFE, 0xA3, 0xB9, 0xFF, 0xA3, 0xB9, 0xFF, 0xA3, 0xB9, 0xFF, 0xA3, 0xB9, 0xFF,
    0xA3, 0xB9, 0xFF, 0xC3, 0xB9, 0xFF, 0xA3, 0xB9, 0xFF, 0x46, 0xBA, 0xFA, 0x6B, 0xCB, 0x6A, 0xA9, 0x92, 0x15, 0xE0, 0x7B, 0x02, 0x26, 0x8A, 0x19,
    0xE4, 0xA1, 0xFF, 0x05, 0x9A, 0xB1, 0xEF, 0xBB, 0x04, 0x26, 0x92, 0x1D, 0xE9, 0xBA, 0x7C, 0x46, 0xBA, 0xEE, 0xA3, 0xB1, 0xFF, 0xA3, 0xB1, 0xFE,
    0xA3, 0xB9, 0xFF, 0xA3, 0xB9, 0xFF, 0xA3, 0xB9, 0xFF, 0xA3, 0xB1, 0xFF, 0xA3, 0xB1, 0xFE, 0xC4, 0xB9, 0xFF, 0xA8, 0xC2, 0xEB, 0x0A, 0xBB, 0x85,
    0xA9, 0x9A, 0x35, 0xC4, 0xA1, 0xDF, 0xC3, 0xB9, 0xFF, 0x06, 0xA2, 0x58, 0x00, 0x00, 0x00, 0xA0, 0xAA, 0x03, 0x00, 0x00, 0x00, 0x00, 0x00, 0x00,
    0x00, 0x00, 0x00, 0x00, 0x00, 0x00, 0x26, 0x9B, 0x05, 0x28, 0x8A, 0x0B, 0xEF, 0xBB, 0x04, 0xAA, 0xAA, 0x06, 0xC9, 0xAA, 0x53, 0x09, 0xC3, 0xE7,
    0x25, 0xBA, 0xFF, 0x83, 0xB1, 0xFE, 0xA3, 0xB9, 0xFF, 0xA3, 0xB9, 0xFF, 0xA3, 0xB9, 0xFF, 0xA3, 0xB9, 0xFF, 0xC3, 0xB9, 0xFF, 0xA3, 0xB9, 0xFF,
    0xA3, 0xB9, 0xFF, 0x66, 0xC2, 0xF4, 0x25, 0xBA, 0xFA, 0xA3, 0xB1, 0xFF, 0xA3, 0xB9, 0xFF, 0xA3, 0xB9, 0xFF, 0xA3, 0xB9, 0xFF, 0xA3, 0xB9, 0xFF,
    0xA3, 0xB9, 0xFF, 0xA3, 0xB9, 0xFF, 0xA3, 0xB9, 0xFE, 0xA3, 0xB9, 0xFF, 0x46, 0xB2, 0xF6, 0x0A, 0xBB, 0x69, 0x69, 0x9A, 0x0D, 0x00, 0x00, 0x00,
    0x00, 0xF8, 0x01, 0x00, 0x00, 0x00, 0x00, 0x00, 0x00, 0x00, 0x00, 0x00, 0x00, 0x00, 0x00, 0x00, 0x00, 0x00, 0x00, 0x00, 0x00, 0x00, 0x00, 0x00,
    0x00, 0x00, 0x00, 0x00, 0x00, 0x00, 0x00, 0xF8, 0x01, 0x00, 0x00, 0x00, 0x00, 0x00, 0x00, 0x00, 0x00, 0x00, 0x00, 0x00, 0x00, 0x00, 0x00, 0x01,
    0xFF, 0xFF, 0x01, 0x49, 0x92, 0x07, 0x88, 0x8A, 0x1F, 0x69, 0x8A, 0x10, 0x87, 0x9A, 0x19, 0x88, 0xA2, 0x87, 0xC8, 0xA2, 0x79, 0xE9, 0xA2, 0x24,
    0x26, 0x9A, 0x8F, 0x26, 0xA2, 0xC3, 0x87, 0x9A, 0x35, 0xA7, 0xAA, 0x09, 0x28, 0xA2, 0x0B, 0x68, 0x8A, 0x1D, 0x0F, 0x78, 0x02, 0x00, 0x00, 0x01,
    0x00, 0x00, 0x00, 0x00, 0x00, 0x00, 0x00, 0x00, 0x00, 0x00, 0x00, 0x00, 0x00, 0x00, 0x00, 0x00, 0x00, 0x00, 0x00, 0x00, 0x00, 0x00, 0x00, 0x00,
    0xE7, 0x99, 0x08, 0xEA, 0xB2, 0x31, 0x67, 0xB2, 0xC0, 0xA3, 0xB1, 0xFF, 0x83, 0xB1, 0xFD, 0xA3, 0xB9, 0xFF, 0xA3, 0xB9, 0xFF, 0xA3, 0xB9, 0xFF,
    0xA3, 0xB9, 0xFF, 0xA3, 0xB9, 0xFF, 0xA3, 0xB9, 0xFD, 0xC4, 0xB1, 0xFF, 0x87, 0xB2, 0xB6, 0x8C, 0xC3, 0x1B, 0xAA, 0xAA, 0x03, 0x00, 0xF8, 0x01,
    0x00, 0x00, 0x00, 0x00, 0x00, 0x00, 0x00, 0x00, 0x00, 0x00, 0x00, 0x00, 0x00, 0x00, 0x00, 0x00, 0x00, 0x00, 0x00, 0x00, 0x00, 0x00, 0x00, 0x00,
    0x00, 0x00, 0x00, 0x00, 0x00, 0x00, 0x00, 0x00, 0x00, 0x00, 0x00, 0x00, 0x00, 0x00, 0x00, 0x00, 0x00, 0x00, 0x00, 0x00, 0x00, 0x00, 0x00, 0x00,
    0x00, 0x00, 0x00, 0x00, 0x00, 0x00, 0x00, 0x00, 0x00, 0x00, 0x00, 0x00, 0xFF, 0xFF, 0x01, 0xFF, 0xFF, 0x01, 0x00, 0x00, 0x00, 0xFF, 0xFF, 0x83,
    0xFF, 0xFF, 0xFF, 0xFF, 0xFF, 0xFF, 0xFF, 0xFF, 0xFB, 0xFF, 0xFF, 0xFE, 0xFF, 0xFF, 0xFF, 0xFF, 0xFF, 0xFF, 0xFF, 0xFF, 0xFF, 0xFF, 0xFF, 0xFF,
    0xFF, 0xFF, 0xFF, 0xFF, 0xFF, 0xFF, 0xFF, 0xFF, 0xFE, 0xFF, 0xFF, 0xFC, 0xFF, 0xFF, 0xFB, 0xFF, 0xFF, 0xFB, 0xFF, 0xFF, 0xFC, 0xFF, 0xFF, 0xFC,
    0xFF, 0xFF, 0xFC, 0xFF, 0xFF, 0xFB, 0xFF, 0xFF, 0xFB, 0xFF, 0xFF, 0xFC, 0xFF, 0xFF, 0xFE, 0xFF, 0xFF, 0xFF, 0xFF, 0xFF, 0xFF, 0xFF, 0xFF, 0xFF,
    0xFF, 0xFF, 0xFF, 0xFF, 0xFF, 0xFF, 0xFF, 0xFF, 0xFF, 0xFF, 0xFF, 0xFD, 0xFF, 0xFF, 0xFE, 0xFF, 0xFF, 0xFF, 0xFF, 0xFF, 0xBA, 0xFF, 0xFF, 0x14,
    0x00, 0x00, 0x00, 0xFF, 0xFF, 0x01, 0x00, 0x00, 0x00, 0x00, 0x00, 0x00, 0x00, 0x00, 0x00, 0x00, 0x00, 0x00, 0x00, 0x00, 0x00, 0x00, 0x00, 0x00,
    0x00, 0x00, 0x00, 0x00, 0x00, 0x00, 0x00, 0x00, 0x00, 0x00, 0x00, 0x00, 0x00, 0x00, 0x00, 0x00, 0x00, 0x00, 0x00, 0x00, 0x00, 0x00, 0x00, 0x00,
    0x00, 0x00, 0x00, 0x00, 0x00, 0x00, 0x00, 0x00, 0x00, 0xFF, 0xFF, 0x02, 0x00, 0x00, 0x00, 0xFF, 0xFF, 0xBD, 0xFF, 0xFF, 0xFF, 0xFF, 0xFF, 0xFC,
    0xFF, 0xFF, 0xFF, 0xFF, 0xFF, 0xFF, 0xFF, 0xFF, 0xFF, 0xFF, 0xFF, 0xFF, 0xFF, 0xFF, 0xFF, 0xFF, 0xFF, 0xFF, 0xFF, 0xFF, 0xFF, 0xFF, 0xFF, 0xFB,
    0xFF, 0xFF, 0xFF, 0xFF, 0xFF, 0x8D, 0x00, 0x00, 0x00, 0xFF, 0xFF, 0x03, 0x00, 0x00, 0x00, 0x00, 0x00, 0x00, 0x00, 0x00, 0x00, 0x00, 0x00, 0x00,
    0x00, 0x00, 0x00, 0x00, 0x00, 0x00, 0x00, 0x00, 0x00, 0x00, 0x00, 0x00, 0x00, 0x00, 0x00, 0x00, 0x00, 0x00, 0x00, 0x00, 0x00, 0x00, 0x00, 0x00,
    0x00, 0x00, 0x00, 0x00, 0x00, 0x00, 0x00, 0x00, 0x00, 0x00, 0x00, 0x00, 0x00, 0x00, 0x00, 0x00, 0x00, 0x00, 0x00, 0x00, 0x00, 0x00, 0x00, 0x00,
    0x00, 0x00, 0x00, 0xFF, 0xFF, 0x01, 0xFF, 0xFF, 0x01, 0x00, 0x00, 0x00, 0xFF, 0xFF, 0x86, 0xFF, 0xFF, 0xFF, 0xFF, 0xFF, 0xFF, 0xFF, 0xFF, 0xFB,
    0xFF, 0xFF, 0xFE, 0xFF, 0xFF, 0xFF, 0xFF, 0xFF, 0xFF, 0xFF, 0xFF, 0xFF, 0xFF, 0xFF, 0xFF, 0xFF, 0xFF, 0xFF, 0xFF, 0xFF, 0xFF, 0xFF, 0xFF, 0xFE,
    0xFF, 0xFF, 0xFC, 0xFF, 0xFF, 0xFB, 0xFF, 0xFF, 0xFC, 0xFF, 0xFF, 0xFC, 0xFF, 0xFF, 0xFC, 0xFF, 0xFF, 0xFC, 0xFF, 0xFF, 0xFB, 0xFF, 0xFF, 0xFB,
    0xFF, 0xFF, 0xFD, 0xFF, 0xFF, 0xFE, 0xFF, 0xFF, 0xFF, 0xFF, 0xFF, 0xFF, 0xFF, 0xFF, 0xFF, 0xFF, 0xFF, 0xFF, 0xFF, 0xFF, 0xFF, 0xFF, 0xFF, 0xFF,
    0xFF, 0xFF, 0xFD, 0xFF, 0xFF, 0xFE, 0xFF, 0xFF, 0xFF, 0xFF, 0xFF, 0xBB, 0xFF, 0xFF, 0x11, 0x00, 0x00, 0x00, 0xFF, 0xFF, 0x01, 0x00, 0x00, 0x00,
    0x00, 0x00, 0x00, 0x00, 0x00, 0x00, 0x00, 0x00, 0x00, 0x00, 0x00, 0x00, 0x00, 0x00, 0x00, 0x00, 0x00, 0x00, 0x00, 0x00, 0x00, 0x00, 0x00, 0x00,
    0x00, 0x00, 0x00, 0xFF, 0xFF, 0x03, 0x00, 0x00, 0x00, 0xFF, 0xFF, 0x3F, 0xFF, 0xFF, 0xE3, 0xFF, 0xFF, 0xFF, 0xFF, 0xFF, 0xFB, 0xFF, 0xFF, 0xFD,
    0xFF, 0xFF, 0xFF, 0xFF, 0xFF, 0xFF, 0xFF, 0xFF, 0xFF, 0xFF, 0xFF, 0xFF, 0xFF, 0xFF, 0xFF, 0xFF, 0xFF, 0xFF, 0xFF, 0xFF, 0xFE, 0xFF, 0xFF, 0xFD,
    0xFF, 0xFF, 0xFB, 0xFF, 0xFF, 0xFB, 0xFF, 0xFF, 0xFC, 0xFF, 0xFF, 0xFC, 0xFF, 0xFF, 0xFC, 0xFF, 0xFF, 0xFB, 0xFF, 0xFF, 0xFB, 0xFF, 0xFF, 0xFC,
    0xFF, 0xFF, 0xFE, 0xFF, 0xFF, 0xFF, 0xFF, 0xFF, 0xFF, 0xFF, 0xFF, 0xFF, 0xFF, 0xFF, 0xFF, 0xFF, 0xFF, 0xFF, 0xFF, 0xFF, 0xFF, 0xFF, 0xFF, 0xFE,
    0xFF, 0xFF, 0xFB, 0xFF, 0xFF, 0xFF, 0xFF, 0xFF, 0xF5, 0xFF, 0xFF, 0x55, 0x00, 0x00, 0x00, 0xFF, 0xFF, 0x02, 0x00, 0x00, 0x00, 0x00, 0x00, 0x00,
    0x00, 0x00, 0x00, 0x00, 0x00, 0x00, 0x00, 0x00, 0x00, 0x00, 0x00, 0x00, 0xFF, 0xFF, 0x03, 0x00, 0x00, 0x00, 0xFF, 0xFF, 0x9E, 0xFF, 0xFF, 0xFF,
    0xFF, 0xFF, 0xFC, 0xFF, 0xFF, 0xFF, 0xFF, 0xFF, 0xFF, 0xFF, 0xFF, 0xFF, 0xFF, 0xFF, 0xFF, 0x13, 0xAD, 0xFF, 0x2B, 0x93, 0xF7, 0xED, 0xDB, 0xFF,
    0x42, 0xA9, 0xFE, 0xA3, 0xB1, 0xFE, 0x83, 0xB1, 0xFF, 0xA3, 0xB9, 0xFF, 0xA3, 0xB9, 0xFF, 0xA3, 0xB9, 0xFF, 0xA3, 0xB9, 0xFF, 0xA3, 0xB9, 0xFF,
    0xA3, 0xB9, 0xFF, 0x83, 0xB1, 0xFE, 0xA3, 0xB1, 0xFE, 0xA3, 0xB1, 0xFF, 0xA3, 0xB9, 0xFF, 0xA3, 0xB9, 0xFF, 0xA3, 0xB9, 0xFF, 0xA3, 0xB9, 0xFF,
    0xA3, 0xB9, 0xFF, 0xA3, 0xB9, 0xFF, 0xA3, 0xB9, 0xFF, 0xA3, 0xB9, 0xFF, 0xA3, 0xB9, 0xFE, 0xE4, 0xB9, 0xFF, 0x09, 0xCB, 0xE3, 0x2A, 0xBB, 0x8C,
    0xC9, 0xAA, 0x2A, 0xC9, 0xA2, 0x0E, 0xC9, 0xA2, 0x0E, 0x00, 0x00, 0x00, 0x00, 0x00, 0x00, 0x00, 0x78, 0x02, 0x00, 0x00, 0x00, 0x64, 0x71, 0x4B,
    0xA5, 0x79, 0x26, 0x2C, 0xB3, 0x0A, 0xA8, 0xA2, 0x1E, 0x88, 0xA2, 0x48, 0x0A, 0xC3, 0x78, 0x87, 0xBA, 0xCE, 0xC4, 0xB9, 0xFF, 0xA3, 0xB9, 0xFE,
    0xA3, 0xB9, 0xFF, 0xA3, 0xB9, 0xFF, 0xA3, 0xB9, 0xFF, 0xA3, 0xB9, 0xFF, 0xA3, 0xB9, 0xFF, 0xA3, 0xB9, 0xFD, 0xC4, 0xB9, 0xFE, 0x67, 0xBA, 0xCB,
    0x2A, 0xBB, 0x3A, 0x00, 0xA8, 0x03, 0x00, 0x00, 0x00, 0x04, 0xA2, 0x53, 0x04, 0xB2, 0xFF, 0x05, 0xA2, 0xAD, 0x2A, 0x9B, 0x0F, 0x68, 0x9A, 0x50,
    0xC9, 0xB2, 0x8C, 0x66, 0xBA, 0xE4, 0xA3, 0xB1, 0xFF, 0xA3, 0xB1, 0xFE, 0xA3, 0xB9, 0xFF, 0xA3, 0xB9, 0xFF, 0xA3, 0xB9, 0xFF, 0xA3, 0xB1, 0xFF,
    0xA3, 0xB1, 0xFF, 0xC4, 0xB9, 0xFF, 0x67, 0xBA, 0xFB, 0x0A, 0xBB, 0x9C, 0xC9, 0xA2, 0x37, 0xC4, 0xA1, 0xE0, 0xC3, 0xC1, 0xFC, 0xE5, 0x99, 0x81,
    0x00, 0x00, 0x00, 0xE7, 0x79, 0x04, 0x00, 0x00, 0x00, 0x00, 0x00, 0x00, 0x00, 0x00, 0x00, 0x00, 0x00, 0x00, 0x00, 0x00, 0x00, 0x00, 0x00, 0x00,
    0x00, 0x00, 0x01, 0xAA, 0xAA, 0x09, 0xA9, 0xAA, 0x49, 0xC9, 0xBA, 0xB8, 0x25, 0xBA, 0xFF, 0xA3, 0xB1, 0xFF, 0xA3, 0xB9, 0xFF, 0xA3, 0xB9, 0xFF,
    0xA3, 0xB9, 0xFF, 0xA3, 0xB9, 0xFF, 0xA4, 0xB9, 0xFF, 0xA3, 0xB1, 0xFF, 0xC4, 0xB9, 0xFF, 0x87, 0xC2, 0xF4, 0x25, 0xBA, 0xF0, 0xC4, 0xB9, 0xFF,
    0xA3, 0xB9, 0xFF, 0xA3, 0xB9, 0xFF, 0xA3, 0xB9, 0xFF, 0xA3, 0xB9, 0xFF, 0xA3, 0xB9, 0xFF, 0xA3, 0xB9, 0xFF, 0xA3, 0xB9, 0xFE, 0xA3, 0xB9, 0xFF,
    0x05, 0xB2, 0xFB, 0x0A, 0xC3, 0x6B, 0x49, 0x92, 0x11, 0x00, 0x00, 0x00, 0x00, 0x00, 0x00, 0x00, 0x00, 0x01, 0x00, 0x00, 0x00, 0x00, 0x00, 0x00,
    0xEF, 0x7B, 0x02, 0x00, 0xF8, 0x01, 0x00, 0x00, 0x00, 0x49, 0x92, 0x07, 0x88, 0x92, 0x22, 0xEF, 0x7B, 0x02, 0x00, 0x00, 0x00, 0x00, 0x00, 0x00,
    0x49, 0x92, 0x07, 0x00, 0x00, 0x00, 0x00, 0x00, 0x00, 0x00, 0x00, 0x00, 0x00, 0x00, 0x00, 0x86, 0x99, 0x05, 0x88, 0x92, 0x52, 0x4A, 0x93, 0x16,
    0x26, 0x92, 0x4C, 0x67, 0xA2, 0xFF, 0xC8, 0xAA, 0x56, 0x69, 0xB3, 0x07, 0x05, 0x92, 0xB6, 0x06, 0x9A, 0xF4, 0x47, 0x92, 0x2C, 0x00, 0x00, 0x00,
    0x00, 0x78, 0x02, 0x00, 0x00, 0x00, 0x00, 0x00, 0x00, 0x00, 0x00, 0x00, 0x00, 0x00, 0x00, 0x00, 0x00, 0x00, 0x00, 0x00, 0x00, 0x00, 0x00, 0x00,
    0x00, 0x00, 0x00, 0x00, 0x00, 0x00, 0x00, 0x78, 0x02, 0x00, 0x00, 0x00, 0x88, 0xA2, 0x16, 0x09, 0xBB, 0x57, 0x66, 0xBA, 0xDB, 0xA3, 0xB1, 0xFF,
    0xA3, 0xB1, 0xFD, 0xA3, 0xB9, 0xFF, 0xA3, 0xB9, 0xFF, 0xA3, 0xB9, 0xFF, 0xA3, 0xB9, 0xFF, 0xA3, 0xB9, 0xFE, 0xA3, 0xB9, 0xFF, 0x25, 0xBA, 0xF6,
    0x2A, 0xCB, 0x88, 0x89, 0xA2, 0x1F, 0x00, 0x00, 0x00, 0x00, 0xF8, 0x01, 0x00, 0x00, 0x00, 0x00, 0xF8, 0x01, 0x00, 0x00, 0x01, 0xAA, 0xAA, 0x09,
    0xC4, 0x91, 0xAA, 0xC4, 0x91, 0x9F, 0xAA, 0x52, 0x03, 0x00, 0x00, 0x01, 0x00, 0x00, 0x01, 0x00, 0x00, 0x00, 0x00, 0x00, 0x00, 0x00, 0x00, 0x00,
    0x00, 0x00, 0x00, 0x00, 0x00, 0x00, 0x00, 0x00, 0x00, 0x00, 0x00, 0x00, 0x00, 0x00, 0x00, 0x00, 0x00, 0x00, 0x00, 0x00, 0x00, 0xFF, 0xFF, 0x01,
    0xFF, 0xFF, 0x02, 0xFF, 0xFF, 0x03, 0xFF, 0xFF, 0xA2, 0xFF, 0xFF, 0xFF, 0xFF, 0xFF, 0xFD, 0xFF, 0xFF, 0xFD, 0xFF, 0xFF, 0xFF, 0xFF, 0xFF, 0xFF,
    0xFF, 0xFF, 0xFF, 0xFF, 0xFF, 0xFF, 0xFF, 0xFF, 0xFF, 0xFF, 0xFF, 0xFF, 0xFF, 0xFF, 0xFC, 0xFF, 0xFF, 0xFD, 0xFF, 0xFF, 0xFF, 0xFF, 0xFF, 0xFF,
    0xFF, 0xFF, 0xFF, 0xFF, 0xFF, 0xFF, 0xFF, 0xFF, 0xFF, 0xFF, 0xFF, 0xFF, 0xFF, 0xFF, 0xFF, 0xFF, 0xFF, 0xFF, 0xFF, 0xFF, 0xFF, 0xFF, 0xFF, 0xFF,
    0xFF, 0xFF, 0xFF, 0xFF, 0xFF, 0xFC, 0xFF, 0xFF, 0xFD, 0xFF, 0xFF, 0xFF, 0xFF, 0xFF, 0xFF, 0xFF, 0xFF, 0xFF, 0xFF, 0xFF, 0xFF, 0xFF, 0xFF, 0xFF,
    0xFF, 0xFF, 0xFE, 0xFF, 0xFF, 0xFB, 0xFF, 0xFF, 0xFF, 0xFF, 0xFF, 0xD2, 0xDF, 0xFF, 0x27, 0xFF, 0xFF, 0x01, 0xFF, 0xFF, 0x02, 0x00, 0x00, 0x00,
    0x00, 0x00, 0x00, 0x00, 0x00, 0x00, 0x00, 0x00, 0x00, 0x00, 0x00, 0x00, 0x00, 0x00, 0x00, 0x00, 0x00, 0x00, 0x00, 0x00, 0x00, 0x00, 0x00, 0x00,
    0x00, 0x00, 0x00, 0x00, 0x00, 0x00, 0x00, 0x00, 0x00, 0x00, 0x00, 0x00, 0x00, 0x00, 0x00, 0x00, 0x00, 0x00, 0xFF, 0xFF, 0x03, 0x00, 0x00, 0x00,
    0xDF, 0xFF, 0x36, 0xFF, 0xFF, 0xFD, 0xFF, 0xFF, 0xFE, 0xFF, 0xFF, 0xFE, 0xFF, 0xFF, 0xFF, 0xFF, 0xFF, 0xFF, 0xFF, 0xFF, 0xFF, 0xFF, 0xFF, 0xFF,
    0xFF, 0xFF, 0xFF, 0xFF, 0xFF, 0xFF, 0xFF, 0xFF, 0xFF, 0xFF, 0xFF, 0xFE, 0xFF, 0xFF, 0xFF, 0xFF, 0xFF, 0xE9, 0xFF, 0xFF, 0x13, 0xFF, 0xFF, 0x01,
    0xFF, 0xFF, 0x01, 0x00, 0x00, 0x00, 0x00, 0x00, 0x00, 0x00, 0x00, 0x00, 0x00, 0x00, 0x00, 0x00, 0x00, 0x00, 0x00, 0x00, 0x00, 0x00, 0x00, 0x00,
    0x00, 0x00, 0x00, 0x00, 0x00, 0x00, 0x00, 0x00, 0x00, 0x00, 0x00, 0x00, 0x00, 0x00, 0x00, 0x00, 0x00, 0x00, 0x00, 0x00, 0x00, 0x00, 0x00, 0x00,
    0x00, 0x00, 0x00, 0x00, 0x00, 0x00, 0x00, 0x00, 0x00, 0x00, 0x00, 0x00, 0xFF, 0xFF, 0x01, 0xFF, 0xFF, 0x02, 0xFF, 0xFF, 0x02, 0xFF, 0xFF, 0x9F,
    0xFF, 0xFF, 0xFF, 0xFF, 0xFF, 0xFD, 0xFF, 0xFF, 0xFD, 0xFF, 0xFF, 0xFF, 0xFF, 0xFF, 0xFF, 0xFF, 0xFF, 0xFF, 0xFF, 0xFF, 0xFF, 0xFF, 0xFF, 0xFF,
    0xFF, 0xFF, 0xFF, 0xFF, 0xFF, 0xFD, 0xFF, 0xFF, 0xFC, 0xFF, 0xFF, 0xFF, 0xFF, 0xFF, 0xFF, 0xFF, 0xFF, 0xFF, 0xFF, 0xFF, 0xFF, 0xFF, 0xFF, 0xFF,
    0xFF, 0xFF, 0xFF, 0xFF, 0xFF, 0xFF, 0xFF, 0xFF, 0xFF, 0xFF, 0xFF, 0xFF, 0xFF, 0xFF, 0xFF, 0xFF, 0xFF, 0xFF, 0xFF, 0xFF, 0xFB, 0xFF, 0xFF, 0xFD,
    0xFF, 0xFF, 0xFF, 0xFF, 0xFF, 0xFF, 0xFF, 0xFF, 0xFF, 0xFF, 0xFF, 0xFF, 0xFF, 0xFF, 0xFF, 0xFF, 0xFF, 0xFE, 0xFF, 0xFF, 0xFB, 0xFF, 0xFF, 0xFF,
    0xFF, 0xFF, 0xCF, 0xFF, 0xFF, 0x28, 0xFF, 0xFF, 0x01, 0xFF, 0xFF, 0x02, 0x00, 0x00, 0x00, 0x00, 0x00, 0x00, 0x00, 0x00, 0x00, 0x00, 0x00, 0x00,
    0x00, 0x00, 0x00, 0x00, 0x00, 0x00, 0x00, 0x00, 0x00, 0x00, 0x00, 0x00, 0xFF, 0xFF, 0x04, 0x00, 0x00, 0x00, 0xDF, 0xFF, 0x4B, 0xFF, 0xFF, 0xF6,
    0xFF, 0xFF, 0xFF, 0xFF, 0xFF, 0xFB, 0xFF, 0xFF, 0xFF, 0xFF, 0xFF, 0xFF, 0xFF, 0xFF, 0xFF, 0xFF, 0xFF, 0xFF, 0xFF, 0xFF, 0xFF, 0xFF, 0xFF, 0xFF,
    0xFF, 0xFF, 0xFD, 0xFF, 0xFF, 0xFB, 0xFF, 0xFF, 0xFF, 0xFF, 0xFF, 0xFF, 0xFF, 0xFF, 0xFF, 0xFF, 0xFF, 0xFF, 0xFF, 0xFF, 0xFF, 0xFF, 0xFF, 0xFF,
    0xFF, 0xFF, 0xFF, 0xFF, 0xFF, 0xFF, 0xFF, 0xFF, 0xFF, 0xFF, 0xFF, 0xFF, 0xFF, 0xFF, 0xFF, 0xFF, 0xFF, 0xFD, 0xFF, 0xFF, 0xFC, 0xFF, 0xFF, 0xFE,
    0xFF, 0xFF, 0xFF, 0xFF, 0xFF, 0xFF, 0xFF, 0xFF, 0xFF, 0xFF, 0xFF, 0xFF, 0xFF, 0xFF, 0xFF, 0xFF, 0xFF, 0xFC, 0xFF, 0xFF, 0xFF, 0xFF, 0xFF, 0xFB,
    0xFF, 0xFF, 0x69, 0xFF, 0xFF, 0x01, 0xFF, 0xFF, 0x02, 0x00, 0x00, 0x00, 0x00, 0x00, 0x00, 0x00, 0x00, 0x00, 0x00, 0x00, 0x00, 0x00, 0x00, 0x00,
    0xFF, 0xFF, 0x03, 0x00, 0x00, 0x00, 0xFF, 0xFF, 0x9F, 0xFF, 0xFF, 0xFF, 0xFF, 0xFF, 0xFC, 0xFF, 0xFF, 0xFF, 0xFF, 0xFF, 0xFF, 0xFF, 0xFF, 0xFF,
    0x5D, 0xEF, 0xFF, 0xA2, 0x38, 0xFF, 0x0A, 0xA3, 0xFF, 0x67, 0xBA, 0xFE, 0x62, 0xB1, 0xFF, 0x83, 0xB1, 0xFF, 0xA3, 0xB1, 0xFF, 0xA3, 0xB9, 0xFF,
    0xA3, 0xB9, 0xFF, 0xA3, 0xB9, 0xFF, 0xA3, 0xB9, 0xFF, 0xA3, 0xB9, 0xFF, 0x82, 0xB1, 0xFE, 0x82, 0xB1, 0xFF, 0xC3, 0xB1, 0xFF, 0x87, 0xC2, 0xF2,
    0x25, 0xBA, 0xF5, 0xA3, 0xB1, 0xFF, 0x83, 0xB9, 0xFF, 0xA3, 0xB9, 0xFF, 0xA3, 0xB9, 0xFF, 0xA3, 0xB9, 0xFF, 0xA3, 0xB9, 0xFF, 0xA3, 0xB9, 0xFF,
    0xA3, 0xB9, 0xFE, 0x83, 0xB1, 0xFF, 0x25, 0xB2, 0xF7, 0x6A, 0xCB, 0x9B, 0xC9, 0xAA, 0x35, 0xC9, 0x92, 0x0E, 0x69, 0xB2, 0x0A, 0x00, 0xF8, 0x01,
    0x00, 0x00, 0x01, 0x00, 0x00, 0x00, 0x00, 0xF8, 0x01, 0x85, 0x79, 0x1E, 0xE6, 0x89, 0x18, 0x68, 0xA2, 0x24, 0x88, 0xAA, 0x47, 0xE9, 0xBA, 0x71,
    0x46, 0xB2, 0xD8, 0xC4, 0xB1, 0xFF, 0x83, 0xB1, 0xFE, 0xA3, 0xB9, 0xFF, 0xA3, 0xB9, 0xFF, 0xA3, 0xB9, 0xFF, 0xA3, 0xB9, 0xFF, 0xA3, 0xB9, 0xFF,
    0xA3, 0xB9, 0xFF, 0xA3, 0xB1, 0xFE, 0x05, 0xBA, 0xFF, 0x0A, 0xC3, 0x8F, 0xEA, 0xA2, 0x23, 0x27, 0x92, 0x20, 0x47, 0x82, 0x11, 0xE4, 0x91, 0x5D,
    0x04, 0xA2, 0xE1, 0x05, 0x9A, 0x3E, 0x29, 0xB3, 0x0A, 0x47, 0x9A, 0x2A, 0xC9, 0xB2, 0x63, 0x87, 0xC2, 0xC8, 0xA3, 0xB1, 0xFF, 0xA3, 0xB1, 0xFE,
    0xA3, 0xB9, 0xFF, 0xA3, 0xB9, 0xFF, 0xA3, 0xB9, 0xFF, 0xA3, 0xB1, 0xFF, 0xA3, 0xB9, 0xFF, 0xC4, 0xB9, 0xFF, 0xE8, 0xCA, 0xEE, 0x09, 0xBB, 0xB7,
    0xEB, 0xA2, 0x28, 0xC4, 0x99, 0xA7, 0xE4, 0xB9, 0xFF, 0xE5, 0x99, 0x77, 0x00, 0x00, 0x00, 0xE7, 0x79, 0x04, 0x00, 0x00, 0x00, 0x00, 0x00, 0x00,
    0x00, 0x00, 0x00, 0x00, 0x00, 0x00, 0x00, 0xF8, 0x01, 0x00, 0xF8, 0x01, 0xAA, 0xAA, 0x06, 0x48, 0xAA, 0x1B, 0x89, 0xAA, 0x22, 0xE9, 0xBA, 0x8B,
    0x26, 0xBA, 0xFD, 0xA3, 0xB9, 0xFE, 0xA3, 0xB9, 0xFF, 0xA3, 0xB9, 0xFF, 0xA3, 0xB9, 0xFF, 0xA3, 0xB9, 0xFF, 0xA3, 0xB9, 0xFF, 0xA3, 0xB1, 0xFE,
    0xE4, 0xB9, 0xFF, 0xA7, 0xC2, 0xDC, 0xA7, 0xC2, 0xCA, 0xE4, 0xB9, 0xFF, 0xA3, 0xB9, 0xFE, 0xA3, 0xB9, 0xFF, 0xA3, 0xB9, 0xFF, 0xA3, 0xB9, 0xFF,
    0xA3, 0xB9, 0xFF, 0xA4, 0xB9, 0xFF, 0xC4, 0xB9, 0xFF, 0xA3, 0xB9, 0xFE, 0x04, 0xBA, 0xFF, 0xC8, 0xBA, 0x93, 0x4D, 0x92, 0x07, 0x00, 0xF8, 0x02,
    0xE7, 0xBB, 0x04, 0x00, 0x00, 0x00, 0x00, 0x00, 0x00, 0xEF, 0x7B, 0x02, 0xAA, 0xAA, 0x03, 0xE7, 0x79, 0x08, 0xAA, 0x92, 0x0C, 0x69, 0x9A, 0x10,
    0xAA, 0xA2, 0x29, 0xC9, 0xA2, 0x14, 0xA9, 0xA2, 0x1D, 0xE9, 0xAA, 0x18, 0x69, 0xB2, 0x0A, 0xC9, 0xA2, 0x0E, 0xE7, 0xB9, 0x04, 0xA8, 0x9A, 0x0F,
    0xE8, 0x8A, 0x0B, 0x00, 0x00, 0x00, 0x88, 0x8A, 0x23, 0x68, 0x82, 0x41, 0x66, 0x9A, 0x17, 0x67, 0x92, 0x6B, 0xC9, 0xAA, 0x1C, 0xA7, 0xAA, 0x09,
    0xE9, 0xAA, 0x10, 0x68, 0x92, 0x1D, 0xEF, 0x7B, 0x02, 0x00, 0x00, 0x00, 0x00, 0x00, 0x00, 0x00, 0x00, 0x01, 0x00, 0x00, 0x00, 0x00, 0x00, 0x00,
    0x00, 0x00, 0x00, 0x00, 0x00, 0x00, 0x00, 0x00, 0x00, 0x00, 0x00, 0x00, 0x00, 0x00, 0x00, 0x00, 0x00, 0x00, 0x00, 0x00, 0x00, 0xAA, 0xAA, 0x06,
    0x87, 0x9A, 0x26, 0xC8, 0xBA, 0x99, 0x25, 0xBA, 0xFC, 0xA3, 0xB1, 0xFE, 0xA3, 0xB1, 0xFE, 0xA3, 0xB9, 0xFF, 0xA3, 0xB9, 0xFF, 0xA3, 0xB9, 0xFF,
    0xA3, 0xB9, 0xFF, 0xA3, 0xB9, 0xFE, 0xC4, 0xB9, 0xFF, 0xC8, 0xC2, 0xC5, 0x0B, 0xBB, 0x4E, 0x00, 0x50, 0x03, 0x00, 0x00, 0x00, 0x00, 0x00, 0x00,
    0x00, 0x00, 0x00, 0x00, 0x78, 0x02, 0x00, 0x00, 0x00, 0x87, 0x92, 0x16, 0xA4, 0x91, 0xF6, 0xA4, 0x89, 0xE3, 0x28, 0x5A, 0x0B, 0x00, 0x00, 0x01,
    0x00, 0xF8, 0x01, 0x00, 0x00, 0x00, 0x00, 0x00, 0x00, 0x00, 0x00, 0x00, 0x00, 0x00, 0x00, 0x00, 0x00, 0x00, 0x00, 0x00, 0x00, 0x00, 0x00, 0x00,
    0x00, 0x00, 0x00, 0x00, 0x00, 0x00, 0xFF, 0xFF, 0x01, 0xFF, 0xFF, 0x03, 0x00, 0x00, 0x00, 0xFF, 0xFF, 0x9F, 0xFF, 0xFF, 0xFF, 0xFF, 0xFF, 0xFA,
    0xFF, 0xFF, 0xFE, 0xFF, 0xFF, 0xFF, 0xFF, 0xFF, 0xFF, 0xFF, 0xFF, 0xFF, 0xFF, 0xFF, 0xFF, 0xFF, 0xFF, 0xFF, 0xFF, 0xFF, 0xFD, 0xFF, 0xFF, 0xFE,
    0xFF, 0xFF, 0xFF, 0xFF, 0xFF, 0xFF, 0xFF, 0xFF, 0xED, 0xFF, 0xFF, 0xB9, 0xFF, 0xFF, 0x91, 0xFF, 0xFF, 0x81, 0xFF, 0xFF, 0x68, 0xFF, 0xFF, 0x66,
    0xFF, 0xFF, 0x6E, 0xFF, 0xFF, 0x7E, 0xFF, 0xFF, 0x9B, 0xFF, 0xFF, 0xC7, 0xFF, 0xFF, 0xF6, 0xFF, 0xFF, 0xFF, 0xFF, 0xFF, 0xFF, 0xFF, 0xFF, 0xFC,
    0xFF, 0xFF, 0xFE, 0xFF, 0xFF, 0xFF, 0xFF, 0xFF, 0xFF, 0xFF, 0xFF, 0xFF, 0xFF, 0xFF, 0xFF, 0xFF, 0xFF, 0xFD, 0xFF, 0xFF, 0xFD, 0xFF, 0xFF, 0xF7,
    0xFF, 0xFF, 0x39, 0x00, 0x00, 0x00, 0xFF, 0xFF, 0x02, 0x00, 0x00, 0x00, 0x00, 0x00, 0x00, 0x00, 0x00, 0x00, 0x00, 0x00, 0x00, 0x00, 0x00, 0x00,
    0x00, 0x00, 0x00, 0x00, 0x00, 0x00, 0x00, 0x00, 0x00, 0x00, 0x00, 0x00, 0x00, 0x00, 0x00, 0x00, 0x00, 0x00, 0x00, 0x00, 0x00, 0x00, 0x00, 0x00,
    0x00, 0x00, 0x00, 0x00, 0x00, 0x00, 0xFF, 0xFF, 0x03, 0x00, 0x00, 0x00, 0xFF, 0xFF, 0xA4, 0xFF, 0xFF, 0xFF, 0xFF, 0xFF, 0xFC, 0xFF, 0xFF, 0xFF,
    0xFF, 0xFF, 0xFF, 0xFF, 0xFF, 0xFF, 0xFF, 0xFF, 0xFF, 0xFF, 0xFF, 0xFE, 0xFF, 0xFF, 0xFF, 0xFF, 0xFF, 0xFF, 0xFF, 0xFF, 0xFF, 0xFF, 0xFF, 0xFF,
    0xFF, 0xFF, 0xFC, 0xFF, 0xFF, 0xFF, 0xFF, 0xFF, 0x6A, 0x00, 0x00, 0x00, 0xFF, 0xFF, 0x03, 0x00, 0x00, 0x00, 0x00, 0x00, 0x00, 0x00, 0x00, 0x00,
    0x00, 0x00, 0x00, 0x00, 0x00, 0x00, 0x00, 0x00, 0x00, 0x00, 0x00, 0x00, 0x00, 0x00, 0x00, 0x00, 0x00, 0x00, 0x00, 0x00, 0x00, 0x00, 0x00, 0x00,
    0x00, 0x00, 0x00, 0x00, 0x00, 0x00, 0x00, 0x00, 0x00, 0x00, 0x00, 0x00, 0x00, 0x00, 0x00, 0x00, 0x00, 0x00, 0x00, 0x00, 0x00, 0xFF, 0xFF, 0x01,
    0xFF, 0xFF, 0x03, 0x00, 0x00, 0x00, 0xFF, 0xFF, 0x99, 0xFF, 0xFF, 0xFF, 0xFF, 0xFF, 0xFB, 0xFF, 0xFF, 0xFE, 0xFF, 0xFF, 0xFF, 0xFF, 0xFF, 0xFF,
    0xFF, 0xFF, 0xFF, 0xFF, 0xFF, 0xFF, 0xFF, 0xFF, 0xFF, 0xFF, 0xFF, 0xFD, 0xFF, 0xFF, 0xFD, 0xFF, 0xFF, 0xFF, 0xFF, 0xFF, 0xFF, 0xFF, 0xFF, 0xEE,
    0xFF, 0xFF, 0xBE, 0xFF, 0xFF, 0x93, 0xFF, 0xFF, 0x77, 0xFF, 0xFF, 0x68, 0xFF, 0xFF, 0x63, 0xFF, 0xFF, 0x71, 0xFF, 0xFF, 0x86, 0xFF, 0xFF, 0xA6,
    0xFF, 0xFF, 0xD2, 0xFF, 0xFF, 0xFB, 0xFF, 0xFF, 0xFF, 0xFF, 0xFF, 0xFF, 0xFF, 0xFF, 0xFC, 0xFF, 0xFF, 0xFE, 0xFF, 0xFF, 0xFF, 0xFF, 0xFF, 0xFF,
    0xFF, 0xFF, 0xFF, 0xFF, 0xFF, 0xFF, 0xFF, 0xFF, 0xFC, 0xFF, 0xFF, 0xFF, 0xFF, 0xFF, 0xF0, 0xFF, 0xFF, 0x34, 0x00, 0x00, 0x00, 0xFF, 0xFF, 0x02,
    0x00, 0x00, 0x00, 0x00, 0x00, 0x00, 0x00, 0x00, 0x00, 0x00, 0x00, 0x00, 0x00, 0x00, 0x00, 0x00, 0x00, 0x00, 0x00, 0x00, 0x00, 0xFF, 0xFF, 0x02,
    0x00, 0x00, 0x00, 0xFF, 0xFF, 0x41, 0xFF, 0xFF, 0xF6, 0xFF, 0xFF, 0xFF, 0xFF, 0xFF, 0xFC, 0xFF, 0xFF, 0xFF, 0xFF, 0xFF, 0xFF, 0xFF, 0xFF, 0xFF,
    0xFF, 0xFF, 0xFF, 0xFF, 0xFF, 0xFF, 0xFF, 0xFF, 0xFE, 0xFF, 0xFF, 0xFC, 0xFF, 0xFF, 0xFF, 0xFF, 0xFF, 0xFF, 0xFF, 0xFF, 0xFD, 0xFF, 0xFF, 0xCF,
    0xFF, 0xFF, 0xA2, 0xFF, 0xFF, 0x81, 0xFF, 0xFF, 0x6B, 0xFF, 0xFF, 0x64, 0xFF, 0xFF, 0x68, 0xFF, 0xFF, 0x7C, 0xFF, 0xFF, 0x96, 0xFF, 0xFF, 0xBF,
    0xFF, 0xFF, 0xEA, 0xFF, 0xFF, 0xFF, 0xFF, 0xFF, 0xFF, 0xFF, 0xFF, 0xFF, 0xFF, 0xFF, 0xFC, 0xFF, 0xFF, 0xFF, 0xFF, 0xFF, 0xFF, 0xFF, 0xFF, 0xFF,
    0xFF, 0xFF, 0xFF, 0xFF, 0xFF, 0xFF, 0xFF, 0xFF, 0xF9, 0xFF, 0xFF, 0xFF, 0xFF, 0xFF, 0xB5, 0xFF, 0xFF, 0x02, 0xFF, 0xFF, 0x02, 0xFF, 0xFF, 0x01,
    0x00, 0x00, 0x00, 0x00, 0x00, 0x00, 0x00, 0x00, 0x00, 0x00, 0x00, 0x00, 0xFF, 0xFF, 0x03, 0x00, 0x00, 0x00, 0xFF, 0xFF, 0x9F, 0xFF, 0xFF, 0xFF,
    0xFF, 0xFF, 0xFC, 0xFF, 0xFF, 0xFF, 0xFF, 0xFF, 0xFF, 0xFF, 0xFF, 0xFF, 0x95, 0xBD, 0xFF, 0x00, 0x30, 0xFF, 0x26, 0x9A, 0xFE, 0xE4, 0xB9, 0xFF,
    0x83, 0xB1, 0xFF, 0xA3, 0xB1, 0xFF, 0xA3, 0xB1, 0xFF, 0xA3, 0xB9, 0xFF, 0xA3, 0xB9, 0xFF, 0xA3, 0xB9, 0xFF, 0xA3, 0xB9, 0xFF, 0xA3, 0xB9, 0xFE,
    0xA3, 0xB1, 0xFF, 0x46, 0xBA, 0xED, 0xC8, 0xC2, 0xBD, 0x09, 0xC3, 0xD1, 0xA8, 0xC2, 0xE6, 0xC4, 0xB1, 0xFF, 0x83, 0xB1, 0xFE, 0xA3, 0xB9, 0xFF,
    0xA3, 0xB9, 0xFF, 0xA3, 0xB9, 0xFF, 0xA3, 0xB9, 0xFF, 0xA3, 0xB9, 0xFF, 0xA4, 0xB9, 0xFF, 0xA3, 0xB9, 0xFF, 0xC4, 0xB1, 0xFF, 0xA7, 0xBA, 0xF4,
    0xC9, 0xAA, 0x7A, 0xC9, 0xA2, 0x1F, 0xA9, 0xA2, 0x26, 0xE7, 0xB9, 0x04, 0x00, 0x00, 0x00, 0x1F, 0xF8, 0x01, 0xAA, 0xAA, 0x03, 0xEF, 0xBB, 0x04,
    0x89, 0xA2, 0x22, 0x88, 0xAA, 0x51, 0xC9, 0xBA, 0x87, 0x26, 0xB2, 0xE1, 0xA3, 0xB1, 0xFF, 0xA3, 0xB9, 0xFE, 0xA3, 0xB9, 0xFF, 0xA3, 0xB9, 0xFF,
    0xA3, 0xB9, 0xFF, 0xA3, 0xB9, 0xFF, 0xA3, 0xB9, 0xFF, 0x83, 0xB1, 0xFF, 0xA3, 0xB9, 0xFE, 0xE4, 0xB9, 0xFF, 0xA8, 0xBA, 0xD2, 0xEA, 0xB2, 0x6C,
    0xA9, 0xA2, 0x23, 0x88, 0x92, 0x35, 0x68, 0x92, 0x1E, 0x00, 0x00, 0x00, 0xE7, 0x69, 0x11, 0x00, 0x00, 0x00, 0xEF, 0xBB, 0x04, 0x67, 0x9A, 0x1D,
    0x88, 0xAA, 0x56, 0x87, 0xBA, 0xCF, 0xC4, 0xB9, 0xFF, 0x83, 0xB1, 0xFE, 0xA3, 0xB9, 0xFF, 0xA3, 0xB9, 0xFF, 0xA3, 0xB9, 0xFF, 0x83, 0xB1, 0xFF,
    0xA3, 0xB1, 0xFF, 0xA4, 0xB1, 0xFF, 0x87, 0xBA, 0xF8, 0x0A, 0xC3, 0xA6, 0xC9, 0xA2, 0x31, 0x47, 0x9A, 0x1F, 0x05, 0x9A, 0x85, 0x26, 0x9A, 0x1A,
    0x00, 0x00, 0x00, 0x00, 0xF8, 0x01, 0x00, 0x00, 0x00, 0x00, 0x00, 0x00, 0x00, 0x00, 0x00, 0x00, 0x00, 0x00, 0xE7, 0x99, 0x08, 0xE7, 0x79, 0x04,
    0x26, 0x9A, 0x0F, 0x89, 0xAA, 0x2C, 0x88, 0xB2, 0x56, 0x05, 0xB2, 0xDC, 0xA4, 0xB1, 0xFF, 0xA3, 0xB9, 0xFE, 0xA3, 0xB9, 0xFF, 0xA3, 0xB9, 0xFF,
    0xA3, 0xB9, 0xFF, 0xA3, 0xB9, 0xFF, 0xA3, 0xB1, 0xFF, 0x83, 0xB1, 0xFE, 0xE4, 0xB9, 0xFF, 0xE8, 0xC2, 0xD4, 0xA8, 0xBA, 0xDA, 0x46, 0xC2, 0xFF,
    0xA3, 0xB1, 0xFE, 0xA3, 0xB1, 0xFF, 0xA3, 0xB9, 0xFF, 0xA3, 0xB9, 0xFF, 0xA3, 0xB9, 0xFF, 0xA3, 0xB9, 0xFF, 0xC4, 0xB9, 0xFF, 0xA3, 0xB9, 0xFD,
    0xE4, 0xB9, 0xFF, 0xC8, 0xBA, 0x9B, 0xCB, 0xAA, 0x28, 0xA9, 0x9A, 0x18, 0x6D, 0xB3, 0x07, 0x27, 0x8A, 0x52, 0x06, 0x92, 0x17, 0xE7, 0xB9, 0x04,
    0xA8, 0x9A, 0x12, 0x88, 0xA2, 0x19, 0xC9, 0xA2, 0x31, 0xC9, 0xAA, 0x39, 0xC9, 0xAA, 0x48, 0xE9, 0xA2, 0x69, 0x09, 0xAB, 0x55, 0xC9, 0xA2, 0x4F,
    0xE9, 0xA2, 0x28, 0xC9, 0x9A, 0x25, 0xC9, 0x9A, 0x14, 0xA8, 0x9A, 0x0F, 0x67, 0x8A, 0x10, 0xE7, 0xB9, 0x04, 0xC9, 0x92, 0x0E, 0x68, 0x92, 0x17,
    0xAA, 0xAA, 0x03, 0xEF, 0xD3, 0x06, 0x88, 0x92, 0x25, 0xC9, 0x92, 0x11, 0xA7, 0x92, 0x21, 0xAA, 0xAA, 0x06, 0x00, 0xF8, 0x01, 0x00, 0x00, 0x00,
    0x00, 0x00, 0x00, 0x00, 0x00, 0x00, 0x00, 0x00, 0x00, 0x00, 0x00, 0x00, 0x00, 0x00, 0x00, 0x00, 0x00, 0x00, 0x00, 0x00, 0x00, 0x00, 0x00, 0x00,
    0xEF, 0x7B, 0x02, 0x00, 0x78, 0x02, 0x47, 0x8A, 0x30, 0x47, 0x8A, 0x4C, 0x09, 0xBB, 0x3A, 0xA8, 0xC2, 0xCF, 0xC4, 0xB9, 0xFF, 0xA3, 0xB1, 0xFE,
    0xA3, 0xB1, 0xFF, 0xA3, 0xB9, 0xFF, 0xA3, 0xB9, 0xFF, 0xA3, 0xB9, 0xFF, 0xA3, 0xB9, 0xFF, 0xA3, 0xB9, 0xFD, 0xE4, 0xB9, 0xFF, 0xA8, 0xBA, 0xAA,
    0x4B, 0xB3, 0x27, 0xE0, 0xB9, 0x04, 0x00, 0x00, 0x00, 0x00, 0x00, 0x00, 0x00, 0x00, 0x00, 0x00, 0x00, 0x00, 0x00, 0x00, 0x00, 0x00, 0x00, 0x00,
    0xE5, 0x89, 0x30, 0x25, 0x8A, 0x2D, 0x00, 0x00, 0x00, 0x00, 0xF8, 0x01, 0x00, 0x00, 0x00, 0x00, 0x00, 0x00, 0x00, 0x00, 0x00, 0x00, 0x00, 0x00,
    0x00, 0x00, 0x00, 0x00, 0x00, 0x00, 0x00, 0x00, 0x00, 0x00, 0x00, 0x00, 0x00, 0x00, 0x00, 0x00, 0x00, 0x00, 0xFF, 0xFF, 0x03, 0x00, 0x00, 0x00,
    0xFF, 0xFF, 0x7C, 0xFF, 0xFF, 0xFF, 0xFF, 0xFF, 0xFB, 0xFF, 0xFF, 0xFF, 0xFF, 0xFF, 0xFF, 0xFF, 0xFF, 0xFF, 0xFF, 0xFF, 0xFF, 0xFF, 0xFF, 0xFF,
    0xFF, 0xFF, 0xFF, 0xFF, 0xFF, 0xFC, 0xFF, 0xFF, 0xFF, 0xFF, 0xFF, 0xFF, 0xFF, 0xFF, 0xB9, 0xFF, 0xFF, 0x56, 0xFF, 0xFF, 0x15, 0x00, 0x00, 0x00,
    0x00, 0x00, 0x00, 0x00, 0x00, 0x00, 0x00, 0x00, 0x00, 0x00, 0x00, 0x00, 0x00, 0x00, 0x00, 0x00, 0x00, 0x00, 0x00, 0x00, 0x00, 0x00, 0x00, 0x00,
    0xFF, 0xFF, 0x25, 0xFF, 0xFF, 0x75, 0xFF, 0xFF, 0xD4, 0xFF, 0xFF, 0xFF, 0xFF, 0xFF, 0xFF, 0xFF, 0xFF, 0xFC, 0xFF, 0xFF, 0xFF, 0xFF, 0xFF, 0xFF,
    0xFF, 0xFF, 0xFD, 0xFF, 0xFF, 0xFF, 0xFF, 0xFF, 0xF4, 0xDF, 0xFF, 0x41, 0x00, 0x00, 0x00, 0xFF, 0xFF, 0x02, 0x00, 0x00, 0x00, 0x00, 0x00, 0x00,
    0x00, 0x00, 0x00, 0x00, 0x00, 0x00, 0x00, 0x00, 0x00, 0x00, 0x00, 0x00, 0x00, 0x00, 0x00, 0x00, 0x00, 0x00, 0x00, 0x00, 0x00, 0x00, 0x00, 0x00,
    0x00, 0x00, 0x00, 0x00, 0x00, 0x00, 0x00, 0x00, 0x00, 0x00, 0x00, 0x00, 0x00, 0x00, 0x00, 0xFF, 0xFF, 0x02, 0x00, 0x00, 0x00, 0xDF, 0xFF, 0x25,
    0xFF, 0xFF, 0xF6, 0xFF, 0xFF, 0xFE, 0xFF, 0xFF, 0xFE, 0xFF, 0xFF, 0xFF, 0xFF, 0xFF, 0xFF, 0xFF, 0xFF, 0xFF, 0xFF, 0xFF, 0xFF, 0xFF, 0xFF, 0xFF,
    0xFF, 0xFF, 0xFF, 0xFF, 0xFF, 0xFF, 0xFF, 0xFF, 0xFF, 0xFF, 0xFF, 0xFF, 0xFF, 0xFF, 0xFD, 0xFF, 0xFF, 0xFF, 0xFF, 0xFF, 0xD1, 0xFF, 0xFF, 0x05,
    0xFF, 0xFF, 0x02, 0xFF, 0xFF, 0x01, 0x00, 0x00, 0x00, 0x00, 0x00, 0x00, 0x00, 0x00, 0x00, 0x00, 0x00, 0x00, 0x00, 0x00, 0x00, 0x00, 0x00, 0x00,
    0x00, 0x00, 0x00, 0x00, 0x00, 0x00, 0x00, 0x00, 0x00, 0x00, 0x00, 0x00, 0x00, 0x00, 0x00, 0x00, 0x00, 0x00, 0x00, 0x00, 0x00, 0x00, 0x00, 0x00,
    0x00, 0x00, 0x00, 0x00, 0x00, 0x00, 0x00, 0x00, 0x00, 0xFF, 0xFF, 0x04, 0x00, 0x00, 0x00, 0xFF, 0xFF, 0x74, 0xFF, 0xFF, 0xFF, 0xFF, 0xFF, 0xFB,
    0xFF, 0xFF, 0xFF, 0xFF, 0xFF, 0xFF, 0xFF, 0xFF, 0xFF, 0xFF, 0xFF, 0xFF, 0xFF, 0xFF, 0xFF, 0xFF, 0xFF, 0xFF, 0xFF, 0xFF, 0xFC, 0xFF, 0xFF, 0xFF,
    0xFF, 0xFF, 0xFF, 0xFF, 0xFF, 0xC2, 0xFF, 0xFF, 0x62, 0xFF, 0xFF, 0x18, 0x00, 0x00, 0x00, 0x00, 0x00, 0x00, 0x00, 0x00, 0x00, 0x00, 0x00, 0x00,
    0x00, 0x00, 0x00, 0x00, 0x00, 0x00, 0x00, 0x00, 0x00, 0x00, 0x00, 0x00, 0x79, 0xCE, 0x05, 0xFF, 0xFF, 0x2F, 0xFF, 0xFF, 0x7D, 0xFF, 0xFF, 0xD9,
    0xFF, 0xFF, 0xFF, 0xFF, 0xFF, 0xFF, 0xFF, 0xFF, 0xFC, 0xFF, 0xFF, 0xFF, 0xFF, 0xFF, 0xFF, 0xFF, 0xFF, 0xFC, 0xFF, 0xFF, 0xFF, 0xFF, 0xFF, 0xE9,
    0xBE, 0xF7, 0x31, 0x00, 0x00, 0x00, 0xFF, 0xFF, 0x02, 0x00, 0x00, 0x00, 0x00, 0x00, 0x00, 0x00, 0x00, 0x00, 0x00, 0x00, 0x00, 0x00, 0x00, 0x00,
    0x00, 0x00, 0x00, 0x00, 0x00, 0x00, 0xFF, 0xFF, 0x02, 0x00, 0x00, 0x00, 0xBE, 0xF7, 0x1C, 0xFF, 0xFF, 0xE9, 0xFF, 0xFF, 0xFF, 0xFF, 0xFF, 0xFC,
    0xFF, 0xFF, 0xFF, 0xFF, 0xFF, 0xFF, 0xFF, 0xFF, 0xFF, 0xFF, 0xFF, 0xFF, 0xFF, 0xFF, 0xFF, 0xFF, 0xFF, 0xFD, 0xFF, 0xFF, 0xFF, 0xFF, 0xFF, 0xFF,
    0xFF, 0xFF, 0xE3, 0xFF, 0xFF, 0x87, 0xFF, 0xFF, 0x33, 0xFF, 0xFF, 0x03, 0x00, 0x00, 0x00, 0x00, 0x00, 0x00, 0x00, 0x00, 0x00, 0x00, 0x00, 0x00,
    0x00, 0x00, 0x00, 0x00, 0x00, 0x00, 0x00, 0x00, 0x00, 0x00, 0x00, 0x00, 0xFF, 0xFF, 0x13, 0xFF, 0xFF, 0x53, 0xFF, 0xFF, 0xAC, 0xFF, 0xFF, 0xFA,
    0xFF, 0xFF, 0xFF, 0xFF, 0xFF, 0xFC, 0xFF, 0xFF, 0xFE, 0xFF, 0xFF, 0xFF, 0xFF, 0xFF, 0xFF, 0xFF, 0xFF, 0xFA, 0xFF, 0xFF, 0xFF, 0xFF, 0xFF, 0xBB,
    0xFF, 0xFF, 0x09, 0xFF, 0xFF, 0x02, 0xFF, 0xFF, 0x01, 0x00, 0x00, 0x00, 0x00, 0x00, 0x00, 0x00, 0x00, 0x00, 0x00, 0x00, 0x00, 0x00, 0x00, 0x00,
    0xFF, 0xFF, 0x03, 0x00, 0x00, 0x00, 0xFF, 0xFF, 0x9F, 0xFF, 0xFF, 0xFF, 0xFF, 0xFF, 0xFC, 0xFF, 0xFF, 0xFF, 0xFF, 0xFF, 0xFF, 0xFF, 0xFF, 0xFF,
    0xD7, 0xC5, 0xFF, 0x40, 0x48, 0xFF, 0x63, 0x99, 0xFF, 0xA3, 0xB9, 0xFF, 0xA3, 0xB1, 0xFF, 0xA3, 0xB9, 0xFF, 0xA3, 0xB9, 0xFF, 0xA3, 0xB9, 0xFF,
    0xA3, 0xB9, 0xFF, 0xA3, 0xB9, 0xFF, 0xA3, 0xB9, 0xFE, 0xC3, 0xB9, 0xFF, 0x66, 0xBA, 0xE4, 0x2A, 0xC3, 0x70, 0x0A, 0xB3, 0x78, 0xE9, 0xBA, 0x81,
    0xC8, 0xC2, 0xDB, 0x66, 0xC2, 0xFE, 0xA3, 0xB1, 0xFF, 0xA3, 0xB9, 0xFF, 0xA3, 0xB9, 0xFF, 0xA3, 0xB9, 0xFF, 0xA3, 0xB9, 0xFF, 0xA3, 0xB9, 0xFF,
    0xA3, 0xB9, 0xFF, 0xA3, 0xB9, 0xFE, 0xA3, 0xB1, 0xFF, 0x46, 0xB2, 0xE4, 0x0A, 0xBB, 0x61, 0xA9, 0x9A, 0x3C, 0xA8, 0x9A, 0x39, 0x69, 0x9A, 0x0D,
    0x47, 0x92, 0x15, 0x49, 0x9A, 0x18, 0x48, 0xA2, 0x1B, 0x48, 0xA2, 0x2F, 0xA8, 0xAA, 0x7D, 0xC8, 0xBA, 0xB5, 0x05, 0xB2, 0xEF, 0xA3, 0xB9, 0xFF,
    0xA3, 0xB9, 0xFD, 0xA3, 0xB9, 0xFF, 0xA3, 0xB9, 0xFF, 0xA3, 0xB9, 0xFF, 0xA3, 0xB9, 0xFF, 0xA3, 0xB9, 0xFF, 0xA3, 0xB9, 0xFF, 0x83, 0xB9, 0xFE,
    0xC4, 0xB9, 0xFF, 0x67, 0xBA, 0xEA, 0x2A, 0xC3, 0x70, 0xC9, 0xA2, 0x39, 0xA9, 0x9A, 0x48, 0x88, 0x92, 0x16, 0xFF, 0xFF, 0x01, 0x00, 0x78, 0x02,
    0x00, 0x00, 0x00, 0x26, 0x8A, 0x25, 0x05, 0x8A, 0x33, 0x67, 0xA2, 0x1A, 0xA8, 0xAA, 0x42, 0x87, 0xBA, 0xA8, 0xC3, 0xB1, 0xFF, 0x83, 0xB9, 0xFE,
    0xA3, 0xB9, 0xFF, 0xA3, 0xB9, 0xFF, 0xA3, 0xB9, 0xFF, 0x83, 0xB1, 0xFF, 0xA3, 0xB9, 0xFF, 0xC3, 0xB9, 0xFE, 0x87, 0xC2, 0xFF, 0xE9, 0xBA, 0xB8,
    0xC9, 0xA2, 0x40, 0xEF, 0x7B, 0x02, 0x00, 0x00, 0x00, 0x00, 0x00, 0x00, 0x00, 0x00, 0x00, 0x00, 0x00, 0x00, 0x00, 0x00, 0x00, 0xFF, 0xFF, 0x01,
    0xAA, 0xAA, 0x03, 0x49, 0xA2, 0x0E, 0x27, 0x9A, 0x27, 0x87, 0xA2, 0x16, 0xC8, 0xAA, 0x28, 0x46, 0xB2, 0x7B, 0xC4, 0xA9, 0xED, 0xC4, 0xB9, 0xFF,
    0xA3, 0xB9, 0xFE, 0xA3, 0xB9, 0xFF, 0xA3, 0xB9, 0xFF, 0xA3, 0xB9, 0xFF, 0xA3, 0xB9, 0xFF, 0xA3, 0xB9, 0xFF, 0xA3, 0xB1, 0xFF, 0x83, 0xB1, 0xFF,
    0x25, 0xBA, 0xFE, 0xC9, 0xBA, 0xB4, 0xC9, 0xBA, 0x83, 0x25, 0xBA, 0xF8, 0x83, 0xB1, 0xFF, 0xA3, 0xB1, 0xFE, 0xA3, 0xB9, 0xFF, 0xA3, 0xB9, 0xFF,
    0xA3, 0xB9, 0xFF, 0xA4, 0xB9, 0xFF, 0xA4, 0xB9, 0xFF, 0xA3, 0xB9, 0xFD, 0xE4, 0xB9, 0xFF, 0x67, 0xBA, 0x9A, 0xCA, 0xAA, 0x56, 0x88, 0xA2, 0x45,
    0x68, 0xA2, 0x2D, 0x68, 0xA2, 0x4D, 0xA9, 0xAA, 0x5B, 0xC9, 0xAA, 0x3D, 0xC9, 0xB2, 0x55, 0xC9, 0xB2, 0x71, 0xE9, 0xB2, 0x8B, 0x0A, 0xBB, 0x81,
    0x0A, 0xBB, 0x95, 0x09, 0xBB, 0xA2, 0x2A, 0xC3, 0xAD, 0x2A, 0xC3, 0x96, 0x2A, 0xBB, 0x85, 0xE9, 0xAA, 0x55, 0x09, 0xAB, 0x37, 0xA9, 0x9A, 0x30,
    0xC9, 0x9A, 0x27, 0xE8, 0xA2, 0x0B, 0x88, 0x8A, 0x2C, 0xAA, 0xAA, 0x06, 0x00, 0x00, 0x01, 0xAA, 0xAA, 0x03, 0x00, 0xF8, 0x01, 0xEF, 0xBB, 0x04,
    0xAA, 0xAA, 0x03, 0xE0, 0x7B, 0x02, 0x00, 0x00, 0x00, 0x00, 0x00, 0x00, 0x00, 0x00, 0x00, 0x00, 0x00, 0x00, 0x00, 0x00, 0x00, 0x00, 0x00, 0x00,
    0x00, 0x00, 0x00, 0x00, 0x00, 0x00, 0x00, 0x00, 0x00, 0x00, 0x00, 0x00, 0xEF, 0x7B, 0x02, 0x00, 0x00, 0x00, 0x46, 0x8A, 0x29, 0x47, 0x92, 0x48,
    0xC8, 0xB2, 0x9D, 0x46, 0xBA, 0xFC, 0xA3, 0xB1, 0xFE, 0xA3, 0xB1, 0xFF, 0xA3, 0xB1, 0xFF, 0xA3, 0xB9, 0xFF, 0xA3, 0xB9, 0xFF, 0xA3, 0xB9, 0xFF,
    0xA3, 0xB9, 0xFE, 0xA3, 0xB9, 0xFE, 0x46, 0xBA, 0xF4, 0x0A, 0xBB, 0x7C, 0xC9, 0xA2, 0x17, 0x00, 0x00, 0x00, 0x00, 0x00, 0x01, 0x00, 0x00, 0x00,
    0x00, 0x00, 0x00, 0x00, 0x00, 0x00, 0x00, 0x00, 0x00, 0x00, 0x00, 0x00, 0x00, 0x00, 0x00, 0x00, 0x00, 0x00, 0x00, 0x00, 0x00, 0x00, 0x00, 0x00,
    0x00, 0x00, 0x00, 0x00, 0x00, 0x00, 0x00, 0x00, 0x00, 0x00, 0x00, 0x00, 0x00, 0x00, 0x00, 0x00, 0x00, 0x00, 0x00, 0x00, 0x00, 0x00, 0x00, 0x00,
    0x00, 0x00, 0x00, 0xFF, 0xFF, 0x03, 0x00, 0x00, 0x00, 0xDF, 0xFF, 0x3F, 0xFF, 0xFF, 0xFE, 0xFF, 0xFF, 0xFC, 0xFF, 0xFF, 0xFE, 0xFF, 0xFF, 0xFF,
    0xFF, 0xFF, 0xFF, 0xFF, 0xFF, 0xFF, 0xFF, 0xFF, 0xFF, 0xFF, 0xFF, 0xFF, 0xFF, 0xFF, 0xFD, 0xFF, 0xFF, 0xFF, 0xFF, 0xFF, 0xD5, 0xDF, 0xFF, 0x51,
    0x00, 0x00, 0x00, 0x00, 0x00, 0x00, 0x00, 0x00, 0x00, 0xFF, 0xFF, 0x01, 0xFF, 0xFF, 0x04, 0xFF, 0xFF, 0x04, 0xFF, 0xFF, 0x04, 0xFF, 0xFF, 0x04,
    0xFF, 0xFF, 0x04, 0xFF, 0xFF, 0x04, 0xFF, 0xFF, 0x03, 0x00, 0x00, 0x00, 0x00, 0x00, 0x00, 0x00, 0x00, 0x00, 0xFF, 0xFF, 0x09, 0xFF, 0xFF, 0x75,
    0xFF, 0xFF, 0xF0, 0xFF, 0xFF, 0xFF, 0xFF, 0xFF, 0xFC, 0xFF, 0xFF, 0xFC, 0xFF, 0xFF, 0xFF, 0xFF, 0xFF, 0xF4, 0xDF, 0xFF, 0x47, 0x00, 0x00, 0x00,
    0xFF, 0xFF, 0x04, 0x00, 0x00, 0x00, 0x00, 0x00, 0x00, 0x00, 0x00, 0x00, 0x00, 0x00, 0x00, 0x00, 0x00, 0x00, 0x00, 0x00, 0x00, 0x00, 0x00, 0x00,
    0x00, 0x00, 0x00, 0x00, 0x00, 0x00, 0x00, 0x00, 0x00, 0x00, 0x00, 0x00, 0x00, 0x00, 0x00, 0x00, 0x00, 0x00, 0x00, 0x00, 0x00, 0x00, 0x00, 0x00,
    0x00, 0x00, 0x00, 0xFF, 0xFF, 0x04, 0x00, 0x00, 0x00, 0xFF, 0xFF, 0x83, 0xFF, 0xFF, 0xFF, 0xFF, 0xFF, 0xFC, 0xFF, 0xFF, 0xFF, 0xFF, 0xFF, 0xFF,
    0xFF, 0xFF, 0xFF, 0xFF, 0xFF, 0xFF, 0xFF, 0xFF, 0xFB, 0xFF, 0xFF, 0xDE, 0xFF, 0xFF, 0xFF, 0xFF, 0xFF, 0xFF, 0xFF, 0xFF, 0xFF, 0xFF, 0xFF, 0xFF,
    0xFF, 0xFF, 0xFF, 0xFF, 0xFF, 0xFD, 0xFF, 0xFF, 0xFF, 0xDF, 0xFF, 0x53, 0x00, 0x00, 0x00, 0xFF, 0xFF, 0x03, 0x00, 0x00, 0x00, 0x00, 0x00, 0x00,
    0x00, 0x00, 0x00, 0x00, 0x00, 0x00, 0x00, 0x00, 0x00, 0x00, 0x00, 0x00, 0x00, 0x00, 0x00, 0x00, 0x00, 0x00, 0x00, 0x00, 0x00, 0x00, 0x00, 0x00,
    0x00, 0x00, 0x00, 0x00, 0x00, 0x00, 0x00, 0x00, 0x00, 0x00, 0x00, 0x00, 0x00, 0x00, 0x00, 0x00, 0x00, 0x00, 0xFF, 0xFF, 0x02, 0x00, 0x00, 0x00,
    0xFF, 0xFF, 0x33, 0xFF, 0xFF, 0xF9, 0xFF, 0xFF, 0xFC, 0xFF, 0xFF, 0xFE, 0xFF, 0xFF, 0xFF, 0xFF, 0xFF, 0xFF, 0xFF, 0xFF, 0xFF, 0xFF, 0xFF, 0xFF,
    0xFF, 0xFF, 0xFF, 0xFF, 0xFF, 0xFC, 0xFF, 0xFF, 0xFF, 0xFF, 0xFF, 0xD6, 0xFF, 0xFF, 0x53, 0x00, 0x00, 0x00, 0x00, 0x00, 0x00, 0x00, 0x00, 0x00,
    0xFF, 0xFF, 0x01, 0xFF, 0xFF, 0x04, 0xFF, 0xFF, 0x04, 0xFF, 0xFF, 0x04, 0xFF, 0xFF, 0x04, 0xFF, 0xFF, 0x04, 0xFF, 0xFF, 0x04, 0xFF, 0xFF, 0x02,
    0x00, 0x00, 0x00, 0x00, 0x00, 0x00, 0x00, 0x00, 0x00, 0x3C, 0xE7, 0x0B, 0xFF, 0xFF, 0x6E, 0xFF, 0xFF, 0xE9, 0xFF, 0xFF, 0xFF, 0xFF, 0xFF, 0xFC,
    0xFF, 0xFF, 0xFD, 0xFF, 0xFF, 0xFF, 0xFF, 0xFF, 0xF0, 0xFF, 0xFF, 0x42, 0x00, 0x00, 0x00, 0xFF, 0xFF, 0x04, 0x00, 0x00, 0x00, 0x00, 0x00, 0x00,
    0x00, 0x00, 0x00, 0x00, 0x00, 0x00, 0x00, 0x00, 0x00, 0x00, 0x00, 0x00, 0x00, 0x00, 0x00, 0x00, 0x00, 0x00, 0xFF, 0xFF, 0x03, 0xFF, 0xFF, 0x01,
    0xFF, 0xFF, 0xB7, 0xFF, 0xFF, 0xFF, 0xFF, 0xFF, 0xFB, 0xFF, 0xFF, 0xFF, 0xFF, 0xFF, 0xFF, 0xFF, 0xFF, 0xFF, 0xFF, 0xFF, 0xFF, 0xFF, 0xFF, 0xFF,
    0xFF, 0xFF, 0xFC, 0xFF, 0xFF, 0xFF, 0xFF, 0xFF, 0xF5, 0xFF, 0xFF, 0x85, 0xFF, 0xFF, 0x13, 0x00, 0x00, 0x00, 0x00, 0x00, 0x00, 0x00, 0x00, 0x00,
    0xFF, 0xFF, 0x03, 0xFF, 0xFF, 0x04, 0xFF, 0xFF, 0x04, 0xFF, 0xFF, 0x04, 0xFF, 0xFF, 0x04, 0xFF, 0xFF, 0x04, 0xFF, 0xFF, 0x04, 0x00, 0x00, 0x00,
    0x00, 0x00, 0x00, 0x00, 0x00, 0x00, 0x00, 0x00, 0x00, 0xBE, 0xF7, 0x33, 0xFF, 0xFF, 0xB2, 0xFF, 0xFF, 0xFF, 0xFF, 0xFF, 0xFF, 0xFF, 0xFF, 0xFD,
    0xFF, 0xFF, 0xFB, 0xFF, 0xFF, 0xFF, 0xFF, 0xFF, 0xC1, 0x9E, 0xF7, 0x12, 0x00, 0x00, 0x00, 0xFF, 0xFF, 0x02, 0x00, 0x00, 0x00, 0x00, 0x00, 0x00,
    0x00, 0x00, 0x00, 0x00, 0x00, 0x00, 0x00, 0x00, 0x00, 0x00, 0x00, 0x00, 0xFF, 0xFF, 0x03, 0x00, 0x00, 0x00, 0xFF, 0xFF, 0x9F, 0xFF, 0xFF, 0xFF,
    0xFF, 0xFF, 0xFC, 0xFF, 0xFF, 0xFF, 0xFF, 0xFF, 0xFF, 0xFF, 0xFF, 0xFF, 0xB2, 0xAC, 0xFF, 0x60, 0x58, 0xFF, 0xA4, 0xA1, 0xFF, 0x83, 0xB9, 0xFF,
    0xA3, 0xB1, 0xFF, 0xA3, 0xB9, 0xFF, 0xA3, 0xB9, 0xFF, 0xA3, 0xB9, 0xFF, 0xA3, 0xB9, 0xFF, 0xA3, 0xB9, 0xFE, 0x83, 0xB9, 0xFF, 0xE4, 0xB1, 0xF9,
    0x2A, 0xC3, 0x72, 0x09, 0xAB, 0x47, 0xC9, 0xA2, 0x71, 0xC9, 0xAA, 0x63, 0x09, 0xC3, 0xB9, 0x25, 0xBA, 0xF9, 0x82, 0xB1, 0xFF, 0xA3, 0xB9, 0xFF,
    0xA3, 0xB9, 0xFF, 0xA3, 0xB9, 0xFF, 0xA3, 0xB9, 0xFF, 0xA3, 0xB9, 0xFF, 0xA3, 0xB9, 0xFF, 0xA3, 0xB9, 0xFF, 0xA3, 0xB1, 0xFE, 0x25, 0xB2, 0xF5,
    0xE9, 0xBA, 0x78, 0xA9, 0x9A, 0x18, 0xA9, 0xA2, 0x21, 0xA9, 0x9A, 0x15, 0x68, 0x9A, 0x1D, 0x47, 0x9A, 0x2D, 0x47, 0x9A, 0x2D, 0x88, 0xB2, 0x75,
    0xC8, 0xBA, 0xDD, 0x26, 0xBA, 0xF8, 0xA3, 0xB9, 0xFF, 0xA3, 0xB9, 0xFD, 0xA3, 0xB9, 0xFF, 0xA3, 0xB9, 0xFF, 0xA3, 0xB9, 0xFF, 0xA3, 0xB9, 0xFF,
    0xA3, 0xB9, 0xFF, 0xA3, 0xB9, 0xFF, 0xA3, 0xB9, 0xFE, 0x83, 0xB1, 0xFF, 0x26, 0xBA, 0xED, 0xC9, 0xC2, 0x98, 0xA9, 0xAA, 0x6F, 0x89, 0xA2, 0x37,
    0x49, 0x92, 0x11, 0x68, 0x92, 0x20, 0xE7, 0xB9, 0x04, 0x00, 0x78, 0x02, 0xE0, 0x7B, 0x02, 0xE5, 0x81, 0x7D, 0xE5, 0x89, 0xC2, 0x2C, 0xCB, 0x0A,
    0x88, 0xA2, 0x4A, 0xA7, 0xBA, 0xB8, 0xE4, 0xB9, 0xFF, 0xA3, 0xB1, 0xFE, 0xA3, 0xB9, 0xFF, 0xA3, 0xB9, 0xFF, 0xA3, 0xB9, 0xFF, 0xA3, 0xB9, 0xFF,
    0xA3, 0xB9, 0xFF, 0xA3, 0xB1, 0xFF, 0xA7, 0xC2, 0xF7, 0x09, 0xC3, 0xC7, 0xC9, 0xAA, 0x4F, 0xAA, 0x8A, 0x09, 0x86, 0x99, 0x05, 0x00, 0x78, 0x02,
    0x00, 0x00, 0x00, 0xE7, 0xB9, 0x04, 0x00, 0x00, 0x00, 0xA5, 0xAA, 0x06, 0xE7, 0x89, 0x14, 0x27, 0x92, 0x16, 0x68, 0xAA, 0x45, 0x47, 0xAA, 0x77,
    0xE5, 0xB1, 0xD0, 0xC4, 0xB1, 0xFF, 0xA3, 0xB9, 0xFF, 0xA3, 0xB9, 0xFD, 0xA3, 0xB9, 0xFF, 0xA4, 0xB9, 0xFF, 0xA4, 0xB9, 0xFF, 0xA3, 0xB9, 0xFF,
    0xA3, 0xB9, 0xFF, 0xA3, 0xB9, 0xFF, 0xA3, 0xB1, 0xFD, 0xA3, 0xB9, 0xFE, 0x25, 0xBA, 0xC8, 0x0A, 0xBB, 0x6B, 0xC9, 0xBA, 0x87, 0x26, 0xBA, 0xF1,
    0xA3, 0xB9, 0xFF, 0xA3, 0xB1, 0xFE, 0xA3, 0xB9, 0xFF, 0xA3, 0xB9, 0xFF, 0xA4, 0xB9, 0xFF, 0xA3, 0xB9, 0xFF, 0xA3, 0xB9, 0xFF, 0xA3, 0xB9, 0xFE,
    0xC4, 0xB9, 0xFF, 0xE9, 0xC2, 0xC6, 0x2A, 0xC3, 0x81, 0xC9, 0xBA, 0x88, 0xE9, 0xBA, 0x6E, 0xE9, 0xC2, 0x96, 0x09, 0xC3, 0xCB, 0xE9, 0xC2, 0xB8,
    0xA8, 0xBA, 0xB8, 0xC8, 0xC2, 0xC6, 0x09, 0xC3, 0xE4, 0xC8, 0xC2, 0xE7, 0x25, 0xBA, 0xF9, 0x04, 0xBA, 0xF9, 0x05, 0xBA, 0xFF, 0xA8, 0xC2, 0xF4,
    0xE9, 0xC2, 0xC8, 0x09, 0xBB, 0x87, 0x09, 0xAB, 0x77, 0xC9, 0x9A, 0x3F, 0xC9, 0x9A, 0x34, 0xA9, 0x9A, 0x15, 0xAA, 0x92, 0x0C, 0xEF, 0x7B, 0x02,
    0x00, 0x00, 0x00, 0xAA, 0x52, 0x03, 0xEF, 0x7B, 0x02, 0x06, 0x7A, 0x67, 0x06, 0x7A, 0x50, 0x00, 0x00, 0x00, 0xAA, 0x52, 0x03, 0x00, 0x00, 0x00,
    0x00, 0x00, 0x00, 0x00, 0x00, 0x00, 0x00, 0x00, 0x00, 0x00, 0x00, 0x00, 0x00, 0x00, 0x00, 0x00, 0x00, 0x00, 0x00, 0x00, 0x00, 0x00, 0x00, 0x01,
    0x00, 0x00, 0x00, 0x27, 0x82, 0x45, 0x47, 0x82, 0x2A, 0xA8, 0x92, 0x1B, 0xC9, 0xBA, 0xA5, 0x26, 0xBA, 0xFB, 0xA3, 0xB9, 0xFE, 0xA3, 0xB9, 0xFF,
    0xA3, 0xB9, 0xFF, 0xA3, 0xB9, 0xFF, 0xA3, 0xB9, 0xFF, 0xA3, 0xB9, 0xFF, 0xA3, 0xB9, 0xFD, 0xC4, 0xB9, 0xFF, 0xC8, 0xC2, 0xD0, 0x6B, 0xBB, 0x38,
    0xE7, 0xA9, 0x0C, 0x00, 0x00, 0x00, 0x00, 0x00, 0x00, 0x00, 0x00, 0x00, 0x00, 0x00, 0x00, 0x00, 0x00, 0x00, 0x00, 0x00, 0x00, 0x00, 0x00, 0x00,
    0x00, 0x78, 0x02, 0x00, 0x78, 0x02, 0x00, 0x00, 0x00, 0x00, 0x00, 0x00, 0x00, 0x00, 0x00, 0x00, 0x00, 0x00, 0x00, 0x00, 0x00, 0x00, 0x00, 0x00,
    0x00, 0x00, 0x00, 0x00, 0x00, 0x00, 0x00, 0x00, 0x00, 0x00, 0x00, 0x00, 0xFF, 0xFF, 0x01, 0xFF, 0xFF, 0x02, 0xFF, 0xFF, 0x0A, 0xFF, 0xFF, 0xD6,
    0xFF, 0xFF, 0xFF, 0xFF, 0xFF, 0xFD, 0xFF, 0xFF, 0xFF, 0xFF, 0xFF, 0xFF, 0xFF, 0xFF, 0xFF, 0xFF, 0xFF, 0xFF, 0xFF, 0xFF, 0xFF, 0xFF, 0xFF, 0xFD,
    0xFF, 0xFF, 0xFF, 0xFF, 0xFF, 0x95, 0x1F, 0xFF, 0x09, 0x00, 0x00, 0x00, 0xFF, 0xFF, 0x02, 0xFF, 0xFF, 0x04, 0xFF, 0xFF, 0x01, 0x00, 0x00, 0x00,
    0x00, 0x00, 0x00, 0x00, 0x00, 0x00, 0x00, 0x00, 0x00, 0x00, 0x00, 0x00, 0x00, 0x00, 0x00, 0x00, 0x00, 0x00, 0x00, 0x00, 0x00, 0xFF, 0xFF, 0x01,
    0xFF, 0xFF, 0x02, 0xFF, 0xFF, 0x04, 0x00, 0x00, 0x00, 0x00, 0x00, 0x00, 0xFF, 0xFF, 0x2C, 0xFF, 0xFF, 0xC5, 0xFF, 0xFF, 0xFF, 0xFF, 0xFF, 0xFF,
    0xFF, 0xFF, 0xEC, 0xDF, 0xFF, 0x3E, 0x00, 0x00, 0x00, 0xFF, 0xFF, 0x04, 0x00, 0x00, 0x00, 0x00, 0x00, 0x00, 0x00, 0x00, 0x00, 0x00, 0x00, 0x00,
    0x00, 0x00, 0x00, 0x00, 0x00, 0x00, 0x00, 0x00, 0x00, 0x00, 0x00, 0x00, 0x00, 0x00, 0x00, 0x00, 0x00, 0x00, 0x00, 0x00, 0x00, 0x00, 0x00, 0x00,
    0x00, 0x00, 0x00, 0x00, 0x00, 0x00, 0x00, 0x00, 0x00, 0x00, 0x00, 0x00, 0xFF, 0xFF, 0x01, 0xFF, 0xFF, 0x01, 0xBA, 0xD6, 0x0D, 0xFF, 0xFF, 0xE0,
    0xFF, 0xFF, 0xFF, 0xFF, 0xFF, 0xFD, 0xFF, 0xFF, 0xFF, 0xFF, 0xFF, 0xFF, 0xFF, 0xFF, 0xFD, 0xFF, 0xFF, 0xFF, 0xFF, 0xFF, 0xD4, 0xDF, 0xFF, 0x3B,
    0xFF, 0xFF, 0xFC, 0xFF, 0xFF, 0xFF, 0xFF, 0xFF, 0xFF, 0xFF, 0xFF, 0xFF, 0xFF, 0xFF, 0xFF, 0xFF, 0xFF, 0xFC, 0xFF, 0xFF, 0xFF, 0xFF, 0xFF, 0xC7,
    0xFF, 0xFF, 0x02, 0xFF, 0xFF, 0x01, 0x00, 0x00, 0x00, 0x00, 0x00, 0x00, 0x00, 0x00, 0x00, 0x00, 0x00, 0x00, 0x00, 0x00, 0x00, 0x00, 0x00, 0x00,
    0x00, 0x00, 0x00, 0x00, 0x00, 0x00, 0x00, 0x00, 0x00, 0x00, 0x00, 0x00, 0x00, 0x00, 0x00, 0x00, 0x00, 0x00, 0x00, 0x00, 0x00, 0x00, 0x00, 0x00,
    0x00, 0x00, 0x00, 0xFF, 0xFF, 0x01, 0xFF, 0xFF, 0x02, 0xFF, 0xFF, 0x07, 0xFF, 0xFF, 0xCB, 0xFF, 0xFF, 0xFF, 0xFF, 0xFF, 0xFC, 0xFF, 0xFF, 0xFF,
    0xFF, 0xFF, 0xFF, 0xFF, 0xFF, 0xFF, 0xFF, 0xFF, 0xFF, 0xFF, 0xFF, 0xFF, 0xFF, 0xFF, 0xFD, 0xFF, 0xFF, 0xFF, 0xFF, 0xFF, 0x9A, 0x5D, 0xEF, 0x0D,
    0x00, 0x00, 0x00, 0xFF, 0xFF, 0x01, 0xFF, 0xFF, 0x04, 0xFF, 0xFF, 0x01, 0x00, 0x00, 0x00, 0x00, 0x00, 0x00, 0x00, 0x00, 0x00, 0x00, 0x00, 0x00,
    0x00, 0x00, 0x00, 0x00, 0x00, 0x00, 0x00, 0x00, 0x00, 0x00, 0x00, 0x00, 0xFF, 0xFF, 0x01, 0xFF, 0xFF, 0x02, 0xFF, 0xFF, 0x03, 0x00, 0x00, 0x00,
    0x00, 0x00, 0x00, 0xBE, 0xF7, 0x21, 0xFF, 0xFF, 0xAF, 0xFF, 0xFF, 0xFF, 0xFF, 0xFF, 0xFF, 0xFF, 0xFF, 0xF4, 0xDF, 0xFF, 0x41, 0x00, 0x00, 0x00,
    0xFF, 0xFF, 0x04, 0x00, 0x00, 0x00, 0x00, 0x00, 0x00, 0x00, 0x00, 0x00, 0x00, 0x00, 0x00, 0x00, 0x00, 0x00, 0x00, 0x00, 0x00, 0x00, 0x00, 0x00,
    0x00, 0x00, 0x00, 0xFF, 0xFF, 0x03, 0x00, 0x00, 0x00, 0xFF, 0xFF, 0x71, 0xFF, 0xFF, 0xFF, 0xFF, 0xFF, 0xFB, 0xFF, 0xFF, 0xFF, 0xFF, 0xFF, 0xFF,
    0xFF, 0xFF, 0xFF, 0xFF, 0xFF, 0xFF, 0xFF, 0xFF, 0xFF, 0xFF, 0xFF, 0xFC, 0xFF, 0xFF, 0xFF, 0xFF, 0xFF, 0xDB, 0xFF, 0xFF, 0x37, 0x00, 0x00, 0x00,
    0x00, 0x00, 0x00, 0xFF, 0xFF, 0x04, 0xFF, 0xFF, 0x02, 0xFF, 0xFF, 0x01, 0x00, 0x00, 0x00, 0x00, 0x00, 0x00, 0x00, 0x00, 0x00, 0x00, 0x00, 0x00,
    0x00, 0x00, 0x00, 0x00, 0x00, 0x00, 0x00, 0x00, 0x00, 0xFF, 0xFF, 0x01, 0xFF, 0xFF, 0x01, 0xFF, 0xFF, 0x03, 0xFF, 0xFF, 0x03, 0x00, 0x00, 0x00,
    0x00, 0x00, 0x00, 0xFF, 0xFF, 0x69, 0xFF, 0xFF, 0xF0, 0xFF, 0xFF, 0xFF, 0xFF, 0xFF, 0xFF, 0xFF, 0xFF, 0xBE, 0xFF, 0xFF, 0x0E, 0x00, 0x00, 0x00,
    0xFF, 0xFF, 0x02, 0x00, 0x00, 0x00, 0x00, 0x00, 0x00, 0x00, 0x00, 0x00, 0x00, 0x00, 0x00, 0x00, 0x00, 0x00, 0x00, 0x00, 0x00, 0x00, 0x00, 0x00,
    0xFF, 0xFF, 0x03, 0x00, 0x00, 0x00, 0xFF, 0xFF, 0x9F, 0xFF, 0xFF, 0xFF, 0xFF, 0xFF, 0xFC, 0xFF, 0xFF, 0xFF, 0xFF, 0xFF, 0xFF, 0xFF, 0xFF, 0xFF,
    0x34, 0xB5, 0xFF, 0x20, 0x48, 0xFF, 0xC4, 0xA1, 0xFF, 0xC4, 0xB9, 0xFF, 0x83, 0xB1, 0xFF, 0xA3, 0xB9, 0xFF, 0xA3, 0xB9, 0xFF, 0xA3, 0xB9, 0xFF,
    0xA3, 0xB9, 0xFF, 0xA3, 0xB9, 0xFD, 0x83, 0xB9, 0xFF, 0xE5, 0xB1, 0xE6, 0x2A, 0xB3, 0x3F, 0xAA, 0xA2, 0x23, 0xC9, 0xA2, 0x32, 0x88, 0x9A, 0x50,
    0x2A, 0xC3, 0x7F, 0x66, 0xBA, 0xD7, 0x83, 0xB1, 0xFF, 0xA3, 0xB1, 0xFE, 0xA3, 0xB9, 0xFF, 0xA3, 0xB9, 0xFF, 0xA3, 0xB9, 0xFF, 0xA3, 0xB9, 0xFF,
    0xA3, 0xB9, 0xFF, 0xA3, 0xB9, 0xFF, 0x83, 0xB1, 0xFF, 0xE4, 0xB1, 0xFD, 0xE9, 0xBA, 0xB0, 0xA9, 0xA2, 0x3F, 0x89, 0xA2, 0x35, 0x88, 0xA2, 0x25,
    0x27, 0xA2, 0x24, 0x88, 0xAA, 0x5C, 0x88, 0xB2, 0x8F, 0x46, 0xB2, 0xD2, 0xC4, 0xB9, 0xFF, 0xA3, 0xB1, 0xFE, 0xA3, 0xB9, 0xFE, 0xA3, 0xB9, 0xFF,
    0xA3, 0xB9, 0xFF, 0xA3, 0xB9, 0xFF, 0xA3, 0xB9, 0xFF, 0xA3, 0xB9, 0xFF, 0xA3, 0xB9, 0xFF, 0xA3, 0xB9, 0xFF, 0x83, 0xB1, 0xFE, 0xA3, 0xB1, 0xFF,
    0x67, 0xBA, 0xDC, 0xE9, 0xBA, 0x9C, 0xA9, 0xAA, 0x7E, 0x89, 0x9A, 0x38, 0x48, 0x92, 0x22, 0x68, 0x92, 0x3D, 0x87, 0x92, 0x2C, 0xA8, 0x9A, 0x0F,
    0x00, 0xF8, 0x01, 0xE5, 0x91, 0x0C, 0x26, 0x9A, 0x1E, 0x88, 0xA2, 0x13, 0x68, 0xA2, 0x41, 0x67, 0xB2, 0xC4, 0xE4, 0xC1, 0xFF, 0x83, 0xB1, 0xFD,
    0xA3, 0xB9, 0xFF, 0xA3, 0xB9, 0xFF, 0xA3, 0xB9, 0xFF, 0xA3, 0xB9, 0xFF, 0xA3, 0xB9, 0xFF, 0xA3, 0xB9, 0xFF, 0x26, 0xBA, 0xFD, 0x2A, 0xCB, 0xD1,
    0x0A, 0xB3, 0x6F, 0xA9, 0x9A, 0x2D, 0xAA, 0xAA, 0x09, 0x00, 0x00, 0x00, 0xC7, 0x92, 0x11, 0x47, 0x92, 0x25, 0x46, 0x92, 0x1C, 0x28, 0x8A, 0x0B,
    0xA9, 0xAA, 0x24, 0xA9, 0xBA, 0x5A, 0x05, 0xB2, 0xD0, 0xC4, 0xB1, 0xF8, 0xC4, 0xB9, 0xFF, 0xA3, 0xB9, 0xFE, 0xA3, 0xB9, 0xFE, 0xA3, 0xB9, 0xFF,
    0xA3, 0xB9, 0xFF, 0xA4, 0xB9, 0xFF, 0xA4, 0xB9, 0xFF, 0xA3, 0xB9, 0xFF, 0xA3, 0xB9, 0xFF, 0xA3, 0xB9, 0xFF, 0xA3, 0xB9, 0xFD, 0xA3, 0xB9, 0xFF,
    0x67, 0xBA, 0x9F, 0xEA, 0xB2, 0x4E, 0xA8, 0xB2, 0x87, 0x87, 0xBA, 0xD8, 0xC4, 0xB9, 0xFF, 0x83, 0xB1, 0xFE, 0xA3, 0xB9, 0xFF, 0xA3, 0xB9, 0xFF,
    0xA3, 0xB9, 0xFF, 0xA3, 0xB9, 0xFF, 0xA3, 0xB9, 0xFF, 0xA3, 0xB9, 0xFE, 0xC3, 0xB9, 0xFF, 0x87, 0xC2, 0xF0, 0x87, 0xBA, 0xCF, 0x67, 0xBA, 0xC1,
    0x66, 0xBA, 0xE1, 0x46, 0xC2, 0xF3, 0x25, 0xC2, 0xFF, 0xE5, 0xB9, 0xFF, 0xC4, 0xB9, 0xFF, 0xE4, 0xB9, 0xFE, 0xE4, 0xB9, 0xFD, 0xC4, 0xB9, 0xFF,
    0xA3, 0xB9, 0xFF, 0xA3, 0xB9, 0xFF, 0xA3, 0xB9, 0xFF, 0xA3, 0xB9, 0xFF, 0xC4, 0xB1, 0xFD, 0xC8, 0xC2, 0xE5, 0x4A, 0xC3, 0x82, 0xC9, 0xA2, 0x65,
    0xC9, 0x9A, 0x5C, 0x0A, 0x9B, 0x1F, 0xAA, 0xAA, 0x09, 0x00, 0x00, 0x00, 0x00, 0x00, 0x00, 0x00, 0x00, 0x00, 0x00, 0x00, 0x00, 0xE6, 0x79, 0x1C,
    0x05, 0x7A, 0x17, 0x00, 0x00, 0x00, 0x00, 0x00, 0x01, 0x00, 0x00, 0x00, 0x00, 0x00, 0x00, 0x00, 0x00, 0x00, 0x00, 0x00, 0x00, 0x00, 0x00, 0x00,
    0x00, 0xF8, 0x01, 0x00, 0x00, 0x00, 0x00, 0x00, 0x00, 0xE0, 0x7B, 0x02, 0x00, 0x00, 0x00, 0x06, 0x82, 0x75, 0x47, 0x82, 0x57, 0xC8, 0xA2, 0x2A,
    0x67, 0xB2, 0xBB, 0xC4, 0xB9, 0xFF, 0xA3, 0xB9, 0xFE, 0xA3, 0xB9, 0xFF, 0xA3, 0xB9, 0xFF, 0xA3, 0xB9, 0xFF, 0xA3, 0xB9, 0xFF, 0xA3, 0xB9, 0xFF,
    0xA3, 0xB9, 0xFD, 0x05, 0xBA, 0xFF, 0xE9, 0xBA, 0xBE, 0xEA, 0xAA, 0x28, 0xAA, 0xAA, 0x06, 0x00, 0x00, 0x00, 0x00, 0x00, 0x00, 0x00, 0x00, 0x00,
    0x00, 0x00, 0x00, 0x00, 0x00, 0x00, 0x00, 0x00, 0x00, 0x00, 0x00, 0x00, 0x00, 0x00, 0x00, 0x00, 0x00, 0x00, 0x00, 0x00, 0x00, 0x00, 0x00, 0x00,
    0x00, 0x00, 0x00, 0x00, 0x00, 0x00, 0x00, 0x00, 0x00, 0x00, 0x00, 0x00, 0x00, 0x00, 0x00, 0x00, 0x00, 0x00, 0x00, 0x00, 0x00, 0x00, 0x00, 0x00,
    0xFF, 0xFF, 0x03, 0x00, 0x00, 0x00, 0xFF, 0xFF, 0x7E, 0xFF, 0xFF, 0xFF, 0xFF, 0xFF, 0xFC, 0xFF, 0xFF, 0xFF, 0xFF, 0xFF, 0xFF, 0xFF, 0xFF, 0xFF,
    0xFF, 0xFF, 0xFF, 0xFF, 0xFF, 0xFF, 0xFF, 0xFF, 0xFB, 0xFF, 0xFF, 0xFF, 0xFF, 0xFF, 0x72, 0x00, 0x00, 0x00, 0x00, 0x00, 0x00, 0xFF, 0xFF, 0x03,
    0x00, 0x00, 0x00, 0x00, 0x00, 0x00, 0x00, 0x00, 0x00, 0x00, 0x00, 0x00, 0x00, 0x00, 0x00, 0x00, 0x00, 0x00, 0x00, 0x00, 0x00, 0x00, 0x00, 0x00,
    0x00, 0x00, 0x00, 0x00, 0x00, 0x00, 0x00, 0x00, 0x00, 0x00, 0x00, 0x00, 0x00, 0x00, 0x00, 0x00, 0x00, 0x00, 0xFF, 0xFF, 0x01, 0xFF, 0xFF, 0x04,
    0x00, 0x00, 0x00, 0x55, 0xAD, 0x06, 0xFF, 0xFF, 0x8A, 0xFF, 0xFF, 0xDB, 0xFF, 0xFF, 0x31, 0x00, 0x00, 0x00, 0xFF, 0xFF, 0x04, 0x00, 0x00, 0x00,
    0x00, 0x00, 0x00, 0x00, 0x00, 0x00, 0x00, 0x00, 0x00, 0x00, 0x00, 0x00, 0x00, 0x00, 0x00, 0x00, 0x00, 0x00, 0x00, 0x00, 0x00, 0x00, 0x00, 0x00,
    0x00, 0x00, 0x00, 0x00, 0x00, 0x00, 0x00, 0x00, 0x00, 0x00, 0x00, 0x00, 0x00, 0x00, 0x00, 0x00, 0x00, 0x00, 0x00, 0x00, 0x00, 0x00, 0x00, 0x00,
    0xFF, 0xFF, 0x03, 0x00, 0x00, 0x00, 0xFF, 0xFF, 0x61, 0xFF, 0xFF, 0xFF, 0xFF, 0xFF, 0xFC, 0xFF, 0xFF, 0xFF, 0xFF, 0xFF, 0xFF, 0xFF, 0xFF, 0xFF,
    0xFF, 0xFF, 0xFC, 0xFF, 0xFF, 0xFF, 0xFF, 0xFF, 0x83, 0x00, 0x00, 0x00, 0xFF, 0xFF, 0xC3, 0xFF, 0xFF, 0xFE, 0xFF, 0xFF, 0xFC, 0xFF, 0xFF, 0xFF,
    0xFF, 0xFF, 0xFF, 0xFF, 0xFF, 0xFF, 0xFF, 0xFF, 0xFD, 0xFF, 0xFF, 0xFF, 0xFF, 0xFF, 0x44, 0xFF, 0xFF, 0x01, 0xFF, 0xFF, 0x03, 0x00, 0x00, 0x00,
    0x00, 0x00, 0x00, 0x00, 0x00, 0x00, 0x00, 0x00, 0x00, 0x00, 0x00, 0x00, 0x00, 0x00, 0x00, 0x00, 0x00, 0x00, 0x00, 0x00, 0x00, 0x00, 0x00, 0x00,
    0x00, 0x00, 0x00, 0x00, 0x00, 0x00, 0x00, 0x00, 0x00, 0x00, 0x00, 0x00, 0x00, 0x00, 0x00, 0xFF, 0xFF, 0x02, 0x00, 0x00, 0x00, 0xFF, 0xFF, 0x79,
    0xFF, 0xFF, 0xFF, 0xFF, 0xFF, 0xFC, 0xFF, 0xFF, 0xFF, 0xFF, 0xFF, 0xFF, 0xFF, 0xFF, 0xFF, 0xFF, 0xFF, 0xFF, 0xFF, 0xFF, 0xFF, 0xFF, 0xFF, 0xFC,
    0xFF, 0xFF, 0xFF, 0xFF, 0xFF, 0x7F, 0x00, 0x00, 0x00, 0x00, 0x00, 0x00, 0xFF, 0xFF, 0x03, 0x00, 0x00, 0x00, 0x00, 0x00, 0x00, 0x00, 0x00, 0x00,
    0x00, 0x00, 0x00, 0x00, 0x00, 0x00, 0x00, 0x00, 0x00, 0x00, 0x00, 0x00, 0x00, 0x00, 0x00, 0x00, 0x00, 0x00, 0x00, 0x00, 0x00, 0x00, 0x00, 0x00,
    0x00, 0x00, 0x00, 0x00, 0x00, 0x00, 0x00, 0x00, 0x00, 0xFF, 0xFF, 0x01, 0xFF, 0xFF, 0x04, 0x00, 0x00, 0x00, 0x00, 0x00, 0x00, 0xFF, 0xFF, 0x8C,
    0xFF, 0xFF, 0xEB, 0xFF, 0xFF, 0x41, 0x00, 0x00, 0x00, 0xFF, 0xFF, 0x04, 0x00, 0x00, 0x00, 0x00, 0x00, 0x00, 0x00, 0x00, 0x00, 0x00, 0x00, 0x00,
    0x00, 0x00, 0x00, 0x00, 0x00, 0x00, 0x00, 0x00, 0x00, 0x00, 0x00, 0x00, 0xFF, 0xFF, 0x02, 0xFF, 0xFF, 0x01, 0xBE, 0xF7, 0x23, 0xFF, 0xFF, 0xF3,
    0xFF, 0xFF, 0xFD, 0xFF, 0xFF, 0xFE, 0xFF, 0xFF, 0xFF, 0xFF, 0xFF, 0xFF, 0xFF, 0xFF, 0xFF, 0xFF, 0xFF, 0xFF, 0xFF, 0xFF, 0xFD, 0xFF, 0xFF, 0xFF,
    0xFF, 0xFF, 0xD1, 0xFF, 0xFF, 0x1B, 0x00, 0x00, 0x00, 0xFF, 0xFF, 0x05, 0xFF, 0xFF, 0x01, 0x00, 0x00, 0x00, 0x00, 0x00, 0x00, 0x00, 0x00, 0x00,
    0x00, 0x00, 0x00, 0x00, 0x00, 0x00, 0x00, 0x00, 0x00, 0x00, 0x00, 0x00, 0x00, 0x00, 0x00, 0x00, 0x00, 0x00, 0x00, 0x00, 0x00, 0x00, 0x00, 0x00,
    0x00, 0x00, 0x00, 0x00, 0x00, 0x00, 0x00, 0x00, 0x00, 0xFF, 0xFF, 0x02, 0xFF, 0xFF, 0x03, 0x00, 0x00, 0x00, 0xDF, 0xFF, 0x33, 0xFF, 0xFF, 0xDF,
    0xFF, 0xFF, 0xAD, 0xFF, 0xFF, 0x0B, 0x00, 0x00, 0x00, 0xFF, 0xFF, 0x02, 0x00, 0x00, 0x00, 0x00, 0x00, 0x00, 0x00, 0x00, 0x00, 0x00, 0x00, 0x00,
    0x00, 0x00, 0x00, 0x00, 0x00, 0x00, 0x00, 0x00, 0x00, 0x00, 0x00, 0x00, 0xFF, 0xFF, 0x03, 0x00, 0x00, 0x00, 0xFF, 0xFF, 0x9F, 0xFF, 0xFF, 0xFF,
    0xFF, 0xFF, 0xFC, 0xFF, 0xFF, 0xFF, 0xFF, 0xFF, 0xFF, 0xFF, 0xFF, 0xFF, 0xFF, 0xFF, 0xFF, 0xE7, 0x69, 0xFF, 0x26, 0x9A, 0xFF, 0x25, 0xBA, 0xFE,
    0x62, 0xB1, 0xFE, 0xA3, 0xB9, 0xFE, 0xA3, 0xB9, 0xFF, 0xA3, 0xB9, 0xFF, 0xA3, 0xB9, 0xFF, 0x83, 0xB1, 0xFF, 0xA3, 0xB9, 0xFF, 0x25, 0xB2, 0xCA,
    0x8B, 0xBB, 0x24, 0x86, 0x99, 0x05, 0xAA, 0xAA, 0x0F, 0xAA, 0xAA, 0x15, 0xE9, 0xAA, 0x53, 0x09, 0xC3, 0xAE, 0xE4, 0xB1, 0xFB, 0xA3, 0xB1, 0xFF,
    0xA3, 0xB9, 0xFE, 0xA3, 0xB9, 0xFF, 0xA3, 0xB9, 0xFF, 0xA3, 0xB9, 0xFF, 0xA3, 0xB9, 0xFF, 0xA4, 0xB9, 0xFF, 0x82, 0xB1, 0xFF, 0x83, 0xB1, 0xFE,
    0xC8, 0xC2, 0xE4, 0xC9, 0xB2, 0x81, 0xA9, 0xAA, 0x5A, 0x88, 0xAA, 0x58, 0x88, 0xB2, 0x84, 0xA8, 0xBA, 0xAC, 0x05, 0xB2, 0xE8, 0xA3, 0xB1, 0xFF,
    0xA3, 0xB9, 0xFD, 0xA3, 0xB9, 0xFF, 0xA3, 0xB9, 0xFF, 0xA3, 0xB9, 0xFF, 0xA3, 0xB9, 0xFF, 0xA3, 0xB9, 0xFF, 0xA3, 0xB9, 0xFF, 0xA3, 0xB9, 0xFF,
    0xA3, 0xB9, 0xFF, 0xA3, 0xB9, 0xFF, 0xC4, 0xB9, 0xFF, 0x46, 0xC2, 0xFC, 0xC8, 0xC2, 0xD9, 0xE9, 0xBA, 0xB9, 0xE9, 0xBA, 0x90, 0xE9, 0xB2, 0x75,
    0xC8, 0xB2, 0x6B, 0xE9, 0xB2, 0x80, 0xC9, 0xB2, 0x70, 0xC9, 0xA2, 0x4A, 0x88, 0x9A, 0x62, 0x48, 0x92, 0x1B, 0x86, 0x61, 0x0A, 0x27, 0x9A, 0x3D,
    0x88, 0xAA, 0x6F, 0x87, 0xBA, 0x9F, 0xC4, 0xB1, 0xFF, 0xA3, 0xB9, 0xFF, 0xA3, 0xB9, 0xFF, 0xA3, 0xB9, 0xFF, 0xA3, 0xB9, 0xFF, 0xA3, 0xB9, 0xFF,
    0xA3, 0xB9, 0xFF, 0xA3, 0xB9, 0xFF, 0x05, 0xC2, 0xFF, 0x09, 0xCB, 0xEF, 0x0A, 0xBB, 0x95, 0xA9, 0x9A, 0x3B, 0x68, 0x92, 0x1D, 0x68, 0x9A, 0x37,
    0x68, 0x9A, 0x41, 0x88, 0xA2, 0x49, 0xC8, 0xAA, 0x47, 0x67, 0xB2, 0x78, 0x26, 0xAA, 0xB7, 0x05, 0xB2, 0xEA, 0xC4, 0xB9, 0xFF, 0xA3, 0xB9, 0xFF,
    0xA3, 0xB9, 0xFD, 0xA4, 0xB9, 0xFF, 0xA3, 0xB9, 0xFF, 0xA3, 0xB9, 0xFF, 0xA3, 0xB9, 0xFF, 0xA3, 0xB9, 0xFF, 0xC4, 0xB9, 0xFF, 0xA3, 0xB9, 0xFF,
    0xA3, 0xB9, 0xFF, 0xA3, 0xB9, 0xFD, 0xC3, 0xB9, 0xFF, 0xE5, 0xB1, 0xE6, 0x88, 0xB2, 0x6C, 0xA9, 0xB2, 0x6A, 0x0A, 0xC3, 0x90, 0xA7, 0xC2, 0xE5,
    0xA3, 0xB1, 0xFF, 0xA3, 0xB1, 0xFF, 0xC3, 0xB9, 0xFF, 0xA3, 0xB9, 0xFF, 0xA3, 0xB9, 0xFF, 0xC3, 0xB9, 0xFF, 0xA3, 0xB9, 0xFF, 0xA3, 0xB9, 0xFF,
    0xA3, 0xB9, 0xFF, 0xA3, 0xB1, 0xFF, 0xA3, 0xB9, 0xFF, 0xC4, 0xB9, 0xFF, 0xA4, 0xB9, 0xFF, 0xA3, 0xB9, 0xFF, 0xA3, 0xB9, 0xFF, 0xA3, 0xB9, 0xFF,
    0x83, 0xB9, 0xFE, 0xA3, 0xB9, 0xFF, 0xA3, 0xB9, 0xFF, 0xA3, 0xB9, 0xFE, 0xA3, 0xB9, 0xFE, 0xA3, 0xB9, 0xFF, 0xA3, 0xB9, 0xFF, 0xA3, 0xB9, 0xFE,
    0xA3, 0xB9, 0xFE, 0x25, 0xC2, 0xFF, 0x09, 0xC3, 0xC4, 0x0A, 0xB3, 0x6B, 0xC9, 0x9A, 0x30, 0xC9, 0xA2, 0x11, 0xAA, 0xAA, 0x09, 0xE0, 0x7B, 0x02,
    0x00, 0x00, 0x00, 0x2C, 0x9B, 0x05, 0x47, 0x7A, 0x55, 0x26, 0x9B, 0x05, 0x00, 0x00, 0x00, 0x00, 0x00, 0x01, 0x00, 0x00, 0x00, 0x00, 0x00, 0x00,
    0x00, 0x00, 0x00, 0x00, 0x00, 0x00, 0x00, 0x78, 0x02, 0x00, 0xF8, 0x01, 0x00, 0x00, 0x00, 0x00, 0x78, 0x02, 0x00, 0x00, 0x00, 0x00, 0x00, 0x00,
    0x00, 0x00, 0x00, 0x00, 0x00, 0x00, 0xE7, 0x91, 0x0C, 0xA9, 0xA2, 0x49, 0x67, 0xB2, 0xCF, 0xC4, 0xB9, 0xFF, 0xA3, 0xB9, 0xFD, 0xA3, 0xB9, 0xFF,
    0xA3, 0xB9, 0xFF, 0xA3, 0xB9, 0xFF, 0xA3, 0xB9, 0xFF, 0xA3, 0xB9, 0xFE, 0xA3, 0xB9, 0xFF, 0x87, 0xC2, 0xE7, 0x4A, 0xBB, 0x57, 0xE7, 0x79, 0x08,
    0x00, 0xF8, 0x01, 0x00, 0x00, 0x00, 0x00, 0x00, 0x00, 0x00, 0x00, 0x00, 0x00, 0x00, 0x00, 0x00, 0x00, 0x00, 0x00, 0x00, 0x00, 0x00, 0x00, 0x00,
    0x00, 0x00, 0x00, 0x00, 0x00, 0x00, 0x00, 0x00, 0x00, 0x00, 0x00, 0x00, 0x00, 0x00, 0x00, 0x00, 0x00, 0x00, 0x00, 0x00, 0x00, 0x00, 0x00, 0x00,
    0x00, 0x00, 0x00, 0x00, 0x00, 0x00, 0x00, 0x00, 0x00, 0xFF, 0xFF, 0x02, 0x00, 0x00, 0x00, 0xBE, 0xF7, 0x18, 0xFF, 0xFF, 0xEE, 0xFF, 0xFF, 0xFE,
    0xFF, 0xFF, 0xFE, 0xFF, 0xFF, 0xFF, 0xFF, 0xFF, 0xFF, 0xFF, 0xFF, 0xFF, 0xFF, 0xFF, 0xFF, 0xFF, 0xFF, 0xFC, 0xFF, 0xFF, 0xFF, 0xFF, 0xFF, 0x86,
    0x00, 0x00, 0x00, 0xFF, 0xFF, 0x04, 0xFF, 0xFF, 0x01, 0x00, 0x00, 0x00, 0x00, 0x00, 0x00, 0x00, 0x00, 0x00, 0x00, 0x00, 0x00, 0x00, 0x00, 0x00,
    0x00, 0x00, 0x00, 0x00, 0x00, 0x00, 0x00, 0x00, 0x00, 0x00, 0x00, 0x00, 0x00, 0x00, 0x00, 0x00, 0x00, 0x00, 0x00, 0x00, 0x00, 0x00, 0x00, 0x00,
    0x00, 0x00, 0x00, 0x00, 0x00, 0x00, 0x00, 0x00, 0x00, 0x00, 0x00, 0x00, 0xFF, 0xFF, 0x02, 0x00, 0x00, 0x00, 0x00, 0x00, 0x00, 0xFF, 0xFF, 0x0F,
    0x00, 0x00, 0x00, 0xFF, 0xFF, 0x03, 0x00, 0x00, 0x00, 0x00, 0x00, 0x00, 0x00, 0x00, 0x00, 0x00, 0x00, 0x00, 0x00, 0x00, 0x00, 0x00, 0x00, 0x00,
    0x00, 0x00, 0x00, 0x00, 0x00, 0x00, 0x00, 0x00, 0x00, 0x00, 0x00, 0x00, 0x00, 0x00, 0x00, 0x00, 0x00, 0x00, 0x00, 0x00, 0x00, 0x00, 0x00, 0x00,
    0x00, 0x00, 0x00, 0x00, 0x00, 0x00, 0x00, 0x00, 0x00, 0xFF, 0xFF, 0x01, 0xFF, 0xFF, 0x01, 0xFF, 0xFF, 0x04, 0xFF, 0xFF, 0xCF, 0xFF, 0xFF, 0xFE,
    0xFF, 0xFF, 0xFC, 0xFF, 0xFF, 0xFF, 0xFF, 0xFF, 0xFF, 0xFF, 0xFF, 0xFE, 0xFF, 0xFF, 0xFE, 0xFF, 0xFF, 0xF5, 0xFF, 0xFF, 0x27, 0xFF, 0xFF, 0x01,
    0xFF, 0xFF, 0x62, 0xFF, 0xFF, 0xFF, 0xFF, 0xFF, 0xFC, 0xFF, 0xFF, 0xFF, 0xFF, 0xFF, 0xFF, 0xFF, 0xFF, 0xFF, 0xFF, 0xFF, 0xFC, 0xFF, 0xFF, 0xFF,
    0xFF, 0xFF, 0xAD, 0x00, 0x00, 0x00, 0xFF, 0xFF, 0x02, 0x00, 0x00, 0x00, 0x00, 0x00, 0x00, 0x00, 0x00, 0x00, 0x00, 0x00, 0x00, 0x00, 0x00, 0x00,
    0x00, 0x00, 0x00, 0x00, 0x00, 0x00, 0x00, 0x00, 0x00, 0x00, 0x00, 0x00, 0x00, 0x00, 0x00, 0x00, 0x00, 0x00, 0x00, 0x00, 0x00, 0x00, 0x00, 0x00,
    0xFF, 0xFF, 0x01, 0x00, 0x00, 0x00, 0x5E, 0xF7, 0x17, 0xFF, 0xFF, 0xEB, 0xFF, 0xFF, 0xFE, 0xFF, 0xFF, 0xFE, 0xFF, 0xFF, 0xFF, 0xFF, 0xFF, 0xFF,
    0xFF, 0xFF, 0xFF, 0xFF, 0xFF, 0xFF, 0xFF, 0xFF, 0xFC, 0xFF, 0xFF, 0xFF, 0xFF, 0xFF, 0x8B, 0x00, 0x00, 0x00, 0xFF, 0xFF, 0x04, 0xFF, 0xFF, 0x02,
    0x00, 0x00, 0x00, 0x00, 0x00, 0x00, 0x00, 0x00, 0x00, 0x00, 0x00, 0x00, 0x00, 0x00, 0x00, 0x00, 0x00, 0x00, 0x00, 0x00, 0x00, 0x00, 0x00, 0x00,
    0x00, 0x00, 0x00, 0x00, 0x00, 0x00, 0x00, 0x00, 0x00, 0x00, 0x00, 0x00, 0x00, 0x00, 0x00, 0x00, 0x00, 0x00, 0x00, 0x00, 0x00, 0x00, 0x00, 0x00,
    0x00, 0x00, 0x00, 0xFF, 0xFF, 0x02, 0x00, 0x00, 0x00, 0x00, 0x00, 0x00, 0xFF, 0xFF, 0x1A, 0x00, 0x00, 0x00, 0xFF, 0xFF, 0x02, 0x00, 0x00, 0x00,
    0x00, 0x00, 0x00, 0x00, 0x00, 0x00, 0x00, 0x00, 0x00, 0x00, 0x00, 0x00, 0x00, 0x00, 0x00, 0x00, 0x00, 0x00, 0x00, 0x00, 0x00, 0x00, 0x00, 0x00,
    0xFF, 0xFF, 0x02, 0x00, 0x00, 0x00, 0xFF, 0xFF, 0x94, 0xFF, 0xFF, 0xFF, 0xFF, 0xFF, 0xFB, 0xFF, 0xFF, 0xFF, 0xFF, 0xFF, 0xFF, 0xFF, 0xFF, 0xFF,
    0xFF, 0xFF, 0xFF, 0xFF, 0xFF, 0xFE, 0xFF, 0xFF, 0xFE, 0xFF, 0xFF, 0xE0, 0xFF, 0xFF, 0x1E, 0x00, 0x00, 0x00, 0xFF, 0xFF, 0x04, 0x00, 0x00, 0x00,
    0x00, 0x00, 0x00, 0x00, 0x00, 0x00, 0x00, 0x00, 0x00, 0x00, 0x00, 0x00, 0x00, 0x00, 0x00, 0x00, 0x00, 0x00, 0x00, 0x00, 0x00, 0x00, 0x00, 0x00,
    0x00, 0x00, 0x00, 0x00, 0x00, 0x00, 0x00, 0x00, 0x00, 0x00, 0x00, 0x00, 0x00, 0x00, 0x00, 0x00, 0x00, 0x00, 0x00, 0x00, 0x00, 0x00, 0x00, 0x00,
    0x00, 0x00, 0x00, 0xFF, 0xFF, 0x04, 0x00, 0x00, 0x00, 0xFF, 0xFF, 0x14, 0xFF, 0xFF, 0x04, 0x00, 0x00, 0x00, 0xFF, 0xFF, 0x02, 0x00, 0x00, 0x00,
    0x00, 0x00, 0x00, 0x00, 0x00, 0x00, 0x00, 0x00, 0x00, 0x00, 0x00, 0x00, 0x00, 0x00, 0x00, 0x00, 0x00, 0x00, 0x00, 0x00, 0x00, 0x00, 0x00, 0x00,
    0xFF, 0xFF, 0x03, 0x00, 0x00, 0x00, 0xFF, 0xFF, 0x9F, 0xFF, 0xFF, 0xFF, 0xFF, 0xFF, 0xFC, 0xFF, 0xFF, 0xFF, 0xFF, 0xFF, 0xFF, 0xFF, 0xFF, 0xFF,
    0xFF, 0xFF, 0xFF, 0x75, 0xBD, 0xFF, 0x88, 0x8A, 0xFF, 0xED, 0xDB, 0xFF, 0xE5, 0xB9, 0xFF, 0xA3, 0xB9, 0xFF, 0xA3, 0xB9, 0xFF, 0x83, 0xB9, 0xFF,
    0xE4, 0xB1, 0xFC, 0x46, 0xC2, 0xF0, 0xA4, 0xB9, 0xFF, 0x26, 0xAA, 0xA4, 0xEF, 0xBB, 0x04, 0xE0, 0x79, 0x04, 0xEB, 0xA2, 0x0B, 0xA9, 0xA2, 0x1E,
    0xA9, 0xA2, 0x29, 0x09, 0xBB, 0x98, 0x87, 0xC2, 0xF8, 0x83, 0xB1, 0xFF, 0xA3, 0xB9, 0xFF, 0xA3, 0xB9, 0xFF, 0xA3, 0xB9, 0xFF, 0xA3, 0xB9, 0xFF,
    0xA3, 0xB9, 0xFF, 0xA4, 0xB9, 0xFF, 0x83, 0xB1, 0xFE, 0xC4, 0xB9, 0xFF, 0xA8, 0xC2, 0xED, 0x09, 0xC3, 0x9E, 0xA8, 0xB2, 0x9F, 0xE9, 0xC2, 0xB7,
    0x87, 0xC2, 0xE1, 0xC4, 0xB1, 0xFF, 0x83, 0xB1, 0xFF, 0x83, 0xB1, 0xFE, 0xA3, 0xB9, 0xFF, 0xA3, 0xB9, 0xFF, 0xA3, 0xB9, 0xFF, 0xA3, 0xB9, 0xFF,
    0xA3, 0xB9, 0xFF, 0xA3, 0xB9, 0xFF, 0xA3, 0xB9, 0xFF, 0xA3, 0xB9, 0xFF, 0xA3, 0xB9, 0xFF, 0x83, 0xB1, 0xFF, 0x05, 0xBA, 0xFF, 0x46, 0xC2, 0xFE,
    0x46, 0xC2, 0xFF, 0x66, 0xC2, 0xDE, 0xA8, 0xC2, 0xD8, 0x66, 0xBA, 0xDC, 0x66, 0xBA, 0xE3, 0x87, 0xBA, 0xDE, 0x46, 0xB2, 0xDF, 0x46, 0xB2, 0xC2,
    0x87, 0xB2, 0xC7, 0xC8, 0xBA, 0x94, 0xC9, 0xB2, 0x68, 0xA9, 0xB2, 0x5F, 0xA8, 0xB2, 0x9B, 0xA8, 0xC2, 0xC7, 0x05, 0xBA, 0xF8, 0xA3, 0xB9, 0xFF,
    0xA3, 0xB9, 0xFF, 0xA3, 0xB9, 0xFF, 0xA3, 0xB9, 0xFF, 0xA3, 0xB9, 0xFF, 0xA3, 0xB9, 0xFF, 0xA3, 0xB1, 0xFF, 0x26, 0xC2, 0xFF, 0xA8, 0xC2, 0xFF,
    0xA8, 0xC2, 0xD5, 0xA8, 0xBA, 0x6C, 0xE9, 0xB2, 0x45, 0xC9, 0xAA, 0x45, 0xA8, 0xB2, 0x7F, 0x67, 0xB2, 0xAA, 0x26, 0xB2, 0xBE, 0xE4, 0xB1, 0xFF,
    0xA3, 0xB9, 0xFF, 0x83, 0xB1, 0xFF, 0x83, 0xB1, 0xFD, 0x83, 0xB1, 0xFE, 0xA3, 0xB1, 0xFF, 0xA3, 0xB9, 0xFF, 0xA3, 0xB9, 0xFF, 0xA3, 0xB9, 0xFF,
    0xA3, 0xB9, 0xFF, 0xA3, 0xB9, 0xFF, 0xA3, 0xB9, 0xFF, 0xA3, 0xB9, 0xFF, 0xA3, 0xB9, 0xFE, 0xA3, 0xB9, 0xFF, 0xE4, 0xB1, 0xFF, 0x87, 0xB2, 0x61,
    0x0A, 0xB3, 0x1F, 0xE9, 0xC2, 0x89, 0x87, 0xBA, 0xE0, 0x46, 0xBA, 0xF6, 0xA3, 0xB9, 0xFF, 0xA3, 0xB9, 0xFF, 0xA3, 0xB9, 0xFF, 0xA3, 0xB9, 0xFF,
    0xA3, 0xB9, 0xFF, 0xA3, 0xB9, 0xFF, 0xA3, 0xB9, 0xFF, 0xA3, 0xB9, 0xFF, 0xA3, 0xB9, 0xFF, 0xA3, 0xB1, 0xFE, 0xA3, 0xB1, 0xFE, 0x83, 0xB1, 0xFE,
    0xA3, 0xB1, 0xFE, 0xA3, 0xB1, 0xFE, 0xA3, 0xB9, 0xFF, 0xA3, 0xB9, 0xFF, 0xA4, 0xB9, 0xFF, 0xA3, 0xB1, 0xFF, 0xA3, 0xB9, 0xFF, 0xA3, 0xB9, 0xFF,
    0xA3, 0xB9, 0xFF, 0xA3, 0xB9, 0xFF, 0xA3, 0xB9, 0xFF, 0xA3, 0xB9, 0xFF, 0xA3, 0xB9, 0xFE, 0xA3, 0xB1, 0xFE, 0xC8, 0xC2, 0xE7, 0x4B, 0xBB, 0x88,
    0xEA, 0xA2, 0x3C, 0xCA, 0xA2, 0x19, 0xE9, 0x9A, 0x10, 0x00, 0xF8, 0x01, 0x00, 0x00, 0x00, 0xE7, 0xB9, 0x04, 0x47, 0x7A, 0x33, 0xE7, 0x79, 0x08,
    0x00, 0x00, 0x01, 0x00, 0x00, 0x00, 0x00, 0x00, 0x00, 0x00, 0x00, 0x00, 0x00, 0x00, 0x00, 0x00, 0x78, 0x02, 0x00, 0x00, 0x00, 0x00, 0x00, 0x00,
    0xC9, 0x6A, 0x0E, 0x00, 0x00, 0x00, 0x00, 0x00, 0x00, 0x00, 0x00, 0x00, 0x00, 0x00, 0x01, 0xE0, 0x7B, 0x02, 0x28, 0x8A, 0x12, 0xA9, 0xAA, 0x5A,
    0x46, 0xB2, 0xDD, 0xC3, 0xB9, 0xFF, 0xA3, 0xB9, 0xFE, 0xA3, 0xB9, 0xFF, 0xA3, 0xB9, 0xFF, 0xA3, 0xB9, 0xFF, 0xA3, 0xB9, 0xFF, 0xA3, 0xB9, 0xFE,
    0xA3, 0xB9, 0xFF, 0x46, 0xB2, 0xDE, 0x2A, 0xB3, 0x38, 0x00, 0xA8, 0x03, 0x00, 0x00, 0x00, 0x00, 0x00, 0x00, 0x00, 0x00, 0x00, 0x00, 0x00, 0x00,
    0x00, 0x00, 0x00, 0x00, 0x00, 0x00, 0x00, 0x00, 0x00, 0x00, 0x00, 0x00, 0x00, 0x00, 0x00, 0x00, 0x00, 0x00, 0x00, 0x00, 0x00, 0x00, 0x00, 0x00,
    0x00, 0x00, 0x00, 0x00, 0x00, 0x00, 0x00, 0x00, 0x00, 0x00, 0x00, 0x00, 0x00, 0x00, 0x00, 0x00, 0x00, 0x00, 0x00, 0x00, 0x00, 0xFF, 0xFF, 0x03,
    0x00, 0x00, 0x00, 0xFF, 0xFF, 0x73, 0xFF, 0xFF, 0xFF, 0xFF, 0xFF, 0xFC, 0xFF, 0xFF, 0xFF, 0xFF, 0xFF, 0xFF, 0xFF, 0xFF, 0xFF, 0xFF, 0xFF, 0xFF,
    0xFF, 0xFF, 0xFC, 0xFF, 0xFF, 0xFF, 0xFF, 0xFF, 0xB7, 0x00, 0x00, 0x00, 0xFF, 0xFF, 0x04, 0xFF, 0xFF, 0x01, 0x00, 0x00, 0x00, 0x00, 0x00, 0x00,
    0x00, 0x00, 0x00, 0x00, 0x00, 0x00, 0x00, 0x00, 0x00, 0x00, 0x00, 0x00, 0x00, 0x00, 0x00, 0x00, 0x00, 0x00, 0x00, 0x00, 0x00, 0x00, 0x00, 0x00,
    0x00, 0x00, 0x00, 0x00, 0x00, 0x00, 0x00, 0x00, 0x00, 0x00, 0x00, 0x00, 0x00, 0x00, 0x00, 0x00, 0x00, 0x00, 0x00, 0x00, 0x00, 0x00, 0x00, 0x00,
    0x00, 0x00, 0x00, 0xFF, 0xFF, 0x01, 0xFF, 0xFF, 0x01, 0x00, 0x00, 0x00, 0xFF, 0xFF, 0x02, 0x00, 0x00, 0x00, 0x00, 0x00, 0x00, 0x00, 0x00, 0x00,
    0x00, 0x00, 0x00, 0x00, 0x00, 0x00, 0x00, 0x00, 0x00, 0x00, 0x00, 0x00, 0x00, 0x00, 0x00, 0x00, 0x00, 0x00, 0x00, 0x00, 0x00, 0x00, 0x00, 0x00,
    0x00, 0x00, 0x00, 0x00, 0x00, 0x00, 0x00, 0x00, 0x00, 0x00, 0x00, 0x00, 0x00, 0x00, 0x00, 0x00, 0x00, 0x00, 0x00, 0x00, 0x00, 0xFF, 0xFF, 0x03,
    0x00, 0x00, 0x00, 0xFF, 0xFF, 0x46, 0xFF, 0xFF, 0xFF, 0xFF, 0xFF, 0xFE, 0xFF, 0xFF, 0xFF, 0xFF, 0xFF, 0xFF, 0xFF, 0xFF, 0xFF, 0xFF, 0xFF, 0xFC,
    0xFF, 0xFF, 0xFF, 0xFF, 0xFF, 0xAD, 0x00, 0x00, 0x00, 0xFF, 0xFF, 0x02, 0x7D, 0xEF, 0x10, 0xFF, 0xFF, 0xE5, 0xFF, 0xFF, 0xFF, 0xFF, 0xFF, 0xFE,
    0xFF, 0xFF, 0xFF, 0xFF, 0xFF, 0xFF, 0xFF, 0xFF, 0xFE, 0xFF, 0xFF, 0xFE, 0xFF, 0xFF, 0xF5, 0xFF, 0xFF, 0x24, 0x00, 0x00, 0x00, 0xFF, 0xFF, 0x02,
    0x00, 0x00, 0x00, 0x00, 0x00, 0x00, 0x00, 0x00, 0x00, 0x00, 0x00, 0x00, 0x00, 0x00, 0x00, 0x00, 0x00, 0x00, 0x00, 0x00, 0x00, 0x00, 0x00, 0x00,
    0x00, 0x00, 0x00, 0x00, 0x00, 0x00, 0x00, 0x00, 0x00, 0x00, 0x00, 0x00, 0xFF, 0xFF, 0x04, 0x00, 0x00, 0x00, 0xFF, 0xFF, 0x76, 0xFF, 0xFF, 0xFF,
    0xFF, 0xFF, 0xFC, 0xFF, 0xFF, 0xFF, 0xFF, 0xFF, 0xFF, 0xFF, 0xFF, 0xFF, 0xFF, 0xFF, 0xFF, 0xFF, 0xFF, 0xFD, 0xFF, 0xFF, 0xFF, 0xFF, 0xFF, 0xC6,
    0xFF, 0xFF, 0x01, 0xFF, 0xFF, 0x03, 0xFF, 0xFF, 0x01, 0x00, 0x00, 0x00, 0x00, 0x00, 0x00, 0x00, 0x00, 0x00, 0x00, 0x00, 0x00, 0x00, 0x00, 0x00,
    0x00, 0x00, 0x00, 0x00, 0x00, 0x00, 0x00, 0x00, 0x00, 0x00, 0x00, 0x00, 0x00, 0x00, 0x00, 0x00, 0x00, 0x00, 0x00, 0x00, 0x00, 0x00, 0x00, 0x00,
    0x00, 0x00, 0x00, 0x00, 0x00, 0x00, 0x00, 0x00, 0x00, 0x00, 0x00, 0x00, 0x00, 0x00, 0x00, 0x00, 0x00, 0x00, 0xFF, 0xFF, 0x01, 0xFF, 0xFF, 0x01,
    0x00, 0x00, 0x00, 0xFF, 0xFF, 0x02, 0x00, 0x00, 0x00, 0x00, 0x00, 0x00, 0x00, 0x00, 0x00, 0x00, 0x00, 0x00, 0x00, 0x00, 0x00, 0x00, 0x00, 0x00,
    0x00, 0x00, 0x00, 0x00, 0x00, 0x00, 0x00, 0x00, 0x00, 0xFF, 0xFF, 0x01, 0x00, 0x00, 0x00, 0xFF, 0xFF, 0x1A, 0xFF, 0xFF, 0xF0, 0xFF, 0xFF, 0xFE,
    0xFF, 0xFF, 0xFE, 0xFF, 0xFF, 0xFF, 0xFF, 0xFF, 0xFF, 0xFF, 0xFF, 0xFF, 0xFF, 0xFF, 0xFE, 0xFF, 0xFF, 0xFD, 0xFF, 0xFF, 0xFC, 0xFF, 0xFF, 0x3F,
    0x00, 0x00, 0x00, 0xFF, 0xFF, 0x04, 0x00, 0x00, 0x00, 0x00, 0x00, 0x00, 0x00, 0x00, 0x00, 0x00, 0x00, 0x00, 0x00, 0x00, 0x00, 0x00, 0x00, 0x00,
    0x00, 0x00, 0x00, 0x00, 0x00, 0x00, 0x00, 0x00, 0x00, 0x00, 0x00, 0x00, 0x00, 0x00, 0x00, 0x00, 0x00, 0x00, 0x00, 0x00, 0x00, 0x00, 0x00, 0x00,
    0x00, 0x00, 0x00, 0x00, 0x00, 0x00, 0x00, 0x00, 0x00, 0x00, 0x00, 0x00, 0x00, 0x00, 0x00, 0x00, 0x00, 0x00, 0xFF, 0xFF, 0x02, 0x00, 0x00, 0x00,
    0x00, 0x00, 0x00, 0xFF, 0xFF, 0x01, 0x00, 0x00, 0x00, 0x00, 0x00, 0x00, 0x00, 0x00, 0x00, 0x00, 0x00, 0x00, 0x00, 0x00, 0x00, 0x00, 0x00, 0x00,
    0x00, 0x00, 0x00, 0x00, 0x00, 0x00, 0x00, 0x00, 0x00, 0x00, 0x00, 0x00, 0xFF, 0xFF, 0x03, 0x00, 0x00, 0x00, 0xFF, 0xFF, 0x9F, 0xFF, 0xFF, 0xFF,
    0xFF, 0xFF, 0xFC, 0xFF, 0xFF, 0xFF, 0xFF, 0xFF, 0xFF, 0xFF, 0xFF, 0xFF, 0xFF, 0xFF, 0xFD, 0x1C, 0xE7, 0xFF, 0x0F, 0xA4, 0xB8, 0xB0, 0xDC, 0xE2,
    0xCC, 0xD3, 0xDD, 0xE5, 0xB1, 0xEF, 0xA3, 0xB9, 0xFE, 0xA3, 0xC1, 0xFF, 0x05, 0xAA, 0xC1, 0x87, 0xBA, 0xAD, 0xE4, 0xB9, 0xFF, 0x26, 0xA2, 0x8F,
    0x00, 0x00, 0x00, 0x00, 0x50, 0x03, 0x00, 0xF8, 0x01, 0x69, 0x9A, 0x14, 0x88, 0xA2, 0x13, 0xC9, 0xB2, 0x79, 0xA8, 0xBA, 0xF3, 0xC4, 0xB1, 0xFE,
    0xA3, 0xB9, 0xFF, 0xA3, 0xB9, 0xFF, 0xA3, 0xB9, 0xFF, 0xA3, 0xB9, 0xFF, 0xA3, 0xB9, 0xFF, 0xA3, 0xB9, 0xFF, 0xA3, 0xB9, 0xFF, 0xA3, 0xB9, 0xFF,
    0x05, 0xBA, 0xFD, 0xE9, 0xCA, 0xD6, 0xA8, 0xC2, 0xE2, 0x26, 0xBA, 0xF5, 0xC4, 0xB1, 0xFE, 0x83, 0xB1, 0xFF, 0xA3, 0xB1, 0xFE, 0xA3, 0xB1, 0xFF,
    0xA3, 0xB9, 0xFF, 0xA3, 0xB9, 0xFF, 0xA3, 0xB9, 0xFF, 0xA3, 0xB9, 0xFF, 0xA3, 0xB9, 0xFF, 0xA3, 0xB9, 0xFF, 0xA3, 0xB9, 0xFF, 0xA3, 0xB9, 0xFF,
    0xA3, 0xB9, 0xFF, 0xA3, 0xB9, 0xFF, 0xA3, 0xB9, 0xFF, 0xA3, 0xB1, 0xFF, 0xC3, 0xB9, 0xFF, 0xA3, 0xB9, 0xFF, 0xC4, 0xB9, 0xFF, 0xA3, 0xB9, 0xFF,
    0xA3, 0xB9, 0xFF, 0xA3, 0xB9, 0xFF, 0xA3, 0xB9, 0xFF, 0xC3, 0xB9, 0xFF, 0xC4, 0xB9, 0xFF, 0x05, 0xBA, 0xFF, 0x46, 0xBA, 0xF3, 0x25, 0xB2, 0xCD,
    0xC8, 0xCA, 0xCD, 0xE9, 0xCA, 0xDC, 0x46, 0xC2, 0xF5, 0xA3, 0xB9, 0xFF, 0xA3, 0xB9, 0xFF, 0xA3, 0xB9, 0xFF, 0xA3, 0xB9, 0xFF, 0xA3, 0xB9, 0xFF,
    0xA3, 0xB9, 0xFF, 0xA3, 0xB9, 0xFF, 0x05, 0xC2, 0xFF, 0x05, 0xBA, 0xFF, 0xE5, 0xB9, 0xFF, 0x46, 0xBA, 0xF2, 0x67, 0xBA, 0xDC, 0x46, 0xB2, 0xD1,
    0x05, 0xB2, 0xF2, 0xC4, 0xB9, 0xFF, 0xC3, 0xB9, 0xFF, 0xA3, 0xB9, 0xFF, 0xA3, 0xB9, 0xFD, 0xA3, 0xB9, 0xFE, 0xA3, 0xB9, 0xFF, 0xA4, 0xB9, 0xFF,
    0xA3, 0xB9, 0xFF, 0xA3, 0xB9, 0xFF, 0xA3, 0xB9, 0xFF, 0xC3, 0xB9, 0xFF, 0xA3, 0xB9, 0xFF, 0xA3, 0xB9, 0xFF, 0xA3, 0xB9, 0xFF, 0xA3, 0xB9, 0xFD,
    0xA3, 0xB9, 0xFF, 0xE5, 0xB9, 0xF2, 0x88, 0xBA, 0x89, 0xE9, 0xBA, 0x6D, 0x87, 0xB2, 0x9D, 0x05, 0xB2, 0xEC, 0xA3, 0xB9, 0xFF, 0xA3, 0xB9, 0xFF,
    0xA3, 0xB9, 0xFF, 0xA3, 0xB9, 0xFF, 0xA3, 0xB9, 0xFF, 0xA3, 0xB9, 0xFF, 0xA3, 0xB9, 0xFF, 0xA3, 0xB9, 0xFF, 0xA3, 0xB9, 0xFF, 0xA3, 0xB9, 0xFF,
    0xA3, 0xB9, 0xFF, 0xA3, 0xB9, 0xFF, 0xA3, 0xB9, 0xFF, 0xA3, 0xB9, 0xFF, 0xA3, 0xB9, 0xFF, 0xA3, 0xB9, 0xFF, 0xA3, 0xB9, 0xFF, 0xA3, 0xB9, 0xFF,
    0xA3, 0xB9, 0xFF, 0xA3, 0xB9, 0xFF, 0xA3, 0xB9, 0xFF, 0xA3, 0xB9, 0xFF, 0xA3, 0xB9, 0xFF, 0xA3, 0xB9, 0xFF, 0xA3, 0xB9, 0xFF, 0xA3, 0xB9, 0xFF,
    0xA3, 0xB9, 0xFE, 0xA3, 0xB9, 0xFF, 0xA8, 0xC2, 0xF3, 0x4B, 0xC3, 0x95, 0x0A, 0xAB, 0x54, 0x0A, 0xA3, 0x3D, 0xE9, 0x9A, 0x10, 0x00, 0x00, 0x00,
    0xAA, 0x7A, 0x06, 0xAA, 0xAA, 0x03, 0x00, 0x00, 0x00, 0x00, 0x00, 0x00, 0x00, 0x00, 0x00, 0x00, 0x00, 0x00, 0x00, 0x00, 0x00, 0x00, 0x00, 0x00,
    0x00, 0x00, 0x00, 0x00, 0x00, 0x00, 0x47, 0x92, 0x23, 0xC4, 0x99, 0xA6, 0xC4, 0x99, 0xE2, 0xE5, 0x91, 0x71, 0x00, 0xF8, 0x01, 0x00, 0x00, 0x01,
    0xE0, 0x03, 0x02, 0x00, 0x00, 0x00, 0x47, 0x92, 0x18, 0xC9, 0xB2, 0x81, 0xE5, 0xB1, 0xF6, 0xA3, 0xB9, 0xFF, 0xA3, 0xB9, 0xFE, 0xA3, 0xB9, 0xFF,
    0xA3, 0xB9, 0xFF, 0xA3, 0xB9, 0xFF, 0xA3, 0xB9, 0xFF, 0xA3, 0xB9, 0xFD, 0xC4, 0xB9, 0xFF, 0xA8, 0xBA, 0xC3, 0x4B, 0xBB, 0x22, 0xAA, 0xAA, 0x03,
    0x00, 0x00, 0x00, 0x00, 0x00, 0x00, 0x00, 0x00, 0x00, 0x00, 0x00, 0x00, 0x00, 0x00, 0x00, 0x00, 0x00, 0x00, 0x00, 0x00, 0x00, 0x00, 0x00, 0x00,
    0x00, 0x00, 0x00, 0x00, 0x00, 0x00, 0x00, 0x00, 0x00, 0x00, 0x00, 0x00, 0x00, 0x00, 0x00, 0x00, 0x00, 0x00, 0x00, 0x00, 0x00, 0x00, 0x00, 0x00,
    0x00, 0x00, 0x00, 0x00, 0x00, 0x00, 0xFF, 0xFF, 0x01, 0x00, 0x00, 0x00, 0xFF, 0xFF, 0x07, 0xFF, 0xFF, 0xD4, 0xFF, 0xFF, 0xFE, 0xFF, 0xFF, 0xFC,
    0xFF, 0xFF, 0xFF, 0xFF, 0xFF, 0xFF, 0xFF, 0xFF, 0xFF, 0xFF, 0xFF, 0xFE, 0xFF, 0xFF, 0xFE, 0xFF, 0xFF, 0xEF, 0xBE, 0xF7, 0x20, 0x00, 0x00, 0x00,
    0xFF, 0xFF, 0x02, 0x00, 0x00, 0x00, 0x00, 0x00, 0x00, 0x00, 0x00, 0x00, 0x00, 0x00, 0x00, 0x00, 0x00, 0x00, 0x00, 0x00, 0x00, 0x00, 0x00, 0x00,
    0x00, 0x00, 0x00, 0x00, 0x00, 0x00, 0x00, 0x00, 0x00, 0x00, 0x00, 0x00, 0x00, 0x00, 0x00, 0x00, 0x00, 0x00, 0x00, 0x00, 0x00, 0x00, 0x00, 0x00,
    0x00, 0x00, 0x00, 0x00, 0x00, 0x00, 0x00, 0x00, 0x00, 0x00, 0x00, 0x00, 0x00, 0x00, 0x00, 0x00, 0x00, 0x00, 0x00, 0x00, 0x00, 0xFF, 0xFF, 0x01,
    0x00, 0x00, 0x00, 0x00, 0x00, 0x00, 0x00, 0x00, 0x00, 0x00, 0x00, 0x00, 0x00, 0x00, 0x00, 0x00, 0x00, 0x00, 0x00, 0x00, 0x00, 0x00, 0x00, 0x00,
    0x00, 0x00, 0x00, 0x00, 0x00, 0x00, 0x00, 0x00, 0x00, 0x00, 0x00, 0x00, 0x00, 0x00, 0x00, 0x00, 0x00, 0x00, 0x00, 0x00, 0x00, 0x00, 0x00, 0x00,
    0x00, 0x00, 0x00, 0x00, 0x00, 0x00, 0x00, 0x00, 0x00, 0xFF, 0xFF, 0x02, 0x00, 0x00, 0x00, 0xFF, 0xFF, 0xB1, 0xFF, 0xFF, 0xFF, 0xFF, 0xFF, 0xFC,
    0xFF, 0xFF, 0xFF, 0xFF, 0xFF, 0xFF, 0xFF, 0xFF, 0xFF, 0xFF, 0xFF, 0xFD, 0xFF, 0xFF, 0xFF, 0xFF, 0xFF, 0x48, 0x00, 0x00, 0x00, 0xFF, 0xFF, 0x06,
    0x00, 0x00, 0x00, 0xFF, 0xFF, 0x8D, 0xFF, 0xFF, 0xFF, 0xFF, 0xFF, 0xFB, 0xFF, 0xFF, 0xFF, 0xFF, 0xFF, 0xFF, 0xFF, 0xFF, 0xFF, 0xFF, 0xFF, 0xFC,
    0xFF, 0xFF, 0xFF, 0xFF, 0xFF, 0x88, 0x00, 0x00, 0x00, 0xFF, 0xFF, 0x03, 0x00, 0x00, 0x00, 0x00, 0x00, 0x00, 0x00, 0x00, 0x00, 0x00, 0x00, 0x00,
    0x00, 0x00, 0x00, 0x00, 0x00, 0x00, 0x00, 0x00, 0x00, 0x00, 0x00, 0x00, 0x00, 0x00, 0x00, 0x00, 0x00, 0x00, 0x00, 0x00, 0x00, 0x00, 0x00, 0x00,
    0xFF, 0xFF, 0x01, 0xFF, 0xFF, 0x05, 0xFF, 0xFF, 0xD4, 0xFF, 0xFF, 0xFE, 0xFF, 0xFF, 0xFC, 0xFF, 0xFF, 0xFF, 0xFF, 0xFF, 0xFF, 0xFF, 0xFF, 0xFF,
    0xFF, 0xFF, 0xFE, 0xFF, 0xFF, 0xFD, 0xFF, 0xFF, 0xF6, 0xFF, 0xFF, 0x2C, 0x00, 0x00, 0x00, 0xFF, 0xFF, 0x02, 0x00, 0x00, 0x00, 0x00, 0x00, 0x00,
    0x00, 0x00, 0x00, 0x00, 0x00, 0x00, 0x00, 0x00, 0x00, 0x00, 0x00, 0x00, 0x00, 0x00, 0x00, 0x00, 0x00, 0x00, 0x00, 0x00, 0x00, 0x00, 0x00, 0x00,
    0x00, 0x00, 0x00, 0x00, 0x00, 0x00, 0x00, 0x00, 0x00, 0x00, 0x00, 0x00, 0x00, 0x00, 0x00, 0x00, 0x00, 0x00, 0x00, 0x00, 0x00, 0x00, 0x00, 0x00,
    0x00, 0x00, 0x00, 0x00, 0x00, 0x00, 0x00, 0x00, 0x00, 0x00, 0x00, 0x00, 0xFF, 0xFF, 0x01, 0x00, 0x00, 0x00, 0x00, 0x00, 0x00, 0x00, 0x00, 0x00,
    0x00, 0x00, 0x00, 0x00, 0x00, 0x00, 0x00, 0x00, 0x00, 0x00, 0x00, 0x00, 0x00, 0x00, 0x00, 0x00, 0x00, 0x00, 0x00, 0x00, 0x00, 0xFF, 0xFF, 0x04,
    0x00, 0x00, 0x00, 0xFF, 0xFF, 0x6D, 0xFF, 0xFF, 0xFF, 0xFF, 0xFF, 0xFC, 0xFF, 0xFF, 0xFF, 0xFF, 0xFF, 0xFF, 0xFF, 0xFF, 0xFF, 0xFF, 0xFF, 0xFF,
    0xFF, 0xFF, 0xFC, 0xFF, 0xFF, 0xFF, 0xFF, 0xFF, 0x91, 0x00, 0x00, 0x00, 0xFF, 0xFF, 0x04, 0x00, 0x00, 0x00, 0x00, 0x00, 0x00, 0x00, 0x00, 0x00,
    0x00, 0x00, 0x00, 0x00, 0x00, 0x00, 0x00, 0x00, 0x00, 0x00, 0x00, 0x00, 0x00, 0x00, 0x00, 0x00, 0x00, 0x00, 0x00, 0x00, 0x00, 0x00, 0x00, 0x00,
    0x00, 0x00, 0x00, 0x00, 0x00, 0x00, 0x00, 0x00, 0x00, 0x00, 0x00, 0x00, 0x00, 0x00, 0x00, 0x00, 0x00, 0x00, 0x00, 0x00, 0x00, 0x00, 0x00, 0x00,
    0x00, 0x00, 0x00, 0x00, 0x00, 0x00, 0x00, 0x00, 0x00, 0xFF, 0xFF, 0x01, 0xFF, 0xFF, 0x01, 0x00, 0x00, 0x00, 0x00, 0x00, 0x00, 0x00, 0x00, 0x00,
    0x00, 0x00, 0x00, 0x00, 0x00, 0x00, 0x00, 0x00, 0x00, 0x00, 0x00, 0x00, 0x00, 0x00, 0x00, 0x00, 0x00, 0x00, 0x00, 0x00, 0x00, 0x00, 0x00, 0x00,
    0xFF, 0xFF, 0x03, 0x00, 0x00, 0x00, 0xFF, 0xFF, 0x9F, 0xFF, 0xFF, 0xFF, 0xFF, 0xFF, 0xFC, 0xFF, 0xFF, 0xFF, 0xFF, 0xFF, 0xFF, 0xFF, 0xFF, 0xFF,
    0xFF, 0xFF, 0xFB, 0xFF, 0xFF, 0xFF, 0xFF, 0xFF, 0x6F, 0x88, 0x92, 0x59, 0x2F, 0xC4, 0x79, 0x87, 0xB2, 0x7D, 0xC4, 0xB9, 0xFF, 0xC4, 0xC1, 0xFF,
    0x25, 0xAA, 0x77, 0x26, 0xB2, 0x8C, 0x05, 0xC2, 0xFF, 0x26, 0xA2, 0x88, 0x00, 0x00, 0x00, 0xA0, 0xAA, 0x03, 0x00, 0x00, 0x00, 0xAA, 0xAA, 0x06,
    0xC9, 0xA2, 0x14, 0xC9, 0xAA, 0x41, 0x09, 0xC3, 0xAF, 0x05, 0xB2, 0xFE, 0xA3, 0xB9, 0xFF, 0xA3, 0xB9, 0xFF, 0xA3, 0xB9, 0xFF, 0xA3, 0xB9, 0xFF,
    0xA3, 0xB9, 0xFF, 0xA3, 0xB9, 0xFF, 0xA3, 0xB9, 0xFF, 0x83, 0xB9, 0xFF, 0xC4, 0xB9, 0xFF, 0x25, 0xBA, 0xFF, 0xC4, 0xB9, 0xFD, 0xA3, 0xB9, 0xFF,
    0x83, 0xB9, 0xFF, 0xA3, 0xB9, 0xFF, 0xA3, 0xB9, 0xFF, 0xA3, 0xB9, 0xFF, 0xA3, 0xB9, 0xFF, 0xA3, 0xB9, 0xFF, 0xA3, 0xB9, 0xFF, 0xA3, 0xB9, 0xFF,
    0xA3, 0xB9, 0xFF, 0xA3, 0xB9, 0xFF, 0xA3, 0xB9, 0xFF, 0xA3, 0xB9, 0xFF, 0xA3, 0xB9, 0xFF, 0xA3, 0xB9, 0xFF, 0xA3, 0xB9, 0xFF, 0xA3, 0xB9, 0xFF,
    0xA3, 0xB1, 0xFF, 0xA3, 0xB9, 0xFE, 0xA3, 0xB9, 0xFE, 0xA3, 0xB9, 0xFE, 0xA3, 0xB9, 0xFE, 0xA3, 0xB9, 0xFE, 0xA3, 0xB9, 0xFE, 0xA3, 0xB9, 0xFD,
    0xA3, 0xB9, 0xFE, 0xA3, 0xB9, 0xFE, 0x83, 0xB9, 0xFF, 0xA3, 0xB9, 0xFF, 0xE4, 0xB9, 0xFF, 0x66, 0xC2, 0xF6, 0x25, 0xC2, 0xFD, 0x83, 0xB1, 0xFF,
    0xA4, 0xB9, 0xFF, 0xA3, 0xB9, 0xFF, 0xA3, 0xB9, 0xFF, 0xA3, 0xB9, 0xFF, 0xA3, 0xB9, 0xFF, 0xA3, 0xB9, 0xFF, 0xA3, 0xB9, 0xFF, 0xA3, 0xB9, 0xFF,
    0xA3, 0xB9, 0xFE, 0xC4, 0xB9, 0xFF, 0xA3, 0xB9, 0xFF, 0xA3, 0xB9, 0xFF, 0xA3, 0xB9, 0xFF, 0xA3, 0xB9, 0xFE, 0xA3, 0xB9, 0xFE, 0xA3, 0xB9, 0xFF,
    0xA3, 0xB9, 0xFF, 0xA3, 0xB9, 0xFF, 0xA3, 0xB9, 0xFF, 0xA4, 0xB9, 0xFF, 0xA3, 0xB9, 0xFF, 0xA3, 0xB9, 0xFF, 0xA3, 0xB9, 0xFF, 0xA3, 0xB9, 0xFF,
    0xA3, 0xB9, 0xFF, 0xA3, 0xB9, 0xFE, 0xA3, 0xB9, 0xFE, 0xC3, 0xB9, 0xFF, 0x05, 0xB2, 0xF9, 0x87, 0xB2, 0x94, 0x2A, 0xBB, 0x3C, 0xA8, 0xBA, 0xCE,
    0xE4, 0xB9, 0xFF, 0xA3, 0xB9, 0xFF, 0xA3, 0xB9, 0xFE, 0xA3, 0xB9, 0xFF, 0xA3, 0xB9, 0xFF, 0xA3, 0xB9, 0xFF, 0xA3, 0xB9, 0xFF, 0xA3, 0xB9, 0xFF,
    0xA3, 0xB9, 0xFF, 0xA3, 0xB9, 0xFF, 0xA3, 0xB9, 0xFF, 0xA3, 0xB9, 0xFF, 0xA3, 0xB9, 0xFF, 0xA3, 0xB9, 0xFF, 0xA3, 0xB9, 0xFF, 0xA3, 0xB9, 0xFF,
    0xA3, 0xB9, 0xFF, 0xA3, 0xB9, 0xFF, 0xA3, 0xB9, 0xFF, 0xA3, 0xB9, 0xFF, 0xA3, 0xB9, 0xFF, 0xA3, 0xB9, 0xFF, 0xA3, 0xB9, 0xFF, 0xA3, 0xB9, 0xFF,
    0xA3, 0xB9, 0xFF, 0xA3, 0xB9, 0xFF, 0xA3, 0xB9, 0xFF, 0xA3, 0xB9, 0xFF, 0xA3, 0xB9, 0xFE, 0xE4, 0xB9, 0xFF, 0xC8, 0xC2, 0xE2, 0x6B, 0xCB, 0x7E,
    0x2A, 0xAB, 0x60, 0xEA, 0xA2, 0x33, 0xEB, 0xA2, 0x0B, 0x00, 0xF8, 0x01, 0x49, 0xB2, 0x07, 0xAA, 0x52, 0x03, 0xE0, 0x7B, 0x02, 0x00, 0x00, 0x00,
    0x00, 0x00, 0x00, 0x00, 0x00, 0x00, 0x00, 0x00, 0x00, 0x00, 0x78, 0x02, 0x00, 0x00, 0x00, 0xE5, 0x91, 0x55, 0x83, 0x99, 0xEC, 0xA3, 0xB1, 0xFF,
    0xA3, 0xB9, 0xFF, 0xC4, 0x91, 0xD3, 0x55, 0xAD, 0x03, 0x00, 0x00, 0x00, 0xE0, 0x7B, 0x02, 0x00, 0x00, 0x00, 0xA9, 0xA2, 0x23, 0xA8, 0xB2, 0xA7,
    0xC4, 0xB9, 0xFD, 0xA3, 0xB9, 0xFE, 0xA3, 0xB9, 0xFF, 0xA3, 0xB9, 0xFF, 0xA3, 0xB9, 0xFF, 0xA3, 0xB9, 0xFF, 0xA3, 0xB9, 0xFE, 0xA3, 0xB9, 0xFF,
    0x05, 0xBA, 0xF5, 0x0A, 0xC3, 0x87, 0xA9, 0xAA, 0x2C, 0x00, 0x00, 0x00, 0x00, 0xF8, 0x01, 0x00, 0x00, 0x00, 0x00, 0x00, 0x00, 0x00, 0x00, 0x00,
    0x00, 0x00, 0x00, 0x00, 0x00, 0x00, 0x00, 0x00, 0x00, 0x00, 0x00, 0x00, 0x00, 0x00, 0x00, 0x00, 0x00, 0x00, 0x00, 0x00, 0x00, 0x00, 0x00, 0x00,
    0x00, 0x00, 0x00, 0x00, 0x00, 0x00, 0x00, 0x00, 0x00, 0x00, 0x00, 0x00, 0x00, 0x00, 0x00, 0x00, 0x00, 0x00, 0xFF, 0xFF, 0x03, 0x00, 0x00, 0x00,
    0xDF, 0xFF, 0x37, 0xFF, 0xFF, 0xFE, 0xFF, 0xFF, 0xFE, 0xFF, 0xFF, 0xFF, 0xFF, 0xFF, 0xFF, 0xFF, 0xFF, 0xFF, 0xFF, 0xFF, 0xFF, 0xFF, 0xFF, 0xFC,
    0xFF, 0xFF, 0xFF, 0xFF, 0xFF, 0x8D, 0x00, 0x00, 0x00, 0xFF, 0xFF, 0x03, 0x00, 0x00, 0x00, 0x00, 0x00, 0x00, 0x00, 0x00, 0x00, 0x00, 0x00, 0x00,
    0x00, 0x00, 0x00, 0x00, 0x00, 0x00, 0x00, 0x00, 0x00, 0x00, 0x00, 0x00, 0x00, 0x00, 0x00, 0x00, 0x00, 0x00, 0x00, 0x00, 0x00, 0x00, 0x00, 0x00,
    0x00, 0x00, 0x00, 0x00, 0x00, 0x00, 0x00, 0x00, 0x00, 0x00, 0x00, 0x00, 0x00, 0x00, 0x00, 0x00, 0x00, 0x00, 0x00, 0x00, 0x00, 0x00, 0x00, 0x00,
    0x00, 0x00, 0x00, 0x00, 0x00, 0x00, 0x00, 0x00, 0x00, 0x00, 0x00, 0x00, 0x00, 0x00, 0x00, 0x00, 0x00, 0x00, 0x00, 0x00, 0x00, 0x00, 0x00, 0x00,
    0x00, 0x00, 0x00, 0x00, 0x00, 0x00, 0x00, 0x00, 0x00, 0x00, 0x00, 0x00, 0x00, 0x00, 0x00, 0x00, 0x00, 0x00, 0x00, 0x00, 0x00, 0x00, 0x00, 0x00,
    0x00, 0x00, 0x00, 0x00, 0x00, 0x00, 0x00, 0x00, 0x00, 0x00, 0x00, 0x00, 0x00, 0x00, 0x00, 0x00, 0x00, 0x00, 0xFF, 0xFF, 0x02, 0x00, 0x00, 0x00,
    0xDF, 0xFF, 0x2D, 0xFF, 0xFF, 0xFA, 0xFF, 0xFF, 0xFE, 0xFF, 0xFF, 0xFE, 0xFF, 0xFF, 0xFF, 0xFF, 0xFF, 0xFF, 0xFF, 0xFF, 0xFD, 0xFF, 0xFF, 0xFF,
    0xFF, 0xFF, 0xD3, 0xFF, 0xFF, 0x05, 0xFF, 0xFF, 0x01, 0xFF, 0xFF, 0x03, 0xFF, 0xFF, 0x01, 0xDF, 0xFF, 0x2D, 0xFF, 0xFF, 0xF9, 0xFF, 0xFF, 0xFE,
    0xFF, 0xFF, 0xFF, 0xFF, 0xFF, 0xFF, 0xFF, 0xFF, 0xFF, 0xFF, 0xFF, 0xFE, 0xFF, 0xFF, 0xFF, 0xFF, 0xFF, 0xE7, 0xFF, 0xFF, 0x13, 0xFF, 0xFF, 0x01,
    0xFF, 0xFF, 0x01, 0x00, 0x00, 0x00, 0x00, 0x00, 0x00, 0x00, 0x00, 0x00, 0x00, 0x00, 0x00, 0x00, 0x00, 0x00, 0x00, 0x00, 0x00, 0x00, 0x00, 0x00,
    0x00, 0x00, 0x00, 0x00, 0x00, 0x00, 0x00, 0x00, 0x00, 0xFF, 0xFF, 0x03, 0x00, 0x00, 0x00, 0xFF, 0xFF, 0x3B, 0xFF, 0xFF, 0xFE, 0xFF, 0xFF, 0xFE,
    0xFF, 0xFF, 0xFE, 0xFF, 0xFF, 0xFF, 0xFF, 0xFF, 0xFF, 0xFF, 0xFF, 0xFF, 0xFF, 0xFF, 0xFC, 0xFF, 0xFF, 0xFF, 0xFF, 0xFF, 0x90, 0x00, 0x00, 0x00,
    0xFF, 0xFF, 0x03, 0x00, 0x00, 0x00, 0x00, 0x00, 0x00, 0x00, 0x00, 0x00, 0x00, 0x00, 0x00, 0x00, 0x00, 0x00, 0x00, 0x00, 0x00, 0x00, 0x00, 0x00,
    0x00, 0x00, 0x00, 0x00, 0x00, 0x00, 0x00, 0x00, 0x00, 0x00, 0x00, 0x00, 0x00, 0x00, 0x00, 0x00, 0x00, 0x00, 0x00, 0x00, 0x00, 0x00, 0x00, 0x00,
    0x00, 0x00, 0x00, 0x00, 0x00, 0x00, 0x00, 0x00, 0x00, 0x00, 0x00, 0x00, 0x00, 0x00, 0x00, 0x00, 0x00, 0x00, 0x00, 0x00, 0x00, 0x00, 0x00, 0x00,
    0x00, 0x00, 0x00, 0x00, 0x00, 0x00, 0x00, 0x00, 0x00, 0x00, 0x00, 0x00, 0x00, 0x00, 0x00, 0x00, 0x00, 0x00, 0x00, 0x00, 0x00, 0x00, 0x00, 0x00,
    0x00, 0x00, 0x00, 0x00, 0x00, 0x00, 0x00, 0x00, 0x00, 0xFF, 0xFF, 0x01, 0x00, 0x00, 0x00, 0xFF, 0xFF, 0xBF, 0xFF, 0xFF, 0xFE, 0xFF, 0xFF, 0xFC,
    0xFF, 0xFF, 0xFF, 0xFF, 0xFF, 0xFF, 0xFF, 0xFF, 0xFF, 0xFF, 0xFF, 0xFE, 0xFF, 0xFF, 0xFF, 0xFF, 0xFF, 0xEC, 0x9E, 0xF7, 0x15, 0xFF, 0xFF, 0x01,
    0xFF, 0xFF, 0x02, 0x00, 0x00, 0x00, 0x00, 0x00, 0x00, 0x00, 0x00, 0x00, 0x00, 0x00, 0x00, 0x00, 0x00, 0x00, 0x00, 0x00, 0x00, 0x00, 0x00, 0x00,
    0x00, 0x00, 0x00, 0x00, 0x00, 0x00, 0x00, 0x00, 0x00, 0x00, 0x00, 0x00, 0x00, 0x00, 0x00, 0x00, 0x00, 0x00, 0x00, 0x00, 0x00, 0x00, 0x00, 0x00,
    0x00, 0x00, 0x00, 0x00, 0x00, 0x00, 0x00, 0x00, 0x00, 0x00, 0x00, 0x00, 0x00, 0x00, 0x00, 0x00, 0x00, 0x00, 0x00, 0x00, 0x00, 0x00, 0x00, 0x00,
    0x00, 0x00, 0x00, 0x00, 0x00, 0x00, 0x00, 0x00, 0x00, 0x00, 0x00, 0x00, 0x00, 0x00, 0x00, 0x00, 0x00, 0x00, 0x00, 0x00, 0x00, 0x00, 0x00, 0x00,
    0x00, 0x00, 0x00, 0x00, 0x00, 0x00, 0x00, 0x00, 0x00, 0x00, 0x00, 0x00, 0xFF, 0xFF, 0x03, 0x00, 0x00, 0x00, 0xFF, 0xFF, 0xA0, 0xFF, 0xFF, 0xFF,
    0xFF, 0xFF, 0xFC, 0xFF, 0xFF, 0xFF, 0xFF, 0xFF, 0xFF, 0xFF, 0xFF, 0xFF, 0xFF, 0xFF, 0xFB, 0xFF, 0xFF, 0xFF, 0xFF, 0xFF, 0x70, 0x00, 0x00, 0x00,
    0x8C, 0x8B, 0x19, 0x67, 0xA2, 0x40, 0xC4, 0xB1, 0xFD, 0xE4, 0xC1, 0xFF, 0x46, 0xAA, 0x66, 0x46, 0xB2, 0x82, 0x05, 0xC2, 0xFF, 0x26, 0xA2, 0x94,
    0x00, 0x00, 0x00, 0x00, 0x50, 0x03, 0x00, 0x00, 0x01, 0xAA, 0xAA, 0x06, 0xAA, 0xAA, 0x0C, 0xC9, 0xA2, 0x3E, 0x09, 0xBB, 0x94, 0x05, 0xB2, 0xFE,
    0xA3, 0xB9, 0xFF, 0xA3, 0xB9, 0xFF, 0xA3, 0xB9, 0xFF, 0xA4, 0xB9, 0xFF, 0xA3, 0xB9, 0xFF, 0xA3, 0xB9, 0xFF, 0xA3, 0xB9, 0xFF, 0xA3, 0xB9, 0xFF,
    0xA3, 0xB9, 0xFF, 0xA3, 0xB9, 0xFF, 0xA3, 0xB9, 0xFF, 0xA3, 0xB9, 0xFE, 0xA3, 0xB9, 0xFF, 0xA3, 0xB9, 0xFF, 0xA3, 0xB9, 0xFF, 0xA3, 0xB9, 0xFF,
    0xA3, 0xB9, 0xFF, 0xA3, 0xB9, 0xFF, 0xA3, 0xB9, 0xFF, 0xA3, 0xB9, 0xFF, 0xA3, 0xB9, 0xFF, 0xA3, 0xB9, 0xFF, 0xA3, 0xB9, 0xFF, 0xA3, 0xB9, 0xFF,
    0xA3, 0xB9, 0xFF, 0xA3, 0xB9, 0xFF, 0xA3, 0xB9, 0xFF, 0xA3, 0xB9, 0xFF, 0xA3, 0xB9, 0xFF, 0xA3, 0xB9, 0xFF, 0xA3, 0xB9, 0xFF, 0xA3, 0xB9, 0xFF,
    0xA3, 0xB9, 0xFF, 0xA3, 0xB9, 0xFF, 0xA3, 0xB9, 0xFF, 0xA3, 0xB9, 0xFF, 0xA3, 0xB9, 0xFF, 0xA3, 0xB9, 0xFF, 0xA3, 0xB9, 0xFE, 0xA3, 0xB9, 0xFD,
    0xA3, 0xB9, 0xFF, 0xA3, 0xB9, 0xFF, 0xA3, 0xB9, 0xFF, 0xA3, 0xB9, 0xFF, 0xA3, 0xB9, 0xFF, 0xA4, 0xB9, 0xFF, 0xA4, 0xB9, 0xFF, 0xA3, 0xB9, 0xFF,
    0xA3, 0xB9, 0xFF, 0xA3, 0xB9, 0xFF, 0xA3, 0xB9, 0xFF, 0xA3, 0xB9, 0xFF, 0xA3, 0xB9, 0xFF, 0xA3, 0xB9, 0xFE, 0xA3, 0xB9, 0xFE, 0xA3, 0xB9, 0xFD,
    0xA3, 0xB9, 0xFE, 0xA3, 0xB9, 0xFF, 0xA3, 0xB9, 0xFF, 0xA3, 0xB9, 0xFF, 0xA3, 0xB9, 0xFF, 0xA3, 0xB9, 0xFF, 0xA3, 0xB9, 0xFF, 0xA3, 0xB9, 0xFF,
    0xA3, 0xB9, 0xFF, 0xA3, 0xB9, 0xFF, 0xA3, 0xB9, 0xFF, 0xA3, 0xB9, 0xFF, 0xA3, 0xB9, 0xFD, 0xA3, 0xB9, 0xFF, 0xC4, 0xB9, 0xFF, 0x46, 0xBA, 0xDC,
    0xE9, 0xC2, 0x6A, 0xE9, 0xB2, 0x48, 0xA8, 0xBA, 0xA3, 0xC4, 0xB1, 0xFC, 0xA3, 0xB9, 0xFD, 0xA3, 0xB9, 0xFE, 0xA3, 0xB9, 0xFF, 0xC3, 0xB9, 0xFF,
    0xA3, 0xB9, 0xFF, 0xA3, 0xB9, 0xFF, 0xA3, 0xB9, 0xFF, 0xA3, 0xB9, 0xFF, 0xA3, 0xB9, 0xFF, 0xA3, 0xB9, 0xFF, 0xA3, 0xB9, 0xFF, 0xA3, 0xB9, 0xFF,
    0xA3, 0xB9, 0xFF, 0xA3, 0xB9, 0xFF, 0xA3, 0xB9, 0xFF, 0xA3, 0xB9, 0xFF, 0xA3, 0xB9, 0xFF, 0xA3, 0xB9, 0xFF, 0xA3, 0xB9, 0xFF, 0xA3, 0xB9, 0xFF,
    0xA3, 0xB9, 0xFF, 0xA3, 0xB9, 0xFF, 0xA3, 0xB9, 0xFF, 0xA3, 0xB9, 0xFF, 0xA3, 0xB9, 0xFF, 0xA4, 0xB9, 0xFF, 0xA3, 0xB9, 0xFF, 0xA3, 0xB9, 0xFF,
    0xA3, 0xB9, 0xFF, 0x87, 0xC2, 0xFE, 0x4A, 0xCB, 0xE1, 0x2A, 0xB3, 0x9A, 0x0A, 0xA3, 0x3F, 0x0A, 0x9B, 0x27, 0x2C, 0x9B, 0x05, 0x00, 0x00, 0x00,
    0x00, 0x00, 0x00, 0x00, 0x00, 0x00, 0x00, 0x00, 0x00, 0x00, 0x00, 0x00, 0x00, 0x00, 0x00, 0x00, 0x00, 0x00, 0x00, 0x00, 0x00, 0x00, 0x00, 0x02,
    0x00, 0x00, 0x00, 0xA4, 0x91, 0xC1, 0x62, 0xA9, 0xFF, 0x42, 0xA9, 0xF4, 0x83, 0xB1, 0xFC, 0xC4, 0x99, 0x96, 0x00, 0x00, 0x00, 0x00, 0xA8, 0x03,
    0x00, 0x00, 0x00, 0x00, 0x78, 0x02, 0xEA, 0xB2, 0x42, 0x87, 0xBA, 0xB7, 0xC4, 0xB9, 0xFF, 0xA3, 0xB9, 0xFD, 0xA3, 0xB9, 0xFF, 0xA3, 0xB9, 0xFF,
    0xA3, 0xB9, 0xFF, 0xA3, 0xB9, 0xFF, 0xA3, 0xB9, 0xFE, 0xA3, 0xB9, 0xFF, 0x46, 0xBA, 0xE1, 0x2A, 0xC3, 0x56, 0x47, 0xA2, 0x1C, 0x00, 0x00, 0x00,
    0x00, 0x00, 0x00, 0x00, 0x00, 0x00, 0x00, 0x00, 0x00, 0x00, 0x00, 0x00, 0x00, 0x00, 0x00, 0x00, 0x00, 0x00, 0x00, 0x00, 0x00, 0x00, 0x00, 0x00,
    0x00, 0x00, 0x00, 0x00, 0x00, 0x00, 0x00, 0x00, 0x00, 0x00, 0x00, 0x00, 0x00, 0x00, 0x00, 0x00, 0x00, 0x00, 0x00, 0x00, 0x00, 0x00, 0x00, 0x00,
    0x00, 0x00, 0x00, 0x00, 0x00, 0x00, 0xFF, 0xFF, 0x03, 0x00, 0x00, 0x00, 0xFF, 0xFF, 0x79, 0xFF, 0xFF, 0xFF, 0xFF, 0xFF, 0xFC, 0xFF, 0xFF, 0xFF,
    0xFF, 0xFF, 0xFF, 0xFF, 0xFF, 0xFF, 0xFF, 0xFF, 0xFE, 0xFF, 0xFF, 0xFF, 0xFF, 0xFF, 0xF9, 0xFF, 0xFF, 0x29, 0xFF, 0xFF, 0x01, 0xFF, 0xFF, 0x02,
    0x00, 0x00, 0x00, 0x00, 0x00, 0x00, 0x00, 0x00, 0x00, 0x00, 0x00, 0x00, 0x00, 0x00, 0x00, 0x00, 0x00, 0x00, 0x00, 0x00, 0x00, 0x00, 0x00, 0x00,
    0x00, 0x00, 0x00, 0x00, 0x00, 0x00, 0x00, 0x00, 0x00, 0x00, 0x00, 0x00, 0x00, 0x00, 0x00, 0x00, 0x00, 0x00, 0x00, 0x00, 0x00, 0x00, 0x00, 0x00,
    0x00, 0x00, 0x00, 0x00, 0x00, 0x00, 0x00, 0x00, 0x00, 0x00, 0x00, 0x00, 0x00, 0x00, 0x00, 0x00, 0x00, 0x00, 0x00, 0x00, 0x00, 0x00, 0x00, 0x00,
    0x00, 0x00, 0x00, 0x00, 0x00, 0x00, 0x00, 0x00, 0x00, 0x00, 0x00, 0x00, 0x00, 0x00, 0x00, 0x00, 0x00, 0x00, 0x00, 0x00, 0x00, 0x00, 0x00, 0x00,
    0x00, 0x00, 0x00, 0x00, 0x00, 0x00, 0x00, 0x00, 0x00, 0x00, 0x00, 0x00, 0x00, 0x00, 0x00, 0x00, 0x00, 0x00, 0x00, 0x00, 0x00, 0x00, 0x00, 0x00,
    0x00, 0x00, 0x00, 0x00, 0x00, 0x00, 0xFF, 0xFF, 0x03, 0x00, 0x00, 0x00, 0xFF, 0xFF, 0x8F, 0xFF, 0xFF, 0xFF, 0xFF, 0xFF, 0xFC, 0xFF, 0xFF, 0xFF,
    0xFF, 0xFF, 0xFF, 0xFF, 0xFF, 0xFF, 0xFF, 0xFF, 0xFC, 0xFF, 0xFF, 0xFF, 0xFF, 0xFF, 0x6F, 0x00, 0x00, 0x00, 0xFF, 0xFF, 0x03, 0x00, 0x00, 0x00,
    0xFF, 0xFF, 0x01, 0x00, 0x00, 0x00, 0xFF, 0xFF, 0xC3, 0xFF, 0xFF, 0xFF, 0xFF, 0xFF, 0xFC, 0xFF, 0xFF, 0xFF, 0xFF, 0xFF, 0xFF, 0xFF, 0xFF, 0xFF,
    0xFF, 0xFF, 0xFC, 0xFF, 0xFF, 0xFF, 0xFF, 0xFF, 0x6B, 0x00, 0x00, 0x00, 0xFF, 0xFF, 0x03, 0x00, 0x00, 0x00, 0x00, 0x00, 0x00, 0x00, 0x00, 0x00,
    0x00, 0x00, 0x00, 0x00, 0x00, 0x00, 0x00, 0x00, 0x00, 0x00, 0x00, 0x00, 0x00, 0x00, 0x00, 0x00, 0x00, 0x00, 0x00, 0x00, 0x00, 0xFF, 0xFF, 0x04,
    0x00, 0x00, 0x00, 0xFF, 0xFF, 0x7E, 0xFF, 0xFF, 0xFF, 0xFF, 0xFF, 0xFB, 0xFF, 0xFF, 0xFF, 0xFF, 0xFF, 0xFF, 0xFF, 0xFF, 0xFF, 0xFF, 0xFF, 0xFE,
    0xFF, 0xFF, 0xFF, 0xFF, 0xFF, 0xF7, 0xFF, 0xFF, 0x24, 0xFF, 0xFF, 0x01, 0xFF, 0xFF, 0x02, 0x00, 0x00, 0x00, 0x00, 0x00, 0x00, 0x00, 0x00, 0x00,
    0x00, 0x00, 0x00, 0x00, 0x00, 0x00, 0x00, 0x00, 0x00, 0x00, 0x00, 0x00, 0x00, 0x00, 0x00, 0x00, 0x00, 0x00, 0x00, 0x00, 0x00, 0x00, 0x00, 0x00,
    0x00, 0x00, 0x00, 0x00, 0x00, 0x00, 0x00, 0x00, 0x00, 0x00, 0x00, 0x00, 0x00, 0x00, 0x00, 0x00, 0x00, 0x00, 0x00, 0x00, 0x00, 0x00, 0x00, 0x00,
    0x00, 0x00, 0x00, 0x00, 0x00, 0x00, 0x00, 0x00, 0x00, 0x00, 0x00, 0x00, 0x00, 0x00, 0x00, 0x00, 0x00, 0x00, 0x00, 0x00, 0x00, 0x00, 0x00, 0x00,
    0x00, 0x00, 0x00, 0x00, 0x00, 0x00, 0x00, 0x00, 0x00, 0x00, 0x00, 0x00, 0x00, 0x00, 0x00, 0x00, 0x00, 0x00, 0xFF, 0xFF, 0x01, 0x00, 0x00, 0x00,
    0xBE, 0xF7, 0x1C, 0xFF, 0xFF, 0xF2, 0xFF, 0xFF, 0xFF, 0xFF, 0xFF, 0xFE, 0xFF, 0xFF, 0xFF, 0xFF, 0xFF, 0xFF, 0xFF, 0xFF, 0xFF, 0xFF, 0xFF, 0xFC,
    0xFF, 0xFF, 0xFF, 0xFF, 0xFF, 0x93, 0x00, 0x00, 0x00, 0xFF, 0xFF, 0x03, 0x00, 0x00, 0x00, 0x00, 0x00, 0x00, 0x00, 0x00, 0x00, 0x00, 0x00, 0x00,
    0x00, 0x00, 0x00, 0x00, 0x00, 0x00, 0x00, 0x00, 0x00, 0x00, 0x00, 0x00, 0x00, 0x00, 0x00, 0x00, 0x00, 0x00, 0x00, 0x00, 0x00, 0x00, 0x00, 0x00,
    0x00, 0x00, 0x00, 0x00, 0x00, 0x00, 0x00, 0x00, 0x00, 0x00, 0x00, 0x00, 0x00, 0x00, 0x00, 0x00, 0x00, 0x00, 0x00, 0x00, 0x00, 0x00, 0x00, 0x00,
    0x00, 0x00, 0x00, 0x00, 0x00, 0x00, 0x00, 0x00, 0x00, 0x00, 0x00, 0x00, 0x00, 0x00, 0x00, 0x00, 0x00, 0x00, 0x00, 0x00, 0x00, 0x00, 0x00, 0x00,
    0x00, 0x00, 0x00, 0x00, 0x00, 0x00, 0x00, 0x00, 0x00, 0x00, 0x00, 0x00, 0x00, 0x00, 0x00, 0x00, 0x00, 0x00, 0x00, 0x00, 0x00, 0x00, 0x00, 0x00,
    0xFF, 0xFF, 0x03, 0x00, 0x00, 0x00, 0xFF, 0xFF, 0xA0, 0xFF, 0xFF, 0xFF, 0xFF, 0xFF, 0xFC, 0xFF, 0xFF, 0xFF, 0xFF, 0xFF, 0xFF, 0xFF, 0xFF, 0xFF,
    0xFF, 0xFF, 0xFB, 0xFF, 0xFF, 0xFF, 0xFF, 0xFF, 0x71, 0xE7, 0x39, 0x04, 0x4D, 0x83, 0x13, 0xC8, 0xAA, 0x37, 0xC4, 0xB1, 0xF3, 0xE4, 0xC1, 0xFF,
    0x26, 0xAA, 0x61, 0x46, 0xAA, 0x72, 0x25, 0xC2, 0xFF, 0x26, 0xAA, 0x8F, 0x00, 0x00, 0x00, 0x00, 0x50, 0x03, 0x00, 0x00, 0x00, 0x00, 0x00, 0x00,
    0xE7, 0xB9, 0x04, 0xA9, 0x9A, 0x2D, 0x2A, 0xC3, 0x8A, 0x46, 0xBA, 0xED, 0xA3, 0xB9, 0xFF, 0xA3, 0xB9, 0xFE, 0xA3, 0xB9, 0xFF, 0xA3, 0xB9, 0xFF,
    0xA3, 0xB9, 0xFF, 0xA3, 0xB9, 0xFF, 0xA3, 0xB9, 0xFF, 0xA3, 0xB9, 0xFF, 0xA3, 0xB9, 0xFF, 0xA3, 0xB9, 0xFF, 0xA3, 0xB9, 0xFF, 0xA3, 0xB9, 0xFF,
    0xA3, 0xB9, 0xFF, 0xA3, 0xB9, 0xFF, 0xA3, 0xB9, 0xFF, 0xA3, 0xB9, 0xFF, 0xA3, 0xB9, 0xFF, 0xA3, 0xB9, 0xFF, 0xA3, 0xB9, 0xFF, 0xA3, 0xB9, 0xFF,
    0xA3, 0xB9, 0xFF, 0xA3, 0xB9, 0xFF, 0xA3, 0xB9, 0xFF, 0xA3, 0xB9, 0xFF, 0xA3, 0xB9, 0xFF, 0xA3, 0xB9, 0xFF, 0xA3, 0xB9, 0xFF, 0xA3, 0xB9, 0xFF,
    0xA3, 0xB9, 0xFF, 0xA3, 0xB9, 0xFF, 0xA3, 0xB9, 0xFF, 0xA3, 0xB9, 0xFF, 0xA3, 0xB9, 0xFF, 0xA3, 0xB9, 0xFF, 0xA3, 0xB9, 0xFF, 0xA3, 0xB9, 0xFF,
    0xA3, 0xB9, 0xFF, 0xA4, 0xB9, 0xFF, 0xA3, 0xB9, 0xFF, 0xA3, 0xB9, 0xFF, 0xA3, 0xB9, 0xFF, 0xA3, 0xB9, 0xFF, 0xA3, 0xB9, 0xFF, 0xA3, 0xB9, 0xFF,
    0xA3, 0xB9, 0xFF, 0xA3, 0xB9, 0xFF, 0xA3, 0xB9, 0xFF, 0xA3, 0xB9, 0xFF, 0xA3, 0xB9, 0xFF, 0xA3, 0xB9, 0xFF, 0xA3, 0xB9, 0xFF, 0xA3, 0xB9, 0xFF,
    0xA3, 0xB9, 0xFF, 0xA3, 0xB9, 0xFF, 0xA3, 0xB9, 0xFF, 0xA3, 0xB9, 0xFF, 0xA3, 0xB9, 0xFF, 0xA3, 0xB9, 0xFF, 0xA3, 0xB9, 0xFF, 0xA3, 0xB9, 0xFF,
    0xA3, 0xB9, 0xFF, 0xA3, 0xB9, 0xFF, 0xA3, 0xB9, 0xFF, 0xA3, 0xB9, 0xFF, 0xA3, 0xB9, 0xFF, 0xA3, 0xB9, 0xFF, 0xA3, 0xB9, 0xFE, 0xA3, 0xB9, 0xFF,
    0xA3, 0xB9, 0xFF, 0x04, 0xBA, 0xF7, 0xA8, 0xC2, 0xD0, 0x0A, 0xC3, 0x73, 0xA9, 0xA2, 0x3E, 0xEA, 0xBA, 0x69, 0x67, 0xBA, 0xE5, 0xA3, 0xB9, 0xFF,
    0xA3, 0xB9, 0xFE, 0xA3, 0xB9, 0xFF, 0xA3, 0xB9, 0xFF, 0xA3, 0xB9, 0xFF, 0xA3, 0xB9, 0xFF, 0xC3, 0xB9, 0xFF, 0xA3, 0xB9, 0xFF, 0xA3, 0xB9, 0xFF,
    0xA3, 0xB9, 0xFF, 0xA3, 0xB9, 0xFF, 0xA3, 0xB9, 0xFF, 0xA3, 0xB9, 0xFF, 0xA3, 0xB9, 0xFF, 0xA3, 0xB9, 0xFF, 0xA3, 0xB9, 0xFF, 0xA3, 0xB9, 0xFF,
    0xA3, 0xB9, 0xFF, 0xA3, 0xB9, 0xFF, 0xA3, 0xB9, 0xFF, 0xA3, 0xB9, 0xFF, 0xA3, 0xB9, 0xFE, 0xA3, 0xB9, 0xFE, 0xA3, 0xB9, 0xFE, 0xA3, 0xB9, 0xFE,
    0xA3, 0xB9, 0xFE, 0xA3, 0xB9, 0xFE, 0xA3, 0xB9, 0xFF, 0xA3, 0xB9, 0xFF, 0x05, 0xBA, 0xFC, 0xE9, 0xCA, 0xFC, 0x4A, 0xC3, 0xC8, 0x2A, 0xB3, 0x4E,
    0xEA, 0x9A, 0x38, 0xEA, 0x9A, 0x26, 0x00, 0x00, 0x00, 0x00, 0x00, 0x00, 0x00, 0x00, 0x00, 0x00, 0x00, 0x00, 0x00, 0x00, 0x00, 0x00, 0x00, 0x00,
    0x00, 0x00, 0x00, 0x00, 0x00, 0x00, 0x00, 0x00, 0x00, 0x00, 0x78, 0x02, 0x00, 0x00, 0x00, 0xC5, 0x89, 0x6C, 0xA4, 0xA1, 0xF8, 0x62, 0xA9, 0xFF,
    0xA4, 0xA1, 0xFF, 0x46, 0xA2, 0x3D, 0x00, 0x00, 0x00, 0xA0, 0xAA, 0x03, 0x00, 0x00, 0x00, 0x86, 0x99, 0x05, 0xEA, 0xB2, 0x42, 0x05, 0xB2, 0xDC,
    0xA3, 0xB9, 0xFF, 0xA3, 0xB9, 0xFD, 0xA3, 0xB9, 0xFF, 0xA3, 0xB9, 0xFF, 0xA3, 0xB9, 0xFF, 0xA3, 0xB9, 0xFF, 0xA3, 0xB9, 0xFE, 0xC4, 0xB9, 0xFF,
    0x87, 0xBA, 0xDF, 0x0A, 0xBB, 0x54, 0xAA, 0xAA, 0x03, 0x00, 0x00, 0x00, 0x00, 0x00, 0x00, 0x00, 0x00, 0x00, 0x00, 0x00, 0x00, 0x00, 0x00, 0x00,
    0x00, 0x00, 0x00, 0x00, 0x00, 0x00, 0x00, 0x00, 0x00, 0x00, 0x00, 0x00, 0x00, 0x00, 0x00, 0x00, 0x00, 0x00, 0x00, 0x00, 0x00, 0x00, 0x00, 0x00,
    0x00, 0x00, 0x00, 0x00, 0x00, 0x00, 0x00, 0x00, 0x00, 0x00, 0x00, 0x00, 0x00, 0x00, 0x00, 0x00, 0x00, 0x00, 0xFF, 0xFF, 0x02, 0x00, 0x00, 0x00,
    0xFF, 0xFF, 0xB5, 0xFF, 0xFF, 0xFF, 0xFF, 0xFF, 0xFC, 0xFF, 0xFF, 0xFF, 0xFF, 0xFF, 0xFF, 0xFF, 0xFF, 0xFF, 0xFF, 0xFF, 0xFC, 0xFF, 0xFF, 0xFF,
    0xFF, 0xFF, 0xBF, 0x00, 0x00, 0x00, 0xFF, 0xFF, 0x01, 0x00, 0x00, 0x00, 0x00, 0x00, 0x00, 0x00, 0x00, 0x00, 0x00, 0x00, 0x00, 0x00, 0x00, 0x00,
    0x00, 0x00, 0x00, 0x00, 0x00, 0x00, 0x00, 0x00, 0x00, 0x00, 0x00, 0x00, 0x00, 0x00, 0x00, 0x00, 0x00, 0x00, 0x00, 0x00, 0x00, 0x00, 0x00, 0x00,
    0x00, 0x00, 0x00, 0x00, 0x00, 0x00, 0x00, 0x00, 0x00, 0x00, 0x00, 0x00, 0x00, 0x00, 0x00, 0x00, 0x00, 0x00, 0x00, 0x00, 0x00, 0x00, 0x00, 0x00,
    0x00, 0x00, 0x00, 0x00, 0x00, 0x00, 0x00, 0x00, 0x00, 0x00, 0x00, 0x00, 0x00, 0x00, 0x00, 0x00, 0x00, 0x00, 0x00, 0x00, 0x00, 0x00, 0x00, 0x00,
    0x00, 0x00, 0x00, 0x00, 0x00, 0x00, 0x00, 0x00, 0x00, 0x00, 0x00, 0x00, 0x00, 0x00, 0x00, 0x00, 0x00, 0x00, 0x00, 0x00, 0x00, 0x00, 0x00, 0x00,
    0x00, 0x00, 0x00, 0x00, 0x00, 0x00, 0x00, 0x00, 0x00, 0x00, 0x00, 0x00, 0x00, 0x00, 0x00, 0xFF, 0xFF, 0x02, 0x00, 0x00, 0x01, 0x9E, 0xF7, 0x14,
    0xFF, 0xFF, 0xE9, 0xFF, 0xFF, 0xFF, 0xFF, 0xFF, 0xFE, 0xFF, 0xFF, 0xFF, 0xFF, 0xFF, 0xFF, 0xFF, 0xFF, 0xFE, 0xFF, 0xFF, 0xFF, 0xFF, 0xFF, 0xEC,
    0xFF, 0xFF, 0x16, 0x00, 0x00, 0x00, 0xFF, 0xFF, 0x01, 0x00, 0x00, 0x00, 0xFF, 0xFF, 0x03, 0x00, 0x00, 0x00, 0xFF, 0xFF, 0x5B, 0xFF, 0xFF, 0xFF,
    0xFF, 0xFF, 0xFC, 0xFF, 0xFF, 0xFF, 0xFF, 0xFF, 0xFF, 0xFF, 0xFF, 0xFF, 0xFF, 0xFF, 0xFD, 0xFF, 0xFF, 0xFE, 0xFF, 0xFF, 0xDB, 0xFF, 0xFF, 0x08,
    0xFF, 0xFF, 0x01, 0xFF, 0xFF, 0x01, 0x00, 0x00, 0x00, 0x00, 0x00, 0x00, 0x00, 0x00, 0x00, 0x00, 0x00, 0x00, 0x00, 0x00, 0x00, 0x00, 0x00, 0x00,
    0x00, 0x00, 0x00, 0x00, 0x00, 0x00, 0x00, 0x00, 0x00, 0xFF, 0xFF, 0x02, 0x00, 0x00, 0x00, 0xFF, 0xFF, 0xB3, 0xFF, 0xFF, 0xFF, 0xFF, 0xFF, 0xFC,
    0xFF, 0xFF, 0xFF, 0xFF, 0xFF, 0xFF, 0xFF, 0xFF, 0xFF, 0xFF, 0xFF, 0xFC, 0xFF, 0xFF, 0xFF, 0xFF, 0xFF, 0xB7, 0x00, 0x00, 0x00, 0xFF, 0xFF, 0x02,
    0x00, 0x00, 0x00, 0x00, 0x00, 0x00, 0x00, 0x00, 0x00, 0x00, 0x00, 0x00, 0x00, 0x00, 0x00, 0x00, 0x00, 0x00, 0x00, 0x00, 0x00, 0x00, 0x00, 0x00,
    0x00, 0x00, 0x00, 0x00, 0x00, 0x00, 0x00, 0x00, 0x00, 0x00, 0x00, 0x00, 0x00, 0x00, 0x00, 0x00, 0x00, 0x00, 0x00, 0x00, 0x00, 0x00, 0x00, 0x00,
    0x00, 0x00, 0x00, 0x00, 0x00, 0x00, 0x00, 0x00, 0x00, 0x00, 0x00, 0x00, 0x00, 0x00, 0x00, 0x00, 0x00, 0x00, 0x00, 0x00, 0x00, 0x00, 0x00, 0x00,
    0x00, 0x00, 0x00, 0x00, 0x00, 0x00, 0x00, 0x00, 0x00, 0x00, 0x00, 0x00, 0x00, 0x00, 0x00, 0x00, 0x00, 0x00, 0x00, 0x00, 0x00, 0x00, 0x00, 0x00,
    0x00, 0x00, 0x00, 0x00, 0x00, 0x00, 0xFF, 0xFF, 0x03, 0x00, 0x00, 0x00, 0xDF, 0xFF, 0x49, 0xFF, 0xFF, 0xFF, 0xFF, 0xFF, 0xFE, 0xFF, 0xFF, 0xFF,
    0xFF, 0xFF, 0xFF, 0xFF, 0xFF, 0xFF, 0xFF, 0xFF, 0xFF, 0xFF, 0xFF, 0xFE, 0xFF, 0xFF, 0xFD, 0xFF, 0xFF, 0x37, 0xFF, 0xFF, 0x01, 0xFF, 0xFF, 0x03,
    0x00, 0x00, 0x00, 0x00, 0x00, 0x00, 0x00, 0x00, 0x00, 0x00, 0x00, 0x00, 0x00, 0x00, 0x00, 0x00, 0x00, 0x00, 0x00, 0x00, 0x00, 0x00, 0x00, 0x00,
    0x00, 0x00, 0x00, 0x00, 0x00, 0x00, 0x00, 0x00, 0x00, 0x00, 0x00, 0x00, 0x00, 0x00, 0x00, 0x00, 0x00, 0x00, 0x00, 0x00, 0x00, 0x00, 0x00, 0x00,
    0x00, 0x00, 0x00, 0x00, 0x00, 0x00, 0x00, 0x00, 0x00, 0x00, 0x00, 0x00, 0x00, 0x00, 0x00, 0x00, 0x00, 0x00, 0x00, 0x00, 0x00, 0x00, 0x00, 0x00,
    0x00, 0x00, 0x00, 0x00, 0x00, 0x00, 0x00, 0x00, 0x00, 0x00, 0x00, 0x00, 0x00, 0x00, 0x00, 0x00, 0x00, 0x00, 0x00, 0x00, 0x00, 0x00, 0x00, 0x00,
    0x00, 0x00, 0x00, 0x00, 0x00, 0x00, 0x00, 0x00, 0x00, 0x00, 0x00, 0x00, 0xFF, 0xFF, 0x03, 0x00, 0x00, 0x00, 0xFF, 0xFF, 0x9F, 0xFF, 0xFF, 0xFF,
    0xFF, 0xFF, 0xFC, 0xFF, 0xFF, 0xFF, 0xFF, 0xFF, 0xFF, 0xFF, 0xFF, 0xFF, 0xFF, 0xFF, 0xFB, 0xFF, 0xFF, 0xFF, 0xFF, 0xFF, 0x6C, 0x00, 0x00, 0x02,
    0x4D, 0x83, 0x11, 0x29, 0xB3, 0x25, 0xE4, 0xA9, 0xE4, 0xE4, 0xC1, 0xFF, 0x05, 0xAA, 0x62, 0x26, 0xAA, 0x6E, 0x05, 0xC2, 0xFF, 0x26, 0xAA, 0x8A,
    0x00, 0x00, 0x00, 0xA0, 0xAA, 0x03, 0x00, 0x00, 0x01, 0x00, 0x00, 0x00, 0xE8, 0xA2, 0x0B, 0xA9, 0x9A, 0x29, 0x2A, 0xBB, 0x76, 0x09, 0xCB, 0xDA,
    0xC4, 0xB1, 0xFF, 0xA3, 0xB9, 0xFF, 0xA3, 0xB9, 0xFF, 0xA3, 0xB9, 0xFF, 0xA3, 0xB9, 0xFF, 0xA3, 0xB9, 0xFF, 0xA3, 0xB9, 0xFF, 0xA3, 0xB9, 0xFF,
    0xA3, 0xB9, 0xFF, 0xA3, 0xB9, 0xFF, 0xA3, 0xB9, 0xFF, 0xA3, 0xB9, 0xFF, 0xA3, 0xB9, 0xFF, 0xA3, 0xB9, 0xFF, 0xA3, 0xB9, 0xFF, 0xA3, 0xB9, 0xFF,
    0xA3, 0xB9, 0xFF, 0xA3, 0xB9, 0xFF, 0xA3, 0xB9, 0xFF, 0xA3, 0xB9, 0xFF, 0xA3, 0xB9, 0xFF, 0xA3, 0xB9, 0xFF, 0xA3, 0xB9, 0xFF, 0xA3, 0xB9, 0xFF,
    0xA3, 0xB9, 0xFF, 0xA3, 0xB9, 0xFF, 0xA3, 0xB9, 0xFF, 0xA3, 0xB9, 0xFF, 0xA3, 0xB9, 0xFF, 0xA3, 0xB9, 0xFF, 0xA3, 0xB9, 0xFF, 0xA3, 0xB9, 0xFF,
    0xA3, 0xB9, 0xFF, 0xA3, 0xB9, 0xFF, 0xA3, 0xB9, 0xFF, 0xA3, 0xB9, 0xFF, 0xA3, 0xB9, 0xFF, 0xA3, 0xB9, 0xFF, 0xA3, 0xB9, 0xFF, 0xA3, 0xB9, 0xFF,
    0xA3, 0xB9, 0xFF, 0xA3, 0xB9, 0xFF, 0xA3, 0xB9, 0xFF, 0xA3, 0xB9, 0xFF, 0xA3, 0xB9, 0xFF, 0xA3, 0xB9, 0xFF, 0xA3, 0xB9, 0xFF, 0xA3, 0xB9, 0xFF,
    0xA3, 0xB9, 0xFF, 0xA3, 0xB9, 0xFF, 0xA3, 0xB9, 0xFF, 0xA3, 0xB9, 0xFF, 0xA3, 0xB9, 0xFF, 0xA3, 0xB9, 0xFF, 0xA3, 0xB9, 0xFF, 0xA3, 0xB9, 0xFF,
    0xA3, 0xB9, 0xFF, 0xA3, 0xB9, 0xFF, 0xA3, 0xB9, 0xFF, 0xA3, 0xB9, 0xFF, 0xA3, 0xB9, 0xFF, 0xA3, 0xB9, 0xFF, 0xA3, 0xB9, 0xFF, 0xA3, 0xB9, 0xFE,
    0xA3, 0xB9, 0xFD, 0xA3, 0xB1, 0xFF, 0xA3, 0xB9, 0xFF, 0x05, 0xBA, 0xFE, 0x46, 0xB2, 0xD4, 0xE9, 0xBA, 0x6C, 0x0A, 0xB3, 0x46, 0xA9, 0xA2, 0x26,
    0x87, 0x9A, 0x1C, 0xE9, 0xBA, 0x84, 0x87, 0xC2, 0xE7, 0xC4, 0xB9, 0xFF, 0xA3, 0xB9, 0xFE, 0xA3, 0xB9, 0xFF, 0xA3, 0xB9, 0xFF, 0xA3, 0xB9, 0xFF,
    0xA3, 0xB9, 0xFF, 0xA3, 0xB9, 0xFF, 0xA3, 0xB9, 0xFF, 0xA3, 0xB9, 0xFF, 0xA3, 0xB9, 0xFF, 0xA3, 0xB9, 0xFF, 0xA3, 0xB9, 0xFF, 0xA3, 0xB9, 0xFF,
    0xA3, 0xB9, 0xFF, 0xA3, 0xB9, 0xFF, 0xA3, 0xB9, 0xFF, 0xA3, 0xB9, 0xFE, 0xA3, 0xB9, 0xFE, 0xA3, 0xB9, 0xFE, 0xA3, 0xB9, 0xFE, 0xA3, 0xB9, 0xFF,
    0xC3, 0xB9, 0xFF, 0xC4, 0xB9, 0xFF, 0xC4, 0xB1, 0xFF, 0x04, 0xBA, 0xFF, 0x05, 0xC2, 0xFF, 0xE4, 0xB9, 0xFF, 0x46, 0xC2, 0xFF, 0x66, 0xC2, 0xFF,
    0x09, 0xC3, 0xE1, 0x6B, 0xC3, 0xA8, 0x2A, 0xBB, 0x7A, 0x0A, 0xA3, 0x2E, 0xE9, 0x9A, 0x24, 0x2C, 0x9B, 0x05, 0xE7, 0x79, 0x04, 0x00, 0xF8, 0x01,
    0x00, 0x00, 0x00, 0x00, 0x00, 0x00, 0x00, 0x00, 0x00, 0x00, 0x00, 0x00, 0x00, 0x00, 0x00, 0x00, 0x00, 0x00, 0x00, 0x00, 0x00, 0x00, 0x00, 0x00,
    0x00, 0x78, 0x02, 0x00, 0x00, 0x00, 0xE5, 0x91, 0x61, 0xA4, 0xA1, 0xDF, 0xE5, 0x91, 0x88, 0xEF, 0xBB, 0x04, 0x00, 0xF8, 0x01, 0x00, 0x00, 0x00,
    0x00, 0x78, 0x02, 0x88, 0xAA, 0x13, 0xE9, 0xBA, 0x54, 0xE4, 0xB1, 0xE8, 0xA3, 0xB9, 0xFF, 0xA3, 0xB9, 0xFE, 0xA3, 0xB9, 0xFF, 0xA3, 0xB9, 0xFF,
    0xA3, 0xB9, 0xFF, 0xA3, 0xB9, 0xFF, 0xA3, 0xB9, 0xFE, 0x05, 0xBA, 0xFF, 0x09, 0xC3, 0xC1, 0xE9, 0xAA, 0x3F, 0x00, 0x00, 0x00, 0x00, 0xF8, 0x01,
    0x00, 0x00, 0x00, 0x00, 0x00, 0x00, 0x00, 0x00, 0x00, 0x00, 0x00, 0x00, 0x00, 0x00, 0x00, 0x00, 0x00, 0x00, 0x00, 0x00, 0x00, 0x00, 0x00, 0x00,
    0x00, 0x00, 0x00, 0x00, 0x00, 0x00, 0x00, 0x00, 0x00, 0x00, 0x00, 0x00, 0x00, 0x00, 0x00, 0x00, 0x00, 0x00, 0x00, 0x00, 0x00, 0x00, 0x00, 0x00,
    0x00, 0x00, 0x00, 0xFF, 0xFF, 0x01, 0x00, 0x00, 0x00, 0xFF, 0xFF, 0x0A, 0xFF, 0xFF, 0xD9, 0xFF, 0xFF, 0xFF, 0xFF, 0xFF, 0xFD, 0xFF, 0xFF, 0xFF,
    0xFF, 0xFF, 0xFF, 0xFF, 0xFF, 0xFF, 0xFF, 0xFF, 0xFB, 0xFF, 0xFF, 0xFF, 0xFF, 0xFF, 0x73, 0x00, 0x00, 0x00, 0xFF, 0xFF, 0x04, 0x00, 0x00, 0x00,
    0x00, 0x00, 0x00, 0x00, 0x00, 0x00, 0x00, 0x00, 0x00, 0x00, 0x00, 0x00, 0x00, 0x00, 0x00, 0x00, 0x00, 0x00, 0x00, 0x00, 0x00, 0x00, 0x00, 0x00,
    0x00, 0x00, 0x00, 0x00, 0x00, 0x00, 0x00, 0x00, 0x00, 0x00, 0x00, 0x00, 0x00, 0x00, 0x00, 0x00, 0x00, 0x00, 0x00, 0x00, 0x00, 0x00, 0x00, 0x00,
    0x00, 0x00, 0x00, 0x00, 0x00, 0x00, 0x00, 0x00, 0x00, 0x00, 0x00, 0x00, 0x00, 0x00, 0x00, 0x00, 0x00, 0x00, 0x00, 0x00, 0x00, 0x00, 0x00, 0x00,
    0x00, 0x00, 0x00, 0x00, 0x00, 0x00, 0x00, 0x00, 0x00, 0x00, 0x00, 0x00, 0x00, 0x00, 0x00, 0x00, 0x00, 0x00, 0x00, 0x00, 0x00, 0x00, 0x00, 0x00,
    0x00, 0x00, 0x00, 0x00, 0x00, 0x00, 0x00, 0x00, 0x00, 0x00, 0x00, 0x00, 0x00, 0x00, 0x00, 0x00, 0x00, 0x00, 0x00, 0x00, 0x00, 0x00, 0x00, 0x00,
    0x00, 0x00, 0x00, 0xFF, 0xFF, 0x04, 0x00, 0x00, 0x00, 0xFF, 0xFF, 0x6D, 0xFF, 0xFF, 0xFF, 0xFF, 0xFF, 0xFC, 0xFF, 0xFF, 0xFF, 0xFF, 0xFF, 0xFF,
    0xFF, 0xFF, 0xFF, 0xFF, 0xFF, 0xFB, 0xFF, 0xFF, 0xFF, 0xFF, 0xFF, 0x97, 0x00, 0x00, 0x00, 0xFF, 0xFF, 0x03, 0x00, 0x00, 0x00, 0x00, 0x00, 0x00,
    0xFF, 0xFF, 0x01, 0xFF, 0xFF, 0x01, 0xFF, 0xFF, 0x0C, 0xFF, 0xFF, 0xDE, 0xFF, 0xFF, 0xFF, 0xFF, 0xFF, 0xFD, 0xFF, 0xFF, 0xFF, 0xFF, 0xFF, 0xFF,
    0xFF, 0xFF, 0xFF, 0xFF, 0xFF, 0xFC, 0xFF, 0xFF, 0xFF, 0xFF, 0xFF, 0x57, 0x00, 0x00, 0x00, 0xFF, 0xFF, 0x04, 0x00, 0x00, 0x00, 0x00, 0x00, 0x00,
    0x00, 0x00, 0x00, 0x00, 0x00, 0x00, 0x00, 0x00, 0x00, 0x00, 0x00, 0x00, 0x00, 0x00, 0x00, 0x00, 0x00, 0x00, 0xFF, 0xFF, 0x01, 0x00, 0x00, 0x00,
    0xFF, 0xFF, 0x07, 0xFF, 0xFF, 0xDB, 0xFF, 0xFF, 0xFF, 0xFF, 0xFF, 0xFD, 0xFF, 0xFF, 0xFF, 0xFF, 0xFF, 0xFF, 0xFF, 0xFF, 0xFF, 0xFF, 0xFF, 0xFC,
    0xFF, 0xFF, 0xFF, 0xFF, 0xFF, 0x6D, 0x00, 0x00, 0x00, 0xFF, 0xFF, 0x03, 0x00, 0x00, 0x00, 0x00, 0x00, 0x00, 0x00, 0x00, 0x00, 0x00, 0x00, 0x00,
    0x00, 0x00, 0x00, 0x00, 0x00, 0x00, 0x00, 0x00, 0x00, 0x00, 0x00, 0x00, 0x00, 0x00, 0x00, 0x00, 0x00, 0x00, 0x00, 0x00, 0x00, 0x00, 0x00, 0x00,
    0x00, 0x00, 0x00, 0x00, 0x00, 0x00, 0x00, 0x00, 0x00, 0x00, 0x00, 0x00, 0x00, 0x00, 0x00, 0x00, 0x00, 0x00, 0x00, 0x00, 0x00, 0x00, 0x00, 0x00,
    0x00, 0x00, 0x00, 0x00, 0x00, 0x00, 0x00, 0x00, 0x00, 0x00, 0x00, 0x00, 0x00, 0x00, 0x00, 0x00, 0x00, 0x00, 0x00, 0x00, 0x00, 0x00, 0x00, 0x00,
    0x00, 0x00, 0x00, 0x00, 0x00, 0x00, 0x00, 0x00, 0x00, 0x00, 0x00, 0x00, 0x00, 0x00, 0x00, 0x00, 0x00, 0x00, 0xFF, 0xFF, 0x03, 0x00, 0x00, 0x00,
    0xFF, 0xFF, 0x77, 0xFF, 0xFF, 0xFF, 0xFF, 0xFF, 0xFB, 0xFF, 0xFF, 0xFF, 0xFF, 0xFF, 0xFF, 0xFF, 0xFF, 0xFF, 0xFF, 0xFF, 0xFD, 0xFF, 0xFF, 0xFF,
    0xFF, 0xFF, 0xDD, 0xFF, 0xFF, 0x0A, 0x00, 0x00, 0x00, 0xFF, 0xFF, 0x01, 0x00, 0x00, 0x00, 0x00, 0x00, 0x00, 0x00, 0x00, 0x00, 0x00, 0x00, 0x00,
    0x00, 0x00, 0x00, 0x00, 0x00, 0x00, 0x00, 0x00, 0x00, 0x00, 0x00, 0x00, 0x00, 0x00, 0x00, 0x00, 0x00, 0x00, 0x00, 0x00, 0x00, 0x00, 0x00, 0x00,
    0x00, 0x00, 0x00, 0x00, 0x00, 0x00, 0x00, 0x00, 0x00, 0x00, 0x00, 0x00, 0x00, 0x00, 0x00, 0x00, 0x00, 0x00, 0x00, 0x00, 0x00, 0x00, 0x00, 0x00,
    0x00, 0x00, 0x00, 0x00, 0x00, 0x00, 0x00, 0x00, 0x00, 0x00, 0x00, 0x00, 0x00, 0x00, 0x00, 0x00, 0x00, 0x00, 0x00, 0x00, 0x00, 0x00, 0x00, 0x00,
    0x00, 0x00, 0x00, 0x00, 0x00, 0x00, 0x00, 0x00, 0x00, 0x00, 0x00, 0x00, 0x00, 0x00, 0x00, 0x00, 0x00, 0x00, 0x00, 0x00, 0x00, 0x00, 0x00, 0x00,
    0xFF, 0xFF, 0x03, 0x00, 0x00, 0x00, 0xFF, 0xFF, 0x9F, 0xFF, 0xFF, 0xFF, 0xFF, 0xFF, 0xFC, 0xFF, 0xFF, 0xFF, 0xFF, 0xFF, 0xFF, 0xFF, 0xFF, 0xFF,
    0xFF, 0xFF, 0xFB, 0xFF, 0xFF, 0xFF, 0xFF, 0xFF, 0x6D, 0x00, 0x00, 0x00, 0xFF, 0xFF, 0x01, 0x4A, 0xB3, 0x18, 0xE4, 0xA9, 0xDD, 0x04, 0xC2, 0xFF,
    0x25, 0xAA, 0x65, 0x25, 0xAA, 0x6B, 0x05, 0xC2, 0xFF, 0x26, 0xAA, 0x8E, 0x00, 0x00, 0x00, 0x00, 0x50, 0x03, 0x00, 0x00, 0x01, 0x00, 0x00, 0x00,
    0x29, 0x9B, 0x0A, 0xA9, 0x9A, 0x2C, 0x0A, 0xBB, 0x79, 0x09, 0xC3, 0xEB, 0xC4, 0xB1, 0xFF, 0xA3, 0xB9, 0xFE, 0xA3, 0xB9, 0xFF, 0xA3, 0xB9, 0xFF,
    0xA3, 0xB9, 0xFF, 0xA3, 0xB9, 0xFF, 0xA3, 0xB9, 0xFF, 0xA3, 0xB9, 0xFF, 0xA3, 0xB9, 0xFF, 0xA3, 0xB9, 0xFF, 0xA3, 0xB9, 0xFF, 0xA3, 0xB9, 0xFF,
    0xA3, 0xB9, 0xFF, 0xA3, 0xB9, 0xFF, 0xA3, 0xB9, 0xFF, 0xA3, 0xB9, 0xFF, 0xA3, 0xB9, 0xFF, 0xA3, 0xB9, 0xFF, 0xA3, 0xB9, 0xFF, 0xA3, 0xB9, 0xFF,
    0xA3, 0xB9, 0xFF, 0xA3, 0xB9, 0xFF, 0xA3, 0xB9, 0xFF, 0xA3, 0xB9, 0xFF, 0xA3, 0xB9, 0xFF, 0xA3, 0xB9, 0xFF, 0xA3, 0xB9, 0xFF, 0xA3, 0xB9, 0xFF,
    0xA3, 0xB9, 0xFF, 0xA3, 0xB9, 0xFF, 0xA3, 0xB9, 0xFF, 0xA3, 0xB9, 0xFF, 0xA3, 0xB9, 0xFF, 0xA3, 0xB9, 0xFF, 0xA3, 0xB9, 0xFF, 0xA3, 0xB9, 0xFF,
    0xA3, 0xB9, 0xFF, 0xA3, 0xB9, 0xFF, 0xA3, 0xB9, 0xFF, 0xA3, 0xB9, 0xFF, 0xA3, 0xB9, 0xFF, 0xA3, 0xB9, 0xFF, 0xA3, 0xB9, 0xFF, 0xA3, 0xB9, 0xFF,
    0xA3, 0xB9, 0xFF, 0xA3, 0xB9, 0xFF, 0xA3, 0xB9, 0xFF, 0xA3, 0xB9, 0xFF, 0xA3, 0xB9, 0xFF, 0xA3, 0xB9, 0xFF, 0xA3, 0xB9, 0xFF, 0xA3, 0xB9, 0xFF,
    0xA3, 0xB9, 0xFF, 0xA3, 0xB9, 0xFF, 0xA3, 0xB9, 0xFF, 0xA3, 0xB9, 0xFF, 0xA3, 0xB9, 0xFF, 0xA3, 0xB9, 0xFF, 0xA4, 0xB9, 0xFF, 0xA4, 0xB9, 0xFF,
    0xA3, 0xB9, 0xFF, 0xA3, 0xB9, 0xFF, 0xA3, 0xB9, 0xFE, 0xA3, 0xB9, 0xFF, 0xC3, 0xB9, 0xFF, 0x46, 0xC2, 0xFE, 0x87, 0xBA, 0xF1, 0x2A, 0xC3, 0xA5,
    0x0A, 0xBB, 0x5C, 0xE9, 0xA2, 0x28, 0xA6, 0x9A, 0x0F, 0xC8, 0xA2, 0x17, 0xC9, 0xA2, 0x1A, 0xC9, 0xB2, 0x77, 0x67, 0xBA, 0xFF, 0xA3, 0xB9, 0xFF,
    0xA3, 0xB9, 0xFE, 0xA3, 0xB9, 0xFF, 0xA3, 0xB9, 0xFF, 0xA3, 0xB9, 0xFF, 0xA3, 0xB9, 0xFF, 0xA3, 0xB9, 0xFF, 0xA3, 0xB9, 0xFF, 0xA3, 0xB9, 0xFF,
    0xA3, 0xB9, 0xFF, 0xA3, 0xB9, 0xFF, 0xA3, 0xB9, 0xFF, 0xA3, 0xB9, 0xFF, 0xA3, 0xB9, 0xFF, 0xA3, 0xB9, 0xFF, 0xC3, 0xB9, 0xFF, 0xA3, 0xB9, 0xFF,
    0xE4, 0xC1, 0xFF, 0x46, 0xC2, 0xFF, 0x46, 0xC2, 0xFF, 0x87, 0xC2, 0xFA, 0xC8, 0xCA, 0xF1, 0xE8, 0xCA, 0xF2, 0x2A, 0xCB, 0xE9, 0x09, 0xCB, 0xDA,
    0x09, 0xCB, 0xD2, 0xE9, 0xC2, 0xEC, 0x2A, 0xCB, 0xD9, 0x8C, 0xCB, 0xCF, 0x2A, 0xBB, 0x7B, 0x09, 0xAB, 0x4E, 0x2A, 0xAB, 0x42, 0x0A, 0xA3, 0x22,
    0x29, 0x9B, 0x0A, 0x0A, 0xA8, 0x03, 0x00, 0x00, 0x00, 0x00, 0x00, 0x00, 0x00, 0x00, 0x00, 0x00, 0x00, 0x00, 0x00, 0x00, 0x00, 0x00, 0x00, 0x00,
    0x00, 0x00, 0x00, 0x00, 0x00, 0x00, 0x00, 0x00, 0x00, 0x00, 0x00, 0x00, 0x00, 0x00, 0x00, 0x00, 0x00, 0x01, 0x00, 0x00, 0x00, 0xEB, 0x7A, 0x08,
    0x00, 0x00, 0x00, 0x00, 0x00, 0x00, 0x00, 0x00, 0x00, 0x00, 0x00, 0x01, 0x00, 0x00, 0x00, 0x89, 0xA2, 0x1F, 0xA8, 0xBA, 0x9D, 0xE4, 0xB1, 0xFE,
    0x83, 0xB9, 0xFE, 0xA3, 0xB9, 0xFF, 0xA3, 0xB9, 0xFF, 0xA3, 0xB9, 0xFF, 0xA3, 0xB9, 0xFF, 0xA3, 0xB9, 0xFE, 0xA3, 0xB9, 0xFF, 0x46, 0xBA, 0xEC,
    0x2A, 0xC3, 0x65, 0x49, 0x92, 0x0E, 0x00, 0x00, 0x00, 0x00, 0x00, 0x00, 0x00, 0x00, 0x00, 0x00, 0x00, 0x00, 0x00, 0x00, 0x00, 0x00, 0x00, 0x00,
    0x00, 0x00, 0x00, 0x00, 0x00, 0x00, 0x00, 0x00, 0x00, 0x00, 0x00, 0x00, 0x00, 0x00, 0x00, 0x00, 0x00, 0x00, 0x00, 0x00, 0x00, 0x00, 0x00, 0x00,
    0x00, 0x00, 0x00, 0x00, 0x00, 0x00, 0x00, 0x00, 0x00, 0x00, 0x00, 0x00, 0x00, 0x00, 0x00, 0xFF, 0xFF, 0x02, 0x00, 0x00, 0x00, 0xFF, 0xFF, 0x1B,
    0xFF, 0xFF, 0xF0, 0xFF, 0xFF, 0xFF, 0xFF, 0xFF, 0xFE, 0xFF, 0xFF, 0xFF, 0xFF, 0xFF, 0xFF, 0xFF, 0xFF, 0xFF, 0xFF, 0xFF, 0xFD, 0xFF, 0xFF, 0xFF,
    0xDF, 0xFF, 0x4E, 0x00, 0x00, 0x00, 0xFF, 0xFF, 0x04, 0x00, 0x00, 0x00, 0x00, 0x00, 0x00, 0x00, 0x00, 0x00, 0x00, 0x00, 0x00, 0x00, 0x00, 0x00,
    0x00, 0x00, 0x00, 0x00, 0x00, 0x00, 0x00, 0x00, 0x00, 0x00, 0x00, 0x00, 0x00, 0x00, 0x00, 0x00, 0x00, 0x00, 0x00, 0x00, 0x00, 0x00, 0x00, 0x00,
    0x00, 0x00, 0x00, 0x00, 0x00, 0x00, 0x00, 0x00, 0x00, 0x00, 0x00, 0x00, 0x00, 0x00, 0x00, 0x00, 0x00, 0x00, 0x00, 0x00, 0x00, 0x00, 0x00, 0x00,
    0xFF, 0xFF, 0x02, 0xFF, 0xFF, 0x02, 0xFF, 0xFF, 0x02, 0xFF, 0xFF, 0x02, 0xFF, 0xFF, 0x02, 0xFF, 0xFF, 0x02, 0xFF, 0xFF, 0x02, 0xFF, 0xFF, 0x02,
    0x00, 0x00, 0x00, 0x00, 0x00, 0x00, 0x00, 0x00, 0x00, 0x00, 0x00, 0x00, 0x00, 0x00, 0x00, 0x00, 0x00, 0x00, 0x00, 0x00, 0x00, 0x00, 0x00, 0x00,
    0x00, 0x00, 0x00, 0x00, 0x00, 0x00, 0x00, 0x00, 0x00, 0x00, 0x00, 0x00, 0x00, 0x00, 0x00, 0xFF, 0xFF, 0x01, 0x79, 0xCE, 0x05, 0xFF, 0xFF, 0xD3,
    0xFF, 0xFF, 0xFF, 0xFF, 0xFF, 0xFC, 0xFF, 0xFF, 0xFF, 0xFF, 0xFF, 0xFF, 0xFF, 0xFF, 0xFF, 0xFF, 0xFF, 0xFE, 0xFF, 0xFF, 0xFC, 0xDF, 0xFF, 0x38,
    0x00, 0x00, 0x00, 0xFF, 0xFF, 0x03, 0x00, 0x00, 0x00, 0x00, 0x00, 0x00, 0x00, 0x00, 0x00, 0xFF, 0xFF, 0x03, 0x00, 0x00, 0x00, 0xFF, 0xFF, 0x7B,
    0xFF, 0xFF, 0xFF, 0xFF, 0xFF, 0xFC, 0xFF, 0xFF, 0xFF, 0xFF, 0xFF, 0xFF, 0xFF, 0xFF, 0xFF, 0xFF, 0xFF, 0xFC, 0xFF, 0xFF, 0xFE, 0xFF, 0xFF, 0xC6,
    0xFF, 0xFF, 0x02, 0xFF, 0xFF, 0x01, 0x00, 0x00, 0x00, 0x00, 0x00, 0x00, 0x00, 0x00, 0x00, 0x00, 0x00, 0x00, 0x00, 0x00, 0x00, 0x00, 0x00, 0x00,
    0x00, 0x00, 0x00, 0x00, 0x00, 0x00, 0xFF, 0xFF, 0x01, 0x00, 0x00, 0x00, 0xFF, 0xFF, 0x1F, 0xFF, 0xFF, 0xF0, 0xFF, 0xFF, 0xFF, 0xFF, 0xFF, 0xFE,
    0xFF, 0xFF, 0xFF, 0xFF, 0xFF, 0xFF, 0xFF, 0xFF, 0xFF, 0xFF, 0xFF, 0xFD, 0xFF, 0xFF, 0xFF, 0xDF, 0xFF, 0x40, 0x00, 0x00, 0x00, 0xFF, 0xFF, 0x03,
    0x00, 0x00, 0x00, 0x00, 0x00, 0x00, 0x00, 0x00, 0x00, 0x00, 0x00, 0x00, 0x00, 0x00, 0x00, 0x00, 0x00, 0x00, 0x00, 0x00, 0x00, 0x00, 0x00, 0x00,
    0x00, 0x00, 0x00, 0x00, 0x00, 0x00, 0x00, 0x00, 0x00, 0x00, 0x00, 0x00, 0x00, 0x00, 0x00, 0x00, 0x00, 0x00, 0x00, 0x00, 0x00, 0x00, 0x00, 0x00,
    0x00, 0x00, 0x00, 0x00, 0x00, 0x00, 0x00, 0x00, 0x00, 0x00, 0x00, 0x00, 0x00, 0x00, 0x00, 0xFF, 0xFF, 0x02, 0xFF, 0xFF, 0x02, 0xFF, 0xFF, 0x02,
    0xFF, 0xFF, 0x02, 0xFF, 0xFF, 0x02, 0xFF, 0xFF, 0x02, 0xFF, 0xFF, 0x02, 0xFF, 0xFF, 0x02, 0x00, 0x00, 0x00, 0x00, 0x00, 0x00, 0x00, 0x00, 0x00,
    0x00, 0x00, 0x00, 0x00, 0x00, 0x00, 0xFF, 0xFF, 0x03, 0x00, 0x00, 0x00, 0xFF, 0xFF, 0x9C, 0xFF, 0xFF, 0xFF, 0xFF, 0xFF, 0xFC, 0xFF, 0xFF, 0xFF,
    0xFF, 0xFF, 0xFF, 0xFF, 0xFF, 0xFF, 0xFF, 0xFF, 0xFC, 0xFF, 0xFF, 0xFF, 0xFF, 0xFF, 0xBD, 0x00, 0x00, 0x00, 0xFF, 0xFF, 0x02, 0x00, 0x00, 0x00,
    0x00, 0x00, 0x00, 0x00, 0x00, 0x00, 0x00, 0x00, 0x00, 0x00, 0x00, 0x00, 0x00, 0x00, 0x00, 0x00, 0x00, 0x00, 0x00, 0x00, 0x00, 0x00, 0x00, 0x00,
    0x00, 0x00, 0x00, 0x00, 0x00, 0x00, 0x00, 0x00, 0x00, 0x00, 0x00, 0x00, 0x00, 0x00, 0x00, 0x00, 0x00, 0x00, 0x00, 0x00, 0x00, 0x00, 0x00, 0x00,
    0x00, 0x00, 0x00, 0x00, 0x00, 0x00, 0x00, 0x00, 0x00, 0x00, 0x00, 0x00, 0xFF, 0xFF, 0x01, 0xFF, 0xFF, 0x03, 0xFF, 0xFF, 0x02, 0xFF, 0xFF, 0x02,
    0xFF, 0xFF, 0x02, 0xFF, 0xFF, 0x02, 0xFF, 0xFF, 0x02, 0xFF, 0xFF, 0x03, 0xFF, 0xFF, 0x01, 0x00, 0x00, 0x00, 0x00, 0x00, 0x00, 0x00, 0x00, 0x00,
    0x00, 0x00, 0x00, 0x00, 0x00, 0x00, 0x00, 0x00, 0x00, 0x00, 0x00, 0x00, 0xFF, 0xFF, 0x03, 0x00, 0x00, 0x00, 0xFF, 0xFF, 0x9F, 0xFF, 0xFF, 0xFF,
    0xFF, 0xFF, 0xFC, 0xFF, 0xFF, 0xFF, 0xFF, 0xFF, 0xFF, 0xFF, 0xFF, 0xFF, 0xFF, 0xFF, 0xFB, 0xFF, 0xFF, 0xFF, 0xFF, 0xFF, 0x6C, 0x00, 0x00, 0x00,
    0x00, 0x00, 0x00, 0xCA, 0xAA, 0x19, 0xC4, 0xA9, 0xE4, 0xE4, 0xC9, 0xFF, 0x05, 0xA2, 0x64, 0x05, 0xAA, 0x71, 0xE5, 0xC1, 0xFC, 0x05, 0xA2, 0x8D,
    0x00, 0x00, 0x00, 0x00, 0xA8, 0x03, 0x00, 0x00, 0x01, 0x26, 0x9B, 0x05, 0xE9, 0x9A, 0x10, 0xA9, 0xA2, 0x33, 0x2A, 0xC3, 0x86, 0x26, 0xBA, 0xFC,
    0x83, 0xB1, 0xFF, 0xA3, 0xB9, 0xFE, 0xA3, 0xB9, 0xFF, 0xA3, 0xB9, 0xFF, 0xA3, 0xB9, 0xFF, 0xA3, 0xB9, 0xFF, 0xA3, 0xB9, 0xFF, 0xA3, 0xB9, 0xFF,
    0xA3, 0xB9, 0xFF, 0xA3, 0xB9, 0xFF, 0xA3, 0xB9, 0xFF, 0xA3, 0xB9, 0xFF, 0xA3, 0xB9, 0xFF, 0xA3, 0xB9, 0xFF, 0xA3, 0xB9, 0xFF, 0xA3, 0xB9, 0xFF,
    0xA3, 0xB9, 0xFF, 0xA3, 0xB9, 0xFF, 0xA3, 0xB9, 0xFF, 0xA3, 0xB9, 0xFF, 0xA3, 0xB9, 0xFF, 0x83, 0xB9, 0xFF, 0xA3, 0xB9, 0xFF, 0x83, 0xB9, 0xFF,
    0x83, 0xB9, 0xFF, 0x83, 0xB1, 0xFF, 0x83, 0xB1, 0xFE, 0x83, 0xB1, 0xFE, 0x83, 0xB1, 0xFE, 0x83, 0xB1, 0xFE, 0x83, 0xB1, 0xFE, 0x83, 0xB1, 0xFE,
    0x83, 0xB1, 0xFE, 0x83, 0xB1, 0xFE, 0xA3, 0xB9, 0xFE, 0xA3, 0xB9, 0xFF, 0xA3, 0xB9, 0xFF, 0xA3, 0xB9, 0xFF, 0xA3, 0xB9, 0xFF, 0xA3, 0xB9, 0xFF,
    0xA3, 0xB9, 0xFF, 0xA3, 0xB9, 0xFF, 0xA3, 0xB9, 0xFF, 0xA3, 0xB9, 0xFF, 0xA3, 0xB9, 0xFF, 0xA3, 0xB9, 0xFF, 0xA3, 0xB9, 0xFF, 0xA3, 0xB9, 0xFF,
    0xA3, 0xB9, 0xFF, 0xA3, 0xB9, 0xFF, 0xA3, 0xB9, 0xFF, 0xA3, 0xB9, 0xFF, 0xA3, 0xB9, 0xFF, 0xA3, 0xB9, 0xFF, 0xA3, 0xB9, 0xFF, 0xA3, 0xB9, 0xFF,
    0xA3, 0xB9, 0xFF, 0xA3, 0xB9, 0xFF, 0xA3, 0xB9, 0xFF, 0xA3, 0xB9, 0xFF, 0xA3, 0xB9, 0xFF, 0xA3, 0xB9, 0xFF, 0xA3, 0xB1, 0xFF, 0x05, 0xB2, 0xED,
    0xC9, 0xC2, 0xBD, 0x6B, 0xCB, 0xCA, 0x2A, 0xBB, 0x7B, 0xE9, 0xA2, 0x2E, 0x67, 0x92, 0x30, 0x88, 0x92, 0x51, 0x00, 0x00, 0x00, 0xA7, 0x8A, 0x09,
    0xC9, 0xA2, 0x33, 0x0A, 0xB3, 0x61, 0x87, 0xBA, 0xBA, 0xE4, 0xB9, 0xFF, 0xA3, 0xB9, 0xFD, 0xA3, 0xB9, 0xFF, 0xA3, 0xB9, 0xFF, 0xA3, 0xB9, 0xFF,
    0xA3, 0xB9, 0xFF, 0xA3, 0xB9, 0xFF, 0xA3, 0xB9, 0xFF, 0xA3, 0xB9, 0xFF, 0xA3, 0xB9, 0xFF, 0xA3, 0xB9, 0xFF, 0xA3, 0xB9, 0xFF, 0xA3, 0xB9, 0xFF,
    0xA3, 0xB9, 0xFF, 0xC4, 0xB9, 0xFF, 0x25, 0xBA, 0xFE, 0x87, 0xC2, 0xEA, 0xA8, 0xC2, 0xDB, 0x2A, 0xCB, 0xD0, 0x2A, 0xC3, 0xC1, 0x2B, 0xC3, 0xA6,
    0x6C, 0xCB, 0x91, 0x6B, 0xC3, 0x9E, 0x6B, 0xBB, 0x85, 0x6B, 0xBB, 0x67, 0x6B, 0xB3, 0x63, 0x6B, 0xBB, 0x81, 0x2A, 0xB3, 0x68, 0x4A, 0xB3, 0x73,
    0x2B, 0xAB, 0x48, 0x09, 0x9B, 0x32, 0xE9, 0x9A, 0x28, 0xA8, 0x9A, 0x0F, 0x00, 0x78, 0x02, 0x00, 0x00, 0x00, 0x46, 0x92, 0x4A, 0x66, 0x92, 0x21,
    0x00, 0x00, 0x00, 0x00, 0xF8, 0x01, 0x00, 0x00, 0x00, 0x00, 0x00, 0x00, 0x00, 0x00, 0x00, 0x00, 0x00, 0x00, 0x00, 0x00, 0x00, 0x00, 0x00, 0x00,
    0x00, 0x00, 0x00, 0x00, 0x00, 0x00, 0x00, 0xF8, 0x01, 0x00, 0x00, 0x00, 0x00, 0xF8, 0x01, 0x00, 0x00, 0x00, 0x00, 0x00, 0x00, 0x00, 0x00, 0x00,
    0x86, 0x99, 0x05, 0xC9, 0xAA, 0x38, 0xA8, 0xC2, 0xC9, 0xC4, 0xB9, 0xFF, 0xA3, 0xB9, 0xFD, 0xA3, 0xB9, 0xFF, 0xA3, 0xB9, 0xFF, 0xA3, 0xB9, 0xFF,
    0xA3, 0xB1, 0xFF, 0xA3, 0xB9, 0xFE, 0xC4, 0xB9, 0xFF, 0xA8, 0xC2, 0xD3, 0x2A, 0xBB, 0x59, 0x46, 0x92, 0x0E, 0x00, 0x00, 0x00, 0x00, 0x00, 0x00,
    0x00, 0x00, 0x00, 0x00, 0x00, 0x00, 0x00, 0x00, 0x00, 0x00, 0x00, 0x00, 0x00, 0x00, 0x00, 0x00, 0x00, 0x00, 0x00, 0x00, 0x00, 0x00, 0x00, 0x00,
    0x00, 0x00, 0x00, 0x00, 0x00, 0x00, 0x00, 0x00, 0x00, 0x00, 0x00, 0x00, 0x00, 0x00, 0x00, 0x00, 0x00, 0x00, 0x00, 0x00, 0x00, 0x00, 0x00, 0x00,
    0x00, 0x00, 0x00, 0xFF, 0xFF, 0x02, 0x00, 0x00, 0x00, 0xFF, 0xFF, 0x27, 0xFF, 0xFF, 0xFB, 0xFF, 0xFF, 0xFF, 0xFF, 0xFF, 0xFF, 0xFF, 0xFF, 0xFF,
    0xFF, 0xFF, 0xFF, 0xFF, 0xFF, 0xFE, 0xFF, 0xFF, 0xFF, 0xFF, 0xFF, 0xF9, 0xFF, 0xFF, 0x28, 0x00, 0x00, 0x00, 0xFF, 0xFF, 0x02, 0x00, 0x00, 0x00,
    0x00, 0x00, 0x00, 0x00, 0x00, 0x00, 0x00, 0x00, 0x00, 0x00, 0x00, 0x00, 0x00, 0x00, 0x00, 0x00, 0x00, 0x00, 0x00, 0x00, 0x00, 0x00, 0x00, 0x00,
    0x00, 0x00, 0x00, 0x00, 0x00, 0x00, 0x00, 0x00, 0x00, 0x00, 0x00, 0x00, 0x00, 0x00, 0x00, 0x00, 0x00, 0x00, 0x00, 0x00, 0x00, 0x00, 0x00, 0x00,
    0x00, 0x00, 0x00, 0x00, 0x00, 0x00, 0x00, 0x00, 0x00, 0x00, 0x00, 0x00, 0x00, 0x00, 0x00, 0x00, 0x00, 0x00, 0x00, 0x00, 0x00, 0x00, 0x00, 0x00,
    0x00, 0x00, 0x00, 0x00, 0x00, 0x00, 0x00, 0x00, 0x00, 0x00, 0x00, 0x00, 0x00, 0x00, 0x00, 0x00, 0x00, 0x00, 0x00, 0x00, 0x00, 0x00, 0x00, 0x00,
    0x00, 0x00, 0x00, 0x00, 0x00, 0x00, 0x00, 0x00, 0x00, 0x00, 0x00, 0x00, 0x00, 0x00, 0x00, 0x00, 0x00, 0x00, 0x00, 0x00, 0x00, 0x00, 0x00, 0x00,
    0xFF, 0xFF, 0x03, 0x00, 0x00, 0x00, 0xDF, 0xFF, 0x4B, 0xFF, 0xFF, 0xFF, 0xFF, 0xFF, 0xFD, 0xFF, 0xFF, 0xFF, 0xFF, 0xFF, 0xFF, 0xFF, 0xFF, 0xFF,
    0xFF, 0xFF, 0xFC, 0xFF, 0xFF, 0xFE, 0xFF, 0xFF, 0xC2, 0xFF, 0xFF, 0x01, 0xFF, 0xFF, 0x02, 0x00, 0x00, 0x00, 0x00, 0x00, 0x00, 0x00, 0x00, 0x00,
    0x00, 0x00, 0x00, 0xFF, 0xFF, 0x01, 0x00, 0x00, 0x00, 0xBE, 0xF7, 0x1C, 0xFF, 0xFF, 0xF1, 0xFF, 0xFF, 0xFF, 0xFF, 0xFF, 0xFE, 0xFF, 0xFF, 0xFF,
    0xFF, 0xFF, 0xFF, 0xFF, 0xFF, 0xFF, 0xFF, 0xFF, 0xFE, 0xFF, 0xFF, 0xFD, 0xDF, 0xFF, 0x3A, 0xFF, 0xFF, 0x01, 0xFF, 0xFF, 0x03, 0x00, 0x00, 0x00,
    0x00, 0x00, 0x00, 0x00, 0x00, 0x00, 0x00, 0x00, 0x00, 0x00, 0x00, 0x00, 0x00, 0x00, 0x00, 0x00, 0x00, 0x00, 0xFF, 0xFF, 0x03, 0x00, 0x00, 0x00,
    0xFF, 0xFF, 0x33, 0xFF, 0xFF, 0xFE, 0xFF, 0xFF, 0xFF, 0xFF, 0xFF, 0xFE, 0xFF, 0xFF, 0xFF, 0xFF, 0xFF, 0xFF, 0xFF, 0xFF, 0xFE, 0xFF, 0xFF, 0xFF,
    0xFF, 0xFF, 0xF6, 0xFF, 0xFF, 0x26, 0x00, 0x00, 0x00, 0xFF, 0xFF, 0x02, 0x00, 0x00, 0x00, 0x00, 0x00, 0x00, 0x00, 0x00, 0x00, 0x00, 0x00, 0x00,
    0x00, 0x00, 0x00, 0x00, 0x00, 0x00, 0x00, 0x00, 0x00, 0x00, 0x00, 0x00, 0x00, 0x00, 0x00, 0x00, 0x00, 0x00, 0x00, 0x00, 0x00, 0x00, 0x00, 0x00,
    0x00, 0x00, 0x00, 0x00, 0x00, 0x00, 0x00, 0x00, 0x00, 0x00, 0x00, 0x00, 0x00, 0x00, 0x00, 0x00, 0x00, 0x00, 0x00, 0x00, 0x00, 0x00, 0x00, 0x00,
    0x00, 0x00, 0x00, 0x00, 0x00, 0x00, 0x00, 0x00, 0x00, 0x00, 0x00, 0x00, 0x00, 0x00, 0x00, 0x00, 0x00, 0x00, 0x00, 0x00, 0x00, 0x00, 0x00, 0x00,
    0x00, 0x00, 0x00, 0x00, 0x00, 0x00, 0x00, 0x00, 0x00, 0x00, 0x00, 0x00, 0x00, 0x00, 0x00, 0x00, 0x00, 0x00, 0xFF, 0xFF, 0x02, 0x00, 0x00, 0x00,
    0xFF, 0xFF, 0xB5, 0xFF, 0xFF, 0xFF, 0xFF, 0xFF, 0xFC, 0xFF, 0xFF, 0xFF, 0xFF, 0xFF, 0xFF, 0xFF, 0xFF, 0xFF, 0xFF, 0xFF, 0xFC, 0xFF, 0xFF, 0xFF,
    0xFF, 0xFF, 0x9D, 0x00, 0x00, 0x00, 0xFF, 0xFF, 0x03, 0x00, 0x00, 0x00, 0x00, 0x00, 0x00, 0x00, 0x00, 0x00, 0x00, 0x00, 0x00, 0x00, 0x00, 0x00,
    0x00, 0x00, 0x00, 0x00, 0x00, 0x00, 0x00, 0x00, 0x00, 0x00, 0x00, 0x00, 0x00, 0x00, 0x00, 0x00, 0x00, 0x00, 0x00, 0x00, 0x00, 0x00, 0x00, 0x00,
    0x00, 0x00, 0x00, 0x00, 0x00, 0x00, 0x00, 0x00, 0x00, 0x00, 0x00, 0x00, 0x00, 0x00, 0x00, 0x00, 0x00, 0x00, 0x00, 0x00, 0x00, 0x00, 0x00, 0x00,
    0x00, 0x00, 0x00, 0x00, 0x00, 0x00, 0x00, 0x00, 0x00, 0x00, 0x00, 0x00, 0x00, 0x00, 0x00, 0x00, 0x00, 0x00, 0x00, 0x00, 0x00, 0x00, 0x00, 0x00,
    0x00, 0x00, 0x00, 0x00, 0x00, 0x00, 0x00, 0x00, 0x00, 0x00, 0x00, 0x00, 0x00, 0x00, 0x00, 0x00, 0x00, 0x00, 0x00, 0x00, 0x00, 0x00, 0x00, 0x00,
    0xFF, 0xFF, 0x03, 0x00, 0x00, 0x00, 0xFF, 0xFF, 0x9F, 0xFF, 0xFF, 0xFF, 0xFF, 0xFF, 0xFC, 0xFF, 0xFF, 0xFF, 0xFF, 0xFF, 0xFF, 0xFF, 0xFF, 0xFF,
    0xFF, 0xFF, 0xFB, 0xFF, 0xFF, 0xFF, 0xFF, 0xFF, 0x6C, 0x00, 0x00, 0x00, 0x00, 0x00, 0x00, 0xC8, 0xB2, 0x1A, 0xC4, 0xA9, 0xE6, 0xE4, 0xC1, 0xFF,
    0x05, 0xAA, 0x58, 0x06, 0xA2, 0x77, 0x05, 0xBA, 0xFF, 0xE5, 0x99, 0x6E, 0x00, 0x00, 0x00, 0xE0, 0x79, 0x04, 0x00, 0x00, 0x00, 0x69, 0x93, 0x07,
    0x88, 0xA2, 0x13, 0xE9, 0xA2, 0x31, 0xE8, 0xBA, 0x90, 0xE4, 0xB9, 0xFF, 0xA3, 0xB9, 0xFD, 0xA3, 0xB9, 0xFF, 0xA3, 0xB9, 0xFF, 0xA3, 0xB9, 0xFF,
    0xA3, 0xB9, 0xFF, 0xA3, 0xB9, 0xFF, 0xA3, 0xB9, 0xFF, 0xA3, 0xB9, 0xFF, 0xA3, 0xB9, 0xFF, 0xA3, 0xB9, 0xFF, 0xA3, 0xB9, 0xFF, 0xA3, 0xB9, 0xFF,
    0xA3, 0xB9, 0xFF, 0xA3, 0xB9, 0xFF, 0xA3, 0xB9, 0xFF, 0xA3, 0xB9, 0xFF, 0xA3, 0xB9, 0xFF, 0xA3, 0xB9, 0xFF, 0xA3, 0xB9, 0xFF, 0xA3, 0xB9, 0xFF,
    0xA3, 0xB9, 0xFF, 0x83, 0xB9, 0xFF, 0x83, 0xB1, 0xFE, 0x83, 0xB9, 0xFF, 0x62, 0xB1, 0xFF, 0xA3, 0xB1, 0xFF, 0xC4, 0xB9, 0xFF, 0xA3, 0xB1, 0xFF,
    0xA3, 0xB1, 0xFF, 0xE4, 0xB9, 0xFF, 0xE4, 0xB9, 0xFF, 0xC4, 0xB1, 0xFF, 0xA3, 0xB9, 0xFF, 0xA3, 0xB9, 0xFF, 0xA3, 0xB9, 0xFF, 0x82, 0xB1, 0xFF,
    0x82, 0xB1, 0xFE, 0xA3, 0xB9, 0xFF, 0xA3, 0xB9, 0xFF, 0xA3, 0xB9, 0xFF, 0xA3, 0xB9, 0xFF, 0xA3, 0xB9, 0xFF, 0xA3, 0xB9, 0xFF, 0xA3, 0xB9, 0xFF,
    0xA3, 0xB9, 0xFF, 0xA3, 0xB9, 0xFF, 0xA3, 0xB9, 0xFF, 0xA3, 0xB9, 0xFF, 0xA3, 0xB9, 0xFF, 0xA3, 0xB9, 0xFF, 0xA3, 0xB9, 0xFF, 0xA3, 0xB9, 0xFF,
    0xA3, 0xB9, 0xFF, 0xA3, 0xB9, 0xFF, 0xA3, 0xB9, 0xFF, 0xA3, 0xB9, 0xFF, 0xA3, 0xB9, 0xFF, 0xA3, 0xB9, 0xFF, 0xA3, 0xB9, 0xFF, 0xA3, 0xB9, 0xFF,
    0xA3, 0xB9, 0xFF, 0x25, 0xC2, 0xFB, 0xE9, 0xCA, 0xDE, 0x2A, 0xC3, 0x7B, 0x4B, 0xB3, 0x4C, 0x0A, 0xAB, 0x5C, 0x67, 0x8A, 0x10, 0x69, 0x9A, 0x0A,
    0xEF, 0xFB, 0x02, 0x00, 0x00, 0x00, 0x1F, 0xF8, 0x01, 0x2C, 0x9B, 0x05, 0x09, 0xA3, 0x2A, 0xEA, 0xA2, 0x23, 0x09, 0xBB, 0x7F, 0x66, 0xBA, 0xF8,
    0x83, 0xB1, 0xFE, 0xA3, 0xB9, 0xFF, 0xA3, 0xB9, 0xFF, 0x83, 0xB9, 0xFE, 0xA3, 0xB9, 0xFF, 0xA3, 0xB9, 0xFF, 0xA3, 0xB9, 0xFF, 0xA3, 0xB9, 0xFF,
    0xA3, 0xB9, 0xFF, 0xA3, 0xB9, 0xFF, 0xA3, 0xB9, 0xFF, 0xA3, 0xB9, 0xFF, 0xA3, 0xB9, 0xFF, 0x25, 0xC2, 0xFE, 0x87, 0xC2, 0xFF, 0x2A, 0xCB, 0xD0,
    0x6B, 0xC3, 0x9F, 0x0A, 0xB3, 0x65, 0x0A, 0xAB, 0x78, 0x0A, 0xAB, 0x43, 0xEA, 0xA2, 0x5E, 0xEA, 0xA2, 0x39, 0x09, 0x9B, 0x25, 0x2A, 0x9B, 0x51,
    0x0A, 0x9B, 0x2E, 0xE9, 0x9A, 0x33, 0x09, 0x9B, 0x27, 0xE9, 0x9A, 0x4D, 0xC9, 0x92, 0x4B, 0x26, 0x9B, 0x05, 0xE9, 0x9A, 0x24, 0x00, 0x00, 0x00,
    0xA9, 0x8A, 0x1D, 0x67, 0x92, 0x57, 0xE5, 0x89, 0xFE, 0x26, 0x8A, 0x64, 0x00, 0x00, 0x00, 0xA0, 0xAA, 0x03, 0x00, 0x00, 0x00, 0x00, 0x00, 0x00,
    0x00, 0x00, 0x00, 0x00, 0x00, 0x00, 0x00, 0x00, 0x00, 0x00, 0x00, 0x00, 0x00, 0x00, 0x00, 0x00, 0x00, 0x00, 0x00, 0x00, 0x00, 0x00, 0x00, 0x01,
    0x00, 0x00, 0x00, 0x00, 0x00, 0x00, 0x00, 0x00, 0x00, 0x00, 0x00, 0x00, 0x86, 0x61, 0x05, 0xE9, 0xB2, 0x6B, 0x67, 0xBA, 0xE9, 0xA3, 0xB1, 0xFF,
    0xA3, 0xB9, 0xFE, 0xA3, 0xB9, 0xFF, 0xA3, 0xB9, 0xFF, 0xC4, 0xB9, 0xFF, 0xA3, 0xB1, 0xFF, 0xA3, 0xB1, 0xFE, 0xC4, 0xB9, 0xFF, 0x88, 0xBA, 0xCC,
    0x0A, 0xAB, 0x3F, 0x26, 0x8A, 0x0F, 0x00, 0x00, 0x01, 0x00, 0x00, 0x00, 0x00, 0x00, 0x00, 0x00, 0x00, 0x00, 0x00, 0x00, 0x00, 0x00, 0x00, 0x00,
    0x00, 0x00, 0x00, 0x00, 0x00, 0x00, 0x00, 0x00, 0x00, 0x00, 0x00, 0x00, 0x00, 0x00, 0x00, 0x00, 0x00, 0x00, 0x00, 0x00, 0x00, 0x00, 0x00, 0x00,
    0x00, 0x00, 0x00, 0x00, 0x00, 0x00, 0x00, 0x00, 0x00, 0x00, 0x00, 0x00, 0x00, 0x00, 0x00, 0xFF, 0xFF, 0x02, 0x00, 0x00, 0x00, 0xFF, 0xFF, 0x37,
    0xFF, 0xFF, 0xFF, 0xFF, 0xFF, 0xFE, 0xFF, 0xFF, 0xFF, 0xFF, 0xFF, 0xFF, 0xFF, 0xFF, 0xFF, 0xFF, 0xFF, 0xFE, 0xFF, 0xFF, 0xFF, 0xFF, 0xFF, 0xF2,
    0xFF, 0xFF, 0x18, 0x00, 0x00, 0x00, 0xFF, 0xFF, 0x01, 0x00, 0x00, 0x00, 0x00, 0x00, 0x00, 0x00, 0x00, 0x00, 0x00, 0x00, 0x00, 0x00, 0x00, 0x00,
    0x00, 0x00, 0x00, 0x00, 0x00, 0x00, 0x00, 0x00, 0x00, 0x00, 0x00, 0x00, 0x00, 0x00, 0x00, 0x00, 0x00, 0x00, 0x00, 0x00, 0x00, 0x00, 0x00, 0x00,
    0x00, 0x00, 0x00, 0x00, 0x00, 0x00, 0x00, 0x00, 0x00, 0x00, 0x00, 0x00, 0x00, 0x00, 0x00, 0x00, 0x00, 0x00, 0x00, 0x00, 0x00, 0xFF, 0xFF, 0x03,
    0xDF, 0xFF, 0x29, 0xBF, 0xFF, 0x30, 0x9E, 0xF7, 0x2C, 0xDF, 0xFF, 0x2B, 0xDF, 0xFF, 0x2C, 0x9E, 0xF7, 0x2D, 0xDF, 0xFF, 0x2E, 0xFF, 0xFF, 0x23,
    0xFF, 0xFF, 0x01, 0x00, 0x00, 0x00, 0x00, 0x00, 0x00, 0x00, 0x00, 0x00, 0x00, 0x00, 0x00, 0x00, 0x00, 0x00, 0x00, 0x00, 0x00, 0x00, 0x00, 0x00,
    0x00, 0x00, 0x00, 0x00, 0x00, 0x00, 0x00, 0x00, 0x00, 0x00, 0x00, 0x00, 0xFF, 0xFF, 0x02, 0xFF, 0xFF, 0x01, 0xFF, 0xFF, 0xBD, 0xFF, 0xFF, 0xFF,
    0xFF, 0xFF, 0xFC, 0xFF, 0xFF, 0xFF, 0xFF, 0xFF, 0xFF, 0xFF, 0xFF, 0xFF, 0xFF, 0xFF, 0xFD, 0xFF, 0xFF, 0xFF, 0xFF, 0xFF, 0x5C, 0x00, 0x00, 0x00,
    0xFF, 0xFF, 0x03, 0x00, 0x00, 0x00, 0x00, 0x00, 0x00, 0x00, 0x00, 0x00, 0x00, 0x00, 0x00, 0x00, 0x00, 0x00, 0xFF, 0xFF, 0x03, 0x00, 0x00, 0x00,
    0xFF, 0xFF, 0x9D, 0xFF, 0xFF, 0xFF, 0xFF, 0xFF, 0xFC, 0xFF, 0xFF, 0xFF, 0xFF, 0xFF, 0xFF, 0xFF, 0xFF, 0xFF, 0xFF, 0xFF, 0xFC, 0xFF, 0xFF, 0xFF,
    0xFF, 0xFF, 0xA3, 0x00, 0x00, 0x00, 0xFF, 0xFF, 0x02, 0x00, 0x00, 0x00, 0x00, 0x00, 0x00, 0x00, 0x00, 0x00, 0x00, 0x00, 0x00, 0x00, 0x00, 0x00,
    0x00, 0x00, 0x00, 0x00, 0x00, 0x00, 0xFF, 0xFF, 0x03, 0x00, 0x00, 0x00, 0xDF, 0xFF, 0x3D, 0xFF, 0xFF, 0xFF, 0xFF, 0xFF, 0xFE, 0xFF, 0xFF, 0xFF,
    0xFF, 0xFF, 0xFF, 0xFF, 0xFF, 0xFF, 0xFF, 0xFF, 0xFD, 0xFF, 0xFF, 0xFF, 0xFF, 0xFF, 0xE6, 0xFF, 0xFF, 0x13, 0x00, 0x00, 0x00, 0xFF, 0xFF, 0x01,
    0x00, 0x00, 0x00, 0x00, 0x00, 0x00, 0x00, 0x00, 0x00, 0x00, 0x00, 0x00, 0x00, 0x00, 0x00, 0x00, 0x00, 0x00, 0x00, 0x00, 0x00, 0x00, 0x00, 0x00,
    0x00, 0x00, 0x00, 0x00, 0x00, 0x00, 0x00, 0x00, 0x00, 0x00, 0x00, 0x00, 0x00, 0x00, 0x00, 0x00, 0x00, 0x00, 0x00, 0x00, 0x00, 0x00, 0x00, 0x00,
    0x00, 0x00, 0x00, 0x00, 0x00, 0x00, 0x00, 0x00, 0x00, 0x00, 0x00, 0x00, 0x00, 0x00, 0x00, 0x9E, 0xF7, 0x27, 0xFF, 0xFF, 0x34, 0xBE, 0xFF, 0x30,
    0xBE, 0xF7, 0x30, 0xBE, 0xF7, 0x31, 0xFF, 0xFF, 0x33, 0xDF, 0xFF, 0x34, 0x9E, 0xFF, 0x2E, 0xFF, 0xFF, 0x02, 0x00, 0x00, 0x00, 0x00, 0x00, 0x00,
    0x00, 0x00, 0x00, 0x00, 0x00, 0x00, 0xFF, 0xFF, 0x02, 0x00, 0x00, 0x00, 0xFF, 0xFF, 0xC0, 0xFF, 0xFF, 0xFF, 0xFF, 0xFF, 0xFC, 0xFF, 0xFF, 0xFF,
    0xFF, 0xFF, 0xFF, 0xFF, 0xFF, 0xFF, 0xFF, 0xFF, 0xFB, 0xFF, 0xFF, 0xFF, 0xFF, 0xFF, 0x83, 0x00, 0x00, 0x00, 0xFF, 0xFF, 0x03, 0x00, 0x00, 0x00,
    0x00, 0x00, 0x00, 0x00, 0x00, 0x00, 0x00, 0x00, 0x00, 0x00, 0x00, 0x00, 0x00, 0x00, 0x00, 0x00, 0x00, 0x00, 0x00, 0x00, 0x00, 0x00, 0x00, 0x00,
    0x00, 0x00, 0x00, 0x00, 0x00, 0x00, 0x00, 0x00, 0x00, 0x00, 0x00, 0x00, 0x00, 0x00, 0x00, 0x00, 0x00, 0x00, 0x00, 0x00, 0x00, 0x00, 0x00, 0x00,
    0x00, 0x00, 0x00, 0x00, 0x00, 0x00, 0xFF, 0xFF, 0x01, 0x00, 0x00, 0x00, 0x9E, 0xF7, 0x14, 0xDF, 0xFF, 0x37, 0xFF, 0xFF, 0x35, 0xDF, 0xFF, 0x35,
    0xDF, 0xFF, 0x36, 0xDF, 0xFF, 0x36, 0xDF, 0xFF, 0x31, 0xDF, 0xFF, 0x37, 0x9E, 0xF7, 0x15, 0x00, 0x00, 0x00, 0xFF, 0xFF, 0x01, 0x00, 0x00, 0x00,
    0x00, 0x00, 0x00, 0x00, 0x00, 0x00, 0x00, 0x00, 0x00, 0x00, 0x00, 0x00, 0xFF, 0xFF, 0x03, 0x00, 0x00, 0x00, 0xFF, 0xFF, 0xA0, 0xFF, 0xFF, 0xFF,
    0xFF, 0xFF, 0xFC, 0xFF, 0xFF, 0xFF, 0xFF, 0xFF, 0xFF, 0xFF, 0xFF, 0xFF, 0xFF, 0xFF, 0xFB, 0xFF, 0xFF, 0xFF, 0xFF, 0xFF, 0x6C, 0x00, 0x00, 0x00,
    0x00, 0x00, 0x00, 0xC7, 0xA2, 0x1A, 0xC4, 0xA9, 0xE7, 0xE4, 0xC1, 0xFF, 0x05, 0xA2, 0x5A, 0x27, 0x8A, 0x16, 0xE5, 0x99, 0x72, 0x06, 0x92, 0x13,
    0x00, 0x00, 0x00, 0x00, 0xF8, 0x01, 0x00, 0xF8, 0x01, 0xA8, 0x9A, 0x1E, 0x87, 0x92, 0x25, 0x2A, 0xBB, 0x60, 0x46, 0xAA, 0xDE, 0xA3, 0xB1, 0xFF,
    0xA3, 0xB9, 0xFE, 0xA3, 0xB9, 0xFF, 0xA3, 0xB9, 0xFF, 0xA3, 0xB9, 0xFF, 0xA3, 0xB9, 0xFF, 0xA3, 0xB9, 0xFF, 0xA3, 0xB9, 0xFF, 0xA3, 0xB9, 0xFF,
    0xA3, 0xB9, 0xFF, 0xA3, 0xB9, 0xFF, 0xA3, 0xB9, 0xFF, 0xA3, 0xB9, 0xFF, 0xA3, 0xB9, 0xFF, 0xA3, 0xB9, 0xFF, 0xA3, 0xB9, 0xFF, 0xA3, 0xB9, 0xFF,
    0xA3, 0xB9, 0xFF, 0xA3, 0xB9, 0xFF, 0xA3, 0xB9, 0xFE, 0xA3, 0xB9, 0xFF, 0xC4, 0xB9, 0xFF, 0xE4, 0xB9, 0xFF, 0x05, 0xBA, 0xFF, 0x46, 0xBA, 0xFB,
    0x46, 0xBA, 0xFB, 0xC8, 0xCA, 0xF5, 0xE8, 0xC2, 0xE6, 0x67, 0xBA, 0xDD, 0xA8, 0xC2, 0xD8, 0xC8, 0xC2, 0xC8, 0x09, 0xCB, 0xC0, 0xE9, 0xCA, 0xC9,
    0xA8, 0xC2, 0xD1, 0x87, 0xC2, 0xD8, 0x87, 0xC2, 0xEE, 0x25, 0xBA, 0xFB, 0xE4, 0xB9, 0xFF, 0xC4, 0xB9, 0xFF, 0xA3, 0xB9, 0xFF, 0xA3, 0xB9, 0xFF,
    0xA3, 0xB9, 0xFF, 0xA3, 0xB9, 0xFF, 0xA3, 0xB9, 0xFF, 0xA3, 0xB9, 0xFF, 0xA3, 0xB9, 0xFF, 0xA3, 0xB9, 0xFF, 0xA3, 0xB9, 0xFF, 0xA3, 0xB9, 0xFF,
    0xA3, 0xB9, 0xFF, 0xA3, 0xB9, 0xFF, 0xA3, 0xB9, 0xFF, 0xA3, 0xB9, 0xFF, 0xA3, 0xB9, 0xFF, 0xA3, 0xB9, 0xFF, 0xA3, 0xB9, 0xFF, 0xA3, 0xB9, 0xFF,
    0xA3, 0xB9, 0xFF, 0xA3, 0xB9, 0xFF, 0xA3, 0xB9, 0xFF, 0xA3, 0xB9, 0xFF, 0xA3, 0xB9, 0xFE, 0x05, 0xBA, 0xFD, 0xC8, 0xCA, 0xD3, 0x4B, 0xC3, 0x81,
    0xC9, 0xA2, 0x40, 0xE8, 0x9A, 0x20, 0xEA, 0xA2, 0x16, 0xAA, 0xAA, 0x03, 0xAA, 0xAA, 0x03, 0x00, 0x00, 0x00, 0x00, 0x00, 0x00, 0x00, 0x00, 0x00,
    0xE7, 0xBB, 0x04, 0xA8, 0x92, 0x20, 0x0A, 0xAB, 0x56, 0x2A, 0xCB, 0xBB, 0x05, 0xBA, 0xFF, 0x83, 0xB9, 0xFF, 0xA3, 0xB9, 0xFF, 0xC4, 0xB9, 0xFF,
    0x25, 0xBA, 0xFF, 0xC4, 0xB9, 0xFF, 0xA3, 0xB9, 0xFF, 0xA3, 0xB9, 0xFF, 0xA3, 0xB9, 0xFF, 0xA3, 0xB9, 0xFF, 0xA3, 0xB9, 0xFF, 0xA3, 0xB9, 0xFF,
    0xA3, 0xB9, 0xFF, 0x05, 0xBA, 0xFF, 0xC8, 0xC2, 0xEB, 0x0A, 0xBB, 0x9F, 0xCA, 0xAA, 0x58, 0xC9, 0xA2, 0x35, 0xCA, 0x9A, 0x33, 0xC9, 0x9A, 0x25,
    0xEA, 0x9A, 0x26, 0xE9, 0x92, 0x20, 0xE9, 0x9A, 0x21, 0x0A, 0x9B, 0x34, 0xEA, 0x92, 0x16, 0x08, 0x9B, 0x1D, 0xA7, 0x92, 0x0C, 0x29, 0x7B, 0x0A,
    0xA7, 0x92, 0x0C, 0x86, 0x99, 0x05, 0x00, 0x00, 0x00, 0x26, 0x8A, 0x5D, 0x67, 0x8A, 0x67, 0x67, 0x92, 0x39, 0x67, 0x9A, 0x38, 0xEF, 0xBB, 0x04,
    0x00, 0x00, 0x00, 0x00, 0x00, 0x00, 0x00, 0x00, 0x00, 0x00, 0x00, 0x00, 0x00, 0x00, 0x00, 0x00, 0x00, 0x00, 0x00, 0x00, 0x00, 0x00, 0x00, 0x00,
    0x00, 0x00, 0x00, 0x00, 0x00, 0x00, 0x00, 0x00, 0x00, 0x00, 0x00, 0x00, 0x00, 0x00, 0x00, 0x00, 0x00, 0x00, 0x00, 0xF8, 0x01, 0x00, 0x00, 0x00,
    0x67, 0x9A, 0x35, 0xC8, 0xBA, 0xBD, 0xE5, 0xB9, 0xFF, 0x83, 0xB1, 0xFE, 0xA3, 0xB9, 0xFF, 0xA3, 0xB9, 0xFF, 0xA3, 0xB9, 0xFF, 0xA3, 0xB9, 0xFF,
    0xA3, 0xB1, 0xFF, 0xA3, 0xB1, 0xFF, 0xE4, 0xB1, 0xFE, 0xA8, 0xB2, 0x8B, 0xC9, 0x9A, 0x3B, 0x44, 0x92, 0x07, 0x00, 0x00, 0x00, 0x00, 0x00, 0x00,
    0x00, 0x00, 0x00, 0x00, 0x00, 0x00, 0x00, 0x00, 0x00, 0x00, 0x00, 0x00, 0x00, 0x00, 0x00, 0x00, 0x00, 0x00, 0x00, 0x00, 0x00, 0x00, 0x00, 0x00,
    0x00, 0x00, 0x00, 0x00, 0x00, 0x00, 0x00, 0x00, 0x00, 0x00, 0x00, 0x00, 0x00, 0x00, 0x00, 0x00, 0x00, 0x00, 0x00, 0x00, 0x00, 0x00, 0x00, 0x00,
    0x00, 0x00, 0x00, 0xFF, 0xFF, 0x02, 0x00, 0x00, 0x00, 0xFF, 0xFF, 0x39, 0xFF, 0xFF, 0xFF, 0xFF, 0xFF, 0xFE, 0xFF, 0xFF, 0xFF, 0xFF, 0xFF, 0xFF,
    0xFF, 0xFF, 0xFF, 0xFF, 0xFF, 0xFE, 0xFF, 0xFF, 0xFF, 0xFF, 0xFF, 0xF1, 0xFF, 0xFF, 0x16, 0x00, 0x00, 0x00, 0xFF, 0xFF, 0x01, 0x00, 0x00, 0x00,
    0x00, 0x00, 0x00, 0x00, 0x00, 0x00, 0x00, 0x00, 0x00, 0x00, 0x00, 0x00, 0x00, 0x00, 0x00, 0x00, 0x00, 0x00, 0x00, 0x00, 0x00, 0x00, 0x00, 0x00,
    0x00, 0x00, 0x00, 0x00, 0x00, 0x00, 0x00, 0x00, 0x00, 0x00, 0x00, 0x00, 0x00, 0x00, 0x00, 0x00, 0x00, 0x00, 0x00, 0x00, 0x00, 0x00, 0x00, 0x00,
    0x00, 0x00, 0x00, 0xFF, 0xFF, 0x01, 0x00, 0x00, 0x00, 0x9E, 0xF7, 0x12, 0xFF, 0xFF, 0xE3, 0xFF, 0xFF, 0xFA, 0xFF, 0xFF, 0xF7, 0xFF, 0xFF, 0xF8,
    0xFF, 0xFF, 0xF8, 0xFF, 0xFF, 0xF7, 0xFF, 0xFF, 0xFA, 0xFF, 0xFF, 0xD1, 0xFF, 0xFF, 0x08, 0x00, 0x00, 0x00, 0xFF, 0xFF, 0x01, 0x00, 0x00, 0x00,
    0x00, 0x00, 0x00, 0x00, 0x00, 0x00, 0x00, 0x00, 0x00, 0x00, 0x00, 0x00, 0x00, 0x00, 0x00, 0x00, 0x00, 0x00, 0x00, 0x00, 0x00, 0xFF, 0xFF, 0x02,
    0x00, 0x00, 0x00, 0xDF, 0xFF, 0x3F, 0xFF, 0xFF, 0xFE, 0xFF, 0xFF, 0xFE, 0xFF, 0xFF, 0xFE, 0xFF, 0xFF, 0xFF, 0xFF, 0xFF, 0xFF, 0xFF, 0xFF, 0xFC,
    0xFF, 0xFF, 0xFE, 0xFF, 0xFF, 0xDC, 0xFF, 0xFF, 0x09, 0xFF, 0xFF, 0x01, 0xFF, 0xFF, 0x01, 0x00, 0x00, 0x00, 0x00, 0x00, 0x00, 0x00, 0x00, 0x00,
    0x00, 0x00, 0x00, 0x00, 0x00, 0x00, 0xFF, 0xFF, 0x03, 0xFF, 0xFF, 0x01, 0xFF, 0xFF, 0x37, 0xFF, 0xFF, 0xFD, 0xFF, 0xFF, 0xFE, 0xFF, 0xFF, 0xFF,
    0xFF, 0xFF, 0xFF, 0xFF, 0xFF, 0xFF, 0xFF, 0xFF, 0xFE, 0xFF, 0xFF, 0xFE, 0xFF, 0xFF, 0xF5, 0xFF, 0xFF, 0x24, 0xFF, 0xFF, 0x01, 0xFF, 0xFF, 0x03,
    0x00, 0x00, 0x00, 0x00, 0x00, 0x00, 0x00, 0x00, 0x00, 0x00, 0x00, 0x00, 0x00, 0x00, 0x00, 0x00, 0x00, 0x00, 0xFF, 0xFF, 0x03, 0x00, 0x00, 0x00,
    0xDF, 0xFF, 0x40, 0xFF, 0xFF, 0xFF, 0xFF, 0xFF, 0xFE, 0xFF, 0xFF, 0xFF, 0xFF, 0xFF, 0xFF, 0xFF, 0xFF, 0xFF, 0xFF, 0xFF, 0xFD, 0xFF, 0xFF, 0xFF,
    0xFF, 0xFF, 0xE3, 0xFF, 0xFF, 0x10, 0x00, 0x00, 0x00, 0xFF, 0xFF, 0x01, 0x00, 0x00, 0x00, 0x00, 0x00, 0x00, 0x00, 0x00, 0x00, 0x00, 0x00, 0x00,
    0x00, 0x00, 0x00, 0x00, 0x00, 0x00, 0x00, 0x00, 0x00, 0x00, 0x00, 0x00, 0x00, 0x00, 0x00, 0x00, 0x00, 0x00, 0x00, 0x00, 0x00, 0x00, 0x00, 0x00,
    0x00, 0x00, 0x00, 0x00, 0x00, 0x00, 0x00, 0x00, 0x00, 0x00, 0x00, 0x00, 0x00, 0x00, 0x00, 0x00, 0x00, 0x00, 0xFF, 0xFF, 0x01, 0x00, 0x00, 0x00,
    0xFF, 0xFF, 0x06, 0xFF, 0xFF, 0xD2, 0xFF, 0xFF, 0xFD, 0xFF, 0xFF, 0xF9, 0xFF, 0xFF, 0xFB, 0xFF, 0xFF, 0xFB, 0xFF, 0xFF, 0xFB, 0xFF, 0xFF, 0xFC,
    0xFF, 0xFF, 0xE4, 0xFF, 0xFF, 0x0C, 0x00, 0x00, 0x00, 0xFF, 0xFF, 0x01, 0x00, 0x00, 0x00, 0x00, 0x00, 0x00, 0xFF, 0xFF, 0x01, 0x00, 0x00, 0x00,
    0xFF, 0xFF, 0xC7, 0xFF, 0xFF, 0xFF, 0xFF, 0xFF, 0xFC, 0xFF, 0xFF, 0xFF, 0xFF, 0xFF, 0xFF, 0xFF, 0xFF, 0xFF, 0xFF, 0xFF, 0xFB, 0xFF, 0xFF, 0xFF,
    0xFF, 0xFF, 0x7A, 0x00, 0x00, 0x00, 0xFF, 0xFF, 0x03, 0x00, 0x00, 0x00, 0x00, 0x00, 0x00, 0x00, 0x00, 0x00, 0x00, 0x00, 0x00, 0x00, 0x00, 0x00,
    0x00, 0x00, 0x00, 0x00, 0x00, 0x00, 0x00, 0x00, 0x00, 0x00, 0x00, 0x00, 0x00, 0x00, 0x00, 0x00, 0x00, 0x00, 0x00, 0x00, 0x00, 0x00, 0x00, 0x00,
    0x00, 0x00, 0x00, 0x00, 0x00, 0x00, 0x00, 0x00, 0x00, 0x00, 0x00, 0x00, 0x00, 0x00, 0x00, 0x00, 0x00, 0x00, 0xFF, 0xFF, 0x03, 0x00, 0x00, 0x00,
    0xFF, 0xFF, 0x70, 0xFF, 0xFF, 0xFF, 0xFF, 0xFF, 0xFA, 0xFF, 0xFF, 0xFD, 0xFF, 0xFF, 0xFE, 0xFF, 0xFF, 0xFE, 0xFF, 0xFF, 0xF8, 0xFF, 0xFF, 0xFF,
    0xFF, 0xFF, 0x67, 0x00, 0x00, 0x00, 0xFF, 0xFF, 0x04, 0x00, 0x00, 0x00, 0x00, 0x00, 0x00, 0x00, 0x00, 0x00, 0x00, 0x00, 0x00, 0x00, 0x00, 0x00,
    0xFF, 0xFF, 0x03, 0x00, 0x00, 0x00, 0xFF, 0xFF, 0x9F, 0xFF, 0xFF, 0xFF, 0xFF, 0xFF, 0xFC, 0xFF, 0xFF, 0xFF, 0xFF, 0xFF, 0xFF, 0xFF, 0xFF, 0xFF,
    0xFF, 0xFF, 0xFB, 0xFF, 0xFF, 0xFF, 0xFF, 0xFF, 0x69, 0x00, 0x00, 0x00, 0x00, 0x00, 0x00, 0x67, 0xA2, 0x1D, 0xC4, 0xA9, 0xEA, 0xE4, 0xB9, 0xFF,
    0x05, 0xA2, 0x5F, 0x00, 0x00, 0x00, 0x00, 0x00, 0x00, 0x00, 0x00, 0x00, 0x00, 0x00, 0x00, 0x00, 0xF8, 0x01, 0xE7, 0xB9, 0x04, 0xA9, 0x9A, 0x2C,
    0xA8, 0xA2, 0x5B, 0xE9, 0xBA, 0xCC, 0xE5, 0xB1, 0xFB, 0x83, 0xB1, 0xFF, 0xA3, 0xB9, 0xFF, 0xA3, 0xB9, 0xFF, 0xA3, 0xB9, 0xFF, 0xA3, 0xB9, 0xFF,
    0xA3, 0xB9, 0xFF, 0xA3, 0xB9, 0xFF, 0xA3, 0xB9, 0xFF, 0xA3, 0xB9, 0xFF, 0xA3, 0xB9, 0xFF, 0xA3, 0xB9, 0xFF, 0xA3, 0xB9, 0xFF, 0xA3, 0xB9, 0xFF,
    0xA3, 0xB9, 0xFF, 0xA3, 0xB9, 0xFF, 0xA3, 0xB9, 0xFF, 0xA3, 0xB9, 0xFE, 0xA3, 0xB9, 0xFE, 0xA3, 0xB9, 0xFE, 0xC4, 0xB9, 0xFF, 0x46, 0xC2, 0xF9,
    0x25, 0xBA, 0xFC, 0xC8, 0xC2, 0xEF, 0xE8, 0xC2, 0xD0, 0xE9, 0xC2, 0xB0, 0x0A, 0xC3, 0xA5, 0x0A, 0xC3, 0xAC, 0x09, 0xBB, 0x77, 0x0A, 0xBB, 0x59,
    0xE9, 0xB2, 0x73, 0xE9, 0xAA, 0x45, 0xC9, 0xAA, 0x60, 0x09, 0xB3, 0x86, 0x0A, 0xB3, 0x66, 0x2A, 0xBB, 0x60, 0x2A, 0xC3, 0x85, 0x0A, 0xC3, 0xAD,
    0x09, 0xCB, 0xD4, 0x87, 0xC2, 0xF1, 0xC4, 0xB9, 0xFF, 0xA3, 0xB9, 0xFF, 0xA3, 0xB9, 0xFF, 0xA3, 0xB9, 0xFF, 0xA3, 0xB9, 0xFF, 0xA3, 0xB9, 0xFF,
    0xA3, 0xB9, 0xFF, 0xA3, 0xB9, 0xFF, 0xA3, 0xB9, 0xFF, 0xA3, 0xB9, 0xFF, 0xA3, 0xB9, 0xFF, 0xA3, 0xB9, 0xFF, 0xA3, 0xB9, 0xFF, 0xA3, 0xB9, 0xFF,
    0xA3, 0xB9, 0xFF, 0xA3, 0xB9, 0xFF, 0xA3, 0xB9, 0xFF, 0xA3, 0xB9, 0xFF, 0xA3, 0xB9, 0xFF, 0xA3, 0xB9, 0xFF, 0xA3, 0xB9, 0xFF, 0xA3, 0xB9, 0xFF,
    0xA3, 0xB9, 0xFF, 0x63, 0xB1, 0xFF, 0xA3, 0xB1, 0xFF, 0x67, 0xBA, 0xE8, 0x0A, 0xC3, 0x96, 0xC9, 0xAA, 0x64, 0x88, 0x9A, 0x25, 0xA8, 0x9A, 0x12,
    0xAA, 0xAA, 0x03, 0x00, 0x00, 0x01, 0x00, 0x00, 0x00, 0x00, 0x00, 0x00, 0x00, 0x00, 0x00, 0xCB, 0xA2, 0x11, 0xC9, 0x9A, 0x2E, 0x2A, 0xB3, 0x72,
    0x87, 0xBA, 0xD3, 0xA3, 0xB9, 0xFF, 0xC4, 0xB9, 0xFD, 0x87, 0xC2, 0xF0, 0xC8, 0xCA, 0xF2, 0x46, 0xC2, 0xFC, 0xA3, 0xB9, 0xFF, 0xA3, 0xB9, 0xFF,
    0xA3, 0xB9, 0xFF, 0xA3, 0xB9, 0xFF, 0xA3, 0xB9, 0xFF, 0xA3, 0xB9, 0xFF, 0xA3, 0xB9, 0xFE, 0xC4, 0xB1, 0xFE, 0xE9, 0xCA, 0xE0, 0x0A, 0xB3, 0x85,
    0xEA, 0xA2, 0x2C, 0x88, 0x92, 0x13, 0xAA, 0xAA, 0x03, 0xA5, 0x7A, 0x06, 0x00, 0x00, 0x00, 0x28, 0x7A, 0x12, 0xA8, 0x8A, 0x4A, 0xE0, 0xFF, 0x01,
    0xE7, 0x8A, 0x10, 0xE8, 0x8A, 0x0B, 0x00, 0x00, 0x00, 0xEF, 0xBB, 0x08, 0x6D, 0xB3, 0x07, 0x00, 0x00, 0x00, 0x00, 0x00, 0x00, 0x06, 0x82, 0x86,
    0x06, 0x82, 0x6D, 0x00, 0x00, 0x00, 0x00, 0x00, 0x00, 0x00, 0x00, 0x00, 0x00, 0x00, 0x00, 0x00, 0x00, 0x00, 0x00, 0x00, 0x00, 0x00, 0x00, 0x00,
    0x00, 0x00, 0x00, 0x00, 0x00, 0x00, 0x00, 0x00, 0x00, 0x00, 0x00, 0x00, 0x00, 0x00, 0x00, 0x00, 0x00, 0x00, 0x00, 0x00, 0x00, 0x00, 0x00, 0x00,
    0x00, 0x00, 0x00, 0x00, 0xF8, 0x01, 0x00, 0x00, 0x01, 0xE7, 0xB9, 0x08, 0x26, 0x92, 0xBA, 0xC8, 0xC2, 0xF2, 0xA3, 0xB1, 0xFE, 0xA3, 0xB1, 0xFF,
    0xA3, 0xB9, 0xFF, 0xA3, 0xB9, 0xFF, 0xA3, 0xB9, 0xFF, 0xA3, 0xB9, 0xFF, 0xA3, 0xB1, 0xFE, 0xA3, 0xB1, 0xFF, 0x25, 0xB2, 0xF4, 0x0A, 0xBB, 0x5D,
    0x67, 0x9A, 0x10, 0xEF, 0xFB, 0x02, 0x00, 0x00, 0x00, 0x00, 0x00, 0x00, 0x00, 0x00, 0x00, 0x00, 0x00, 0x00, 0x00, 0x00, 0x00, 0x00, 0x00, 0x00,
    0x00, 0x00, 0x00, 0x00, 0x00, 0x00, 0x00, 0x00, 0x00, 0x00, 0x00, 0x00, 0x00, 0x00, 0x00, 0x00, 0x00, 0x00, 0x00, 0x00, 0x00, 0x00, 0x00, 0x00,
    0x00, 0x00, 0x00, 0x00, 0x00, 0x00, 0x00, 0x00, 0x00, 0x00, 0x00, 0x00, 0x00, 0x00, 0x00, 0xFF, 0xFF, 0x02, 0x00, 0x00, 0x00, 0xDF, 0xFF, 0x39,
    0xFF, 0xFF, 0xFF, 0xFF, 0xFF, 0xFE, 0xFF, 0xFF, 0xFF, 0xFF, 0xFF, 0xFF, 0xFF, 0xFF, 0xFF, 0xFF, 0xFF, 0xFE, 0xFF, 0xFF, 0xFF, 0xFF, 0xFF, 0xEE,
    0xFF, 0xFF, 0x14, 0x00, 0x00, 0x00, 0xFF, 0xFF, 0x01, 0x00, 0x00, 0x00, 0x00, 0x00, 0x00, 0x00, 0x00, 0x00, 0x00, 0x00, 0x00, 0x00, 0x00, 0x00,
    0x00, 0x00, 0x00, 0x00, 0x00, 0x00, 0x00, 0x00, 0x00, 0x00, 0x00, 0x00, 0x00, 0x00, 0x00, 0x00, 0x00, 0x00, 0x00, 0x00, 0x00, 0x00, 0x00, 0x00,
    0x00, 0x00, 0x00, 0x00, 0x00, 0x00, 0x00, 0x00, 0x00, 0x00, 0x00, 0x00, 0x00, 0x00, 0x00, 0xFF, 0xFF, 0x01, 0x00, 0x00, 0x00, 0xFF, 0xFF, 0x0D,
    0xFF, 0xFF, 0xE3, 0xFF, 0xFF, 0xFF, 0xFF, 0xFF, 0xFF, 0xFF, 0xFF, 0xFF, 0xFF, 0xFF, 0xFF, 0xFF, 0xFF, 0xFF, 0xFF, 0xFF, 0xFF, 0xFF, 0xFF, 0xD8,
    0xFF, 0xFF, 0x08, 0x00, 0x00, 0x00, 0xFF, 0xFF, 0x01, 0x00, 0x00, 0x00, 0x00, 0x00, 0x00, 0x00, 0x00, 0x00, 0x00, 0x00, 0x00, 0x00, 0x00, 0x00,
    0x00, 0x00, 0x00, 0x00, 0x00, 0x00, 0x00, 0x00, 0x00, 0xFF, 0xFF, 0x02, 0x00, 0x00, 0x00, 0xFF, 0xFF, 0xA5, 0xFF, 0xFF, 0xFF, 0xFF, 0xFF, 0xFC,
    0xFF, 0xFF, 0xFF, 0xFF, 0xFF, 0xFF, 0xFF, 0xFF, 0xFF, 0xFF, 0xFF, 0xFC, 0xFF, 0xFF, 0xFF, 0xFF, 0xFF, 0x75, 0x00, 0x00, 0x00, 0xFF, 0xFF, 0x03,
    0x00, 0x00, 0x00, 0x00, 0x00, 0x00, 0x00, 0x00, 0x00, 0x00, 0x00, 0x00, 0x00, 0x00, 0x00, 0x00, 0x00, 0x00, 0x00, 0x00, 0x00, 0xFF, 0xFF, 0x01,
    0xFF, 0xFF, 0x01, 0xFF, 0xFF, 0xC4, 0xFF, 0xFF, 0xFE, 0xFF, 0xFF, 0xFC, 0xFF, 0xFF, 0xFF, 0xFF, 0xFF, 0xFF, 0xFF, 0xFF, 0xFF, 0xFF, 0xFF, 0xFC,
    0xFF, 0xFF, 0xFF, 0xFF, 0xFF, 0x8C, 0x00, 0x00, 0x00, 0xFF, 0xFF, 0x03, 0x00, 0x00, 0x00, 0x00, 0x00, 0x00, 0x00, 0x00, 0x00, 0x00, 0x00, 0x00,
    0x00, 0x00, 0x00, 0x00, 0x00, 0x00, 0xFF, 0xFF, 0x03, 0x00, 0x00, 0x00, 0xFF, 0xFF, 0x43, 0xFF, 0xFF, 0xFF, 0xFF, 0xFF, 0xFD, 0xFF, 0xFF, 0xFF,
    0xFF, 0xFF, 0xFF, 0xFF, 0xFF, 0xFF, 0xFF, 0xFF, 0xFD, 0xFF, 0xFF, 0xFF, 0xFF, 0xFF, 0xE5, 0xFF, 0xFF, 0x11, 0x00, 0x00, 0x00, 0xFF, 0xFF, 0x01,
    0x00, 0x00, 0x00, 0x00, 0x00, 0x00, 0x00, 0x00, 0x00, 0x00, 0x00, 0x00, 0x00, 0x00, 0x00, 0x00, 0x00, 0x00, 0x00, 0x00, 0x00, 0x00, 0x00, 0x00,
    0x00, 0x00, 0x00, 0x00, 0x00, 0x00, 0x00, 0x00, 0x00, 0x00, 0x00, 0x00, 0x00, 0x00, 0x00, 0x00, 0x00, 0x00, 0x00, 0x00, 0x00, 0x00, 0x00, 0x00,
    0x00, 0x00, 0x00, 0x00, 0x00, 0x00, 0xFF, 0xFF, 0x01, 0x00, 0x00, 0x00, 0xFF, 0xFF, 0x06, 0xFF, 0xFF, 0xD7, 0xFF, 0xFF, 0xFF, 0xFF, 0xFF, 0xFE,
    0xFF, 0xFF, 0xFF, 0xFF, 0xFF, 0xFF, 0xFF, 0xFF, 0xFE, 0xFF, 0xFF, 0xFF, 0xFF, 0xFF, 0xE6, 0xFF, 0xFF, 0x0C, 0x00, 0x00, 0x00, 0xFF, 0xFF, 0x01,
    0x00, 0x00, 0x00, 0x00, 0x00, 0x00, 0xFF, 0xFF, 0x01, 0x00, 0x00, 0x00, 0xFF, 0xFF, 0xCB, 0xFF, 0xFF, 0xFF, 0xFF, 0xFF, 0xFC, 0xFF, 0xFF, 0xFF,
    0xFF, 0xFF, 0xFF, 0xFF, 0xFF, 0xFF, 0xFF, 0xFF, 0xFB, 0xFF, 0xFF, 0xFF, 0xFF, 0xFF, 0x7F, 0x00, 0x00, 0x00, 0xFF, 0xFF, 0x03, 0x00, 0x00, 0x00,
    0x00, 0x00, 0x00, 0x00, 0x00, 0x00, 0x00, 0x00, 0x00, 0x00, 0x00, 0x00, 0x00, 0x00, 0x00, 0x00, 0x00, 0x00, 0x00, 0x00, 0x00, 0x00, 0x00, 0x00,
    0x00, 0x00, 0x00, 0x00, 0x00, 0x00, 0x00, 0x00, 0x00, 0x00, 0x00, 0x00, 0x00, 0x00, 0x00, 0x00, 0x00, 0x00, 0x00, 0x00, 0x00, 0x00, 0x00, 0x00,
    0x00, 0x00, 0x00, 0x00, 0x00, 0x00, 0xFF, 0xFF, 0x03, 0x00, 0x00, 0x00, 0xFF, 0xFF, 0x71, 0xFF, 0xFF, 0xFF, 0xFF, 0xFF, 0xFD, 0xFF, 0xFF, 0xFF,
    0xFF, 0xFF, 0xFF, 0xFF, 0xFF, 0xFF, 0xFF, 0xFF, 0xFD, 0xFF, 0xFF, 0xFF, 0xFF, 0xFF, 0x60, 0x00, 0x00, 0x00, 0xFF, 0xFF, 0x04, 0x00, 0x00, 0x00,
    0x00, 0x00, 0x00, 0x00, 0x00, 0x00, 0x00, 0x00, 0x00, 0x00, 0x00, 0x00, 0xFF, 0xFF, 0x03, 0x00, 0x00, 0x00, 0xFF, 0xFF, 0x9E, 0xFF, 0xFF, 0xFF,
    0xFF, 0xFF, 0xFC, 0xFF, 0xFF, 0xFF, 0xFF, 0xFF, 0xFF, 0xFF, 0xFF, 0xFF, 0xFF, 0xFF, 0xFB, 0xFF, 0xFF, 0xFF, 0xFF, 0xFF, 0x6A, 0x00, 0x00, 0x00,
    0x00, 0x00, 0x00, 0x67, 0xA2, 0x21, 0xC4, 0xA9, 0xED, 0x04, 0xBA, 0xFF, 0x05, 0xAA, 0x59, 0x00, 0xF8, 0x01, 0x49, 0x92, 0x07, 0x00, 0xF8, 0x01,
    0x00, 0x00, 0x01, 0x00, 0x00, 0x00, 0x68, 0x92, 0x1D, 0x68, 0x8A, 0x1D, 0x0A, 0xAB, 0x64, 0xA8, 0xBA, 0xBE, 0x83, 0xB1, 0xFF, 0xA3, 0xB9, 0xFE,
    0xA3, 0xB9, 0xFF, 0xA3, 0xB9, 0xFF, 0xA3, 0xB9, 0xFF, 0xA4, 0xB9, 0xFF, 0xA3, 0xB9, 0xFF, 0xA3, 0xB9, 0xFF, 0xA4, 0xB9, 0xFF, 0xA4, 0xB9, 0xFF,
    0xA3, 0xB9, 0xFF, 0xA3, 0xB9, 0xFF, 0xA3, 0xB9, 0xFF, 0xA3, 0xB9, 0xFF, 0xA3, 0xB9, 0xFF, 0xA3, 0xB9, 0xFF, 0xA3, 0xB9, 0xFF, 0xA3, 0xB1, 0xFF,
    0xC4, 0xB9, 0xFF, 0x25, 0xC2, 0xFF, 0x87, 0xC2, 0xDF, 0x09, 0xCB, 0xBD, 0xE9, 0xC2, 0xC2, 0x0A, 0xC3, 0xAC, 0x09, 0xB3, 0x86, 0xE9, 0xAA, 0x84,
    0xE9, 0xAA, 0x66, 0xC9, 0xA2, 0x31, 0xA7, 0x9A, 0x18, 0xA8, 0x9A, 0x3F, 0xA9, 0x9A, 0x30, 0x89, 0x9A, 0x29, 0x89, 0x9A, 0x29, 0xC9, 0x9A, 0x31,
    0xC9, 0x9A, 0x34, 0xC9, 0xA2, 0x2A, 0xEA, 0xA2, 0x5A, 0xEA, 0xB2, 0x74, 0x2A, 0xC3, 0x9F, 0x2A, 0xCB, 0xD9, 0x25, 0xBA, 0xFE, 0x83, 0xB1, 0xFF,
    0x83, 0xB1, 0xFF, 0xA3, 0xB9, 0xFF, 0xA3, 0xB9, 0xFF, 0xA3, 0xB9, 0xFF, 0xA3, 0xB9, 0xFF, 0xA3, 0xB9, 0xFF, 0xA3, 0xB9, 0xFF, 0xA3, 0xB9, 0xFF,
    0xA3, 0xB9, 0xFF, 0xA3, 0xB9, 0xFF, 0xA3, 0xB9, 0xFF, 0xA3, 0xB9, 0xFF, 0xA3, 0xB9, 0xFF, 0xA3, 0xB9, 0xFF, 0xA3, 0xB9, 0xFF, 0xA3, 0xB9, 0xFF,
    0xA3, 0xB9, 0xFF, 0xA3, 0xB9, 0xFF, 0xA3, 0xB9, 0xFF, 0xA3, 0xB9, 0xFF, 0xA3, 0xB9, 0xFF, 0xA3, 0xB9, 0xFF, 0xA3, 0xB9, 0xFF, 0xA3, 0xB1, 0xFF,
    0x05, 0xBA, 0xFF, 0x67, 0xBA, 0xCA, 0x2B, 0xBB, 0x59, 0x87, 0x92, 0x16, 0xE7, 0x79, 0x04, 0x00, 0x00, 0x01, 0x00, 0x78, 0x02, 0xEF, 0x7B, 0x02,
    0x00, 0x00, 0x00, 0x67, 0x8A, 0x40, 0x88, 0x8A, 0x44, 0xE9, 0xA2, 0x1B, 0xC8, 0xBA, 0x79, 0xC4, 0xB1, 0xFD, 0xC4, 0xB1, 0xFE, 0xC8, 0xC2, 0xA2,
    0x2A, 0xCB, 0xBA, 0x46, 0xBA, 0xFE, 0xA3, 0xB1, 0xFE, 0xA3, 0xB9, 0xFF, 0xA3, 0xB9, 0xFF, 0xA3, 0xB9, 0xFF, 0xA3, 0xB9, 0xFF, 0xA3, 0xB9, 0xFF,
    0xA3, 0xB9, 0xFD, 0x05, 0xC2, 0xFF, 0x87, 0xBA, 0xDA, 0x09, 0xB3, 0x54, 0xC9, 0x9A, 0x37, 0xA8, 0x92, 0x1E, 0x49, 0x92, 0x07, 0x00, 0x00, 0x00,
    0x00, 0x00, 0x01, 0x00, 0x00, 0x00, 0x00, 0x00, 0x00, 0x00, 0x00, 0x00, 0xA7, 0x8A, 0x20, 0xA9, 0x8A, 0x18, 0x45, 0x8A, 0x1C, 0xC4, 0xA1, 0xD4,
    0xE5, 0xA1, 0xD4, 0x46, 0x8A, 0x22, 0x00, 0x00, 0x00, 0x00, 0x00, 0x00, 0x00, 0x00, 0x00, 0xE0, 0x7B, 0x02, 0xEF, 0x7B, 0x02, 0x00, 0x00, 0x00,
    0x00, 0x00, 0x00, 0x00, 0x00, 0x00, 0x00, 0x00, 0x00, 0x00, 0x00, 0x00, 0x00, 0x00, 0x00, 0x00, 0x00, 0x00, 0x00, 0x00, 0x00, 0x00, 0x00, 0x00,
    0x00, 0x00, 0x00, 0x00, 0x00, 0x00, 0x00, 0x00, 0x00, 0x00, 0x00, 0x00, 0x00, 0x00, 0x00, 0x00, 0x00, 0x01, 0x00, 0x00, 0x00, 0x26, 0x9A, 0x0F,
    0xE9, 0xB2, 0x71, 0x26, 0xB2, 0xE7, 0xA3, 0xB9, 0xFF, 0xA3, 0xB9, 0xFD, 0xA3, 0xB9, 0xFF, 0xA3, 0xB9, 0xFF, 0xA3, 0xB9, 0xFF, 0xC3, 0xB9, 0xFF,
    0x83, 0xB1, 0xFD, 0x83, 0xB1, 0xFF, 0x46, 0xBA, 0xD6, 0x4A, 0xBB, 0x4D, 0x47, 0x82, 0x11, 0x00, 0x00, 0x00, 0x00, 0x00, 0x00, 0x00, 0x00, 0x00,
    0x00, 0x00, 0x00, 0x00, 0x00, 0x00, 0x00, 0x00, 0x00, 0x00, 0x00, 0x00, 0x00, 0x00, 0x00, 0x00, 0x00, 0x00, 0x00, 0x00, 0x00, 0x00, 0x00, 0x00,
    0x00, 0x00, 0x00, 0x00, 0x00, 0x00, 0x00, 0x00, 0x00, 0x00, 0x00, 0x00, 0x00, 0x00, 0x00, 0x00, 0x00, 0x00, 0x00, 0x00, 0x00, 0x00, 0x00, 0x00,
    0x00, 0x00, 0x00, 0xFF, 0xFF, 0x02, 0x00, 0x00, 0x00, 0xFF, 0xFF, 0x2C, 0xFF, 0xFF, 0xFF, 0xFF, 0xFF, 0xFF, 0xFF, 0xFF, 0xFF, 0xFF, 0xFF, 0xFF,
    0xFF, 0xFF, 0xFF, 0xFF, 0xFF, 0xFE, 0xFF, 0xFF, 0xFF, 0xFF, 0xFF, 0xFA, 0xDF, 0xFF, 0x2C, 0x00, 0x00, 0x00, 0xFF, 0xFF, 0x02, 0x00, 0x00, 0x00,
    0x00, 0x00, 0x00, 0x00, 0x00, 0x00, 0x00, 0x00, 0x00, 0x00, 0x00, 0x00, 0x00, 0x00, 0x00, 0x00, 0x00, 0x00, 0x00, 0x00, 0x00, 0x00, 0x00, 0x00,
    0x00, 0x00, 0x00, 0x00, 0x00, 0x00, 0x00, 0x00, 0x00, 0x00, 0x00, 0x00, 0x00, 0x00, 0x00, 0x00, 0x00, 0x00, 0x00, 0x00, 0x00, 0x00, 0x00, 0x00,
    0x00, 0x00, 0x00, 0xFF, 0xFF, 0x01, 0x00, 0x00, 0x00, 0xFF, 0xFF, 0x0D, 0xFF, 0xFF, 0xE0, 0xFF, 0xFF, 0xFE, 0xFF, 0xFF, 0xFC, 0xFF, 0xFF, 0xFE,
    0xFF, 0xFF, 0xFE, 0xFF, 0xFF, 0xFC, 0xFF, 0xFF, 0xFE, 0xFF, 0xFF, 0xD6, 0xFF, 0xFF, 0x09, 0x00, 0x00, 0x00, 0xFF, 0xFF, 0x01, 0x00, 0x00, 0x00,
    0x00, 0x00, 0x00, 0x00, 0x00, 0x00, 0x00, 0x00, 0x00, 0x00, 0x00, 0x00, 0x00, 0x00, 0x00, 0x00, 0x00, 0x00, 0xFF, 0xFF, 0x02, 0xFF, 0xFF, 0x01,
    0xBE, 0xF7, 0x21, 0xFF, 0xFF, 0xF4, 0xFF, 0xFF, 0xFE, 0xFF, 0xFF, 0xFE, 0xFF, 0xFF, 0xFF, 0xFF, 0xFF, 0xFF, 0xFF, 0xFF, 0xFE, 0xFF, 0xFF, 0xFF,
    0xFF, 0xFF, 0xEC, 0x9E, 0xF7, 0x14, 0x00, 0x00, 0x00, 0xFF, 0xFF, 0x02, 0x00, 0x00, 0x00, 0x00, 0x00, 0x00, 0x00, 0x00, 0x00, 0x00, 0x00, 0x00,
    0x00, 0x00, 0x00, 0x00, 0x00, 0x00, 0x00, 0x00, 0x00, 0xFF, 0xFF, 0x03, 0x00, 0x00, 0x00, 0xFF, 0xFF, 0x5C, 0xFF, 0xFF, 0xFF, 0xFF, 0xFF, 0xFC,
    0xFF, 0xFF, 0xFF, 0xFF, 0xFF, 0xFF, 0xFF, 0xFF, 0xFF, 0xFF, 0xFF, 0xFE, 0xFF, 0xFF, 0xFE, 0xFF, 0xFF, 0xEE, 0xBE, 0xF7, 0x1C, 0xFF, 0xFF, 0x01,
    0xFF, 0xFF, 0x02, 0x00, 0x00, 0x00, 0x00, 0x00, 0x00, 0x00, 0x00, 0x00, 0x00, 0x00, 0x00, 0x00, 0x00, 0x00, 0xFF, 0xFF, 0x03, 0x00, 0x00, 0x00,
    0xFF, 0xFF, 0x3A, 0xFF, 0xFF, 0xFF, 0xFF, 0xFF, 0xFE, 0xFF, 0xFF, 0xFF, 0xFF, 0xFF, 0xFF, 0xFF, 0xFF, 0xFF, 0xFF, 0xFF, 0xFE, 0xFF, 0xFF, 0xFF,
    0xFF, 0xFF, 0xF5, 0xFF, 0xFF, 0x25, 0x00, 0x00, 0x00, 0xFF, 0xFF, 0x02, 0x00, 0x00, 0x00, 0x00, 0x00, 0x00, 0x00, 0x00, 0x00, 0x00, 0x00, 0x00,
    0x00, 0x00, 0x00, 0x00, 0x00, 0x00, 0x00, 0x00, 0x00, 0x00, 0x00, 0x00, 0x00, 0x00, 0x00, 0x00, 0x00, 0x00, 0x00, 0x00, 0x00, 0x00, 0x00, 0x00,
    0x00, 0x00, 0x00, 0x00, 0x00, 0x00, 0x00, 0x00, 0x00, 0x00, 0x00, 0x00, 0x00, 0x00, 0x00, 0x00, 0x00, 0x00, 0xFF, 0xFF, 0x01, 0x00, 0x00, 0x00,
    0xFF, 0xFF, 0x06, 0xFF, 0xFF, 0xD5, 0xFF, 0xFF, 0xFE, 0xFF, 0xFF, 0xFC, 0xFF, 0xFF, 0xFE, 0xFF, 0xFF, 0xFE, 0xFF, 0xFF, 0xFC, 0xFF, 0xFF, 0xFE,
    0xFF, 0xFF, 0xE4, 0xFF, 0xFF, 0x0C, 0x00, 0x00, 0x00, 0xFF, 0xFF, 0x01, 0x00, 0x00, 0x00, 0x00, 0x00, 0x00, 0xFF, 0xFF, 0x01, 0x00, 0x00, 0x00,
    0xFF, 0xFF, 0xC1, 0xFF, 0xFF, 0xFF, 0xFF, 0xFF, 0xFC, 0xFF, 0xFF, 0xFF, 0xFF, 0xFF, 0xFF, 0xFF, 0xFF, 0xFF, 0xFF, 0xFF, 0xFC, 0xFF, 0xFF, 0xFF,
    0xFF, 0xFF, 0x9F, 0x00, 0x00, 0x00, 0xFF, 0xFF, 0x03, 0x00, 0x00, 0x00, 0x00, 0x00, 0x00, 0x00, 0x00, 0x00, 0x00, 0x00, 0x00, 0x00, 0x00, 0x00,
    0x00, 0x00, 0x00, 0x00, 0x00, 0x00, 0x00, 0x00, 0x00, 0x00, 0x00, 0x00, 0x00, 0x00, 0x00, 0x00, 0x00, 0x00, 0x00, 0x00, 0x00, 0x00, 0x00, 0x00,
    0x00, 0x00, 0x00, 0x00, 0x00, 0x00, 0x00, 0x00, 0x00, 0x00, 0x00, 0x00, 0x00, 0x00, 0x00, 0x00, 0x00, 0x00, 0xFF, 0xFF, 0x03, 0x00, 0x00, 0x00,
    0xFF, 0xFF, 0x71, 0xFF, 0xFF, 0xFE, 0xFF, 0xFF, 0xFB, 0xFF, 0xFF, 0xFE, 0xFF, 0xFF, 0xFE, 0xFF, 0xFF, 0xFE, 0xFF, 0xFF, 0xFB, 0xFF, 0xFF, 0xFE,
    0xFF, 0xFF, 0x5F, 0x00, 0x00, 0x00, 0xFF, 0xFF, 0x04, 0x00, 0x00, 0x00, 0x00, 0x00, 0x00, 0x00, 0x00, 0x00, 0x00, 0x00, 0x00, 0x00, 0x00, 0x00,
    0xFF, 0xFF, 0x03, 0x00, 0x00, 0x00, 0xFF, 0xFF, 0x9E, 0xFF, 0xFF, 0xFF, 0xFF, 0xFF, 0xFC, 0xFF, 0xFF, 0xFF, 0xFF, 0xFF, 0xFF, 0xFF, 0xFF, 0xFF,
    0xFF, 0xFF, 0xFB, 0xFF, 0xFF, 0xFF, 0xFF, 0xFF, 0x6B, 0x00, 0x00, 0x00, 0x00, 0x00, 0x00, 0xE8, 0xAA, 0x16, 0xE4, 0xA9, 0xE3, 0xE4, 0xB9, 0xFF,
    0x05, 0xAA, 0x59, 0x00, 0x00, 0x00, 0xE7, 0x79, 0x04, 0x00, 0x00, 0x00, 0x00, 0x00, 0x00, 0x00, 0x00, 0x00, 0xA7, 0x8A, 0x09, 0xA7, 0x92, 0x18,
    0x09, 0xAB, 0x55, 0xA8, 0xB2, 0xC4, 0xA3, 0xB1, 0xFF, 0xA3, 0xB9, 0xFE, 0xA3, 0xB9, 0xFF, 0xA3, 0xB9, 0xFF, 0xA3, 0xB9, 0xFF, 0xA3, 0xB9, 0xFF,
    0xA3, 0xB9, 0xFF, 0xA3, 0xB9, 0xFF, 0xA3, 0xB9, 0xFF, 0xA3, 0xB9, 0xFF, 0xA3, 0xB9, 0xFF, 0xA3, 0xB9, 0xFF, 0xA3, 0xB9, 0xFF, 0xA3, 0xB9, 0xFF,
    0xA3, 0xB9, 0xFF, 0xA3, 0xB1, 0xFF, 0x46, 0xC2, 0xFC, 0x46, 0xBA, 0xF6, 0xC8, 0xC2, 0xD9, 0xA8, 0xBA, 0xD4, 0x09, 0xC3, 0x7D, 0xA9, 0xA2, 0x71,
    0xC9, 0xAA, 0x5E, 0xA8, 0xA2, 0x44, 0xA8, 0x9A, 0x1E, 0xC9, 0xA2, 0x31, 0xA8, 0x9A, 0x21, 0xC8, 0x9A, 0x39, 0xE8, 0x9A, 0x20, 0x89, 0x9A, 0x1F,
    0xA7, 0x92, 0x0C, 0xC9, 0x9A, 0x14, 0x2C, 0x9B, 0x05, 0x69, 0x9A, 0x0D, 0x86, 0x99, 0x05, 0x00, 0xF8, 0x01, 0xEA, 0xA2, 0x26, 0xEA, 0xA2, 0x3F,
    0xC9, 0xAA, 0x64, 0x2A, 0xC3, 0xAD, 0x25, 0xBA, 0xFB, 0x83, 0xB1, 0xFE, 0xA3, 0xB1, 0xFF, 0xA3, 0xB9, 0xFF, 0xA4, 0xB9, 0xFF, 0xA3, 0xB9, 0xFF,
    0xA3, 0xB9, 0xFF, 0xA3, 0xB9, 0xFF, 0xA3, 0xB9, 0xFF, 0xA3, 0xB9, 0xFF, 0xA3, 0xB9, 0xFF, 0xA3, 0xB9, 0xFF, 0xA3, 0xB9, 0xFF, 0xA3, 0xB9, 0xFF,
    0xA3, 0xB9, 0xFF, 0xA3, 0xB9, 0xFF, 0xA3, 0xB9, 0xFF, 0xA3, 0xB9, 0xFF, 0xA3, 0xB9, 0xFF, 0xA3, 0xB9, 0xFF, 0xA3, 0xB9, 0xFF, 0xA3, 0xB9, 0xFF,
    0xA3, 0xB9, 0xFF, 0xA4, 0xB9, 0xFF, 0xA3, 0xB9, 0xFF, 0xA3, 0xB9, 0xFE, 0x83, 0xB9, 0xFE, 0xC4, 0xB9, 0xFE, 0x67, 0xBA, 0xD7, 0xE9, 0xBA, 0x70,
    0x09, 0xAB, 0x25, 0x67, 0x92, 0x1A, 0x00, 0x00, 0x00, 0x00, 0x00, 0x00, 0x00, 0x00, 0x01, 0x00, 0x00, 0x02, 0xA8, 0x9A, 0x12, 0xC9, 0x92, 0x11,
    0xE9, 0xAA, 0x3A, 0xC4, 0xA9, 0xF6, 0xC3, 0xB1, 0xFF, 0x87, 0xBA, 0x69, 0x2B, 0xBB, 0x79, 0xA7, 0xC2, 0xD6, 0xA3, 0xB9, 0xFF, 0xA3, 0xB9, 0xFE,
    0xA3, 0xB9, 0xFF, 0xA3, 0xB9, 0xFF, 0xA3, 0xB9, 0xFF, 0xA3, 0xB9, 0xFF, 0x83, 0xB9, 0xFE, 0x05, 0xBA, 0xFD, 0xA8, 0xC2, 0xFB, 0xC9, 0xB2, 0x5C,
    0x48, 0x82, 0x53, 0x48, 0x8A, 0x22, 0x00, 0x00, 0x00, 0x00, 0x00, 0x01, 0x00, 0x00, 0x00, 0x28, 0x8A, 0x0B, 0x47, 0x7A, 0x15, 0xE0, 0x7B, 0x02,
    0x1F, 0xF8, 0x01, 0x00, 0x00, 0x00, 0x05, 0xA2, 0x88, 0xA3, 0xB1, 0xFF, 0xA3, 0xA9, 0xFF, 0x46, 0x9A, 0x5C, 0x00, 0x00, 0x00, 0xE0, 0x79, 0x04,
    0x00, 0x00, 0x01, 0x00, 0x00, 0x00, 0x00, 0x00, 0x00, 0xAA, 0xAA, 0x03, 0x69, 0x9A, 0x0A, 0xE7, 0xB9, 0x04, 0x69, 0xB3, 0x07, 0xE7, 0x9A, 0x08,
    0xE0, 0x7B, 0x02, 0x00, 0xF8, 0x01, 0x00, 0x00, 0x00, 0x00, 0x00, 0x00, 0x00, 0x00, 0x00, 0x00, 0x00, 0x00, 0x00, 0x00, 0x00, 0x00, 0x00, 0x00,
    0x00, 0x00, 0x00, 0x00, 0x00, 0x00, 0xE0, 0xFF, 0x01, 0x00, 0x00, 0x00, 0xC9, 0xBA, 0x4C, 0x05, 0xB2, 0xF6, 0xA3, 0xB9, 0xFF, 0xA3, 0xB9, 0xFE,
    0xA3, 0xB9, 0xFF, 0xA3, 0xB9, 0xFF, 0xA3, 0xB9, 0xFF, 0xC3, 0xB9, 0xFF, 0xA3, 0xB1, 0xFE, 0x82, 0xB1, 0xFF, 0x46, 0xB2, 0xEF, 0x09, 0xB3, 0x44,
    0xE7, 0x39, 0x04, 0x00, 0x00, 0x00, 0x00, 0x00, 0x00, 0x00, 0x00, 0x00, 0x00, 0x00, 0x00, 0x00, 0x00, 0x00, 0x00, 0x00, 0x00, 0x00, 0x00, 0x00,
    0x00, 0x00, 0x00, 0x00, 0x00, 0x00, 0x00, 0x00, 0x00, 0x00, 0x00, 0x00, 0x00, 0x00, 0x00, 0x00, 0x00, 0x00, 0x00, 0x00, 0x00, 0x00, 0x00, 0x00,
    0x00, 0x00, 0x00, 0x00, 0x00, 0x00, 0x00, 0x00, 0x00, 0x00, 0x00, 0x00, 0x00, 0x00, 0x00, 0xFF, 0xFF, 0x02, 0x00, 0x00, 0x00, 0xBE, 0xF7, 0x1B,
    0xFF, 0xFF, 0xEF, 0xFF, 0xFF, 0xFF, 0xFF, 0xFF, 0xFE, 0xFF, 0xFF, 0xFF, 0xFF, 0xFF, 0xFF, 0xFF, 0xFF, 0xFF, 0xFF, 0xFF, 0xFD, 0xFF, 0xFF, 0xFF,
    0xDF, 0xFF, 0x4C, 0x00, 0x00, 0x00, 0xFF, 0xFF, 0x03, 0x00, 0x00, 0x00, 0x00, 0x00, 0x00, 0x00, 0x00, 0x00, 0x00, 0x00, 0x00, 0x00, 0x00, 0x00,
    0x00, 0x00, 0x00, 0x00, 0x00, 0x00, 0x00, 0x00, 0x00, 0x00, 0x00, 0x00, 0x00, 0x00, 0x00, 0x00, 0x00, 0x00, 0x00, 0x00, 0x00, 0x00, 0x00, 0x00,
    0x00, 0x00, 0x00, 0x00, 0x00, 0x00, 0x00, 0x00, 0x00, 0x00, 0x00, 0x00, 0x00, 0x00, 0x00, 0xFF, 0xFF, 0x01, 0x00, 0x00, 0x00, 0xFF, 0xFF, 0x0D,
    0xFF, 0xFF, 0xE2, 0xFF, 0xFF, 0xFF, 0xFF, 0xFF, 0xFD, 0xFF, 0xFF, 0xFF, 0xFF, 0xFF, 0xFF, 0xFF, 0xFF, 0xFD, 0xFF, 0xFF, 0xFF, 0xFF, 0xFF, 0xD7,
    0xFF, 0xFF, 0x09, 0x00, 0x00, 0x00, 0xFF, 0xFF, 0x01, 0x00, 0x00, 0x00, 0x00, 0x00, 0x00, 0x00, 0x00, 0x00, 0x00, 0x00, 0x00, 0x00, 0x00, 0x00,
    0x00, 0x00, 0x00, 0x00, 0x00, 0x00, 0xFF, 0xFF, 0x03, 0x00, 0x00, 0x00, 0xFF, 0xFF, 0x83, 0xFF, 0xFF, 0xFF, 0xFF, 0xFF, 0xFB, 0xFF, 0xFF, 0xFF,
    0xFF, 0xFF, 0xFF, 0xFF, 0xFF, 0xFF, 0xFF, 0xFF, 0xFB, 0xFF, 0xFF, 0xFF, 0xFF, 0xFF, 0x94, 0xFF, 0xFF, 0x01, 0xFF, 0xFF, 0x06, 0xFF, 0xFF, 0x03,
    0xFF, 0xFF, 0x03, 0xFF, 0xFF, 0x03, 0xFF, 0xFF, 0x03, 0xFF, 0xFF, 0x03, 0xFF, 0xFF, 0x03, 0xFF, 0xFF, 0x03, 0xFF, 0xFF, 0x03, 0xFF, 0xFF, 0x04,
    0xFF, 0xFF, 0x04, 0x7D, 0xEF, 0x0F, 0xFF, 0xFF, 0xE0, 0xFF, 0xFF, 0xFF, 0xFF, 0xFF, 0xFD, 0xFF, 0xFF, 0xFF, 0xFF, 0xFF, 0xFF, 0xFF, 0xFF, 0xFF,
    0xFF, 0xFF, 0xFC, 0xFF, 0xFF, 0xFF, 0xFF, 0xFF, 0x7F, 0x00, 0x00, 0x00, 0xFF, 0xFF, 0x03, 0x00, 0x00, 0x00, 0x00, 0x00, 0x00, 0x00, 0x00, 0x00,
    0x00, 0x00, 0x00, 0x00, 0x00, 0x00, 0xFF, 0xFF, 0x02, 0x00, 0x00, 0x00, 0xDF, 0xFF, 0x2E, 0xFF, 0xFF, 0xFA, 0xFF, 0xFF, 0xFF, 0xFF, 0xFF, 0xFE,
    0xFF, 0xFF, 0xFF, 0xFF, 0xFF, 0xFF, 0xFF, 0xFF, 0xFF, 0xFF, 0xFF, 0xFE, 0xFF, 0xFF, 0xFF, 0xFF, 0xFF, 0x3B, 0x00, 0x00, 0x00, 0xFF, 0xFF, 0x03,
    0x00, 0x00, 0x00, 0x00, 0x00, 0x00, 0x00, 0x00, 0x00, 0x00, 0x00, 0x00, 0x00, 0x00, 0x00, 0x00, 0x00, 0x00, 0x00, 0x00, 0x00, 0x00, 0x00, 0x00,
    0x00, 0x00, 0x00, 0x00, 0x00, 0x00, 0x00, 0x00, 0x00, 0x00, 0x00, 0x00, 0x00, 0x00, 0x00, 0x00, 0x00, 0x00, 0x00, 0x00, 0x00, 0x00, 0x00, 0x00,
    0x00, 0x00, 0x00, 0x00, 0x00, 0x00, 0xFF, 0xFF, 0x01, 0x00, 0x00, 0x00, 0xFF, 0xFF, 0x07, 0xFF, 0xFF, 0xD6, 0xFF, 0xFF, 0xFF, 0xFF, 0xFF, 0xFD,
    0xFF, 0xFF, 0xFF, 0xFF, 0xFF, 0xFF, 0xFF, 0xFF, 0xFD, 0xFF, 0xFF, 0xFF, 0xFF, 0xFF, 0xE5, 0xFF, 0xFF, 0x0C, 0x00, 0x00, 0x00, 0xFF, 0xFF, 0x01,
    0x00, 0x00, 0x00, 0x00, 0x00, 0x00, 0xFF, 0xFF, 0x03, 0x00, 0x00, 0x00, 0xFF, 0xFF, 0xA8, 0xFF, 0xFF, 0xFF, 0xFF, 0xFF, 0xFC, 0xFF, 0xFF, 0xFF,
    0xFF, 0xFF, 0xFF, 0xFF, 0xFF, 0xFF, 0xFF, 0xFF, 0xFC, 0xFF, 0xFF, 0xFF, 0xFF, 0xFF, 0xBC, 0x00, 0x00, 0x00, 0xFF, 0xFF, 0x02, 0x00, 0x00, 0x00,
    0x00, 0x00, 0x00, 0x00, 0x00, 0x00, 0x00, 0x00, 0x00, 0x00, 0x00, 0x00, 0x00, 0x00, 0x00, 0x00, 0x00, 0x00, 0x00, 0x00, 0x00, 0x00, 0x00, 0x00,
    0x00, 0x00, 0x00, 0x00, 0x00, 0x00, 0x00, 0x00, 0x00, 0x00, 0x00, 0x00, 0x00, 0x00, 0x00, 0x00, 0x00, 0x00, 0x00, 0x00, 0x00, 0x00, 0x00, 0x00,
    0x00, 0x00, 0x00, 0x00, 0x00, 0x00, 0xFF, 0xFF, 0x03, 0x00, 0x00, 0x00, 0xFF, 0xFF, 0x71, 0xFF, 0xFF, 0xFF, 0xFF, 0xFF, 0xFC, 0xFF, 0xFF, 0xFF,
    0xFF, 0xFF, 0xFF, 0xFF, 0xFF, 0xFF, 0xFF, 0xFF, 0xFC, 0xFF, 0xFF, 0xFF, 0xFF, 0xFF, 0x5F, 0x00, 0x00, 0x00, 0xFF, 0xFF, 0x04, 0x00, 0x00, 0x00,
    0x00, 0x00, 0x00, 0x00, 0x00, 0x00, 0x00, 0x00, 0x00, 0x00, 0x00, 0x00, 0xFF, 0xFF, 0x03, 0x00, 0x00, 0x00, 0xFF, 0xFF, 0x9D, 0xFF, 0xFF, 0xFF,
    0xFF, 0xFF, 0xFC, 0xFF, 0xFF, 0xFF, 0xFF, 0xFF, 0xFF, 0xFF, 0xFF, 0xFF, 0xFF, 0xFF, 0xFB, 0xFF, 0xFF, 0xFF, 0xFF, 0xFF, 0x6A, 0x00, 0x00, 0x00,
    0x00, 0x00, 0x00, 0x0A, 0xBB, 0x12, 0xE4, 0xA9, 0xDF, 0x04, 0xBA, 0xFF, 0x05, 0xA2, 0x5D, 0x00, 0x00, 0x00, 0xE7, 0x79, 0x04, 0x00, 0x00, 0x00,
    0x00, 0x00, 0x00, 0x00, 0xF8, 0x01, 0x49, 0x92, 0x07, 0x88, 0x92, 0x25, 0xC9, 0x9A, 0x30, 0xC8, 0xB2, 0x7A, 0xC4, 0xB1, 0xF4, 0xA3, 0xB9, 0xFE,
    0xA3, 0xB9, 0xFE, 0xA3, 0xB9, 0xFF, 0xA3, 0xB9, 0xFF, 0xA3, 0xB9, 0xFF, 0xA3, 0xB9, 0xFF, 0xA4, 0xB9, 0xFF, 0xA4, 0xB9, 0xFF, 0xA3, 0xB9, 0xFF,
    0xA3, 0xB9, 0xFF, 0xA3, 0xB9, 0xFF, 0xA3, 0xB9, 0xFF, 0xA3, 0xB9, 0xFF, 0xA3, 0xB9, 0xFF, 0x46, 0xBA, 0xF7, 0x4A, 0xCB, 0xE2, 0x2A, 0xC3, 0xB7,
    0x2A, 0xC3, 0x68, 0xEA, 0xB2, 0x85, 0xC8, 0xA2, 0x4E, 0x88, 0x92, 0x22, 0xA8, 0x9A, 0x39, 0xA9, 0x9A, 0x23, 0x88, 0x92, 0x13, 0xAA, 0xAA, 0x06,
    0xAA, 0xAA, 0x06, 0x09, 0x9B, 0x0D, 0x69, 0x9A, 0x0A, 0xE7, 0x9A, 0x08, 0x00, 0x00, 0x00, 0x00, 0x00, 0x00, 0xE0, 0x7B, 0x02, 0x88, 0x92, 0x13,
    0xA7, 0xAA, 0x09, 0x48, 0x82, 0x1F, 0x89, 0x9A, 0x23, 0x89, 0xA2, 0x29, 0x2B, 0xBB, 0x28, 0x67, 0xB2, 0xB8, 0xC4, 0xB9, 0xFF, 0x83, 0xB9, 0xFD,
    0x83, 0xB1, 0xFF, 0xA4, 0xB9, 0xFF, 0xA4, 0xB9, 0xFF, 0xA4, 0xB9, 0xFF, 0xA3, 0xB9, 0xFF, 0xA3, 0xB9, 0xFF, 0xA3, 0xB9, 0xFF, 0xA3, 0xB9, 0xFF,
    0xA3, 0xB9, 0xFF, 0xA3, 0xB9, 0xFF, 0xA3, 0xB9, 0xFF, 0xA4, 0xB9, 0xFF, 0xA3, 0xB9, 0xFF, 0xA3, 0xB9, 0xFF, 0xA4, 0xB9, 0xFE, 0xA3, 0xB9, 0xFF,
    0xA3, 0xB9, 0xFF, 0xA3, 0xB9, 0xFF, 0xA3, 0xB9, 0xFF, 0xA3, 0xB9, 0xFF, 0xA3, 0xB9, 0xFF, 0xA4, 0xB9, 0xFF, 0xA3, 0xB9, 0xFF, 0xA3, 0xB9, 0xFF,
    0xA3, 0xB9, 0xFF, 0x82, 0xB1, 0xFE, 0xA3, 0xB9, 0xFF, 0x05, 0xB2, 0xF3, 0x87, 0xB2, 0xA1, 0xE9, 0xB2, 0x5E, 0x88, 0xA2, 0x44, 0x00, 0x50, 0x03,
    0xE7, 0xBB, 0x04, 0x00, 0x00, 0x00, 0x00, 0x00, 0x00, 0x00, 0x00, 0x00, 0x69, 0x8B, 0x10, 0xC4, 0xA9, 0xDB, 0xC3, 0xB9, 0xFC, 0x67, 0xAA, 0x6C,
    0x4B, 0xBB, 0x44, 0xC9, 0xC2, 0xBE, 0xC3, 0xB9, 0xFF, 0xA3, 0xB9, 0xFD, 0xA3, 0xB9, 0xFF, 0xA3, 0xB9, 0xFF, 0xA3, 0xB9, 0xFF, 0xA3, 0xB9, 0xFF,
    0x83, 0xB1, 0xFE, 0xC4, 0xB9, 0xFE, 0xA7, 0xC2, 0xE8, 0x09, 0xBB, 0x69, 0x88, 0x92, 0x3B, 0xA8, 0x8A, 0x12, 0x86, 0x99, 0x05, 0x00, 0xF8, 0x01,
    0x00, 0x00, 0x00, 0x47, 0x82, 0x11, 0x48, 0x7A, 0x1F, 0x00, 0x00, 0x01, 0x2C, 0x9B, 0x05, 0x87, 0x92, 0x29, 0xA4, 0xA1, 0xF4, 0x62, 0xB1, 0xFD,
    0xA3, 0xA9, 0xFF, 0x26, 0x9A, 0x5F, 0x00, 0x00, 0x00, 0xA0, 0xAA, 0x03, 0x00, 0x00, 0x00, 0x00, 0xF8, 0x01, 0x69, 0x9A, 0x0D, 0xA9, 0x9A, 0x15,
    0xC9, 0x9A, 0x2D, 0xC9, 0xA2, 0x2E, 0xEA, 0xA2, 0x23, 0xA9, 0xA2, 0x1E, 0xAA, 0xAA, 0x0C, 0x1F, 0xF8, 0x01, 0x2C, 0x9B, 0x05, 0xAA, 0xAA, 0x06,
    0x00, 0x00, 0x00, 0xAA, 0xAA, 0x06, 0x00, 0x00, 0x00, 0x00, 0x00, 0x01, 0x00, 0x00, 0x00, 0x00, 0x00, 0x00, 0xE0, 0xFB, 0x02, 0x00, 0x00, 0x00,
    0x67, 0xAA, 0x63, 0xE4, 0xB1, 0xFF, 0xA3, 0xB1, 0xFE, 0xA3, 0xB9, 0xFF, 0xA3, 0xB9, 0xFF, 0xA3, 0xB9, 0xFF, 0xA3, 0xB9, 0xFF, 0xC4, 0xB9, 0xFF,
    0x83, 0xB1, 0xFE, 0xC4, 0xB9, 0xFF, 0xC8, 0xCA, 0xE9, 0xE9, 0xB2, 0x61, 0x26, 0x9A, 0x0F, 0x00, 0x00, 0x00, 0x00, 0xF8, 0x01, 0x00, 0x00, 0x00,
    0x00, 0x00, 0x00, 0x00, 0x00, 0x00, 0x00, 0x00, 0x00, 0x00, 0x00, 0x00, 0x00, 0x00, 0x00, 0x00, 0x00, 0x00, 0x00, 0x00, 0x00, 0x00, 0x00, 0x00,
    0x00, 0x00, 0x00, 0x00, 0x00, 0x00, 0x00, 0x00, 0x00, 0x00, 0x00, 0x00, 0x00, 0x00, 0x00, 0x00, 0x00, 0x00, 0x00, 0x00, 0x00, 0x00, 0x00, 0x00,
    0x00, 0x00, 0x00, 0xFF, 0xFF, 0x01, 0x00, 0x00, 0x00, 0xFF, 0xFF, 0x08, 0xFF, 0xFF, 0xD5, 0xFF, 0xFF, 0xFF, 0xFF, 0xFF, 0xFD, 0xFF, 0xFF, 0xFF,
    0xFF, 0xFF, 0xFF, 0xFF, 0xFF, 0xFF, 0xFF, 0xFF, 0xFB, 0xFF, 0xFF, 0xFF, 0xFF, 0xFF, 0x72, 0xFF, 0xFF, 0x01, 0xFF, 0xFF, 0x04, 0x00, 0x00, 0x00,
    0x00, 0x00, 0x00, 0x00, 0x00, 0x00, 0x00, 0x00, 0x00, 0x00, 0x00, 0x00, 0x00, 0x00, 0x00, 0x00, 0x00, 0x00, 0x00, 0x00, 0x00, 0x00, 0x00, 0x00,
    0x00, 0x00, 0x00, 0x00, 0x00, 0x00, 0x00, 0x00, 0x00, 0x00, 0x00, 0x00, 0x00, 0x00, 0x00, 0x00, 0x00, 0x00, 0x00, 0x00, 0x00, 0x00, 0x00, 0x00,
    0x00, 0x00, 0x00, 0xFF, 0xFF, 0x01, 0x00, 0x00, 0x00, 0xFF, 0xFF, 0x0D, 0xFF, 0xFF, 0xE2, 0xFF, 0xFF, 0xFF, 0xFF, 0xFF, 0xFD, 0xFF, 0xFF, 0xFF,
    0xFF, 0xFF, 0xFF, 0xFF, 0xFF, 0xFD, 0xFF, 0xFF, 0xFF, 0xFF, 0xFF, 0xD8, 0xFF, 0xFF, 0x09, 0x00, 0x00, 0x00, 0xFF, 0xFF, 0x01, 0x00, 0x00, 0x00,
    0x00, 0x00, 0x00, 0x00, 0x00, 0x00, 0x00, 0x00, 0x00, 0x00, 0x00, 0x00, 0x00, 0x00, 0x00, 0xFF, 0xFF, 0x01, 0x00, 0x00, 0x01, 0x9E, 0xF7, 0x11,
    0xFF, 0xFF, 0xE6, 0xFF, 0xFF, 0xFE, 0xFF, 0xFF, 0xFD, 0xFF, 0xFF, 0xFF, 0xFF, 0xFF, 0xFF, 0xFF, 0xFF, 0xFE, 0xFF, 0xFF, 0xFE, 0xFF, 0xFF, 0xF2,
    0xFF, 0xFF, 0x1D, 0x00, 0x00, 0x00, 0x00, 0x00, 0x00, 0x00, 0x00, 0x00, 0x00, 0x00, 0x00, 0x00, 0x00, 0x00, 0x00, 0x00, 0x00, 0x00, 0x00, 0x00,
    0x00, 0x00, 0x00, 0x00, 0x00, 0x00, 0x00, 0x00, 0x00, 0x00, 0x00, 0x00, 0x00, 0x00, 0x00, 0x00, 0x00, 0x00, 0xFF, 0xFF, 0x62, 0xFF, 0xFF, 0xFF,
    0xFF, 0xFF, 0xFC, 0xFF, 0xFF, 0xFF, 0xFF, 0xFF, 0xFF, 0xFF, 0xFF, 0xFF, 0xFF, 0xFF, 0xFE, 0xFF, 0xFF, 0xFE, 0xFF, 0xFF, 0xE2, 0xFF, 0xFF, 0x0F,
    0xFF, 0xFF, 0x01, 0xFF, 0xFF, 0x01, 0x00, 0x00, 0x00, 0x00, 0x00, 0x00, 0x00, 0x00, 0x00, 0x00, 0x00, 0x00, 0xFF, 0xFF, 0x01, 0x00, 0x00, 0x00,
    0xFF, 0xFF, 0x11, 0xFF, 0xFF, 0xE6, 0xFF, 0xFF, 0xFF, 0xFF, 0xFF, 0xFD, 0xFF, 0xFF, 0xFF, 0xFF, 0xFF, 0xFF, 0xFF, 0xFF, 0xFF, 0xFF, 0xFF, 0xFC,
    0xFF, 0xFF, 0xFF, 0xFF, 0xFF, 0x66, 0xFF, 0xFF, 0x01, 0xFF, 0xFF, 0x03, 0x00, 0x00, 0x00, 0x00, 0x00, 0x00, 0x00, 0x00, 0x00, 0x00, 0x00, 0x00,
    0x00, 0x00, 0x00, 0x00, 0x00, 0x00, 0x00, 0x00, 0x00, 0x00, 0x00, 0x00, 0x00, 0x00, 0x00, 0x00, 0x00, 0x00, 0x00, 0x00, 0x00, 0x00, 0x00, 0x00,
    0x00, 0x00, 0x00, 0x00, 0x00, 0x00, 0x00, 0x00, 0x00, 0x00, 0x00, 0x00, 0x00, 0x00, 0x00, 0x00, 0x00, 0x00, 0xFF, 0xFF, 0x01, 0x00, 0x00, 0x00,
    0xFF, 0xFF, 0x07, 0xFF, 0xFF, 0xD7, 0xFF, 0xFF, 0xFF, 0xFF, 0xFF, 0xFD, 0xFF, 0xFF, 0xFF, 0xFF, 0xFF, 0xFF, 0xFF, 0xFF, 0xFE, 0xFF, 0xFF, 0xFF,
    0xFF, 0xFF, 0xE6, 0xFF, 0xFF, 0x0D, 0x00, 0x00, 0x00, 0xFF, 0xFF, 0x01, 0x00, 0x00, 0x00, 0x00, 0x00, 0x00, 0xFF, 0xFF, 0x03, 0x00, 0x00, 0x00,
    0xFF, 0xFF, 0x8A, 0xFF, 0xFF, 0xFF, 0xFF, 0xFF, 0xFB, 0xFF, 0xFF, 0xFF, 0xFF, 0xFF, 0xFF, 0xFF, 0xFF, 0xFF, 0xFF, 0xFF, 0xFD, 0xFF, 0xFF, 0xFF,
    0xFF, 0xFF, 0xE1, 0xFF, 0xFF, 0x0E, 0x00, 0x00, 0x00, 0xFF, 0xFF, 0x01, 0x00, 0x00, 0x00, 0x00, 0x00, 0x00, 0x00, 0x00, 0x00, 0x00, 0x00, 0x00,
    0x00, 0x00, 0x00, 0x00, 0x00, 0x00, 0x00, 0x00, 0x00, 0x00, 0x00, 0x00, 0x00, 0x00, 0x00, 0x00, 0x00, 0x00, 0x00, 0x00, 0x00, 0x00, 0x00, 0x00,
    0x00, 0x00, 0x00, 0x00, 0x00, 0x00, 0x00, 0x00, 0x00, 0x00, 0x00, 0x00, 0x00, 0x00, 0x00, 0x00, 0x00, 0x00, 0xFF, 0xFF, 0x03, 0x00, 0x00, 0x00,
    0xFF, 0xFF, 0x71, 0xFF, 0xFF, 0xFF, 0xFF, 0xFF, 0xFC, 0xFF, 0xFF, 0xFF, 0xFF, 0xFF, 0xFF, 0xFF, 0xFF, 0xFF, 0xFF, 0xFF, 0xFC, 0xFF, 0xFF, 0xFF,
    0xFF, 0xFF, 0x5F, 0x00, 0x00, 0x00, 0xFF, 0xFF, 0x04, 0x00, 0x00, 0x00, 0x00, 0x00, 0x00, 0x00, 0x00, 0x00, 0x00, 0x00, 0x00, 0x00, 0x00, 0x00,
    0xFF, 0xFF, 0x03, 0x00, 0x00, 0x00, 0xFF, 0xFF, 0x9D, 0xFF, 0xFF, 0xFF, 0xFF, 0xFF, 0xFC, 0xFF, 0xFF, 0xFF, 0xFF, 0xFF, 0xFF, 0xFF, 0xFF, 0xFF,
    0xFF, 0xFF, 0xFB, 0xFF, 0xFF, 0xFF, 0xFF, 0xFF, 0x6B, 0x00, 0x00, 0x00, 0x00, 0x00, 0x00, 0x67, 0xA2, 0x1E, 0xC4, 0xA1, 0xEC, 0xE4, 0xB9, 0xFF,
    0x26, 0xAA, 0x52, 0x00, 0x00, 0x00, 0xAA, 0xAA, 0x03, 0x00, 0x00, 0x00, 0x00, 0x00, 0x00, 0x2C, 0x9B, 0x05, 0xE7, 0x9A, 0x08, 0x88, 0x92, 0x3B,
    0x88, 0x92, 0x2F, 0x0A, 0xB3, 0x56, 0xA8, 0xBA, 0xD3, 0xC3, 0xB1, 0xFF, 0x83, 0xB9, 0xFE, 0xA3, 0xB9, 0xFF, 0xA3, 0xB9, 0xFF, 0xA3, 0xB9, 0xFF,
    0xA3, 0xB9, 0xFF, 0xA3, 0xB9, 0xFF, 0xA3, 0xB9, 0xFF, 0xA3, 0xB9, 0xFF, 0xA3, 0xB9, 0xFF, 0xA3, 0xB9, 0xFF, 0xA3, 0xB9, 0xFF, 0xA3, 0xB9, 0xFF,
    0xC4, 0xB9, 0xFF, 0xE8, 0xCA, 0xEF, 0x4A, 0xC3, 0xA3, 0xC9, 0xAA, 0x64, 0xC9, 0xA2, 0x37, 0xA8, 0x9A, 0x2F, 0xA8, 0x9A, 0x2D, 0x67, 0x8A, 0x10,
    0xA7, 0x8A, 0x12, 0xE8, 0x8A, 0x0B, 0xEF, 0x7B, 0x02, 0x28, 0x72, 0x0F, 0xE6, 0x79, 0x15, 0x00, 0x00, 0x00, 0x00, 0x00, 0x00, 0x00, 0x00, 0x00,
    0x00, 0x00, 0x00, 0x00, 0x00, 0x00, 0x00, 0x00, 0x01, 0x00, 0x00, 0x00, 0x47, 0x82, 0x11, 0x48, 0x8A, 0x3D, 0xAA, 0xAA, 0x09, 0xA9, 0xA2, 0x1D,
    0xA9, 0xBA, 0x7B, 0xE4, 0xB1, 0xF1, 0xA3, 0xB9, 0xFE, 0xA3, 0xB9, 0xFF, 0xA3, 0xB9, 0xFF, 0xA3, 0xB9, 0xFF, 0xA3, 0xB9, 0xFF, 0xA4, 0xB9, 0xFF,
    0xA3, 0xB9, 0xFF, 0xA3, 0xB9, 0xFF, 0xA3, 0xB9, 0xFF, 0xA3, 0xB9, 0xFF, 0xA3, 0xB9, 0xFF, 0xA3, 0xB9, 0xFF, 0xA3, 0xB9, 0xFF, 0xA4, 0xB9, 0xFF,
    0xC4, 0xB9, 0xFF, 0xE4, 0xB9, 0xFF, 0xA3, 0xB9, 0xFF, 0x83, 0xB9, 0xFE, 0x83, 0xB1, 0xFE, 0xA3, 0xB9, 0xFF, 0xA3, 0xB9, 0xFF, 0xA3, 0xB9, 0xFF,
    0xA3, 0xB9, 0xFF, 0xA3, 0xB9, 0xFF, 0xA3, 0xB9, 0xFF, 0xA3, 0xB9, 0xFF, 0xA3, 0xB9, 0xFF, 0x83, 0xB1, 0xFF, 0xA3, 0xB9, 0xFE, 0xA3, 0xB9, 0xFF,
    0xE4, 0xB9, 0xFF, 0x87, 0xBA, 0xE4, 0x09, 0xBB, 0xA2, 0x0A, 0xB3, 0x41, 0x44, 0x6A, 0x07, 0x00, 0x00, 0x00, 0x00, 0x78, 0x02, 0x00, 0x00, 0x01,
    0xFF, 0xFF, 0x01, 0xC4, 0xA1, 0xC6, 0xE3, 0xB9, 0xFF, 0x46, 0xAA, 0x4A, 0x4B, 0xB3, 0x2E, 0xE9, 0xC2, 0xC6, 0xC4, 0xB9, 0xFF, 0x83, 0xB9, 0xFE,
    0xA3, 0xB9, 0xFF, 0xA3, 0xB9, 0xFF, 0xA3, 0xB9, 0xFF, 0xA3, 0xB9, 0xFF, 0x83, 0xB9, 0xFF, 0xE4, 0xB9, 0xFF, 0xA8, 0xC2, 0xF7, 0xC9, 0xB2, 0x83,
    0xC8, 0x9A, 0x4B, 0xA9, 0x9A, 0x43, 0xA7, 0x8A, 0x09, 0x00, 0xF8, 0x01, 0x00, 0x00, 0x00, 0x00, 0x00, 0x00, 0x00, 0x00, 0x00, 0x86, 0x99, 0x05,
    0x26, 0x9B, 0x05, 0x26, 0x8A, 0x41, 0xA4, 0x99, 0xEC, 0xA3, 0xA1, 0xFE, 0xC4, 0x99, 0xB6, 0xA8, 0x9A, 0x12, 0x00, 0x00, 0x01, 0x26, 0x9B, 0x05,
    0xEF, 0x7B, 0x02, 0xA5, 0xAA, 0x06, 0xE9, 0xA2, 0x24, 0xE9, 0xA2, 0x24, 0xC9, 0xA2, 0x47, 0xA9, 0xA2, 0x4F, 0xA8, 0xAA, 0x21, 0xC9, 0xA2, 0x1C,
    0xA9, 0xA2, 0x26, 0x89, 0x9A, 0x1F, 0xE9, 0xA2, 0x23, 0xC8, 0xA2, 0x36, 0xC9, 0xA2, 0x0E, 0xA9, 0x9A, 0x18, 0x2A, 0xAB, 0x0F, 0x00, 0x00, 0x00,
    0x00, 0x00, 0x00, 0x00, 0x00, 0x00, 0x00, 0xF8, 0x01, 0xEF, 0x7B, 0x02, 0xA8, 0xB2, 0x6F, 0xE4, 0xB1, 0xFF, 0xA3, 0xB9, 0xFE, 0xA3, 0xB9, 0xFF,
    0xA3, 0xB9, 0xFF, 0xA3, 0xB9, 0xFF, 0xA3, 0xB9, 0xFF, 0xC3, 0xB9, 0xFF, 0xA3, 0xB1, 0xFE, 0xC4, 0xB1, 0xFF, 0xA8, 0xC2, 0xD3, 0x09, 0xB3, 0x37,
    0xE7, 0x79, 0x04, 0x00, 0xF8, 0x01, 0x00, 0x00, 0x00, 0x00, 0x00, 0x00, 0x00, 0x00, 0x00, 0x00, 0x00, 0x00, 0x00, 0x00, 0x00, 0x00, 0x00, 0x00,
    0x00, 0x00, 0x00, 0x00, 0x00, 0x00, 0x00, 0x00, 0x00, 0x00, 0x00, 0x00, 0x00, 0x00, 0x00, 0x00, 0x00, 0x00, 0x00, 0x00, 0x00, 0x00, 0x00, 0x00,
    0x00, 0x00, 0x00, 0x00, 0x00, 0x00, 0x00, 0x00, 0x00, 0x00, 0x00, 0x00, 0x00, 0x00, 0x00, 0x00, 0x00, 0x00, 0xFF, 0xFF, 0x02, 0x00, 0x00, 0x00,
    0xFF, 0xFF, 0xB5, 0xFF, 0xFF, 0xFF, 0xFF, 0xFF, 0xFC, 0xFF, 0xFF, 0xFF, 0xFF, 0xFF, 0xFF, 0xFF, 0xFF, 0xFF, 0xFF, 0xFF, 0xFC, 0xFF, 0xFF, 0xFF,
    0xFF, 0xFF, 0xB5, 0x00, 0x00, 0x00, 0xFF, 0xFF, 0x02, 0x00, 0x00, 0x00, 0x00, 0x00, 0x00, 0x00, 0x00, 0x00, 0x00, 0x00, 0x00, 0x00, 0x00, 0x00,
    0x00, 0x00, 0x00, 0x00, 0x00, 0x00, 0x00, 0x00, 0x00, 0x00, 0x00, 0x00, 0x00, 0x00, 0x00, 0x00, 0x00, 0x00, 0x00, 0x00, 0x00, 0x00, 0x00, 0x00,
    0x00, 0x00, 0x00, 0x00, 0x00, 0x00, 0x00, 0x00, 0x00, 0x00, 0x00, 0x00, 0x00, 0x00, 0x00, 0xFF, 0xFF, 0x01, 0x00, 0x00, 0x00, 0xFF, 0xFF, 0x0D,
    0xFF, 0xFF, 0xE1, 0xFF, 0xFF, 0xFF, 0xFF, 0xFF, 0xFD, 0xFF, 0xFF, 0xFF, 0xFF, 0xFF, 0xFF, 0xFF, 0xFF, 0xFD, 0xFF, 0xFF, 0xFF, 0xFF, 0xFF, 0xD8,
    0xFF, 0xFF, 0x09, 0x00, 0x00, 0x00, 0xFF, 0xFF, 0x01, 0x00, 0x00, 0x00, 0x00, 0x00, 0x00, 0x00, 0x00, 0x00, 0x00, 0x00, 0x00, 0x00, 0x00, 0x00,
    0x00, 0x00, 0x00, 0xFF, 0xFF, 0x04, 0x00, 0x00, 0x00, 0xFF, 0xFF, 0x67, 0xFF, 0xFF, 0xFF, 0xFF, 0xFF, 0xFC, 0xFF, 0xFF, 0xFF, 0xFF, 0xFF, 0xFF,
    0xFF, 0xFF, 0xFF, 0xFF, 0xFF, 0xFD, 0xFF, 0xFF, 0xFF, 0xFF, 0xFF, 0xD0, 0xFF, 0xFF, 0x45, 0xFF, 0xFF, 0x4E, 0xFF, 0xFF, 0x4D, 0xFF, 0xFF, 0x4D,
    0xFF, 0xFF, 0x4C, 0xFF, 0xFF, 0x4D, 0xFF, 0xFF, 0x4D, 0xFF, 0xFF, 0x4D, 0xFF, 0xFF, 0x4D, 0xFF, 0xFF, 0x4C, 0xFF, 0xFF, 0x4C, 0xFF, 0xFF, 0x4B,
    0xFF, 0xFF, 0x4C, 0xFF, 0xFF, 0x4C, 0xFF, 0xFF, 0x5D, 0xFF, 0xFF, 0xF3, 0xFF, 0xFF, 0xFF, 0xFF, 0xFF, 0xFE, 0xFF, 0xFF, 0xFF, 0xFF, 0xFF, 0xFF,
    0xFF, 0xFF, 0xFF, 0xFF, 0xFF, 0xFC, 0xFF, 0xFF, 0xFF, 0xFF, 0xFF, 0x64, 0x00, 0x00, 0x00, 0xFF, 0xFF, 0x03, 0x00, 0x00, 0x00, 0x00, 0x00, 0x00,
    0x00, 0x00, 0x00, 0x00, 0x00, 0x00, 0x00, 0x00, 0x00, 0x00, 0x00, 0x00, 0x00, 0x00, 0x00, 0xFF, 0xFF, 0xCB, 0xFF, 0xFF, 0xFF, 0xFF, 0xFF, 0xFD,
    0xFF, 0xFF, 0xFF, 0xFF, 0xFF, 0xFF, 0xFF, 0xFF, 0xFF, 0xFF, 0xFF, 0xFC, 0xFF, 0xFF, 0xFF, 0xFF, 0xFF, 0xAC, 0x00, 0x00, 0x00, 0xFF, 0xFF, 0x02,
    0x00, 0x00, 0x00, 0x00, 0x00, 0x00, 0x00, 0x00, 0x00, 0x00, 0x00, 0x00, 0x00, 0x00, 0x00, 0x00, 0x00, 0x00, 0x00, 0x00, 0x00, 0x00, 0x00, 0x00,
    0x00, 0x00, 0x00, 0x00, 0x00, 0x00, 0x00, 0x00, 0x00, 0x00, 0x00, 0x00, 0x00, 0x00, 0x00, 0x00, 0x00, 0x00, 0x00, 0x00, 0x00, 0x00, 0x00, 0x00,
    0x00, 0x00, 0x00, 0x00, 0x00, 0x00, 0xFF, 0xFF, 0x01, 0x00, 0x00, 0x00, 0xFF, 0xFF, 0x07, 0xFF, 0xFF, 0xD7, 0xFF, 0xFF, 0xFF, 0xFF, 0xFF, 0xFD,
    0xFF, 0xFF, 0xFF, 0xFF, 0xFF, 0xFF, 0xFF, 0xFF, 0xFE, 0xFF, 0xFF, 0xFF, 0xFF, 0xFF, 0xE6, 0xFF, 0xFF, 0x0D, 0x00, 0x00, 0x00, 0xFF, 0xFF, 0x01,
    0x00, 0x00, 0x00, 0x00, 0x00, 0x00, 0xFF, 0xFF, 0x04, 0x00, 0x00, 0x00, 0xFF, 0xFF, 0x5B, 0xFF, 0xFF, 0xFF, 0xFF, 0xFF, 0xFC, 0xFF, 0xFF, 0xFF,
    0xFF, 0xFF, 0xFF, 0xFF, 0xFF, 0xFF, 0xFF, 0xFF, 0xFF, 0xFF, 0xFF, 0xFE, 0xFF, 0xFF, 0xFF, 0xFF, 0xFF, 0x3E, 0xFF, 0xFF, 0x01, 0xFF, 0xFF, 0x03,
    0x00, 0x00, 0x00, 0x00, 0x00, 0x00, 0x00, 0x00, 0x00, 0x00, 0x00, 0x00, 0x00, 0x00, 0x00, 0x00, 0x00, 0x00, 0x00, 0x00, 0x00, 0x00, 0x00, 0x00,
    0x00, 0x00, 0x00, 0x00, 0x00, 0x00, 0x00, 0x00, 0x00, 0x00, 0x00, 0x00, 0x00, 0x00, 0x00, 0x00, 0x00, 0x00, 0x00, 0x00, 0x00, 0x00, 0x00, 0x00,
    0x00, 0x00, 0x00, 0x00, 0x00, 0x00, 0xFF, 0xFF, 0x03, 0x00, 0x00, 0x00, 0xFF, 0xFF, 0x71, 0xFF, 0xFF, 0xFF, 0xFF, 0xFF, 0xFC, 0xFF, 0xFF, 0xFF,
    0xFF, 0xFF, 0xFF, 0xFF, 0xFF, 0xFF, 0xFF, 0xFF, 0xFC, 0xFF, 0xFF, 0xFF, 0xFF, 0xFF, 0x5F, 0x00, 0x00, 0x00, 0xFF, 0xFF, 0x04, 0x00, 0x00, 0x00,
    0x00, 0x00, 0x00, 0x00, 0x00, 0x00, 0x00, 0x00, 0x00, 0x00, 0x00, 0x00, 0xFF, 0xFF, 0x03, 0x00, 0x00, 0x00, 0xFF, 0xFF, 0x9D, 0xFF, 0xFF, 0xFF,
    0xFF, 0xFF, 0xFC, 0xFF, 0xFF, 0xFF, 0xFF, 0xFF, 0xFF, 0xFF, 0xFF, 0xFF, 0xFF, 0xFF, 0xFB, 0xFF, 0xFF, 0xFF, 0xFF, 0xFF, 0x6B, 0x00, 0x00, 0x00,
    0x00, 0x00, 0x00, 0x26, 0x92, 0x25, 0xC4, 0xA1, 0xF3, 0xE4, 0xB1, 0xFF, 0x05, 0xA2, 0x54, 0x00, 0x00, 0x00, 0xAA, 0xAA, 0x03, 0x00, 0x00, 0x00,
    0x00, 0x00, 0x00, 0x00, 0x00, 0x00, 0xE7, 0xB9, 0x04, 0x69, 0xB3, 0x07, 0xA8, 0x9A, 0x1D, 0xC9, 0xA2, 0x5F, 0x2A, 0xC3, 0xB2, 0xA7, 0xC2, 0xF7,
    0xE4, 0xB9, 0xFE, 0x83, 0xB1, 0xFE, 0xA3, 0xB9, 0xFF, 0xA3, 0xB9, 0xFF, 0xA3, 0xB9, 0xFF, 0xA3, 0xB9, 0xFF, 0xA3, 0xB9, 0xFF, 0xA3, 0xB9, 0xFF,
    0xA3, 0xB9, 0xFF, 0xA3, 0xB9, 0xFF, 0xA4, 0xB9, 0xFF, 0xA3, 0xB9, 0xFF, 0xE4, 0xB9, 0xFF, 0x09, 0xCB, 0xE7, 0x0A, 0xB3, 0x95, 0xCA, 0xAA, 0x36,
    0xA9, 0xA2, 0x21, 0xE7, 0xBB, 0x04, 0x69, 0x9A, 0x10, 0xA7, 0x9A, 0x12, 0x00, 0x00, 0x00, 0xEF, 0x7B, 0x02, 0x00, 0x00, 0x00, 0xE6, 0x79, 0x59,
    0xC5, 0x71, 0x75, 0x00, 0x00, 0x00, 0xA0, 0x52, 0x03, 0x00, 0x00, 0x00, 0x00, 0x00, 0x00, 0x00, 0x00, 0x00, 0x00, 0x00, 0x00, 0x00, 0x00, 0x00,
    0x00, 0x00, 0x00, 0x00, 0xF8, 0x01, 0x68, 0x9A, 0x1D, 0xE9, 0xBA, 0x48, 0x05, 0xAA, 0xDE, 0xA3, 0xB9, 0xFF, 0xA3, 0xB9, 0xFE, 0xA3, 0xB9, 0xFF,
    0xA3, 0xB9, 0xFF, 0xA3, 0xB9, 0xFF, 0xA3, 0xB9, 0xFF, 0xA3, 0xB9, 0xFF, 0xA3, 0xB9, 0xFF, 0xA3, 0xB9, 0xFF, 0xA3, 0xB9, 0xFF, 0xA3, 0xB9, 0xFF,
    0xA3, 0xB9, 0xFF, 0xA3, 0xB9, 0xFF, 0xA3, 0xB9, 0xFF, 0xA3, 0xB9, 0xFF, 0x05, 0xBA, 0xFF, 0x09, 0xD3, 0xF8, 0x66, 0xC2, 0xED, 0xA3, 0xB1, 0xFF,
    0x83, 0xB9, 0xFF, 0x83, 0xB9, 0xFE, 0xA3, 0xB9, 0xFE, 0xA3, 0xB9, 0xFF, 0xA3, 0xB9, 0xFF, 0xA3, 0xB9, 0xFF, 0xA3, 0xB9, 0xFF, 0xA3, 0xB9, 0xFF,
    0xA3, 0xB9, 0xFF, 0xA3, 0xB9, 0xFF, 0xA3, 0xB9, 0xFF, 0xA3, 0xB9, 0xFE, 0xA3, 0xB9, 0xFE, 0xC4, 0xB1, 0xFF, 0x46, 0xBA, 0xEB, 0xC8, 0xBA, 0xBC,
    0x09, 0xB3, 0x55, 0xA8, 0xA2, 0x1E, 0x00, 0x00, 0x00, 0x00, 0xF8, 0x01, 0x00, 0x00, 0x00, 0xE5, 0x91, 0x87, 0x05, 0xA2, 0xBE, 0x66, 0xA2, 0x21,
    0x29, 0xB3, 0x21, 0xE9, 0xC2, 0xC5, 0xE4, 0xB9, 0xFF, 0x83, 0xB1, 0xFE, 0xA3, 0xB9, 0xFF, 0xA3, 0xB9, 0xFF, 0xA3, 0xB9, 0xFF, 0xA3, 0xB9, 0xFF,
    0x83, 0xB1, 0xFF, 0xE4, 0xB9, 0xFF, 0xE8, 0xCA, 0xF5, 0xE9, 0xBA, 0x88, 0xA9, 0xA2, 0x6D, 0xC9, 0x9A, 0x42, 0xAA, 0x7A, 0x06, 0x00, 0x00, 0x00,
    0x00, 0x00, 0x00, 0x00, 0x00, 0x01, 0x00, 0x00, 0x00, 0x00, 0x00, 0x00, 0x06, 0x8A, 0x55, 0xE5, 0x81, 0x9D, 0xA7, 0xAA, 0x1E, 0x67, 0xA2, 0x3A,
    0x6D, 0xB3, 0x07, 0x00, 0x00, 0x00, 0x00, 0xF8, 0x01, 0x29, 0xB3, 0x0A, 0x09, 0x9B, 0x0D, 0xA9, 0x9A, 0x15, 0xE9, 0xA2, 0x1E, 0xE9, 0xA2, 0x45,
    0xE9, 0xB2, 0x6B, 0xC8, 0xB2, 0xBD, 0xE9, 0xBA, 0x75, 0xE9, 0xBA, 0x7B, 0x2A, 0xBB, 0x77, 0x2A, 0xBB, 0x6B, 0x09, 0xBB, 0x8D, 0x2A, 0xBB, 0x88,
    0xC9, 0xAA, 0x59, 0xC9, 0xA2, 0x3B, 0xEA, 0xA2, 0x26, 0xA9, 0x9A, 0x18, 0xE7, 0x9A, 0x08, 0x49, 0x92, 0x07, 0xEF, 0xFB, 0x02, 0x00, 0x00, 0x00,
    0x88, 0xB2, 0x6E, 0xE4, 0xB1, 0xFD, 0xA3, 0xB9, 0xFE, 0xA3, 0xB9, 0xFF, 0xA3, 0xB9, 0xFF, 0xA3, 0xB9, 0xFF, 0xA3, 0xB9, 0xFF, 0xC4, 0xB9, 0xFE,
    0xA3, 0xB1, 0xFE, 0x46, 0xBA, 0xFF, 0x09, 0xC3, 0x8C, 0x49, 0x92, 0x07, 0x00, 0x00, 0x01, 0x00, 0x00, 0x01, 0x00, 0x00, 0x00, 0x00, 0x00, 0x00,
    0x00, 0x00, 0x00, 0x00, 0x00, 0x00, 0x00, 0x00, 0x00, 0x00, 0x00, 0x00, 0x00, 0x00, 0x00, 0x00, 0x00, 0x00, 0x00, 0x00, 0x00, 0x00, 0x00, 0x00,
    0x00, 0x00, 0x00, 0x00, 0x00, 0x00, 0x00, 0x00, 0x00, 0x00, 0x00, 0x00, 0x00, 0x00, 0x00, 0x00, 0x00, 0x00, 0x00, 0x00, 0x00, 0x00, 0x00, 0x00,
    0x00, 0x00, 0x00, 0x00, 0x00, 0x00, 0xFF, 0xFF, 0x03, 0x00, 0x00, 0x00, 0xFF, 0xFF, 0x7C, 0xFF, 0xFF, 0xFF, 0xFF, 0xFF, 0xFC, 0xFF, 0xFF, 0xFF,
    0xFF, 0xFF, 0xFF, 0xFF, 0xFF, 0xFF, 0xFF, 0xFF, 0xFE, 0xFF, 0xFF, 0xFE, 0xFF, 0xFF, 0xF3, 0xBE, 0xF7, 0x1F, 0xFF, 0xFF, 0x01, 0xFF, 0xFF, 0x02,
    0x00, 0x00, 0x00, 0x00, 0x00, 0x00, 0x00, 0x00, 0x00, 0x00, 0x00, 0x00, 0x00, 0x00, 0x00, 0x00, 0x00, 0x00, 0x00, 0x00, 0x00, 0x00, 0x00, 0x00,
    0x00, 0x00, 0x00, 0x00, 0x00, 0x00, 0x00, 0x00, 0x00, 0x00, 0x00, 0x00, 0x00, 0x00, 0x00, 0x00, 0x00, 0x00, 0x00, 0x00, 0x00, 0x00, 0x00, 0x00,
    0x00, 0x00, 0x00, 0xFF, 0xFF, 0x01, 0x00, 0x00, 0x00, 0xFF, 0xFF, 0x0D, 0xFF, 0xFF, 0xE1, 0xFF, 0xFF, 0xFF, 0xFF, 0xFF, 0xFD, 0xFF, 0xFF, 0xFF,
    0xFF, 0xFF, 0xFF, 0xFF, 0xFF, 0xFD, 0xFF, 0xFF, 0xFF, 0xFF, 0xFF, 0xD8, 0xFF, 0xFF, 0x09, 0x00, 0x00, 0x00, 0xFF, 0xFF, 0x01, 0x00, 0x00, 0x00,
    0x00, 0x00, 0x00, 0x00, 0x00, 0x00, 0x00, 0x00, 0x00, 0x00, 0x00, 0x00, 0x00, 0x00, 0x00, 0xFF, 0xFF, 0x01, 0x79, 0xCE, 0x05, 0xFF, 0xFF, 0xCD,
    0xFF, 0xFF, 0xFE, 0xFF, 0xFF, 0xFC, 0xFF, 0xFF, 0xFF, 0xFF, 0xFF, 0xFF, 0xFF, 0xFF, 0xFF, 0xFF, 0xFF, 0xFF, 0xFF, 0xFF, 0xFF, 0xFF, 0xFF, 0xFF,
    0xFF, 0xFF, 0xFF, 0xFF, 0xFF, 0xFF, 0xFF, 0xFF, 0xFF, 0xFF, 0xFF, 0xFF, 0xFF, 0xFF, 0xFF, 0xFF, 0xFF, 0xFF, 0xFF, 0xFF, 0xFF, 0xFF, 0xFF, 0xFF,
    0xFF, 0xFF, 0xFF, 0xFF, 0xFF, 0xFF, 0xFF, 0xFF, 0xFF, 0xFF, 0xFF, 0xFF, 0xFF, 0xFF, 0xFF, 0xFF, 0xFF, 0xFF, 0xFF, 0xFF, 0xFF, 0xFF, 0xFF, 0xFE,
    0xFF, 0xFF, 0xFF, 0xFF, 0xFF, 0xFF, 0xFF, 0xFF, 0xFF, 0xFF, 0xFF, 0xFF, 0xFF, 0xFF, 0xFF, 0xFF, 0xFF, 0xFC, 0xFF, 0xFF, 0xFE, 0xFF, 0xFF, 0xCC,
    0xFF, 0xFF, 0x04, 0xFF, 0xFF, 0x01, 0x00, 0x00, 0x00, 0x00, 0x00, 0x00, 0x00, 0x00, 0x00, 0x00, 0x00, 0x00, 0x00, 0x00, 0x00, 0xFF, 0xFF, 0x03,
    0x00, 0x00, 0x00, 0xFF, 0xFF, 0x97, 0xFF, 0xFF, 0xFE, 0xFF, 0xFF, 0xFB, 0xFF, 0xFF, 0xFF, 0xFF, 0xFF, 0xFF, 0xFF, 0xFF, 0xFF, 0xFF, 0xFF, 0xFE,
    0xFF, 0xFF, 0xFF, 0xFF, 0xFF, 0xED, 0xFF, 0xFF, 0x17, 0xFF, 0xFF, 0x01, 0xFF, 0xFF, 0x02, 0x00, 0x00, 0x00, 0x00, 0x00, 0x00, 0x00, 0x00, 0x00,
    0x00, 0x00, 0x00, 0x00, 0x00, 0x00, 0x00, 0x00, 0x00, 0x00, 0x00, 0x00, 0x00, 0x00, 0x00, 0x00, 0x00, 0x00, 0x00, 0x00, 0x00, 0x00, 0x00, 0x00,
    0x00, 0x00, 0x00, 0x00, 0x00, 0x00, 0x00, 0x00, 0x00, 0x00, 0x00, 0x00, 0x00, 0x00, 0x00, 0x00, 0x00, 0x00, 0xFF, 0xFF, 0x01, 0x00, 0x00, 0x00,
    0xFF, 0xFF, 0x08, 0xFF, 0xFF, 0xD7, 0xFF, 0xFF, 0xFF, 0xFF, 0xFF, 0xFD, 0xFF, 0xFF, 0xFF, 0xFF, 0xFF, 0xFF, 0xFF, 0xFF, 0xFE, 0xFF, 0xFF, 0xFF,
    0xFF, 0xFF, 0xE6, 0xFF, 0xFF, 0x0D, 0x00, 0x00, 0x00, 0xFF, 0xFF, 0x01, 0x00, 0x00, 0x00, 0x00, 0x00, 0x00, 0xFF, 0xFF, 0x02, 0x00, 0x00, 0x00,
    0xFF, 0xFF, 0x28, 0xFF, 0xFF, 0xF7, 0xFF, 0xFF, 0xFF, 0xFF, 0xFF, 0xFE, 0xFF, 0xFF, 0xFF, 0xFF, 0xFF, 0xFF, 0xFF, 0xFF, 0xFF, 0xFF, 0xFF, 0xFB,
    0xFF, 0xFF, 0xFF, 0xFF, 0xFF, 0x90, 0x00, 0x00, 0x00, 0xFF, 0xFF, 0x03, 0x00, 0x00, 0x00, 0x00, 0x00, 0x00, 0x00, 0x00, 0x00, 0x00, 0x00, 0x00,
    0x00, 0x00, 0x00, 0x00, 0x00, 0x00, 0x00, 0x00, 0x00, 0x00, 0x00, 0x00, 0x00, 0x00, 0x00, 0x00, 0x00, 0x00, 0x00, 0x00, 0x00, 0x00, 0x00, 0x00,
    0x00, 0x00, 0x00, 0x00, 0x00, 0x00, 0x00, 0x00, 0x00, 0x00, 0x00, 0x00, 0x00, 0x00, 0x00, 0x00, 0x00, 0x00, 0xFF, 0xFF, 0x03, 0x00, 0x00, 0x00,
    0xFF, 0xFF, 0x72, 0xFF, 0xFF, 0xFF, 0xFF, 0xFF, 0xFC, 0xFF, 0xFF, 0xFF, 0xFF, 0xFF, 0xFF, 0xFF, 0xFF, 0xFF, 0xFF, 0xFF, 0xFC, 0xFF, 0xFF, 0xFF,
    0xDF, 0xFF, 0x61, 0x00, 0x00, 0x00, 0xFF, 0xFF, 0x04, 0x00, 0x00, 0x00, 0x00, 0x00, 0x00, 0x00, 0x00, 0x00, 0x00, 0x00, 0x00, 0x00, 0x00, 0x00,
    0xFF, 0xFF, 0x03, 0x00, 0x00, 0x00, 0xFF, 0xFF, 0x9D, 0xFF, 0xFF, 0xFF, 0xFF, 0xFF, 0xFC, 0xFF, 0xFF, 0xFF, 0xFF, 0xFF, 0xFF, 0xFF, 0xFF, 0xFF,
    0xFF, 0xFF, 0xFB, 0xFF, 0xFF, 0xFF, 0xFF, 0xFF, 0x6B, 0x00, 0x00, 0x00, 0x00, 0x00, 0x00, 0x27, 0xB3, 0x14, 0xE4, 0xA1, 0xDF, 0xE4, 0xB9, 0xFF,
    0x05, 0xA2, 0x59, 0x00, 0x00, 0x00, 0xE7, 0x79, 0x04, 0x00, 0x00, 0x00, 0x00, 0x00, 0x00, 0x00, 0x00, 0x00, 0x00, 0xF8, 0x01, 0x00, 0x00, 0x00,
    0x88, 0x92, 0x16, 0xC9, 0xA2, 0x43, 0x0A, 0xB3, 0x79, 0x2A, 0xCB, 0xCB, 0x67, 0xC2, 0xFF, 0xE4, 0xB9, 0xFF, 0xC3, 0xB9, 0xFE, 0xA3, 0xB9, 0xFF,
    0xA3, 0xB9, 0xFF, 0xA3, 0xB9, 0xFF, 0xA3, 0xB9, 0xFF, 0xA3, 0xB9, 0xFF, 0xA3, 0xB9, 0xFF, 0xA3, 0xB9, 0xFF, 0xA3, 0xB9, 0xFF, 0xA3, 0xB9, 0xFF,
    0x25, 0xBA, 0xF9, 0x4A, 0xCB, 0xB4, 0x09, 0xB3, 0x6B, 0xC9, 0xA2, 0x34, 0x29, 0xB3, 0x0A, 0xA7, 0x92, 0x0C, 0xC4, 0x99, 0xD2, 0xC4, 0x99, 0xB9,
    0xFF, 0xFF, 0x02, 0xAA, 0xAA, 0x03, 0xE7, 0xB9, 0x04, 0xA7, 0xAA, 0x09, 0xE7, 0x99, 0x08, 0x00, 0x00, 0x00, 0x00, 0x00, 0x00, 0x00, 0x00, 0x00,
    0x00, 0x00, 0x00, 0x00, 0x00, 0x00, 0x00, 0x00, 0x00, 0x00, 0x00, 0x01, 0x00, 0xF8, 0x01, 0x45, 0x79, 0x06, 0x09, 0xB3, 0x43, 0x26, 0xB2, 0xCD,
    0xC4, 0xB9, 0xFF, 0xA3, 0xB9, 0xFD, 0xA3, 0xB9, 0xFF, 0xA3, 0xB9, 0xFF, 0xA3, 0xB9, 0xFF, 0xA3, 0xB9, 0xFF, 0xA3, 0xB9, 0xFF, 0xA3, 0xB9, 0xFF,
    0xA3, 0xB9, 0xFF, 0xA3, 0xB9, 0xFF, 0xA3, 0xB9, 0xFF, 0xA3, 0xB9, 0xFF, 0xA3, 0xB9, 0xFF, 0xA3, 0xB9, 0xFF, 0xA3, 0xB9, 0xFF, 0xA3, 0xB9, 0xFF,
    0x25, 0xBA, 0xFE, 0x4A, 0xCB, 0xC4, 0x4A, 0xCB, 0xA8, 0xA8, 0xC2, 0xC6, 0x46, 0xBA, 0xED, 0xE4, 0xB9, 0xFF, 0xA3, 0xB9, 0xFF, 0xA3, 0xB9, 0xFE,
    0xA3, 0xB9, 0xFF, 0xA3, 0xB9, 0xFF, 0xA3, 0xB9, 0xFF, 0xA3, 0xB9, 0xFF, 0xA3, 0xB9, 0xFF, 0xA3, 0xB9, 0xFF, 0xA3, 0xB9, 0xFF, 0xA3, 0xB9, 0xFF,
    0xA3, 0xB9, 0xFF, 0xA3, 0xB9, 0xFE, 0xA3, 0xB9, 0xFF, 0xC4, 0xB9, 0xFF, 0xA8, 0xC2, 0xD0, 0x09, 0xBB, 0x67, 0x67, 0x9A, 0x1A, 0x28, 0xA2, 0x0B,
    0xEF, 0x7B, 0x02, 0x55, 0xD5, 0x06, 0x00, 0x00, 0x00, 0xEF, 0xFB, 0x02, 0xA8, 0xA2, 0x26, 0xE9, 0xC2, 0xB0, 0x05, 0xBA, 0xFE, 0x83, 0xB1, 0xFD,
    0xA3, 0xB9, 0xFF, 0xA3, 0xB9, 0xFF, 0xA3, 0xB9, 0xFF, 0xA3, 0xB9, 0xFF, 0x83, 0xB1, 0xFF, 0xE4, 0xB9, 0xFD, 0xC8, 0xCA, 0xEF, 0xE9, 0xB2, 0xA1,
    0xC9, 0xA2, 0x44, 0xA9, 0xA2, 0x23, 0xAA, 0xAA, 0x06, 0xAA, 0xAA, 0x03, 0x00, 0x00, 0x00, 0x00, 0x00, 0x00, 0x06, 0x92, 0x45, 0x06, 0x92, 0x3A,
    0x06, 0x9A, 0x17, 0x05, 0x82, 0x31, 0x00, 0x00, 0x00, 0x00, 0x00, 0x00, 0x00, 0x00, 0x00, 0x00, 0x78, 0x02, 0xC9, 0x92, 0x0E, 0xE8, 0x9A, 0x24,
    0xE8, 0x92, 0x16, 0xA8, 0x9A, 0x3D, 0xC9, 0xAA, 0x55, 0xE9, 0xBA, 0x85, 0x2A, 0xCB, 0xBB, 0xA7, 0xC2, 0xEE, 0x46, 0xBA, 0xF2, 0x67, 0xBA, 0xFB,
    0xA7, 0xC2, 0xEE, 0xA7, 0xBA, 0xDE, 0xE8, 0xCA, 0xE0, 0xA8, 0xC2, 0xE0, 0x09, 0xC3, 0xBA, 0x09, 0xC3, 0x8B, 0x0A, 0xB3, 0x4E, 0x0A, 0xAB, 0x3D,
    0xC9, 0xA2, 0x25, 0xEA, 0xA2, 0x26, 0x69, 0xB3, 0x07, 0xA8, 0x8A, 0x0F, 0x2A, 0xC3, 0x56, 0x25, 0xB2, 0xF0, 0x83, 0xB1, 0xFE, 0xA3, 0xB9, 0xFD,
    0xA3, 0xB9, 0xFF, 0xA3, 0xB9, 0xFF, 0xA3, 0xB9, 0xFE, 0xA3, 0xB9, 0xFD, 0xA3, 0xB1, 0xFF, 0x46, 0xB2, 0xDE, 0x2A, 0xBB, 0x50, 0xC7, 0x89, 0x09,
    0x00, 0x00, 0x00, 0x00, 0x00, 0x00, 0x00, 0x00, 0x00, 0x00, 0x00, 0x00, 0x00, 0x00, 0x00, 0x00, 0x00, 0x00, 0x00, 0x00, 0x00, 0x00, 0x00, 0x00,
    0x00, 0x00, 0x00, 0x00, 0x00, 0x00, 0x00, 0x00, 0x00, 0x00, 0x00, 0x00, 0x00, 0x00, 0x00, 0x00, 0x00, 0x00, 0x00, 0x00, 0x00, 0x00, 0x00, 0x00,
    0x00, 0x00, 0x00, 0x00, 0x00, 0x00, 0x00, 0x00, 0x00, 0x00, 0x00, 0x00, 0x00, 0x00, 0x00, 0x00, 0x00, 0x00, 0xFF, 0xFF, 0x03, 0x00, 0x00, 0x00,
    0xFF, 0xFF, 0x3C, 0xFF, 0xFF, 0xFE, 0xFF, 0xFF, 0xFE, 0xFF, 0xFF, 0xFF, 0xFF, 0xFF, 0xFF, 0xFF, 0xFF, 0xFF, 0xFF, 0xFF, 0xFF, 0xFF, 0xFF, 0xFC,
    0xFF, 0xFF, 0xFF, 0xFF, 0xFF, 0x88, 0x00, 0x00, 0x00, 0xFF, 0xFF, 0x04, 0x00, 0x00, 0x00, 0x00, 0x00, 0x00, 0x00, 0x00, 0x00, 0x00, 0x00, 0x00,
    0x00, 0x00, 0x00, 0x00, 0x00, 0x00, 0x00, 0x00, 0x00, 0x00, 0x00, 0x00, 0x00, 0x00, 0x00, 0x00, 0x00, 0x00, 0x00, 0x00, 0x00, 0x00, 0x00, 0x00,
    0x00, 0x00, 0x00, 0x00, 0x00, 0x00, 0x00, 0x00, 0x00, 0x00, 0x00, 0x00, 0x00, 0x00, 0x00, 0xFF, 0xFF, 0x01, 0x00, 0x00, 0x00, 0xFF, 0xFF, 0x0D,
    0xFF, 0xFF, 0xE1, 0xFF, 0xFF, 0xFF, 0xFF, 0xFF, 0xFD, 0xFF, 0xFF, 0xFF, 0xFF, 0xFF, 0xFF, 0xFF, 0xFF, 0xFD, 0xFF, 0xFF, 0xFF, 0xFF, 0xFF, 0xD8,
    0xFF, 0xFF, 0x09, 0x00, 0x00, 0x00, 0xFF, 0xFF, 0x01, 0x00, 0x00, 0x00, 0x00, 0x00, 0x00, 0x00, 0x00, 0x00, 0x00, 0x00, 0x00, 0x00, 0x00, 0x00,
    0xFF, 0xFF, 0x03, 0x00, 0x00, 0x00, 0xDF, 0xFF, 0x47, 0xFF, 0xFF, 0xFF, 0xFF, 0xFF, 0xFD, 0xFF, 0xFF, 0xFF, 0xFF, 0xFF, 0xFF, 0xFF, 0xFF, 0xFF,
    0xFF, 0xFF, 0xFF, 0xFF, 0xFF, 0xFF, 0xFF, 0xFF, 0xFF, 0xFF, 0xFF, 0xFF, 0xFF, 0xFF, 0xFC, 0xFF, 0xFF, 0xFC, 0xFF, 0xFF, 0xFC, 0xFF, 0xFF, 0xFC,
    0xFF, 0xFF, 0xFC, 0xFF, 0xFF, 0xFC, 0xFF, 0xFF, 0xFC, 0xFF, 0xFF, 0xFC, 0xFF, 0xFF, 0xFC, 0xFF, 0xFF, 0xFC, 0xFF, 0xFF, 0xFC, 0xFF, 0xFF, 0xFD,
    0xFF, 0xFF, 0xFD, 0xFF, 0xFF, 0xFC, 0xFF, 0xFF, 0xFD, 0xFF, 0xFF, 0xFF, 0xFF, 0xFF, 0xFF, 0xFF, 0xFF, 0xFF, 0xFF, 0xFF, 0xFF, 0xFF, 0xFF, 0xFF,
    0xFF, 0xFF, 0xFF, 0xFF, 0xFF, 0xFF, 0xFF, 0xFF, 0xFD, 0xFF, 0xFF, 0xFF, 0xBE, 0xF7, 0x43, 0x00, 0x00, 0x00, 0xFF, 0xFF, 0x03, 0x00, 0x00, 0x00,
    0x00, 0x00, 0x00, 0x00, 0x00, 0x00, 0x00, 0x00, 0x00, 0xFF, 0xFF, 0x03, 0x00, 0x00, 0x00, 0xFF, 0xFF, 0x59, 0xFF, 0xFF, 0xFF, 0xFF, 0xFF, 0xFC,
    0xFF, 0xFF, 0xFF, 0xFF, 0xFF, 0xFF, 0xFF, 0xFF, 0xFF, 0xFF, 0xFF, 0xFF, 0xFF, 0xFF, 0xFC, 0xFF, 0xFF, 0xFF, 0xFF, 0xFF, 0x78, 0x00, 0x00, 0x00,
    0xFF, 0xFF, 0x03, 0x00, 0x00, 0x00, 0x00, 0x00, 0x00, 0x00, 0x00, 0x00, 0x00, 0x00, 0x00, 0x00, 0x00, 0x00, 0x00, 0x00, 0x00, 0x00, 0x00, 0x00,
    0x00, 0x00, 0x00, 0x00, 0x00, 0x00, 0x00, 0x00, 0x00, 0x00, 0x00, 0x00, 0x00, 0x00, 0x00, 0x00, 0x00, 0x00, 0x00, 0x00, 0x00, 0x00, 0x00, 0x00,
    0x00, 0x00, 0x00, 0x00, 0x00, 0x00, 0xFF, 0xFF, 0x01, 0x00, 0x00, 0x00, 0xFF, 0xFF, 0x08, 0xFF, 0xFF, 0xD8, 0xFF, 0xFF, 0xFF, 0xFF, 0xFF, 0xFD,
    0xFF, 0xFF, 0xFF, 0xFF, 0xFF, 0xFF, 0xFF, 0xFF, 0xFE, 0xFF, 0xFF, 0xFF, 0xFF, 0xFF, 0xE6, 0xFF, 0xFF, 0x0D, 0x00, 0x00, 0x00, 0xFF, 0xFF, 0x01,
    0x00, 0x00, 0x00, 0x00, 0x00, 0x00, 0x00, 0x00, 0x00, 0x00, 0x00, 0x00, 0xFF, 0xFF, 0x04, 0xFF, 0xFF, 0xD7, 0xFF, 0xFF, 0xFF, 0xFF, 0xFF, 0xFD,
    0xFF, 0xFF, 0xFF, 0xFF, 0xFF, 0xFF, 0xFF, 0xFF, 0xFF, 0xFF, 0xFF, 0xFE, 0xFF, 0xFF, 0xFF, 0xFF, 0xFF, 0xE9, 0xFF, 0xFF, 0x13, 0xFF, 0xFF, 0x02,
    0xFF, 0xFF, 0x02, 0x00, 0x00, 0x00, 0x00, 0x00, 0x00, 0x00, 0x00, 0x00, 0x00, 0x00, 0x00, 0x00, 0x00, 0x00, 0x00, 0x00, 0x00, 0x00, 0x00, 0x00,
    0x00, 0x00, 0x00, 0x00, 0x00, 0x00, 0x00, 0x00, 0x00, 0x00, 0x00, 0x00, 0x00, 0x00, 0x00, 0x00, 0x00, 0x00, 0x00, 0x00, 0x00, 0x00, 0x00, 0x00,
    0x00, 0x00, 0x00, 0x00, 0x00, 0x00, 0xFF, 0xFF, 0x03, 0x00, 0x00, 0x00, 0xFF, 0xFF, 0x73, 0xFF, 0xFF, 0xFF, 0xFF, 0xFF, 0xFC, 0xFF, 0xFF, 0xFF,
    0xFF, 0xFF, 0xFF, 0xFF, 0xFF, 0xFF, 0xFF, 0xFF, 0xFC, 0xFF, 0xFF, 0xFF, 0xFF, 0xFF, 0x61, 0x00, 0x00, 0x00, 0xFF, 0xFF, 0x04, 0x00, 0x00, 0x00,
    0x00, 0x00, 0x00, 0x00, 0x00, 0x00, 0x00, 0x00, 0x00, 0x00, 0x00, 0x00, 0xFF, 0xFF, 0x03, 0x00, 0x00, 0x00, 0xFF, 0xFF, 0x9C, 0xFF, 0xFF, 0xFF,
    0xFF, 0xFF, 0xFC, 0xFF, 0xFF, 0xFF, 0xFF, 0xFF, 0xFF, 0xFF, 0xFF, 0xFF, 0xFF, 0xFF, 0xFB, 0xFF, 0xFF, 0xFF, 0xFF, 0xFF, 0x6B, 0x00, 0x00, 0x00,
    0xFF, 0xFF, 0x01, 0xAC, 0xB3, 0x0D, 0xC4, 0xA1, 0xDB, 0xE4, 0xB9, 0xFD, 0xE5, 0xA1, 0x69, 0x00, 0x00, 0x00, 0xE7, 0x79, 0x04, 0x00, 0x00, 0x00,
    0x00, 0x00, 0x00, 0x00, 0x00, 0x00, 0x00, 0x00, 0x00, 0x00, 0x00, 0x01, 0xE7, 0xBB, 0x04, 0xC9, 0xA2, 0x1C, 0x09, 0xAB, 0x27, 0x0A, 0xBB, 0x7A,
    0x09, 0xC3, 0xD3, 0xE8, 0xC2, 0xF8, 0x46, 0xC2, 0xFF, 0xA3, 0xB9, 0xFF, 0xA3, 0xB9, 0xFF, 0xA3, 0xB9, 0xFF, 0xA3, 0xB9, 0xFF, 0xA3, 0xB9, 0xFF,
    0xA3, 0xB9, 0xFF, 0xA3, 0xB9, 0xFF, 0xA3, 0xB9, 0xFF, 0xA3, 0xB9, 0xFE, 0x05, 0xBA, 0xFA, 0x09, 0xC3, 0xCA, 0xE9, 0xB2, 0x71, 0xA9, 0xA2, 0x38,
    0x09, 0x9B, 0x0D, 0x27, 0x8A, 0x12, 0xC4, 0x99, 0xD6, 0xC4, 0x99, 0xA1, 0x55, 0xAD, 0x03, 0x00, 0x00, 0x00, 0x00, 0x00, 0x00, 0x00, 0x00, 0x00,
    0x00, 0x00, 0x00, 0x00, 0x00, 0x00, 0x00, 0x00, 0x00, 0x00, 0x00, 0x00, 0x00, 0x00, 0x00, 0x00, 0x00, 0x00, 0x00, 0x00, 0x00, 0x00, 0x00, 0x00,
    0x00, 0x78, 0x02, 0x8B, 0xC3, 0x19, 0x67, 0xB2, 0xA0, 0xC4, 0xB1, 0xFF, 0xA3, 0xB9, 0xFD, 0xA3, 0xB9, 0xFF, 0xA3, 0xB9, 0xFF, 0xA3, 0xB9, 0xFF,
    0xA3, 0xB9, 0xFF, 0xA3, 0xB9, 0xFF, 0xA3, 0xB9, 0xFF, 0xA3, 0xB9, 0xFF, 0xA4, 0xB9, 0xFF, 0xA3, 0xB9, 0xFF, 0xA3, 0xB9, 0xFF, 0xA3, 0xB9, 0xFF,
    0xA3, 0xB9, 0xFF, 0xA3, 0xB9, 0xFF, 0xA3, 0xB9, 0xFF, 0x83, 0xB9, 0xFF, 0x05, 0xBA, 0xFC, 0x2A, 0xCB, 0xAD, 0x0A, 0xB3, 0x82, 0x0A, 0xBB, 0x5D,
    0x09, 0xBB, 0x91, 0xE9, 0xC2, 0xC3, 0x25, 0xBA, 0xF5, 0xA3, 0xB9, 0xFF, 0xA3, 0xB9, 0xFD, 0xA3, 0xB9, 0xFE, 0xA3, 0xB9, 0xFF, 0xA3, 0xB9, 0xFF,
    0xA3, 0xB9, 0xFF, 0xA3, 0xB9, 0xFF, 0xA3, 0xB9, 0xFF, 0xA3, 0xB9, 0xFF, 0xA3, 0xB9, 0xFF, 0xA3, 0xB9, 0xFF, 0xA3, 0xB9, 0xFE, 0xA3, 0xB9, 0xFD,
    0xC4, 0xB9, 0xFF, 0x87, 0xBA, 0xDF, 0x09, 0xBB, 0x74, 0x87, 0x92, 0x23, 0xE7, 0x9A, 0x08, 0x69, 0x9A, 0x0A, 0xE7, 0xB9, 0x04, 0xE7, 0xBB, 0x04,
    0xE7, 0x9A, 0x18, 0x2A, 0xC3, 0x88, 0x25, 0xBA, 0xFA, 0x83, 0xB9, 0xFF, 0xA3, 0xB9, 0xFE, 0xA3, 0xB9, 0xFF, 0xA3, 0xB9, 0xFF, 0xA3, 0xB9, 0xFF,
    0x83, 0xB1, 0xFF, 0xE4, 0xB9, 0xFE, 0x29, 0xCB, 0xDC, 0xE9, 0xB2, 0x77, 0xC8, 0xA2, 0x37, 0xA8, 0x9A, 0x24, 0xE7, 0x99, 0x08, 0xAA, 0xAA, 0x09,
    0x00, 0x00, 0x00, 0x26, 0x92, 0x29, 0xA3, 0xA1, 0xFF, 0xC4, 0x99, 0xF4, 0x68, 0x82, 0x17, 0x00, 0x00, 0x00, 0x00, 0x00, 0x00, 0xAA, 0xAA, 0x06,
    0xA7, 0x92, 0x0C, 0xA8, 0xA2, 0x2F, 0xE9, 0xAA, 0x7A, 0xE9, 0xAA, 0x5A, 0xE9, 0xAA, 0x53, 0x2A, 0xBB, 0x90, 0x4A, 0xCB, 0xB6, 0xE9, 0xC2, 0xD6,
    0xA7, 0xC2, 0xFB, 0x05, 0xBA, 0xFE, 0xA3, 0xB1, 0xFF, 0xA3, 0xB9, 0xFF, 0xA3, 0xB9, 0xFF, 0xC4, 0xB9, 0xFF, 0xC4, 0xB9, 0xFF, 0xC4, 0xB9, 0xFF,
    0x25, 0xC2, 0xFF, 0x66, 0xBA, 0xFB, 0x09, 0xC3, 0xCA, 0x09, 0xBB, 0xAB, 0x2A, 0xB3, 0x53, 0xEA, 0xAA, 0x33, 0x0A, 0xAB, 0x15, 0xA9, 0xA2, 0x2D,
    0xC9, 0xAA, 0x38, 0xC8, 0xBA, 0xC3, 0x45, 0xC2, 0xFF, 0x83, 0xB1, 0xFF, 0xA3, 0xB9, 0xFF, 0xA3, 0xB9, 0xFE, 0xA3, 0xB9, 0xFF, 0xA3, 0xB9, 0xFF,
    0x05, 0xB2, 0xFC, 0x09, 0xC3, 0x7D, 0xA8, 0xA2, 0x36, 0xE8, 0xA2, 0x0B, 0x00, 0x00, 0x00, 0x00, 0x00, 0x00, 0x00, 0x00, 0x00, 0x00, 0x00, 0x00,
    0x00, 0x00, 0x00, 0x00, 0x00, 0x00, 0x00, 0x00, 0x00, 0x00, 0x00, 0x00, 0x00, 0x00, 0x00, 0x00, 0x00, 0x00, 0x00, 0x00, 0x00, 0x00, 0x00, 0x00,
    0x00, 0x00, 0x00, 0x00, 0x00, 0x00, 0x00, 0x00, 0x00, 0x00, 0x00, 0x00, 0x00, 0x00, 0x00, 0x00, 0x00, 0x00, 0x00, 0x00, 0x00, 0x00, 0x00, 0x00,
    0x00, 0x00, 0x00, 0x00, 0x00, 0x00, 0xFF, 0xFF, 0x01, 0x00, 0x00, 0x00, 0x3C, 0xE7, 0x0A, 0xFF, 0xFF, 0xDB, 0xFF, 0xFF, 0xFE, 0xFF, 0xFF, 0xFD,
    0xFF, 0xFF, 0xFF, 0xFF, 0xFF, 0xFF, 0xFF, 0xFF, 0xFF, 0xFF, 0xFF, 0xFE, 0xFF, 0xFF, 0xFD, 0xFF, 0xFF, 0xF1, 0xFF, 0xFF, 0x23, 0x00, 0x00, 0x00,
    0xFF, 0xFF, 0x03, 0x00, 0x00, 0x00, 0x00, 0x00, 0x00, 0x00, 0x00, 0x00, 0x00, 0x00, 0x00, 0x00, 0x00, 0x00, 0x00, 0x00, 0x00, 0x00, 0x00, 0x00,
    0x00, 0x00, 0x00, 0x00, 0x00, 0x00, 0x00, 0x00, 0x00, 0x00, 0x00, 0x00, 0x00, 0x00, 0x00, 0x00, 0x00, 0x00, 0x00, 0x00, 0x00, 0x00, 0x00, 0x00,
    0x00, 0x00, 0x00, 0xFF, 0xFF, 0x01, 0x00, 0x00, 0x00, 0xFF, 0xFF, 0x0C, 0xFF, 0xFF, 0xE1, 0xFF, 0xFF, 0xFF, 0xFF, 0xFF, 0xFD, 0xFF, 0xFF, 0xFF,
    0xFF, 0xFF, 0xFF, 0xFF, 0xFF, 0xFD, 0xFF, 0xFF, 0xFF, 0xFF, 0xFF, 0xD8, 0xFF, 0xFF, 0x09, 0x00, 0x00, 0x00, 0xFF, 0xFF, 0x01, 0x00, 0x00, 0x00,
    0x00, 0x00, 0x00, 0x00, 0x00, 0x00, 0x00, 0x00, 0x00, 0x00, 0x00, 0x00, 0xFF, 0xFF, 0x03, 0x00, 0x00, 0x00, 0xFF, 0xFF, 0xB1, 0xFF, 0xFF, 0xFF,
    0xFF, 0xFF, 0xFC, 0xFF, 0xFF, 0xFF, 0xFF, 0xFF, 0xFF, 0xFF, 0xFF, 0xFF, 0xFF, 0xFF, 0xFF, 0xFF, 0xFF, 0xFF, 0xFF, 0xFF, 0xFF, 0xFF, 0xFF, 0xFF,
    0xFF, 0xFF, 0xFF, 0xFF, 0xFF, 0xFF, 0xFF, 0xFF, 0xFF, 0xFF, 0xFF, 0xFF, 0xFF, 0xFF, 0xFF, 0xFF, 0xFF, 0xFF, 0xFF, 0xFF, 0xFF, 0xFF, 0xFF, 0xFF,
    0xFF, 0xFF, 0xFF, 0xFF, 0xFF, 0xFF, 0xFF, 0xFF, 0xFF, 0xFF, 0xFF, 0xFF, 0xFF, 0xFF, 0xFF, 0xFF, 0xFF, 0xFF, 0xFF, 0xFF, 0xFF, 0xFF, 0xFF, 0xFF,
    0xFF, 0xFF, 0xFF, 0xFF, 0xFF, 0xFF, 0xFF, 0xFF, 0xFF, 0xFF, 0xFF, 0xFF, 0xFF, 0xFF, 0xFF, 0xFF, 0xFF, 0xFF, 0xFF, 0xFF, 0xFB, 0xFF, 0xFF, 0xFF,
    0xFF, 0xFF, 0xAE, 0x00, 0x00, 0x00, 0xFF, 0xFF, 0x02, 0x00, 0x00, 0x00, 0x00, 0x00, 0x00, 0x00, 0x00, 0x00, 0x00, 0x00, 0x00, 0xFF, 0xFF, 0x01,
    0x00, 0x00, 0x00, 0xFF, 0xFF, 0x19, 0xFF, 0xFF, 0xF0, 0xFF, 0xFF, 0xFF, 0xFF, 0xFF, 0xFE, 0xFF, 0xFF, 0xFF, 0xFF, 0xFF, 0xFF, 0xFF, 0xFF, 0xFF,
    0xFF, 0xFF, 0xFE, 0xFF, 0xFF, 0xFE, 0xFF, 0xFF, 0xE8, 0xFF, 0xFF, 0x17, 0xFF, 0xFF, 0x01, 0xFF, 0xFF, 0x02, 0x00, 0x00, 0x00, 0x00, 0x00, 0x00,
    0x00, 0x00, 0x00, 0x00, 0x00, 0x00, 0x00, 0x00, 0x00, 0x00, 0x00, 0x00, 0x00, 0x00, 0x00, 0x00, 0x00, 0x00, 0x00, 0x00, 0x00, 0x00, 0x00, 0x00,
    0x00, 0x00, 0x00, 0x00, 0x00, 0x00, 0x00, 0x00, 0x00, 0x00, 0x00, 0x00, 0x00, 0x00, 0x00, 0x00, 0x00, 0x00, 0xFF, 0xFF, 0x01, 0x00, 0x00, 0x00,
    0xFF, 0xFF, 0x08, 0xFF, 0xFF, 0xD8, 0xFF, 0xFF, 0xFF, 0xFF, 0xFF, 0xFD, 0xFF, 0xFF, 0xFF, 0xFF, 0xFF, 0xFF, 0xFF, 0xFF, 0xFE, 0xFF, 0xFF, 0xFF,
    0xFF, 0xFF, 0xE6, 0xFF, 0xFF, 0x0D, 0x00, 0x00, 0x00, 0xFF, 0xFF, 0x01, 0x00, 0x00, 0x00, 0x00, 0x00, 0x00, 0x00, 0x00, 0x00, 0xFF, 0xFF, 0x03,
    0x00, 0x00, 0x00, 0xFF, 0xFF, 0x92, 0xFF, 0xFF, 0xFF, 0xFF, 0xFF, 0xFB, 0xFF, 0xFF, 0xFF, 0xFF, 0xFF, 0xFF, 0xFF, 0xFF, 0xFF, 0xFF, 0xFF, 0xFF,
    0xFF, 0xFF, 0xFC, 0xFF, 0xFF, 0xFF, 0xFF, 0xFF, 0x86, 0x00, 0x00, 0x00, 0xFF, 0xFF, 0x04, 0x00, 0x00, 0x00, 0x00, 0x00, 0x00, 0x00, 0x00, 0x00,
    0x00, 0x00, 0x00, 0x00, 0x00, 0x00, 0x00, 0x00, 0x00, 0x00, 0x00, 0x00, 0x00, 0x00, 0x00, 0x00, 0x00, 0x00, 0x00, 0x00, 0x00, 0x00, 0x00, 0x00,
    0x00, 0x00, 0x00, 0x00, 0x00, 0x00, 0x00, 0x00, 0x00, 0x00, 0x00, 0x00, 0x00, 0x00, 0x00, 0x00, 0x00, 0x00, 0xFF, 0xFF, 0x03, 0x00, 0x00, 0x00,
    0xFF, 0xFF, 0x73, 0xFF, 0xFF, 0xFF, 0xFF, 0xFF, 0xFC, 0xFF, 0xFF, 0xFF, 0xFF, 0xFF, 0xFF, 0xFF, 0xFF, 0xFF, 0xFF, 0xFF, 0xFC, 0xFF, 0xFF, 0xFF,
    0xFF, 0xFF, 0x60, 0x00, 0x00, 0x00, 0xFF, 0xFF, 0x04, 0x00, 0x00, 0x00, 0x00, 0x00, 0x00, 0x00, 0x00, 0x00, 0x00, 0x00, 0x00, 0x00, 0x00, 0x00,
    0xFF, 0xFF, 0x03, 0x00, 0x00, 0x00, 0xFF, 0xFF, 0x9C, 0xFF, 0xFF, 0xFF, 0xFF, 0xFF, 0xFC, 0xFF, 0xFF, 0xFF, 0xFF, 0xFF, 0xFF, 0xFF, 0xFF, 0xFF,
    0xFF, 0xFF, 0xFB, 0xFF, 0xFF, 0xFF, 0xFF, 0xFF, 0x6C, 0x00, 0x00, 0x00, 0xFF, 0xFF, 0x04, 0x4A, 0xAD, 0x03, 0xC4, 0x91, 0xBA, 0xE5, 0xA9, 0xFF,
    0xC5, 0x91, 0x5A, 0x00, 0x00, 0x00, 0xA0, 0xAA, 0x03, 0x00, 0x00, 0x00, 0x00, 0x00, 0x00, 0x00, 0x00, 0x00, 0x00, 0x00, 0x00, 0x00, 0x00, 0x00,
    0x00, 0x00, 0x00, 0x2C, 0xCB, 0x05, 0x09, 0xA3, 0x37, 0x0A, 0xB3, 0x55, 0x4A, 0xBB, 0x7E, 0x0A, 0xC3, 0xBA, 0xC8, 0xC2, 0xE4, 0xE4, 0xB9, 0xFF,
    0xA3, 0xB1, 0xFE, 0x83, 0xB1, 0xFF, 0xA3, 0xB1, 0xFF, 0xA3, 0xB9, 0xFF, 0xA3, 0xB9, 0xFF, 0xA3, 0xB9, 0xFF, 0xA3, 0xB9, 0xFF, 0xA3, 0xB9, 0xFD,
    0xC4, 0xB9, 0xFF, 0x67, 0xBA, 0xD6, 0x0A, 0xBB, 0x67, 0x68, 0x9A, 0x21, 0xA7, 0xAA, 0x09, 0xEF, 0xFB, 0x02, 0x8A, 0xAB, 0x09, 0x2C, 0x9B, 0x05,
    0x00, 0x00, 0x00, 0x05, 0x9A, 0x39, 0xE5, 0x99, 0x6C, 0x47, 0xAA, 0x15, 0x00, 0x00, 0x01, 0x00, 0xF8, 0x01, 0x00, 0x00, 0x00, 0x00, 0x00, 0x00,
    0x00, 0x00, 0x00, 0x00, 0x00, 0x00, 0x00, 0xF8, 0x01, 0x25, 0x8A, 0x0B, 0x2A, 0xBB, 0x1B, 0x87, 0xB2, 0xA0, 0xE5, 0xB1, 0xFD, 0xA3, 0xB9, 0xFD,
    0xA3, 0xB9, 0xFF, 0xA3, 0xB9, 0xFF, 0xA3, 0xB9, 0xFF, 0xA3, 0xB9, 0xFF, 0xA3, 0xB9, 0xFF, 0xA3, 0xB9, 0xFF, 0xA3, 0xB9, 0xFF, 0xE4, 0xB9, 0xFE,
    0x05, 0xBA, 0xFC, 0xA3, 0xB1, 0xFF, 0x83, 0xB1, 0xFF, 0xA3, 0xB9, 0xFF, 0xA3, 0xB9, 0xFF, 0xA3, 0xB9, 0xFF, 0xA3, 0xB9, 0xFF, 0xA3, 0xB9, 0xFD,
    0xE4, 0xB9, 0xFF, 0xE9, 0xC2, 0xC9, 0x0A, 0xBB, 0x3B, 0xC8, 0xA2, 0x2B, 0xC9, 0xAA, 0x47, 0xEA, 0xB2, 0x5B, 0x09, 0xC3, 0x86, 0x66, 0xBA, 0xE8,
    0xA3, 0xB9, 0xFF, 0xA3, 0xB9, 0xFF, 0xA3, 0xB9, 0xFF, 0xA3, 0xB9, 0xFF, 0xA3, 0xB9, 0xFF, 0xA3, 0xB9, 0xFF, 0xA3, 0xB9, 0xFF, 0xC3, 0xB9, 0xFF,
    0xA3, 0xB9, 0xFF, 0xA3, 0xB9, 0xFF, 0xA3, 0xB9, 0xFF, 0xA3, 0xB9, 0xFF, 0xA3, 0xB9, 0xFD, 0xE4, 0xB9, 0xFF, 0xA8, 0xC2, 0xC3, 0xE9, 0xB2, 0x48,
    0xA8, 0xA2, 0x23, 0x00, 0x00, 0x01, 0xEF, 0xFB, 0x02, 0x09, 0xAB, 0x15, 0x49, 0x92, 0x07, 0x09, 0xC3, 0x4F, 0xE4, 0xB1, 0xFC, 0x83, 0xB9, 0xFF,
    0xA3, 0xB9, 0xFE, 0xA3, 0xB9, 0xFF, 0xA3, 0xB9, 0xFF, 0xA3, 0xB9, 0xFF, 0x83, 0xB1, 0xFE, 0xC4, 0xB9, 0xFF, 0xC8, 0xC2, 0xD7, 0x0A, 0xBB, 0x78,
    0xC9, 0xA2, 0x66, 0xEA, 0xA2, 0x16, 0x00, 0xF8, 0x01, 0xE0, 0x7B, 0x02, 0x00, 0x00, 0x00, 0xE5, 0x91, 0x1C, 0xC4, 0xA1, 0xE2, 0xE4, 0x99, 0xD0,
    0x47, 0x82, 0x11, 0xC6, 0xA2, 0x0E, 0x68, 0x9A, 0x3B, 0xC9, 0xAA, 0x35, 0xC9, 0xAA, 0x5F, 0x09, 0xBB, 0x94, 0x09, 0xBB, 0xB3, 0x2A, 0xC3, 0xB5,
    0x09, 0xC3, 0xD4, 0xA7, 0xC2, 0xE7, 0x67, 0xBA, 0xFA, 0x26, 0xBA, 0xF7, 0xA4, 0xB1, 0xFF, 0xC4, 0xB9, 0xFF, 0xA3, 0xB9, 0xFE, 0xA3, 0xB9, 0xFE,
    0xA3, 0xB9, 0xFE, 0xA3, 0xB9, 0xFE, 0xA3, 0xB9, 0xFE, 0xA3, 0xB9, 0xFE, 0x83, 0xB9, 0xFF, 0xE4, 0xB9, 0xFF, 0x46, 0xC2, 0xFF, 0xA7, 0xC2, 0xED,
    0x09, 0xC3, 0xA6, 0xC9, 0xB2, 0x36, 0xC9, 0xAA, 0x2A, 0xCA, 0xAA, 0x1C, 0xC8, 0xA2, 0x1A, 0x2A, 0xBB, 0x66, 0xA8, 0xBA, 0xCC, 0x66, 0xC2, 0xF1,
    0xE4, 0xB1, 0xFF, 0xE4, 0xB9, 0xFF, 0x46, 0xBA, 0xF5, 0x67, 0xBA, 0xEA, 0xC8, 0xBA, 0xB1, 0x09, 0xB3, 0x6E, 0xC8, 0x9A, 0x1A, 0xFF, 0xFF, 0x01,
    0x00, 0x00, 0x00, 0x00, 0x00, 0x00, 0x00, 0x00, 0x00, 0x00, 0x00, 0x00, 0x00, 0x00, 0x00, 0x00, 0x00, 0x00, 0x00, 0x00, 0x00, 0x00, 0x00, 0x00,
    0x00, 0x00, 0x00, 0x00, 0x00, 0x00, 0x00, 0x00, 0x00, 0x00, 0x00, 0x00, 0x00, 0x00, 0x00, 0x00, 0x00, 0x00, 0x00, 0x00, 0x00, 0x00, 0x00, 0x00,
    0x00, 0x00, 0x00, 0x00, 0x00, 0x00, 0x00, 0x00, 0x00, 0x00, 0x00, 0x00, 0x00, 0x00, 0x00, 0x00, 0x00, 0x00, 0x00, 0x00, 0x00, 0xFF, 0xFF, 0x03,
    0x00, 0x00, 0x00, 0xFF, 0xFF, 0x82, 0xFF, 0xFF, 0xFF, 0xFF, 0xFF, 0xFC, 0xFF, 0xFF, 0xFF, 0xFF, 0xFF, 0xFF, 0xFF, 0xFF, 0xFF, 0xFF, 0xFF, 0xFF,
    0xFF, 0xFF, 0xFC, 0xFF, 0xFF, 0xFF, 0xFF, 0xFF, 0xBE, 0x00, 0x00, 0x00, 0xFF, 0xFF, 0x03, 0xFF, 0xFF, 0x01, 0x00, 0x00, 0x00, 0x00, 0x00, 0x00,
    0x00, 0x00, 0x00, 0x00, 0x00, 0x00, 0x00, 0x00, 0x00, 0x00, 0x00, 0x00, 0x00, 0x00, 0x00, 0x00, 0x00, 0x00, 0x00, 0x00, 0x00, 0x00, 0x00, 0x00,
    0x00, 0x00, 0x00, 0x00, 0x00, 0x00, 0x00, 0x00, 0x00, 0x00, 0x00, 0x00, 0x00, 0x00, 0x00, 0xFF, 0xFF, 0x01, 0x00, 0x00, 0x00, 0xFF, 0xFF, 0x0C,
    0xFF, 0xFF, 0xE1, 0xFF, 0xFF, 0xFF, 0xFF, 0xFF, 0xFD, 0xFF, 0xFF, 0xFF, 0xFF, 0xFF, 0xFF, 0xFF, 0xFF, 0xFD, 0xFF, 0xFF, 0xFF, 0xFF, 0xFF, 0xD8,
    0xFF, 0xFF, 0x09, 0x00, 0x00, 0x00, 0xFF, 0xFF, 0x01, 0x00, 0x00, 0x00, 0x00, 0x00, 0x00, 0x00, 0x00, 0x00, 0x00, 0x00, 0x00, 0xFF, 0xFF, 0x03,
    0x00, 0x00, 0x01, 0xDF, 0xFF, 0x2E, 0xFF, 0xFF, 0xFA, 0xFF, 0xFF, 0xFE, 0xFF, 0xFF, 0xFE, 0xFF, 0xFF, 0xFF, 0xFF, 0xFF, 0xFF, 0xFF, 0xFF, 0xFF,
    0xFF, 0xFF, 0xFF, 0xFF, 0xFF, 0xFF, 0xFF, 0xFF, 0xFF, 0xFF, 0xFF, 0xFF, 0xFF, 0xFF, 0xFF, 0xFF, 0xFF, 0xFF, 0xFF, 0xFF, 0xFF, 0xFF, 0xFF, 0xFF,
    0xFF, 0xFF, 0xFF, 0xFF, 0xFF, 0xFF, 0xFF, 0xFF, 0xFF, 0xFF, 0xFF, 0xFF, 0xFF, 0xFF, 0xFF, 0xFF, 0xFF, 0xFF, 0xFF, 0xFF, 0xFF, 0xFF, 0xFF, 0xFF,
    0xFF, 0xFF, 0xFF, 0xFF, 0xFF, 0xFF, 0xFF, 0xFF, 0xFF, 0xFF, 0xFF, 0xFF, 0xFF, 0xFF, 0xFF, 0xFF, 0xFF, 0xFF, 0xFF, 0xFF, 0xFF, 0xFF, 0xFF, 0xFF,
    0xFF, 0xFF, 0xFF, 0xFF, 0xFF, 0xFF, 0xFF, 0xFF, 0xFE, 0xFF, 0xFF, 0xFE, 0xFF, 0xFF, 0xFA, 0xFF, 0xFF, 0x29, 0xFF, 0xFF, 0x01, 0xFF, 0xFF, 0x03,
    0x00, 0x00, 0x00, 0x00, 0x00, 0x00, 0x00, 0x00, 0x00, 0x00, 0x00, 0x00, 0xFF, 0xFF, 0x03, 0x00, 0x00, 0x00, 0xFF, 0xFF, 0xA4, 0xFF, 0xFF, 0xFF,
    0xFF, 0xFF, 0xFC, 0xFF, 0xFF, 0xFF, 0xFF, 0xFF, 0xFF, 0xFF, 0xFF, 0xFF, 0xFF, 0xFF, 0xFF, 0xFF, 0xFF, 0xFC, 0xFF, 0xFF, 0xFF, 0xFF, 0xFF, 0xAB,
    0x00, 0x00, 0x00, 0xFF, 0xFF, 0x04, 0xFF, 0xFF, 0x01, 0x00, 0x00, 0x00, 0x00, 0x00, 0x00, 0x00, 0x00, 0x00, 0x00, 0x00, 0x00, 0x00, 0x00, 0x00,
    0x00, 0x00, 0x00, 0x00, 0x00, 0x00, 0x00, 0x00, 0x00, 0x00, 0x00, 0x00, 0x00, 0x00, 0x00, 0x00, 0x00, 0x00, 0x00, 0x00, 0x00, 0x00, 0x00, 0x00,
    0x00, 0x00, 0x00, 0x00, 0x00, 0x00, 0xFF, 0xFF, 0x01, 0x00, 0x00, 0x00, 0xFF, 0xFF, 0x08, 0xFF, 0xFF, 0xD8, 0xFF, 0xFF, 0xFF, 0xFF, 0xFF, 0xFD,
    0xFF, 0xFF, 0xFF, 0xFF, 0xFF, 0xFF, 0xFF, 0xFF, 0xFE, 0xFF, 0xFF, 0xFF, 0xFF, 0xFF, 0xE8, 0xFF, 0xFF, 0x0D, 0x00, 0x00, 0x00, 0xFF, 0xFF, 0x01,
    0x00, 0x00, 0x00, 0x00, 0x00, 0x00, 0x00, 0x00, 0x00, 0xFF, 0xFF, 0x03, 0x00, 0x00, 0x00, 0xFF, 0xFF, 0x3A, 0xFF, 0xFF, 0xFF, 0xFF, 0xFF, 0xFE,
    0xFF, 0xFF, 0xFF, 0xFF, 0xFF, 0xFF, 0xFF, 0xFF, 0xFF, 0xFF, 0xFF, 0xFF, 0xFF, 0xFF, 0xFE, 0xFF, 0xFF, 0xFD, 0xFF, 0xFF, 0xF6, 0xFF, 0xFF, 0x35,
    0x00, 0x00, 0x00, 0xFF, 0xFF, 0x03, 0x00, 0x00, 0x00, 0x00, 0x00, 0x00, 0x00, 0x00, 0x00, 0x00, 0x00, 0x00, 0x00, 0x00, 0x00, 0x00, 0x00, 0x00,
    0x00, 0x00, 0x00, 0x00, 0x00, 0x00, 0x00, 0x00, 0x00, 0x00, 0x00, 0x00, 0x00, 0x00, 0x00, 0x00, 0x00, 0x00, 0x00, 0x00, 0x00, 0x00, 0x00, 0x00,
    0x00, 0x00, 0x00, 0x00, 0x00, 0x00, 0xFF, 0xFF, 0x03, 0x00, 0x00, 0x00, 0xFF, 0xFF, 0x73, 0xFF, 0xFF, 0xFF, 0xFF, 0xFF, 0xFC, 0xFF, 0xFF, 0xFF,
    0xFF, 0xFF, 0xFF, 0xFF, 0xFF, 0xFF, 0xFF, 0xFF, 0xFC, 0xFF, 0xFF, 0xFF, 0xFF, 0xFF, 0x60, 0x00, 0x00, 0x00, 0xFF, 0xFF, 0x04, 0x00, 0x00, 0x00,
    0x00, 0x00, 0x00, 0x00, 0x00, 0x00, 0x00, 0x00, 0x00, 0x00, 0x00, 0x00, 0xFF, 0xFF, 0x03, 0x00, 0x00, 0x00, 0xFF, 0xFF, 0x9C, 0xFF, 0xFF, 0xFF,
    0xFF, 0xFF, 0xFC, 0xFF, 0xFF, 0xFF, 0xFF, 0xFF, 0xFF, 0xFF, 0xFF, 0xFF, 0xFF, 0xFF, 0xFB, 0xFF, 0xFF, 0xFF, 0xFF, 0xFF, 0x6C, 0x00, 0x00, 0x00,
    0x79, 0xFE, 0x05, 0x00, 0x00, 0x00, 0x06, 0x8A, 0x22, 0xE5, 0x89, 0x57, 0xE7, 0x79, 0x08, 0x00, 0x00, 0x00, 0x00, 0x00, 0x00, 0x00, 0x00, 0x00,
    0x00, 0x00, 0x00, 0x00, 0x00, 0x00, 0x00, 0x00, 0x00, 0x00, 0x00, 0x00, 0x00, 0x00, 0x00, 0xE0, 0x07, 0x01, 0x0A, 0x9B, 0x22, 0x0A, 0xA3, 0x34,
    0xEA, 0xA2, 0x5F, 0x2A, 0xBB, 0x70, 0x09, 0xC3, 0xC8, 0xE8, 0xCA, 0xFA, 0x05, 0xBA, 0xFF, 0x83, 0xB1, 0xFF, 0xA3, 0xB1, 0xFF, 0xA3, 0xB9, 0xFF,
    0xA3, 0xB9, 0xFF, 0xA3, 0xB9, 0xFF, 0xA3, 0xB9, 0xFF, 0xA3, 0xB9, 0xFF, 0xA3, 0xB9, 0xFE, 0x05, 0xB2, 0xF6, 0xA8, 0xB2, 0x92, 0xA8, 0xA2, 0x36,
    0x29, 0xB3, 0x0A, 0x44, 0x92, 0x07, 0x00, 0x00, 0x00, 0x00, 0x00, 0x00, 0x05, 0x92, 0x2B, 0xA4, 0xA1, 0xEF, 0xC4, 0xB9, 0xFF, 0xE4, 0x99, 0x9D,
    0x00, 0x00, 0x00, 0xE0, 0xFB, 0x02, 0x00, 0x00, 0x00, 0x00, 0x00, 0x00, 0x49, 0xB2, 0x07, 0xC7, 0x89, 0x09, 0xA9, 0xAA, 0x15, 0xE9, 0xB2, 0x57,
    0x87, 0xBA, 0xAC, 0x05, 0xB2, 0xF7, 0xA3, 0xB9, 0xFF, 0xA3, 0xB9, 0xFE, 0xA3, 0xB9, 0xFF, 0xA3, 0xB9, 0xFF, 0xA3, 0xB9, 0xFF, 0xA3, 0xB9, 0xFF,
    0xA3, 0xB9, 0xFF, 0xA3, 0xB9, 0xFE, 0xC3, 0xB9, 0xFF, 0xA7, 0xCA, 0xE8, 0xE8, 0xCA, 0xE1, 0xE4, 0xB9, 0xFF, 0x83, 0xB1, 0xFF, 0xA3, 0xB9, 0xFF,
    0xA3, 0xB9, 0xFF, 0xA3, 0xB9, 0xFF, 0xA3, 0xB9, 0xFF, 0xA3, 0xB9, 0xFD, 0xC4, 0xB9, 0xFF, 0xC8, 0xC2, 0xCE, 0x4A, 0xBB, 0x3D, 0xA7, 0xAA, 0x0C,
    0x86, 0x99, 0x05, 0x88, 0xA2, 0x16, 0xC9, 0xAA, 0x4A, 0xEA, 0xBA, 0x79, 0xC8, 0xC2, 0xB5, 0x25, 0xBA, 0xF0, 0xA3, 0xB9, 0xFF, 0xA3, 0xB9, 0xFE,
    0xA3, 0xB9, 0xFE, 0xA3, 0xB9, 0xFF, 0xA3, 0xB9, 0xFF, 0xA3, 0xB9, 0xFF, 0xA3, 0xB9, 0xFF, 0xA3, 0xB9, 0xFF, 0xA4, 0xB9, 0xFF, 0xA3, 0xB9, 0xFF,
    0xA3, 0xB9, 0xFF, 0xA3, 0xB9, 0xFE, 0xC4, 0xB1, 0xFF, 0x05, 0xAA, 0xD8, 0xA8, 0xB2, 0x80, 0xE9, 0xAA, 0x1B, 0xA5, 0x7A, 0x06, 0xC9, 0xA2, 0x55,
    0xE9, 0xA2, 0x2B, 0xA7, 0xB2, 0x76, 0xE4, 0xB9, 0xFE, 0x83, 0xB9, 0xFE, 0xA3, 0xB9, 0xFF, 0xA3, 0xB9, 0xFF, 0xA3, 0xB9, 0xFF, 0xA3, 0xB9, 0xFF,
    0x83, 0xB1, 0xFE, 0xC4, 0xB9, 0xFF, 0xA7, 0xC2, 0xEC, 0x09, 0xBB, 0x6F, 0xC9, 0xAA, 0x4F, 0xC9, 0xA2, 0x22, 0xA9, 0xA2, 0x1B, 0xAA, 0xAA, 0x03,
    0xE7, 0x79, 0x04, 0x00, 0x00, 0x00, 0x49, 0x82, 0x15, 0x68, 0x9A, 0x24, 0xA8, 0xA2, 0x1D, 0xC8, 0xB2, 0x6B, 0x09, 0xBB, 0xC2, 0x09, 0xC3, 0xB5,
    0x09, 0xC3, 0xC0, 0x2A, 0xCB, 0xDD, 0xE8, 0xC2, 0xE3, 0x66, 0xBA, 0xFB, 0x25, 0xBA, 0xFF, 0xC4, 0xB9, 0xFF, 0xA3, 0xB9, 0xFF, 0xA3, 0xB9, 0xFF,
    0xA3, 0xB9, 0xFF, 0xA3, 0xB9, 0xFF, 0xA3, 0xB9, 0xFF, 0xA3, 0xB9, 0xFF, 0xA3, 0xB9, 0xFF, 0xA3, 0xB9, 0xFF, 0xA3, 0xB9, 0xFF, 0xA3, 0xB9, 0xFF,
    0xA3, 0xB9, 0xFF, 0xA3, 0xB9, 0xFF, 0x83, 0xB1, 0xFE, 0xC4, 0xB1, 0xFE, 0xC7, 0xCA, 0xFF, 0xC8, 0xBA, 0xBC, 0x0A, 0xBB, 0x52, 0x0A, 0xAB, 0x42,
    0xEA, 0xA2, 0x23, 0x88, 0xA2, 0x16, 0x09, 0xB3, 0x41, 0x4A, 0xC3, 0x81, 0xE9, 0xC2, 0xB3, 0xE9, 0xC2, 0xBC, 0x29, 0xC3, 0xA0, 0x2A, 0xBB, 0x7B,
    0xE9, 0xAA, 0x4C, 0xC9, 0xA2, 0x36, 0x88, 0x92, 0x16, 0xE0, 0x7B, 0x02, 0x00, 0x00, 0x00, 0x00, 0x00, 0x00, 0x00, 0x00, 0x00, 0x00, 0x00, 0x00,
    0x00, 0x00, 0x00, 0x00, 0x00, 0x00, 0x00, 0x00, 0x00, 0x00, 0x00, 0x00, 0x00, 0x00, 0x00, 0x00, 0x00, 0x00, 0x00, 0x00, 0x00, 0x00, 0x00, 0x00,
    0x00, 0x00, 0x00, 0x00, 0x00, 0x00, 0x00, 0x00, 0x00, 0x00, 0x00, 0x00, 0x00, 0x00, 0x00, 0x00, 0x00, 0x00, 0x00, 0x00, 0x00, 0x00, 0x00, 0x00,
    0x00, 0x00, 0x00, 0x00, 0x00, 0x00, 0x00, 0x00, 0x00, 0xFF, 0xFF, 0x02, 0x00, 0x00, 0x00, 0xFF, 0xFF, 0x1D, 0xFF, 0xFF, 0xF1, 0xFF, 0xFF, 0xFE,
    0xFF, 0xFF, 0xFE, 0xFF, 0xFF, 0xFF, 0xFF, 0xFF, 0xFF, 0xFF, 0xFF, 0xFF, 0xFF, 0xFF, 0xFF, 0xFF, 0xFF, 0xFC, 0xFF, 0xFF, 0xFF, 0xFF, 0xFF, 0x89,
    0x00, 0x00, 0x00, 0xFF, 0xFF, 0x04, 0xFF, 0xFF, 0x02, 0x00, 0x00, 0x00, 0x00, 0x00, 0x00, 0x00, 0x00, 0x00, 0x00, 0x00, 0x00, 0x00, 0x00, 0x00,
    0x00, 0x00, 0x00, 0x00, 0x00, 0x00, 0x00, 0x00, 0x00, 0x00, 0x00, 0x00, 0x00, 0x00, 0x00, 0x00, 0x00, 0x00, 0x00, 0x00, 0x00, 0x00, 0x00, 0x00,
    0x00, 0x00, 0x00, 0xFF, 0xFF, 0x01, 0x00, 0x00, 0x00, 0xFF, 0xFF, 0x0C, 0xFF, 0xFF, 0xE1, 0xFF, 0xFF, 0xFF, 0xFF, 0xFF, 0xFD, 0xFF, 0xFF, 0xFF,
    0xFF, 0xFF, 0xFF, 0xFF, 0xFF, 0xFD, 0xFF, 0xFF, 0xFF, 0xFF, 0xFF, 0xD9, 0xFF, 0xFF, 0x09, 0x00, 0x00, 0x00, 0xFF, 0xFF, 0x01, 0x00, 0x00, 0x00,
    0x00, 0x00, 0x00, 0x00, 0x00, 0x00, 0x00, 0x00, 0x00, 0xFF, 0xFF, 0x03, 0x00, 0x00, 0x00, 0xFF, 0xFF, 0x96, 0xFF, 0xFF, 0xFF, 0xFF, 0xFF, 0xFB,
    0xFF, 0xFF, 0xFF, 0xFF, 0xFF, 0xFF, 0xFF, 0xFF, 0xFF, 0xFF, 0xFF, 0xFF, 0xFF, 0xFF, 0xFE, 0xFF, 0xFF, 0xFB, 0xFF, 0xFF, 0xFB, 0xFF, 0xFF, 0xFB,
    0xFF, 0xFF, 0xFB, 0xFF, 0xFF, 0xFB, 0xFF, 0xFF, 0xFB, 0xFF, 0xFF, 0xFB, 0xFF, 0xFF, 0xFB, 0xFF, 0xFF, 0xFB, 0xFF, 0xFF, 0xFB, 0xFF, 0xFF, 0xFB,
    0xFF, 0xFF, 0xFB, 0xFF, 0xFF, 0xFB, 0xFF, 0xFF, 0xFB, 0xFF, 0xFF, 0xFB, 0xFF, 0xFF, 0xFB, 0xFF, 0xFF, 0xFB, 0xFF, 0xFF, 0xFB, 0xFF, 0xFF, 0xFB,
    0xFF, 0xFF, 0xFB, 0xFF, 0xFF, 0xFB, 0xFF, 0xFF, 0xFE, 0xFF, 0xFF, 0xFF, 0xFF, 0xFF, 0xFF, 0xFF, 0xFF, 0xFF, 0xFF, 0xFF, 0xFF, 0xFF, 0xFF, 0xFC,
    0xFF, 0xFF, 0xFF, 0xFF, 0xFF, 0x92, 0x00, 0x00, 0x00, 0xFF, 0xFF, 0x03, 0x00, 0x00, 0x00, 0x00, 0x00, 0x00, 0x00, 0x00, 0x00, 0x00, 0x00, 0x00,
    0xFF, 0xFF, 0x03, 0x00, 0x00, 0x00, 0xBE, 0xF7, 0x39, 0xFF, 0xFF, 0xFD, 0xFF, 0xFF, 0xFD, 0xFF, 0xFF, 0xFE, 0xFF, 0xFF, 0xFF, 0xFF, 0xFF, 0xFF,
    0xFF, 0xFF, 0xFF, 0xFF, 0xFF, 0xFF, 0xFF, 0xFF, 0xFC, 0xFF, 0xFF, 0xFF, 0xFF, 0xFF, 0x70, 0x00, 0x00, 0x00, 0xFF, 0xFF, 0x05, 0xFF, 0xFF, 0x01,
    0x00, 0x00, 0x00, 0x00, 0x00, 0x00, 0x00, 0x00, 0x00, 0x00, 0x00, 0x00, 0x00, 0x00, 0x00, 0x00, 0x00, 0x00, 0x00, 0x00, 0x00, 0x00, 0x00, 0x00,
    0x00, 0x00, 0x00, 0x00, 0x00, 0x00, 0x00, 0x00, 0x00, 0x00, 0x00, 0x00, 0x00, 0x00, 0x00, 0x00, 0x00, 0x00, 0xFF, 0xFF, 0x01, 0x00, 0x00, 0x00,
    0xFF, 0xFF, 0x08, 0xFF, 0xFF, 0xD8, 0xFF, 0xFF, 0xFF, 0xFF, 0xFF, 0xFD, 0xFF, 0xFF, 0xFF, 0xFF, 0xFF, 0xFF, 0xFF, 0xFF, 0xFE, 0xFF, 0xFF, 0xFF,
    0xFF, 0xFF, 0xE8, 0xFF, 0xFF, 0x0D, 0x00, 0x00, 0x00, 0xFF, 0xFF, 0x01, 0x00, 0x00, 0x00, 0x00, 0x00, 0x00, 0x00, 0x00, 0x00, 0x00, 0x00, 0x00,
    0xFF, 0xFF, 0x01, 0xFF, 0xFF, 0x03, 0xFF, 0xFF, 0xC4, 0xFF, 0xFF, 0xFF, 0xFF, 0xFF, 0xFC, 0xFF, 0xFF, 0xFF, 0xFF, 0xFF, 0xFF, 0xFF, 0xFF, 0xFF,
    0xFF, 0xFF, 0xFF, 0xFF, 0xFF, 0xFD, 0xFF, 0xFF, 0xFF, 0xFF, 0xFF, 0xD8, 0xFF, 0xFF, 0x15, 0x00, 0x00, 0x00, 0xFF, 0xFF, 0x04, 0x00, 0x00, 0x00,
    0x00, 0x00, 0x00, 0x00, 0x00, 0x00, 0x00, 0x00, 0x00, 0x00, 0x00, 0x00, 0x00, 0x00, 0x00, 0x00, 0x00, 0x00, 0x00, 0x00, 0x00, 0x00, 0x00, 0x00,
    0x00, 0x00, 0x00, 0x00, 0x00, 0x00, 0x00, 0x00, 0x00, 0x00, 0x00, 0x00, 0x00, 0x00, 0x00, 0x00, 0x00, 0x00, 0xFF, 0xFF, 0x03, 0x00, 0x00, 0x00,
    0xFF, 0xFF, 0x73, 0xFF, 0xFF, 0xFF, 0xFF, 0xFF, 0xFC, 0xFF, 0xFF, 0xFF, 0xFF, 0xFF, 0xFF, 0xFF, 0xFF, 0xFF, 0xFF, 0xFF, 0xFC, 0xFF, 0xFF, 0xFF,
    0xFF, 0xFF, 0x60, 0x00, 0x00, 0x00, 0xFF, 0xFF, 0x04, 0x00, 0x00, 0x00, 0x00, 0x00, 0x00, 0x00, 0x00, 0x00, 0x00, 0x00, 0x00, 0x00, 0x00, 0x00,
    0xFF, 0xFF, 0x03, 0x00, 0x00, 0x00, 0xFF, 0xFF, 0x9B, 0xFF, 0xFF, 0xFF, 0xFF, 0xFF, 0xFC, 0xFF, 0xFF, 0xFF, 0xFF, 0xFF, 0xFF, 0xFF, 0xFF, 0xFF,
    0xFF, 0xFF, 0xFB, 0xFF, 0xFF, 0xFF, 0xFF, 0xFF, 0x6C, 0x00, 0x00, 0x00, 0xFF, 0xFF, 0x04, 0x00, 0x00, 0x00, 0x00, 0x00, 0x00, 0x00, 0x00, 0x00,
    0x00, 0x00, 0x00, 0x00, 0x00, 0x00, 0x00, 0x00, 0x00, 0x00, 0x00, 0x00, 0x00, 0x00, 0x00, 0x00, 0x00, 0x00, 0x00, 0x00, 0x00, 0x00, 0x00, 0x00,
    0x00, 0x00, 0x00, 0xEF, 0x7B, 0x02, 0xC9, 0xA2, 0x11, 0x2A, 0xA3, 0x21, 0xC9, 0x9A, 0x1A, 0xE9, 0xA2, 0x46, 0x09, 0xBB, 0xA7, 0x09, 0xC3, 0xDC,
    0x87, 0xC2, 0xF7, 0xA3, 0xB1, 0xFF, 0xA3, 0xB1, 0xFF, 0xA3, 0xB9, 0xFF, 0xA3, 0xB9, 0xFF, 0xA3, 0xB9, 0xFF, 0xA3, 0xB9, 0xFF, 0xA3, 0xB9, 0xFF,
    0xA3, 0xB9, 0xFD, 0x83, 0xB1, 0xFF, 0x87, 0xBA, 0xD2, 0x2A, 0xB3, 0x4C, 0x66, 0x9A, 0x0A, 0xAA, 0xAA, 0x06, 0xE0, 0xB9, 0x04, 0x00, 0x00, 0x00,
    0xE5, 0x91, 0x4A, 0xC4, 0xB1, 0xFF, 0xC3, 0xB9, 0xFF, 0xC4, 0x99, 0xC3, 0x00, 0x00, 0x00, 0x00, 0x78, 0x02, 0x00, 0x78, 0x02, 0x00, 0x00, 0x00,
    0x89, 0xA2, 0x1F, 0xE9, 0xB2, 0x40, 0xC8, 0xBA, 0x8C, 0x25, 0xB2, 0xDC, 0x83, 0xA9, 0xFF, 0x62, 0xB1, 0xFF, 0xA3, 0xB9, 0xFF, 0xA3, 0xB9, 0xFF,
    0xA3, 0xB9, 0xFF, 0xA3, 0xB9, 0xFF, 0xA3, 0xB9, 0xFF, 0xA3, 0xB9, 0xFF, 0xA3, 0xB9, 0xFF, 0x82, 0xB1, 0xFF, 0x05, 0xBA, 0xFF, 0x09, 0xCB, 0xAF,
    0xC8, 0xC2, 0xCE, 0x05, 0xBA, 0xFE, 0x83, 0xB1, 0xFF, 0xA3, 0xB9, 0xFF, 0xA3, 0xB9, 0xFF, 0xA3, 0xB9, 0xFF, 0xA3, 0xB9, 0xFF, 0xA3, 0xB9, 0xFD,
    0xA3, 0xB9, 0xFF, 0x67, 0xBA, 0xD7, 0x4A, 0xBB, 0x57, 0x87, 0x9A, 0x72, 0x29, 0xB3, 0x0A, 0xEF, 0xFB, 0x02, 0x66, 0x9A, 0x0A, 0x89, 0xA2, 0x22,
    0xE9, 0xAA, 0x5A, 0x4A, 0xCB, 0x86, 0x26, 0xBA, 0xE4, 0xC3, 0xB9, 0xFF, 0xA3, 0xB9, 0xFF, 0xA3, 0xB9, 0xFE, 0xA3, 0xB9, 0xFF, 0xA3, 0xB9, 0xFF,
    0xA3, 0xB9, 0xFF, 0xA3, 0xB9, 0xFF, 0xA3, 0xB9, 0xFF, 0xA3, 0xB9, 0xFF, 0xA3, 0xB9, 0xFF, 0xA3, 0xB9, 0xFF, 0x83, 0xB1, 0xFE, 0x83, 0xB1, 0xFF,
    0xE4, 0xA9, 0xE7, 0x87, 0xB2, 0x92, 0xE9, 0xB2, 0x56, 0xC9, 0xB2, 0x7F, 0xE9, 0xB2, 0x86, 0xC8, 0xBA, 0xB2, 0xE4, 0xB9, 0xFF, 0x83, 0xB1, 0xFE,
    0xA3, 0xB9, 0xFF, 0xA3, 0xB9, 0xFF, 0xA3, 0xB9, 0xFF, 0xA3, 0xB9, 0xFF, 0x83, 0xB9, 0xFE, 0xC4, 0xB9, 0xFF, 0x87, 0xC2, 0xF7, 0x09, 0xBB, 0x87,
    0xC9, 0xAA, 0x4B, 0xC9, 0xA2, 0x2E, 0x88, 0x9A, 0x19, 0x46, 0x7A, 0x0E, 0x89, 0xA2, 0x23, 0xA8, 0xA2, 0x45, 0x09, 0xBB, 0x45, 0x29, 0xC3, 0x6B,
    0x09, 0xBB, 0xB1, 0x09, 0xC3, 0xE1, 0xA8, 0xC2, 0xEB, 0x25, 0xBA, 0xFE, 0xC4, 0xB1, 0xFF, 0x05, 0xBA, 0xFF, 0xC3, 0xB1, 0xFF, 0xA3, 0xB1, 0xFF,
    0x83, 0xB1, 0xFF, 0xA3, 0xB1, 0xFE, 0xA3, 0xB1, 0xFF, 0xA3, 0xB9, 0xFF, 0xA3, 0xB9, 0xFF, 0xA3, 0xB9, 0xFF, 0xA3, 0xB9, 0xFF, 0xA3, 0xB9, 0xFF,
    0xA3, 0xB9, 0xFF, 0xA3, 0xB9, 0xFF, 0xA3, 0xB9, 0xFF, 0xA3, 0xB9, 0xFF, 0xA3, 0xB9, 0xFF, 0xA3, 0xB9, 0xFF, 0xA3, 0xB9, 0xFF, 0x82, 0xB1, 0xFE,
    0xE4, 0xB9, 0xFE, 0xE8, 0xCA, 0xE0, 0x2A, 0xC3, 0xA7, 0x0A, 0xAB, 0x72, 0x09, 0xAB, 0x24, 0xC9, 0xB2, 0x0E, 0xE9, 0xAA, 0x21, 0xE9, 0xA2, 0x3A,
    0x2A, 0xB3, 0x35, 0x4A, 0xBB, 0x62, 0x0A, 0xAB, 0x59, 0xE8, 0xA2, 0x2C, 0xC8, 0x9A, 0x28, 0xA8, 0x9A, 0x1E, 0xA8, 0x9A, 0x0F, 0x00, 0x00, 0x00,
    0x00, 0x00, 0x00, 0x00, 0x00, 0x00, 0x00, 0x00, 0x00, 0x00, 0x00, 0x00, 0x00, 0x00, 0x00, 0x00, 0x00, 0x00, 0x00, 0x00, 0x00, 0x00, 0x00, 0x00,
    0x00, 0x00, 0x00, 0x00, 0x00, 0x00, 0x00, 0x00, 0x00, 0x00, 0x00, 0x00, 0x00, 0x00, 0x00, 0x00, 0x00, 0x00, 0x00, 0x00, 0x00, 0x00, 0x00, 0x00,
    0x00, 0x00, 0x00, 0x00, 0x00, 0x00, 0x00, 0x00, 0x00, 0x00, 0x00, 0x00, 0x00, 0x00, 0x00, 0x00, 0x00, 0x00, 0x00, 0x00, 0x00, 0x00, 0x00, 0x00,
    0xFF, 0xFF, 0x03, 0x00, 0x00, 0x00, 0xFF, 0xFF, 0x8B, 0xFF, 0xFF, 0xFF, 0xFF, 0xFF, 0xFB, 0xFF, 0xFF, 0xFF, 0xFF, 0xFF, 0xFF, 0xFF, 0xFF, 0xFF,
    0xFF, 0xFF, 0xFF, 0xFF, 0xFF, 0xFF, 0xFF, 0xFF, 0xFC, 0xFF, 0xFF, 0xFF, 0xFF, 0xFF, 0x7D, 0x00, 0x00, 0x00, 0x00, 0x00, 0x00, 0xFF, 0xFF, 0x03,
    0x00, 0x00, 0x00, 0x00, 0x00, 0x00, 0x00, 0x00, 0x00, 0x00, 0x00, 0x00, 0x00, 0x00, 0x00, 0x00, 0x00, 0x00, 0x00, 0x00, 0x00, 0x00, 0x00, 0x00,
    0x00, 0x00, 0x00, 0x00, 0x00, 0x00, 0x00, 0x00, 0x00, 0x00, 0x00, 0x00, 0x00, 0x00, 0x00, 0xFF, 0xFF, 0x01, 0xFF, 0xFF, 0x01, 0xFF, 0xFF, 0x10,
    0xFF, 0xFF, 0xE3, 0xFF, 0xFF, 0xFF, 0xFF, 0xFF, 0xFD, 0xFF, 0xFF, 0xFF, 0xFF, 0xFF, 0xFF, 0xFF, 0xFF, 0xFD, 0xFF, 0xFF, 0xFF, 0xFF, 0xFF, 0xD9,
    0xFF, 0xFF, 0x0A, 0x00, 0x00, 0x00, 0xFF, 0xFF, 0x01, 0x00, 0x00, 0x00, 0x00, 0x00, 0x00, 0x00, 0x00, 0x00, 0xFF, 0xFF, 0x01, 0x00, 0x00, 0x00,
    0x9E, 0xF7, 0x14, 0xFF, 0xFF, 0xEC, 0xFF, 0xFF, 0xFF, 0xFF, 0xFF, 0xFE, 0xFF, 0xFF, 0xFF, 0xFF, 0xFF, 0xFF, 0xFF, 0xFF, 0xFF, 0xFF, 0xFF, 0xFF,
    0xFF, 0xFF, 0xFF, 0xFF, 0xFF, 0xFF, 0xFF, 0xFF, 0xFF, 0xFF, 0xFF, 0xFF, 0xFF, 0xFF, 0xFF, 0xFF, 0xFF, 0xFF, 0xFF, 0xFF, 0xFF, 0xFF, 0xFF, 0xFF,
    0xFF, 0xFF, 0xFF, 0xFF, 0xFF, 0xFF, 0xFF, 0xFF, 0xFF, 0xFF, 0xFF, 0xFF, 0xFF, 0xFF, 0xFF, 0xFF, 0xFF, 0xFF, 0xFF, 0xFF, 0xFF, 0xFF, 0xFF, 0xFF,
    0xFF, 0xFF, 0xFF, 0xFF, 0xFF, 0xFF, 0xFF, 0xFF, 0xFF, 0xFF, 0xFF, 0xFF, 0xFF, 0xFF, 0xFF, 0xFF, 0xFF, 0xFF, 0xFF, 0xFF, 0xFF, 0xFF, 0xFF, 0xFF,
    0xFF, 0xFF, 0xFF, 0xFF, 0xFF, 0xFF, 0xFF, 0xFF, 0xFF, 0xFF, 0xFF, 0xFE, 0xFF, 0xFF, 0xFE, 0xFF, 0xFF, 0xEF, 0xFF, 0xFF, 0x1F, 0x00, 0x00, 0x00,
    0xFF, 0xFF, 0x02, 0x00, 0x00, 0x00, 0x00, 0x00, 0x00, 0x00, 0x00, 0x00, 0x00, 0x00, 0x00, 0xFF, 0xFF, 0x02, 0x00, 0x00, 0x00, 0xFF, 0xFF, 0xAB,
    0xFF, 0xFF, 0xFF, 0xFF, 0xFF, 0xFC, 0xFF, 0xFF, 0xFF, 0xFF, 0xFF, 0xFF, 0xFF, 0xFF, 0xFF, 0xFF, 0xFF, 0xFF, 0xFF, 0xFF, 0xFE, 0xFF, 0xFF, 0xFC,
    0xFF, 0xFF, 0xFE, 0xFF, 0xFF, 0x63, 0x00, 0x00, 0x00, 0xFF, 0xFF, 0x01, 0xFF, 0xFF, 0x03, 0x00, 0x00, 0x00, 0x00, 0x00, 0x00, 0x00, 0x00, 0x00,
    0x00, 0x00, 0x00, 0x00, 0x00, 0x00, 0x00, 0x00, 0x00, 0x00, 0x00, 0x00, 0x00, 0x00, 0x00, 0x00, 0x00, 0x00, 0x00, 0x00, 0x00, 0x00, 0x00, 0x00,
    0x00, 0x00, 0x00, 0x00, 0x00, 0x00, 0xFF, 0xFF, 0x01, 0xFF, 0xFF, 0x01, 0xFF, 0xFF, 0x0A, 0xFF, 0xFF, 0xD7, 0xFF, 0xFF, 0xFF, 0xFF, 0xFF, 0xFD,
    0xFF, 0xFF, 0xFF, 0xFF, 0xFF, 0xFF, 0xFF, 0xFF, 0xFE, 0xFF, 0xFF, 0xFF, 0xFF, 0xFF, 0xE7, 0xFF, 0xFF, 0x0E, 0x00, 0x00, 0x00, 0xFF, 0xFF, 0x01,
    0x00, 0x00, 0x00, 0x00, 0x00, 0x00, 0x00, 0x00, 0x00, 0x00, 0x00, 0x00, 0xFF, 0xFF, 0x03, 0x00, 0x00, 0x00, 0xDF, 0xFF, 0x49, 0xFF, 0xFF, 0xFF,
    0xFF, 0xFF, 0xFC, 0xFF, 0xFF, 0xFF, 0xFF, 0xFF, 0xFF, 0xFF, 0xFF, 0xFF, 0xFF, 0xFF, 0xFF, 0xFF, 0xFF, 0xFF, 0xFF, 0xFF, 0xFC, 0xFF, 0xFF, 0xFF,
    0xFF, 0xFF, 0xC1, 0xFF, 0xFF, 0x0F, 0x00, 0x00, 0x00, 0xFF, 0xFF, 0x04, 0xFF, 0xFF, 0x01, 0x00, 0x00, 0x00, 0x00, 0x00, 0x00, 0x00, 0x00, 0x00,
    0x00, 0x00, 0x00, 0x00, 0x00, 0x00, 0x00, 0x00, 0x00, 0x00, 0x00, 0x00, 0x00, 0x00, 0x00, 0x00, 0x00, 0x00, 0x00, 0x00, 0x00, 0x00, 0x00, 0x00,
    0x00, 0x00, 0x00, 0x00, 0x00, 0x00, 0xFF, 0xFF, 0x03, 0xFF, 0xFF, 0x02, 0xFF, 0xFF, 0x75, 0xFF, 0xFF, 0xFF, 0xFF, 0xFF, 0xFC, 0xFF, 0xFF, 0xFF,
    0xFF, 0xFF, 0xFF, 0xFF, 0xFF, 0xFF, 0xFF, 0xFF, 0xFC, 0xFF, 0xFF, 0xFF, 0xFF, 0xFF, 0x61, 0x00, 0x00, 0x00, 0xFF, 0xFF, 0x04, 0x00, 0x00, 0x00,
    0x00, 0x00, 0x00, 0x00, 0x00, 0x00, 0x00, 0x00, 0x00, 0x00, 0x00, 0x00, 0xFF, 0xFF, 0x03, 0x00, 0x00, 0x00, 0xFF, 0xFF, 0x9B, 0xFF, 0xFF, 0xFF,
    0xFF, 0xFF, 0xFC, 0xFF, 0xFF, 0xFF, 0xFF, 0xFF, 0xFF, 0xFF, 0xFF, 0xFF, 0xFF, 0xFF, 0xFB, 0xFF, 0xFF, 0xFF, 0xFF, 0xFF, 0x6C, 0x00, 0x00, 0x00,
    0xFF, 0xFF, 0x04, 0x00, 0x00, 0x00, 0x00, 0xF8, 0x01, 0xE7, 0x79, 0x04, 0x00, 0x00, 0x01, 0xE7, 0x79, 0x10, 0xA7, 0x72, 0x09, 0x00, 0x00, 0x00,
    0x00, 0x00, 0x00, 0x00, 0x00, 0x00, 0x00, 0x00, 0x00, 0x00, 0x00, 0x00, 0x00, 0x00, 0x00, 0xAA, 0xAA, 0x06, 0x49, 0x92, 0x07, 0x07, 0x9B, 0x0D,
    0xA8, 0x9A, 0x20, 0x0A, 0xAB, 0x36, 0x09, 0xB3, 0x51, 0x09, 0xC3, 0xB7, 0x67, 0xBA, 0xF9, 0x83, 0xB1, 0xFF, 0xA3, 0xB9, 0xFF, 0xA3, 0xB9, 0xFF,
    0xA3, 0xB9, 0xFF, 0xA3, 0xB9, 0xFF, 0xA3, 0xB9, 0xFF, 0xA3, 0xB9, 0xFF, 0xA3, 0xB9, 0xFE, 0x82, 0xB1, 0xFF, 0x25, 0xB2, 0xFA, 0xE9, 0xB2, 0x5F,
    0xAA, 0x7A, 0x06, 0x09, 0xB3, 0x0D, 0xA0, 0xAA, 0x03, 0x00, 0xF8, 0x01, 0xE7, 0x79, 0x08, 0xC4, 0x91, 0x8F, 0xE4, 0x99, 0xC8, 0x06, 0x9A, 0x4A,
    0x00, 0x00, 0x00, 0x00, 0x78, 0x02, 0xE0, 0x7B, 0x02, 0x67, 0x9A, 0x14, 0x0A, 0xBB, 0x57, 0x67, 0xB2, 0xB9, 0xE4, 0xB9, 0xFF, 0xA3, 0xB9, 0xFF,
    0x83, 0xB1, 0xFD, 0x83, 0xB1, 0xFF, 0xA3, 0xB9, 0xFF, 0xA3, 0xB9, 0xFF, 0xA3, 0xB9, 0xFF, 0xA3, 0xB9, 0xFF, 0xA3, 0xB9, 0xFF, 0xA3, 0xB9, 0xFE,
    0xA3, 0xB9, 0xFE, 0xE4, 0xB9, 0xFD, 0xA8, 0xC2, 0xAD, 0xE9, 0xBA, 0x67, 0x09, 0xCB, 0x91, 0x46, 0xBA, 0xF0, 0x83, 0xB1, 0xFF, 0xA3, 0xB1, 0xFE,
    0xA3, 0xB9, 0xFF, 0xA3, 0xB9, 0xFF, 0xA3, 0xB9, 0xFF, 0xA3, 0xB9, 0xFE, 0x83, 0xB9, 0xFF, 0x66, 0xBA, 0xF4, 0xE9, 0xB2, 0x9D, 0xA8, 0xA2, 0x36,
    0xE7, 0xBB, 0x04, 0x00, 0x00, 0x00, 0x00, 0x00, 0x00, 0xAA, 0xAA, 0x03, 0x67, 0x9A, 0x10, 0x88, 0xA2, 0x3A, 0x0A, 0xBB, 0x7A, 0xA7, 0xC2, 0xC7,
    0x04, 0xB2, 0xF7, 0xA3, 0xB9, 0xFF, 0x83, 0xB9, 0xFE, 0x82, 0xB1, 0xFF, 0xA3, 0xB9, 0xFF, 0xA3, 0xB9, 0xFF, 0xA3, 0xB9, 0xFF, 0xA3, 0xB9, 0xFF,
    0xA3, 0xB9, 0xFF, 0xA3, 0xB9, 0xFF, 0xA3, 0xB9, 0xFF, 0xA3, 0xB9, 0xFD, 0xA3, 0xB9, 0xFF, 0x05, 0xB2, 0xFE, 0xC8, 0xC2, 0xC6, 0xE9, 0xC2, 0x8A,
    0xE9, 0xBA, 0x9C, 0x09, 0xCB, 0xDA, 0x25, 0xBA, 0xFD, 0x83, 0xB1, 0xFF, 0xA3, 0xB9, 0xFF, 0xA3, 0xB9, 0xFF, 0xA3, 0xB9, 0xFF, 0xA3, 0xB9, 0xFF,
    0x83, 0xB9, 0xFF, 0xC4, 0xB9, 0xFF, 0x67, 0xC2, 0xF9, 0x0A, 0xC3, 0x99, 0xC9, 0xAA, 0x87, 0xA8, 0xA2, 0x4C, 0xC9, 0xB2, 0x42, 0xE9, 0xB2, 0x53,
    0x88, 0xB2, 0x8D, 0xA8, 0xBA, 0xC8, 0x46, 0xBA, 0xE8, 0x67, 0xC2, 0xFC, 0x46, 0xBA, 0xFE, 0x26, 0xC2, 0xFD, 0xA4, 0xB9, 0xFF, 0x83, 0xB1, 0xFF,
    0x83, 0xB9, 0xFF, 0x83, 0xB1, 0xFF, 0xA3, 0xB1, 0xFE, 0xA3, 0xB1, 0xFF, 0xA3, 0xB9, 0xFF, 0xA3, 0xB9, 0xFF, 0xA3, 0xB9, 0xFF, 0xA3, 0xB9, 0xFF,
    0xA3, 0xB9, 0xFF, 0xA3, 0xB9, 0xFF, 0xA3, 0xB9, 0xFF, 0xA3, 0xB9, 0xFF, 0xA3, 0xB9, 0xFF, 0xA3, 0xB9, 0xFF, 0xA3, 0xB9, 0xFF, 0xA3, 0xB9, 0xFF,
    0xA3, 0xB9, 0xFF, 0xA3, 0xB9, 0xFF, 0xA3, 0xB1, 0xFF, 0xA3, 0xB1, 0xFF, 0xA3, 0xB9, 0xFF, 0x46, 0xBA, 0xF6, 0x2A, 0xCB, 0xD4, 0x2A, 0xBB, 0x81,
    0x09, 0xAB, 0x3E, 0xE9, 0xA2, 0x20, 0x2A, 0xAB, 0x19, 0x6A, 0xB3, 0x15, 0x09, 0xA3, 0x25, 0xE9, 0xAA, 0x2C, 0xE8, 0xA2, 0x24, 0xE9, 0x9A, 0x10,
    0x09, 0xB3, 0x0D, 0x26, 0x9B, 0x05, 0x00, 0x00, 0x00, 0xEF, 0x7B, 0x02, 0x00, 0x00, 0x00, 0x00, 0x00, 0x00, 0x00, 0x00, 0x00, 0x00, 0x00, 0x00,
    0x00, 0x00, 0x00, 0x00, 0x00, 0x00, 0x00, 0x00, 0x00, 0x00, 0x00, 0x00, 0x00, 0x00, 0x00, 0x00, 0x00, 0x00, 0x00, 0x00, 0x00, 0x00, 0x00, 0x00,
    0x00, 0x00, 0x00, 0x00, 0x00, 0x00, 0x00, 0x00, 0x00, 0x00, 0x00, 0x00, 0x00, 0x00, 0x00, 0x00, 0x00, 0x00, 0x00, 0x00, 0x00, 0x00, 0x00, 0x00,
    0x00, 0x00, 0x00, 0x00, 0x00, 0x00, 0x00, 0x00, 0x00, 0x00, 0x00, 0x00, 0xFF, 0xFF, 0x01, 0xFF, 0xFF, 0x02, 0x9E, 0xF7, 0x16, 0xFF, 0xFF, 0xE6,
    0xFF, 0xFF, 0xFE, 0xFF, 0xFF, 0xFD, 0xFF, 0xFF, 0xFF, 0xFF, 0xFF, 0xFF, 0xFF, 0xFF, 0xFF, 0xFF, 0xFF, 0xFF, 0xFF, 0xFF, 0xFE, 0xFF, 0xFF, 0xFC,
    0xFF, 0xFF, 0xFF, 0xFF, 0xFF, 0x9B, 0xFF, 0xFF, 0x0F, 0x00, 0x00, 0x00, 0xFF, 0xFF, 0x02, 0xFF, 0xFF, 0x03, 0xFF, 0xFF, 0x01, 0x00, 0x00, 0x00,
    0x00, 0x00, 0x00, 0x00, 0x00, 0x00, 0x00, 0x00, 0x00, 0x00, 0x00, 0x00, 0x00, 0x00, 0x00, 0x00, 0x00, 0x00, 0x00, 0x00, 0x00, 0x00, 0x00, 0x00,
    0xFF, 0xFF, 0x01, 0xFF, 0xFF, 0x04, 0x00, 0x00, 0x00, 0x00, 0x00, 0x02, 0xFF, 0xFF, 0xE2, 0xFF, 0xFF, 0xFF, 0xFF, 0xFF, 0xFD, 0xFF, 0xFF, 0xFF,
    0xFF, 0xFF, 0xFF, 0xFF, 0xFF, 0xFD, 0xFF, 0xFF, 0xFF, 0xFF, 0xFF, 0xD9, 0xFF, 0xFF, 0x0A, 0x00, 0x00, 0x00, 0xFF, 0xFF, 0x01, 0x00, 0x00, 0x00,
    0x00, 0x00, 0x00, 0x00, 0x00, 0x00, 0xFF, 0xFF, 0x03, 0x00, 0x00, 0x00, 0xFF, 0xFF, 0x6D, 0xFF, 0xFF, 0xFF, 0xFF, 0xFF, 0xFC, 0xFF, 0xFF, 0xFF,
    0xFF, 0xFF, 0xFF, 0xFF, 0xFF, 0xFF, 0xFF, 0xFF, 0xFE, 0xFF, 0xFF, 0xFF, 0xFF, 0xFF, 0xE1, 0xFF, 0xFF, 0x7D, 0xFF, 0xFF, 0x7E, 0xFF, 0xFF, 0x7E,
    0xDF, 0xFF, 0x80, 0xDF, 0xFF, 0x81, 0xFF, 0xFF, 0x81, 0xFF, 0xFF, 0x81, 0xDF, 0xFF, 0x81, 0xFF, 0xFF, 0x80, 0xDF, 0xFF, 0x80, 0xDF, 0xFF, 0x7F,
    0xDF, 0xFF, 0x80, 0xFF, 0xFF, 0x81, 0xFF, 0xFF, 0x81, 0xFF, 0xFF, 0x81, 0xFF, 0xFF, 0x81, 0xDF, 0xFF, 0x80, 0xDF, 0xFF, 0x7F, 0xFF, 0xFF, 0x7F,
    0xFF, 0xFF, 0x81, 0xFF, 0xFF, 0x8A, 0xFF, 0xFF, 0xF6, 0xFF, 0xFF, 0xFF, 0xFF, 0xFF, 0xFE, 0xFF, 0xFF, 0xFF, 0xFF, 0xFF, 0xFF, 0xFF, 0xFF, 0xFF,
    0xFF, 0xFF, 0xFC, 0xFF, 0xFF, 0xFF, 0xFF, 0xFF, 0x83, 0x00, 0x00, 0x00, 0xFF, 0xFF, 0x03, 0x00, 0x00, 0x00, 0x00, 0x00, 0x00, 0x00, 0x00, 0x00,
    0x00, 0x00, 0x00, 0xFF, 0xFF, 0x01, 0xFF, 0xFF, 0x01, 0xBE, 0xF7, 0x21, 0xFF, 0xFF, 0xF0, 0xFF, 0xFF, 0xFD, 0xFF, 0xFF, 0xFD, 0xFF, 0xFF, 0xFF,
    0xFF, 0xFF, 0xFF, 0xFF, 0xFF, 0xFF, 0xFF, 0xFF, 0xFF, 0xFF, 0xFF, 0xFE, 0xFF, 0xFF, 0xFE, 0xFF, 0xFF, 0xFF, 0xFF, 0xFF, 0x81, 0xFF, 0xFF, 0x02,
    0x00, 0x00, 0x00, 0xFF, 0xFF, 0x03, 0xFF, 0xFF, 0x03, 0xFF, 0xFF, 0x01, 0x00, 0x00, 0x00, 0x00, 0x00, 0x00, 0x00, 0x00, 0x00, 0x00, 0x00, 0x00,
    0x00, 0x00, 0x00, 0x00, 0x00, 0x00, 0x00, 0x00, 0x00, 0x00, 0x00, 0x00, 0x00, 0x00, 0x00, 0xFF, 0xFF, 0x02, 0xFF, 0xFF, 0x04, 0x00, 0x00, 0x00,
    0x00, 0x00, 0x00, 0xFF, 0xFF, 0xD1, 0xFF, 0xFF, 0xFF, 0xFF, 0xFF, 0xFD, 0xFF, 0xFF, 0xFF, 0xFF, 0xFF, 0xFF, 0xFF, 0xFF, 0xFE, 0xFF, 0xFF, 0xFF,
    0xFF, 0xFF, 0xE7, 0xFF, 0xFF, 0x0E, 0x00, 0x00, 0x00, 0xFF, 0xFF, 0x01, 0x00, 0x00, 0x00, 0x00, 0x00, 0x00, 0x00, 0x00, 0x00, 0x00, 0x00, 0x00,
    0x00, 0x00, 0x00, 0xFF, 0xFF, 0x02, 0x00, 0x00, 0x00, 0xFF, 0xFF, 0xAB, 0xFF, 0xFF, 0xFF, 0xFF, 0xFF, 0xFC, 0xFF, 0xFF, 0xFF, 0xFF, 0xFF, 0xFF,
    0xFF, 0xFF, 0xFF, 0xFF, 0xFF, 0xFF, 0xFF, 0xFF, 0xFF, 0xFF, 0xFF, 0xFC, 0xFF, 0xFF, 0xFF, 0xFF, 0xFF, 0xCE, 0xFF, 0xFF, 0x31, 0x00, 0x00, 0x00,
    0x00, 0x00, 0x00, 0xFF, 0xFF, 0x04, 0xFF, 0xFF, 0x02, 0x00, 0x00, 0x00, 0x00, 0x00, 0x00, 0x00, 0x00, 0x00, 0x00, 0x00, 0x00, 0x00, 0x00, 0x00,
    0x00, 0x00, 0x00, 0x00, 0x00, 0x00, 0x00, 0x00, 0x00, 0x00, 0x00, 0x00, 0xFF, 0xFF, 0x01, 0xFF, 0xFF, 0x03, 0xDB, 0xDE, 0x07, 0x00, 0x00, 0x00,
    0xFF, 0xFF, 0x68, 0xFF, 0xFF, 0xFF, 0xFF, 0xFF, 0xFC, 0xFF, 0xFF, 0xFF, 0xFF, 0xFF, 0xFF, 0xFF, 0xFF, 0xFF, 0xFF, 0xFF, 0xFC, 0xFF, 0xFF, 0xFF,
    0xDF, 0xFF, 0x62, 0x00, 0x00, 0x00, 0xFF, 0xFF, 0x04, 0x00, 0x00, 0x00, 0x00, 0x00, 0x00, 0x00, 0x00, 0x00, 0x00, 0x00, 0x00, 0x00, 0x00, 0x00,
    0xFF, 0xFF, 0x03, 0x00, 0x00, 0x00, 0xFF, 0xFF, 0x9B, 0xFF, 0xFF, 0xFF, 0xFF, 0xFF, 0xFC, 0xFF, 0xFF, 0xFF, 0xFF, 0xFF, 0xFF, 0xFF, 0xFF, 0xFF,
    0xFF, 0xFF, 0xFB, 0xFF, 0xFF, 0xFF, 0xFF, 0xFF, 0x6D, 0x00, 0x00, 0x00, 0xFF, 0xFF, 0x03, 0x00, 0x00, 0x00, 0x00, 0x00, 0x00, 0x00, 0x00, 0x00,
    0x00, 0x00, 0x00, 0x67, 0x72, 0x0D, 0xE7, 0x79, 0x08, 0x00, 0x00, 0x00, 0x00, 0x00, 0x00, 0x00, 0x00, 0x00, 0x00, 0x00, 0x00, 0x00, 0x00, 0x00,
    0x00, 0x00, 0x00, 0x00, 0x78, 0x02, 0xAA, 0xAA, 0x03, 0x00, 0x00, 0x00, 0x00, 0x00, 0x00, 0xC9, 0xA2, 0x30, 0xE9, 0xA2, 0x72, 0xA8, 0xAA, 0x72,
    0x87, 0xB2, 0xE9, 0xC4, 0xB1, 0xFF, 0xA3, 0xB1, 0xFF, 0xA3, 0xB9, 0xFF, 0xA3, 0xB9, 0xFF, 0xA3, 0xB9, 0xFF, 0xA3, 0xB9, 0xFF, 0xA3, 0xB9, 0xFF,
    0xA3, 0xB9, 0xFF, 0x62, 0xB1, 0xFF, 0x25, 0xBA, 0xFF, 0xE9, 0xBA, 0x7F, 0x47, 0x92, 0x42, 0x06, 0x8A, 0xA4, 0x00, 0x00, 0x00, 0x00, 0x00, 0x00,
    0x00, 0x00, 0x00, 0x00, 0x00, 0x00, 0x55, 0xAD, 0x03, 0x00, 0x00, 0x00, 0x68, 0x9A, 0x1A, 0x48, 0x92, 0x29, 0xC8, 0xAA, 0x47, 0x09, 0xBB, 0x80,
    0xA7, 0xBA, 0xC8, 0xC4, 0xB1, 0xFF, 0x83, 0xB9, 0xFE, 0xA3, 0xB9, 0xFD, 0xA3, 0xB9, 0xFF, 0xA3, 0xB9, 0xFF, 0xA3, 0xB9, 0xFF, 0xA3, 0xB9, 0xFF,
    0xA3, 0xB9, 0xFF, 0xA3, 0xB9, 0xFF, 0xA3, 0xB9, 0xFF, 0x83, 0xB9, 0xFE, 0xA3, 0xB1, 0xFF, 0x87, 0xBA, 0xC4, 0x4A, 0xBB, 0x58, 0xA9, 0xAA, 0x53,
    0xE9, 0xBA, 0x62, 0x67, 0xBA, 0xDA, 0xA3, 0xB9, 0xFF, 0x83, 0xB1, 0xFE, 0xA3, 0xB9, 0xFF, 0xA3, 0xB9, 0xFF, 0xA3, 0xB9, 0xFF, 0xA3, 0xB9, 0xFF,
    0xA3, 0xB9, 0xFF, 0x05, 0xB2, 0xFC, 0x09, 0xBB, 0x7E, 0x00, 0x00, 0x00, 0x00, 0x00, 0x01, 0x00, 0x00, 0x01, 0x00, 0x00, 0x00, 0x00, 0x00, 0x00,
    0xE0, 0xFF, 0x01, 0xA9, 0x9A, 0x18, 0xA8, 0x9A, 0x30, 0x0A, 0xB3, 0x54, 0xE9, 0xC2, 0x80, 0x87, 0xBA, 0xDD, 0xC4, 0xB9, 0xFF, 0x62, 0xB1, 0xFD,
    0xA3, 0xB9, 0xFE, 0xA3, 0xB9, 0xFF, 0xA3, 0xB9, 0xFF, 0xA3, 0xB9, 0xFF, 0xA3, 0xB9, 0xFF, 0xA3, 0xB9, 0xFF, 0xA3, 0xB9, 0xFF, 0xA3, 0xB9, 0xFF,
    0xA3, 0xB9, 0xFE, 0xA3, 0xB9, 0xFE, 0xC4, 0xB1, 0xFF, 0x87, 0xC2, 0xE0, 0x2A, 0xD3, 0xB4, 0xC8, 0xCA, 0xE5, 0xE4, 0xB9, 0xFE, 0x83, 0xB1, 0xFF,
    0xA3, 0xB9, 0xFF, 0xA3, 0xB9, 0xFF, 0xA4, 0xB9, 0xFF, 0xA3, 0xB9, 0xFF, 0x83, 0xB1, 0xFF, 0xA4, 0xB9, 0xFF, 0xA7, 0xC2, 0xFD, 0xC8, 0xC2, 0xCF,
    0x0A, 0xC3, 0xB5, 0xE9, 0xBA, 0x97, 0x67, 0xBA, 0xC3, 0x26, 0xBA, 0xE4, 0xC4, 0xB1, 0xF8, 0xC4, 0xB9, 0xFF, 0xA3, 0xB9, 0xFF, 0xA3, 0xB9, 0xFF,
    0x83, 0xB9, 0xFF, 0x83, 0xB9, 0xFF, 0xA3, 0xB9, 0xFE, 0xA3, 0xB9, 0xFF, 0xA3, 0xB9, 0xFF, 0xA3, 0xB9, 0xFF, 0xA3, 0xB9, 0xFF, 0xA3, 0xB9, 0xFF,
    0xA3, 0xB9, 0xFF, 0xA3, 0xB9, 0xFF, 0xA3, 0xB9, 0xFF, 0xA3, 0xB9, 0xFF, 0xA3, 0xB9, 0xFF, 0xA3, 0xB9, 0xFF, 0xA3, 0xB9, 0xFF, 0xA3, 0xB9, 0xFF,
    0xA3, 0xB9, 0xFF, 0xA3, 0xB9, 0xFF, 0xA3, 0xB9, 0xFF, 0xA3, 0xB9, 0xFF, 0xA3, 0xB9, 0xFF, 0xA3, 0xB9, 0xFF, 0xA3, 0xB9, 0xFF, 0xA3, 0xB1, 0xFF,
    0xA3, 0xB9, 0xFF, 0x25, 0xBA, 0xFF, 0xE8, 0xCA, 0xF6, 0x2A, 0xC3, 0xB0, 0x09, 0xB3, 0x3F, 0x09, 0xAB, 0x2D, 0x09, 0xA3, 0x24, 0xC9, 0x9A, 0x53,
    0xEA, 0xA2, 0x13, 0xE9, 0x9A, 0x50, 0x09, 0xA3, 0x2F, 0xAA, 0xAA, 0x03, 0x00, 0x78, 0x02, 0x00, 0xF8, 0x01, 0x00, 0x00, 0x00, 0x00, 0x00, 0x00,
    0x00, 0x00, 0x00, 0x00, 0x00, 0x00, 0x00, 0x00, 0x00, 0x00, 0x00, 0x00, 0x00, 0x00, 0x00, 0x00, 0x00, 0x00, 0x00, 0x00, 0x00, 0x00, 0x00, 0x00,
    0x00, 0x00, 0x00, 0x00, 0x00, 0x00, 0x00, 0x00, 0x00, 0x00, 0x00, 0x00, 0x00, 0x00, 0x00, 0x00, 0x00, 0x00, 0x00, 0x00, 0x00, 0x00, 0x00, 0x00,
    0x00, 0x00, 0x00, 0x00, 0x00, 0x00, 0x00, 0x00, 0x00, 0x00, 0x00, 0x00, 0x00, 0x00, 0x00, 0x00, 0x00, 0x00, 0x00, 0x00, 0x00, 0x00, 0x00, 0x00,
    0x00, 0x00, 0x00, 0xFF, 0xFF, 0x03, 0x00, 0x00, 0x00, 0xDF, 0xFF, 0x52, 0xFF, 0xFF, 0xFF, 0xFF, 0xFF, 0xFB, 0xFF, 0xFF, 0xFF, 0xFF, 0xFF, 0xFF,
    0xFF, 0xFF, 0xFF, 0xFF, 0xFF, 0xFF, 0xFF, 0xFF, 0xFF, 0xFF, 0xFF, 0xFF, 0xFF, 0xFF, 0xFD, 0xFF, 0xFF, 0xFF, 0xFF, 0xFF, 0xD3, 0xFF, 0xFF, 0x48,
    0x00, 0x00, 0x00, 0x00, 0x00, 0x00, 0x00, 0x00, 0x00, 0xFF, 0xFF, 0x02, 0xFF, 0xFF, 0x04, 0xFF, 0xFF, 0x04, 0xFF, 0xFF, 0x03, 0xFF, 0xFF, 0x03,
    0xFF, 0xFF, 0x03, 0xFF, 0xFF, 0x04, 0xFF, 0xFF, 0x03, 0xFF, 0xFF, 0x01, 0x00, 0x00, 0x00, 0x00, 0x00, 0x00, 0xFF, 0xFF, 0x02, 0xFF, 0xFF, 0x68,
    0xFF, 0xFF, 0xF5, 0xFF, 0xFF, 0xFE, 0xFF, 0xFF, 0xFE, 0xFF, 0xFF, 0xFF, 0xFF, 0xFF, 0xFF, 0xFF, 0xFF, 0xFD, 0xFF, 0xFF, 0xFF, 0xFF, 0xFF, 0xD9,
    0xFF, 0xFF, 0x0A, 0x00, 0x00, 0x00, 0xFF, 0xFF, 0x01, 0x00, 0x00, 0x00, 0x00, 0x00, 0x00, 0xFF, 0xFF, 0x01, 0xFF, 0xFF, 0x01, 0xFF, 0xFF, 0x05,
    0xFF, 0xFF, 0xD3, 0xFF, 0xFF, 0xFF, 0xFF, 0xFF, 0xFD, 0xFF, 0xFF, 0xFF, 0xFF, 0xFF, 0xFF, 0xFF, 0xFF, 0xFF, 0xFF, 0xFF, 0xFC, 0xFF, 0xFF, 0xFF,
    0xFF, 0xFF, 0x6B, 0x00, 0x00, 0x00, 0x00, 0x00, 0x00, 0x00, 0x00, 0x00, 0x00, 0x00, 0x00, 0x00, 0x00, 0x00, 0x00, 0x00, 0x00, 0x00, 0x00, 0x00,
    0x00, 0x00, 0x00, 0x00, 0x00, 0x00, 0x00, 0x00, 0x00, 0x00, 0x00, 0x00, 0x00, 0x00, 0x00, 0x00, 0x00, 0x00, 0x00, 0x00, 0x00, 0x00, 0x00, 0x00,
    0x00, 0x00, 0x00, 0x00, 0x00, 0x00, 0x00, 0x00, 0x00, 0x00, 0x00, 0x00, 0x00, 0x00, 0x00, 0x00, 0x00, 0x00, 0xFF, 0xFF, 0xA0, 0xFF, 0xFF, 0xFF,
    0xFF, 0xFF, 0xFB, 0xFF, 0xFF, 0xFF, 0xFF, 0xFF, 0xFF, 0xFF, 0xFF, 0xFF, 0xFF, 0xFF, 0xFD, 0xFF, 0xFF, 0xFE, 0xFF, 0xFF, 0xE0, 0xFF, 0xFF, 0x0D,
    0xFF, 0xFF, 0x01, 0xFF, 0xFF, 0x01, 0x00, 0x00, 0x00, 0x00, 0x00, 0x00, 0x00, 0x00, 0x00, 0x00, 0x00, 0x00, 0xFF, 0xFF, 0x03, 0x00, 0x00, 0x00,
    0xFF, 0xFF, 0x6A, 0xFF, 0xFF, 0xFF, 0xFF, 0xFF, 0xFB, 0xFF, 0xFF, 0xFF, 0xFF, 0xFF, 0xFF, 0xFF, 0xFF, 0xFF, 0xFF, 0xFF, 0xFF, 0xFF, 0xFF, 0xFF,
    0xFF, 0xFF, 0xFE, 0xFF, 0xFF, 0xFD, 0xFF, 0xFF, 0xFF, 0xFF, 0xFF, 0xC3, 0xFF, 0xFF, 0x3C, 0x00, 0x00, 0x00, 0x00, 0x00, 0x00, 0x00, 0x00, 0x00,
    0xFF, 0xFF, 0x02, 0xFF, 0xFF, 0x04, 0xFF, 0xFF, 0x04, 0xFF, 0xFF, 0x03, 0xFF, 0xFF, 0x03, 0xFF, 0xFF, 0x03, 0xFF, 0xFF, 0x04, 0xFF, 0xFF, 0x03,
    0xFF, 0xFF, 0x01, 0x00, 0x00, 0x00, 0x00, 0x00, 0x00, 0xFF, 0xFF, 0x01, 0xFF, 0xFF, 0x5F, 0xFF, 0xFF, 0xF0, 0xFF, 0xFF, 0xFE, 0xFF, 0xFF, 0xFE,
    0xFF, 0xFF, 0xFF, 0xFF, 0xFF, 0xFF, 0xFF, 0xFF, 0xFE, 0xFF, 0xFF, 0xFF, 0xFF, 0xFF, 0xE6, 0xFF, 0xFF, 0x0D, 0x00, 0x00, 0x00, 0xFF, 0xFF, 0x01,
    0x00, 0x00, 0x00, 0x00, 0x00, 0x00, 0x00, 0x00, 0x00, 0x00, 0x00, 0x00, 0x00, 0x00, 0x00, 0xFF, 0xFF, 0x01, 0xFF, 0xFF, 0x01, 0x3C, 0xE7, 0x16,
    0xFF, 0xFF, 0xDD, 0xFF, 0xFF, 0xFE, 0xFF, 0xFF, 0xFD, 0xFF, 0xFF, 0xFF, 0xFF, 0xFF, 0xFF, 0xFF, 0xFF, 0xFF, 0xFF, 0xFF, 0xFF, 0xFF, 0xFF, 0xFF,
    0xFF, 0xFF, 0xFC, 0xFF, 0xFF, 0xFF, 0xFF, 0xFF, 0xF5, 0xFF, 0xFF, 0x7C, 0xFF, 0xFF, 0x0C, 0x00, 0x00, 0x00, 0x00, 0x00, 0x00, 0xFF, 0xFF, 0x01,
    0xFF, 0xFF, 0x03, 0xFF, 0xFF, 0x04, 0xFF, 0xFF, 0x03, 0xFF, 0xFF, 0x03, 0xFF, 0xFF, 0x03, 0xFF, 0xFF, 0x04, 0xFF, 0xFF, 0x04, 0xFF, 0xFF, 0x02,
    0x00, 0x00, 0x00, 0x00, 0x00, 0x00, 0x00, 0x00, 0x00, 0xFF, 0xFF, 0x25, 0xFF, 0xFF, 0xB4, 0xFF, 0xFF, 0xFF, 0xFF, 0xFF, 0xFD, 0xFF, 0xFF, 0xFF,
    0xFF, 0xFF, 0xFF, 0xFF, 0xFF, 0xFF, 0xFF, 0xFF, 0xFC, 0xFF, 0xFF, 0xFF, 0xDF, 0xFF, 0x62, 0x00, 0x00, 0x00, 0xFF, 0xFF, 0x04, 0x00, 0x00, 0x00,
    0x00, 0x00, 0x00, 0x00, 0x00, 0x00, 0x00, 0x00, 0x00, 0x00, 0x00, 0x00, 0xFF, 0xFF, 0x03, 0x00, 0x00, 0x00, 0xFF, 0xFF, 0x9B, 0xFF, 0xFF, 0xFF,
    0xFF, 0xFF, 0xFC, 0xFF, 0xFF, 0xFF, 0xFF, 0xFF, 0xFF, 0xFF, 0xFF, 0xFF, 0xFF, 0xFF, 0xFB, 0xFF, 0xFF, 0xFF, 0xFF, 0xFF, 0x6B, 0x00, 0x00, 0x00,
    0xF3, 0x9C, 0x08, 0x00, 0x00, 0x00, 0x00, 0x00, 0x00, 0x00, 0x00, 0x00, 0x00, 0x00, 0x00, 0xEF, 0x7B, 0x02, 0xAA, 0xAA, 0x03, 0x00, 0x00, 0x00,
    0xAA, 0x52, 0x03, 0x00, 0x00, 0x00, 0x00, 0x00, 0x00, 0x00, 0x00, 0x00, 0x00, 0x00, 0x00, 0x00, 0x00, 0x01, 0x00, 0x00, 0x00, 0x06, 0xA2, 0x33,
    0x06, 0xA2, 0x79, 0x87, 0xA2, 0x34, 0xC9, 0xA2, 0x34, 0xE9, 0xAA, 0x45, 0x09, 0xBB, 0xB8, 0x66, 0xBA, 0xFC, 0x83, 0xB1, 0xFF, 0xA3, 0xB9, 0xFF,
    0xA3, 0xB9, 0xFF, 0xA3, 0xB9, 0xFF, 0xA3, 0xB9, 0xFF, 0xA3, 0xB9, 0xFF, 0xA3, 0xB9, 0xFF, 0x62, 0xA9, 0xFF, 0xE4, 0xB1, 0xFD, 0x09, 0xBB, 0xB4,
    0xC8, 0xA2, 0x6F, 0x47, 0x92, 0x95, 0x88, 0x92, 0x3C, 0x67, 0x92, 0x1E, 0xA8, 0x9A, 0x12, 0x49, 0x92, 0x07, 0xE0, 0x7B, 0x02, 0x47, 0xA2, 0x11,
    0x88, 0x9A, 0x25, 0xE9, 0xB2, 0x53, 0xC9, 0xC2, 0xB1, 0x26, 0xBA, 0xF9, 0xC4, 0xB9, 0xFF, 0xA3, 0xB1, 0xFE, 0xA3, 0xB9, 0xFF, 0xA3, 0xB9, 0xFF,
    0xA3, 0xB9, 0xFF, 0xA3, 0xB9, 0xFF, 0xA3, 0xB9, 0xFF, 0xA3, 0xB9, 0xFF, 0xA3, 0xB9, 0xFF, 0xA3, 0xB9, 0xFE, 0x83, 0xB1, 0xFE, 0xC4, 0xB1, 0xFF,
    0xA7, 0xBA, 0xC8, 0xE9, 0xBA, 0x75, 0x67, 0xA2, 0x20, 0x68, 0xAA, 0x24, 0xE9, 0xBA, 0x6B, 0x67, 0xBA, 0xD0, 0x83, 0xB1, 0xFF, 0x83, 0xB1, 0xFE,
    0xA4, 0xB9, 0xFF, 0xA3, 0xB9, 0xFF, 0xA3, 0xB9, 0xFF, 0xA3, 0xB9, 0xFE, 0xA3, 0xB9, 0xFF, 0x26, 0xBA, 0xF9, 0x2A, 0xC3, 0x8F, 0x47, 0x92, 0x18,
    0x00, 0x00, 0x00, 0x00, 0x00, 0x00, 0x00, 0x00, 0x00, 0x00, 0x00, 0x00, 0x00, 0x00, 0x00, 0x00, 0x00, 0x00, 0x00, 0x00, 0x00, 0x68, 0x9A, 0x17,
    0xA9, 0xAA, 0x35, 0x0A, 0xBB, 0x80, 0x09, 0xCB, 0xCB, 0x25, 0xC2, 0xFF, 0xA3, 0xB9, 0xFF, 0xA3, 0xB9, 0xFE, 0xA3, 0xB9, 0xFF, 0xA3, 0xB9, 0xFF,
    0xA3, 0xB9, 0xFF, 0xA3, 0xB9, 0xFF, 0xA3, 0xB9, 0xFF, 0xA3, 0xB9, 0xFF, 0xA3, 0xB9, 0xFF, 0xA3, 0xB9, 0xFF, 0xA3, 0xB9, 0xFF, 0xC4, 0xB9, 0xFF,
    0x26, 0xBA, 0xF7, 0xC8, 0xCA, 0xF1, 0xE4, 0xB9, 0xFE, 0x83, 0xB9, 0xFF, 0xA3, 0xB9, 0xFF, 0xA3, 0xB9, 0xFF, 0xA3, 0xB9, 0xFF, 0xA3, 0xB9, 0xFF,
    0x83, 0xB1, 0xFF, 0x83, 0xB1, 0xFF, 0x46, 0xBA, 0xFE, 0xE8, 0xC2, 0xF5, 0xE9, 0xCA, 0xD6, 0x05, 0xBA, 0xF1, 0xA3, 0xB9, 0xFF, 0xA3, 0xB9, 0xFF,
    0x83, 0xB9, 0xFF, 0xA3, 0xB9, 0xFE, 0xA3, 0xB9, 0xFE, 0xA3, 0xB9, 0xFE, 0xA3, 0xB9, 0xFF, 0xA3, 0xB9, 0xFF, 0xA3, 0xB9, 0xFF, 0xA3, 0xB9, 0xFF,
    0xA3, 0xB9, 0xFF, 0xA3, 0xB9, 0xFF, 0xA3, 0xB9, 0xFF, 0xA3, 0xB9, 0xFF, 0xA3, 0xB9, 0xFF, 0xA3, 0xB9, 0xFF, 0xA3, 0xB9, 0xFF, 0xA3, 0xB9, 0xFF,
    0xA3, 0xB9, 0xFF, 0xA3, 0xB9, 0xFF, 0xA3, 0xB9, 0xFF, 0xA3, 0xB9, 0xFF, 0xA3, 0xB9, 0xFF, 0xA3, 0xB9, 0xFF, 0xA4, 0xB9, 0xFF, 0xA3, 0xB9, 0xFF,
    0xA3, 0xB9, 0xFF, 0xA3, 0xB9, 0xFF, 0xA3, 0xB9, 0xFF, 0xA3, 0xB1, 0xFF, 0xE4, 0xB9, 0xFF, 0x87, 0xC2, 0xF6, 0xA7, 0xC2, 0xF4, 0xE8, 0xC2, 0xD8,
    0x4A, 0xBB, 0x90, 0xE9, 0xAA, 0x50, 0x09, 0xAB, 0x4A, 0xE9, 0xA2, 0x64, 0xE9, 0xA2, 0x2E, 0x2A, 0xAB, 0x26, 0x87, 0x8A, 0x75, 0x46, 0x82, 0x3B,
    0x00, 0x00, 0x00, 0x00, 0x78, 0x02, 0xAA, 0xAA, 0x03, 0xA5, 0x89, 0x29, 0x25, 0x8A, 0x0B, 0x00, 0x00, 0x00, 0x00, 0x00, 0x01, 0x00, 0x00, 0x00,
    0x00, 0x00, 0x00, 0x00, 0x00, 0x00, 0x00, 0x00, 0x00, 0x00, 0x00, 0x00, 0x00, 0x00, 0x00, 0x00, 0x00, 0x00, 0x00, 0x00, 0x00, 0x00, 0x00, 0x00,
    0x00, 0x00, 0x00, 0x00, 0x00, 0x00, 0x00, 0x00, 0x00, 0x00, 0x00, 0x00, 0x00, 0x00, 0x00, 0x00, 0x00, 0x00, 0x00, 0x00, 0x00, 0x00, 0x00, 0x00,
    0x00, 0x00, 0x00, 0x00, 0x00, 0x00, 0x00, 0x00, 0x00, 0x00, 0x00, 0x00, 0x00, 0x00, 0x00, 0x00, 0x00, 0x00, 0xFF, 0xFF, 0x03, 0x00, 0x00, 0x00,
    0xFF, 0xFF, 0x90, 0xFF, 0xFF, 0xFF, 0xFF, 0xFF, 0xFA, 0xFF, 0xFF, 0xFF, 0xFF, 0xFF, 0xFF, 0xFF, 0xFF, 0xFF, 0xFF, 0xFF, 0xFF, 0xFF, 0xFF, 0xFF,
    0xFF, 0xFF, 0xFF, 0xFF, 0xFF, 0xFC, 0xFF, 0xFF, 0xFF, 0xFF, 0xFF, 0xFF, 0xFF, 0xFF, 0xB6, 0xFF, 0xFF, 0x4D, 0xFF, 0xFF, 0x0D, 0x00, 0x00, 0x00,
    0x00, 0x00, 0x00, 0x00, 0x00, 0x00, 0x00, 0x00, 0x00, 0x00, 0x00, 0x00, 0x00, 0x00, 0x00, 0x00, 0x00, 0x00, 0x00, 0x00, 0x00, 0x00, 0x00, 0x00,
    0xFF, 0xFF, 0x1D, 0xFF, 0xFF, 0x63, 0xFF, 0xFF, 0xCA, 0xFF, 0xFF, 0xFF, 0xFF, 0xFF, 0xFF, 0xFF, 0xFF, 0xFF, 0xFF, 0xFF, 0xFF, 0xFF, 0xFF, 0xFF,
    0xFF, 0xFF, 0xFF, 0xFF, 0xFF, 0xFD, 0xFF, 0xFF, 0xFF, 0xFF, 0xFF, 0xD8, 0xFF, 0xFF, 0x09, 0x00, 0x00, 0x00, 0xFF, 0xFF, 0x01, 0x00, 0x00, 0x00,
    0x00, 0x00, 0x00, 0xFF, 0xFF, 0x03, 0x00, 0x00, 0x00, 0xFF, 0xFF, 0x51, 0xFF, 0xFF, 0xFF, 0xFF, 0xFF, 0xFD, 0xFF, 0xFF, 0xFF, 0xFF, 0xFF, 0xFF,
    0xFF, 0xFF, 0xFF, 0xFF, 0xFF, 0xFE, 0xFF, 0xFF, 0xFF, 0xFF, 0xFF, 0xEE, 0xFF, 0xFF, 0x12, 0xFF, 0xFF, 0x04, 0xFF, 0xFF, 0x05, 0xFF, 0xFF, 0x04,
    0xFF, 0xFF, 0x04, 0xFF, 0xFF, 0x04, 0xFF, 0xFF, 0x04, 0xFF, 0xFF, 0x04, 0xFF, 0xFF, 0x04, 0xFF, 0xFF, 0x04, 0xFF, 0xFF, 0x04, 0xFF, 0xFF, 0x04,
    0xFF, 0xFF, 0x04, 0xFF, 0xFF, 0x04, 0xFF, 0xFF, 0x04, 0xFF, 0xFF, 0x04, 0xFF, 0xFF, 0x04, 0xFF, 0xFF, 0x04, 0xFF, 0xFF, 0x04, 0xFF, 0xFF, 0x04,
    0xFF, 0xFF, 0x07, 0xFF, 0xFF, 0x03, 0xDF, 0xFF, 0x3A, 0xFF, 0xFF, 0xFF, 0xFF, 0xFF, 0xFE, 0xFF, 0xFF, 0xFF, 0xFF, 0xFF, 0xFF, 0xFF, 0xFF, 0xFF,
    0xFF, 0xFF, 0xFF, 0xFF, 0xFF, 0xFC, 0xFF, 0xFF, 0xFF, 0xFF, 0xFF, 0x66, 0x00, 0x00, 0x00, 0xFF, 0xFF, 0x04, 0x00, 0x00, 0x00, 0x00, 0x00, 0x00,
    0x00, 0x00, 0x00, 0x00, 0x00, 0x00, 0x00, 0x00, 0x00, 0xFF, 0xFF, 0x04, 0x00, 0x00, 0x00, 0xFF, 0xFF, 0xA5, 0xFF, 0xFF, 0xFF, 0xFF, 0xFF, 0xFA,
    0xFF, 0xFF, 0xFF, 0xFF, 0xFF, 0xFF, 0xFF, 0xFF, 0xFF, 0xFF, 0xFF, 0xFF, 0xFF, 0xFF, 0xFF, 0xFF, 0xFF, 0xFF, 0xFF, 0xFF, 0xFC, 0xFF, 0xFF, 0xFF,
    0xFF, 0xFF, 0xFC, 0xFF, 0xFF, 0xAC, 0xDF, 0xFF, 0x48, 0xFF, 0xFF, 0x07, 0x00, 0x00, 0x00, 0x00, 0x00, 0x00, 0x00, 0x00, 0x00, 0x00, 0x00, 0x00,
    0x00, 0x00, 0x00, 0x00, 0x00, 0x00, 0x00, 0x00, 0x00, 0x00, 0x00, 0x00, 0x00, 0x00, 0x00, 0xFF, 0xFF, 0x22, 0xFF, 0xFF, 0x68, 0xFF, 0xFF, 0xCB,
    0xFF, 0xFF, 0xFF, 0xFF, 0xFF, 0xFF, 0xFF, 0xFF, 0xFF, 0xFF, 0xFF, 0xFF, 0xFF, 0xFF, 0xFF, 0xFF, 0xFF, 0xFF, 0xFF, 0xFF, 0xFE, 0xFF, 0xFF, 0xFF,
    0xFF, 0xFF, 0xE6, 0xFF, 0xFF, 0x0C, 0x00, 0x00, 0x00, 0xFF, 0xFF, 0x01, 0x00, 0x00, 0x00, 0x00, 0x00, 0x00, 0x00, 0x00, 0x00, 0x00, 0x00, 0x00,
    0x00, 0x00, 0x00, 0x00, 0x00, 0x00, 0xFF, 0xFF, 0x03, 0x00, 0x00, 0x00, 0xFF, 0xFF, 0x40, 0xFF, 0xFF, 0xFF, 0xFF, 0xFF, 0xFC, 0xFF, 0xFF, 0xFE,
    0xFF, 0xFF, 0xFF, 0xFF, 0xFF, 0xFF, 0xFF, 0xFF, 0xFF, 0xFF, 0xFF, 0xFF, 0xFF, 0xFF, 0xFF, 0xFF, 0xFF, 0xFD, 0xFF, 0xFF, 0xFF, 0xFF, 0xFF, 0xFF,
    0xFF, 0xFF, 0xDB, 0xFF, 0xFF, 0x73, 0xFF, 0xFF, 0x26, 0x00, 0x00, 0x00, 0x00, 0x00, 0x00, 0x00, 0x00, 0x00, 0x00, 0x00, 0x00, 0x00, 0x00, 0x00,
    0x00, 0x00, 0x00, 0x00, 0x00, 0x00, 0x00, 0x00, 0x00, 0x00, 0x00, 0x00, 0xFF, 0xFF, 0x0C, 0xFF, 0xFF, 0x47, 0xFF, 0xFF, 0x9E, 0xFF, 0xFF, 0xF2,
    0xFF, 0xFF, 0xFF, 0xFF, 0xFF, 0xFE, 0xFF, 0xFF, 0xFF, 0xFF, 0xFF, 0xFF, 0xFF, 0xFF, 0xFF, 0xFF, 0xFF, 0xFF, 0xFF, 0xFF, 0xFC, 0xFF, 0xFF, 0xFF,
    0xDF, 0xFF, 0x61, 0x00, 0x00, 0x00, 0xFF, 0xFF, 0x04, 0x00, 0x00, 0x00, 0x00, 0x00, 0x00, 0x00, 0x00, 0x00, 0x00, 0x00, 0x00, 0x00, 0x00, 0x00,
    0xFF, 0xFF, 0x03, 0x00, 0x00, 0x00, 0xFF, 0xFF, 0x9B, 0xFF, 0xFF, 0xFF, 0xFF, 0xFF, 0xFC, 0xFF, 0xFF, 0xFF, 0xFF, 0xFF, 0xFF, 0xFF, 0xFF, 0xFF,
    0xFF, 0xFF, 0xFB, 0xFF, 0xFF, 0xFF, 0xFF, 0xFF, 0x6C, 0x00, 0x00, 0x00, 0xD4, 0xBD, 0x0B, 0x00, 0x00, 0x00, 0x00, 0x00, 0x00, 0x00, 0x00, 0x00,
    0x00, 0x00, 0x00, 0xEB, 0x7A, 0x08, 0xAA, 0x8A, 0x0F, 0x00, 0xF8, 0x01, 0xEB, 0x9B, 0x08, 0x00, 0x00, 0x00, 0x00, 0x00, 0x00, 0x00, 0x00, 0x00,
    0xE0, 0x7B, 0x02, 0x00, 0x00, 0x01, 0x26, 0x9A, 0x28, 0xA4, 0xA1, 0xE9, 0xE4, 0xB9, 0xFF, 0xE5, 0xA1, 0xBD, 0x4B, 0xBB, 0x1A, 0x09, 0xAB, 0x3D,
    0x09, 0xBB, 0x9E, 0x87, 0xBA, 0xEE, 0xA3, 0xB1, 0xFF, 0xA3, 0xB9, 0xFE, 0xA3, 0xB9, 0xFF, 0xA3, 0xB9, 0xFF, 0xA3, 0xB9, 0xFF, 0xA3, 0xB9, 0xFF,
    0xA3, 0xB9, 0xFF, 0x62, 0xB1, 0xFF, 0xC3, 0xB1, 0xFD, 0xC8, 0xBA, 0xD6, 0x09, 0xB3, 0x67, 0xA9, 0x9A, 0x4C, 0x67, 0x8A, 0x54, 0x47, 0x8A, 0x70,
    0x0A, 0xAB, 0x15, 0x68, 0x9A, 0x17, 0x69, 0x9A, 0x0A, 0xA8, 0xA2, 0x30, 0xE9, 0xBA, 0x78, 0x67, 0xBA, 0xC6, 0xC4, 0xB1, 0xFC, 0xA3, 0xB9, 0xFF,
    0xA3, 0xB9, 0xFE, 0xA3, 0xB9, 0xFF, 0xA3, 0xB9, 0xFF, 0xA3, 0xB9, 0xFF, 0xA3, 0xB9, 0xFF, 0xA3, 0xB9, 0xFF, 0xA3, 0xB9, 0xFF, 0xA3, 0xB9, 0xFF,
    0xA3, 0xB1, 0xFE, 0x83, 0xB1, 0xFF, 0xC4, 0xB1, 0xFF, 0xC8, 0xC2, 0xB1, 0x2A, 0xBB, 0x5D, 0xA8, 0xA2, 0x3A, 0xE8, 0xBA, 0x0B, 0x67, 0xA2, 0x20,
    0xE9, 0xB2, 0x53, 0x87, 0xBA, 0xC2, 0xA3, 0xB1, 0xFF, 0x83, 0xB1, 0xFE, 0xA3, 0xB9, 0xFF, 0xA3, 0xB9, 0xFF, 0xA3, 0xB9, 0xFF, 0xA3, 0xB9, 0xFF,
    0xA3, 0xB9, 0xFE, 0xE4, 0xB9, 0xFE, 0xA8, 0xBA, 0xB0, 0xC9, 0xAA, 0x36, 0xA0, 0x52, 0x03, 0x00, 0x00, 0x00, 0x00, 0x00, 0x00, 0x00, 0x00, 0x00,
    0x00, 0x00, 0x00, 0x00, 0x00, 0x01, 0x00, 0x00, 0x01, 0x00, 0x00, 0x00, 0x00, 0x00, 0x00, 0x07, 0x92, 0x1B, 0x0A, 0xB3, 0x54, 0xC8, 0xBA, 0xA5,
    0x05, 0xBA, 0xFB, 0xA3, 0xB9, 0xFF, 0xA3, 0xB9, 0xFE, 0xA3, 0xB9, 0xFF, 0xA3, 0xB9, 0xFF, 0xA3, 0xB9, 0xFF, 0xA3, 0xB9, 0xFF, 0xA3, 0xB9, 0xFF,
    0xA3, 0xB9, 0xFF, 0xA3, 0xB9, 0xFF, 0xA3, 0xB9, 0xFF, 0xA3, 0xB9, 0xFF, 0xA3, 0xB9, 0xFF, 0x05, 0xBA, 0xFE, 0xC4, 0xB9, 0xFF, 0xA3, 0xB9, 0xFF,
    0xA3, 0xB9, 0xFF, 0xA4, 0xB9, 0xFF, 0xA3, 0xB9, 0xFF, 0xA3, 0xB9, 0xFF, 0xA3, 0xB9, 0xFF, 0xA3, 0xB9, 0xFF, 0xE4, 0xB9, 0xFF, 0x26, 0xC2, 0xF9,
    0xC4, 0xB9, 0xFF, 0xA3, 0xB9, 0xFF, 0xA3, 0xB9, 0xFE, 0xA3, 0xB9, 0xFE, 0xA3, 0xB9, 0xFE, 0xA3, 0xB9, 0xFF, 0xA3, 0xB9, 0xFF, 0xA3, 0xB9, 0xFF,
    0xA3, 0xB9, 0xFF, 0xA3, 0xB9, 0xFF, 0xA3, 0xB9, 0xFF, 0xA3, 0xB9, 0xFF, 0xA3, 0xB9, 0xFF, 0xA3, 0xB9, 0xFF, 0xA3, 0xB9, 0xFF, 0xA3, 0xB9, 0xFF,
    0xA3, 0xB9, 0xFF, 0xA3, 0xB9, 0xFF, 0xA3, 0xB9, 0xFF, 0xA3, 0xB9, 0xFF, 0xA3, 0xB9, 0xFF, 0xA3, 0xB9, 0xFF, 0xA3, 0xB9, 0xFF, 0xA3, 0xB9, 0xFF,
    0xA3, 0xB9, 0xFE, 0xA3, 0xB9, 0xFE, 0xA3, 0xB9, 0xFF, 0xA3, 0xB9, 0xFF, 0xA3, 0xB9, 0xFF, 0xA3, 0xB9, 0xFF, 0xA3, 0xB9, 0xFF, 0xA3, 0xB1, 0xFE,
    0x05, 0xBA, 0xFF, 0xC8, 0xCA, 0xEC, 0xE8, 0xCA, 0xE4, 0xA8, 0xC2, 0xF3, 0x09, 0xBB, 0xAE, 0x4A, 0xBB, 0x75, 0x09, 0xB3, 0x76, 0x09, 0xAB, 0x65,
    0xE9, 0xA2, 0x42, 0xC9, 0xA2, 0x35, 0xC8, 0x9A, 0x27, 0xA7, 0x8A, 0x18, 0x00, 0x00, 0x00, 0x00, 0xF8, 0x01, 0xA5, 0xAA, 0x06, 0xA4, 0x79, 0x2E,
    0x24, 0x49, 0x07, 0x00, 0x00, 0x00, 0x00, 0x00, 0x00, 0x00, 0x00, 0x00, 0x00, 0x00, 0x00, 0x00, 0x00, 0x00, 0x00, 0x00, 0x00, 0x00, 0x00, 0x00,
    0x00, 0x00, 0x00, 0x00, 0x00, 0x00, 0x00, 0x00, 0x00, 0x00, 0x00, 0x00, 0x00, 0x00, 0x00, 0x00, 0x00, 0x00, 0x00, 0x00, 0x00, 0x00, 0x00, 0x00,
    0x00, 0x00, 0x00, 0x00, 0x00, 0x00, 0x00, 0x00, 0x00, 0x00, 0x00, 0x00, 0x00, 0x00, 0x00, 0x00, 0x00, 0x00, 0x00, 0x00, 0x00, 0x00, 0x00, 0x00,
    0x00, 0x00, 0x00, 0x00, 0x00, 0x00, 0xFF, 0xFF, 0x01, 0xFF, 0xFF, 0x03, 0xFF, 0xFF, 0x05, 0xFF, 0xFF, 0xB4, 0xFF, 0xFF, 0xFF, 0xFF, 0xFF, 0xFB,
    0xFF, 0xFF, 0xFF, 0xFF, 0xFF, 0xFF, 0xFF, 0xFF, 0xFF, 0xFF, 0xFF, 0xFF, 0xFF, 0xFF, 0xFF, 0xFF, 0xFF, 0xFF, 0xFF, 0xFF, 0xFD, 0xFF, 0xFF, 0xFE,
    0xFF, 0xFF, 0xFF, 0xFF, 0xFF, 0xFF, 0xFF, 0xFF, 0xE1, 0xFF, 0xFF, 0xAB, 0xFF, 0xFF, 0x77, 0xFF, 0xFF, 0x58, 0xFF, 0xFF, 0x44, 0xFF, 0xFF, 0x3C,
    0xFF, 0xFF, 0x4D, 0xFF, 0xFF, 0x64, 0xFF, 0xFF, 0x8A, 0xFF, 0xFF, 0xBE, 0xFF, 0xFF, 0xEE, 0xFF, 0xFF, 0xFF, 0xFF, 0xFF, 0xFF, 0xFF, 0xFF, 0xFD,
    0xFF, 0xFF, 0xFF, 0xFF, 0xFF, 0xFF, 0xFF, 0xFF, 0xFF, 0xFF, 0xFF, 0xFF, 0xFF, 0xFF, 0xFF, 0xFF, 0xFF, 0xFD, 0xFF, 0xFF, 0xFF, 0xFF, 0xFF, 0xD7,
    0x3C, 0xE7, 0x0A, 0x00, 0x00, 0x00, 0xFF, 0xFF, 0x01, 0x00, 0x00, 0x00, 0x00, 0x00, 0x00, 0xFF, 0xFF, 0x02, 0xFF, 0xFF, 0x02, 0xFF, 0xFF, 0xC5,
    0xFF, 0xFF, 0xFF, 0xFF, 0xFF, 0xFC, 0xFF, 0xFF, 0xFF, 0xFF, 0xFF, 0xFF, 0xFF, 0xFF, 0xFF, 0xFF, 0xFF, 0xFB, 0xFF, 0xFF, 0xFF, 0xFF, 0xFF, 0xA5,
    0x00, 0x00, 0x00, 0xFF, 0xFF, 0x02, 0x00, 0x00, 0x00, 0x00, 0x00, 0x00, 0x00, 0x00, 0x00, 0x00, 0x00, 0x00, 0x00, 0x00, 0x00, 0x00, 0x00, 0x00,
    0x00, 0x00, 0x00, 0x00, 0x00, 0x00, 0x00, 0x00, 0x00, 0x00, 0x00, 0x00, 0x00, 0x00, 0x00, 0x00, 0x00, 0x00, 0x00, 0x00, 0x00, 0x00, 0x00, 0x00,
    0x00, 0x00, 0x00, 0x00, 0x00, 0x00, 0x00, 0x00, 0x00, 0x00, 0x00, 0x00, 0x00, 0x00, 0x00, 0xFF, 0xFF, 0x02, 0xFF, 0xFF, 0x03, 0xFF, 0xFF, 0xC5,
    0xFF, 0xFF, 0xFE, 0xFF, 0xFF, 0xFC, 0xFF, 0xFF, 0xFF, 0xFF, 0xFF, 0xFF, 0xFF, 0xFF, 0xFF, 0xFF, 0xFF, 0xFC, 0xFF, 0xFF, 0xFF, 0xFF, 0xFF, 0xD4,
    0xFF, 0xFF, 0x05, 0xFF, 0xFF, 0x01, 0xFF, 0xFF, 0x01, 0x00, 0x00, 0x00, 0x00, 0x00, 0x00, 0x00, 0x00, 0x00, 0x00, 0x00, 0x00, 0xFF, 0xFF, 0x01,
    0xFF, 0xFF, 0x02, 0x7D, 0xEF, 0x10, 0xFF, 0xFF, 0xC8, 0xFF, 0xFF, 0xFF, 0xFF, 0xFF, 0xFB, 0xFF, 0xFF, 0xFF, 0xFF, 0xFF, 0xFF, 0xFF, 0xFF, 0xFF,
    0xFF, 0xFF, 0xFF, 0xFF, 0xFF, 0xFF, 0xFF, 0xFF, 0xFF, 0xFF, 0xFF, 0xFC, 0xFF, 0xFF, 0xFF, 0xFF, 0xFF, 0xFF, 0xFF, 0xFF, 0xFF, 0xFF, 0xFF, 0xD9,
    0xFF, 0xFF, 0xA9, 0xFF, 0xFF, 0x7C, 0xFF, 0xFF, 0x55, 0xFF, 0xFF, 0x45, 0xFF, 0xFF, 0x3F, 0xFF, 0xFF, 0x4E, 0xFF, 0xFF, 0x66, 0xFF, 0xFF, 0x87,
    0xFF, 0xFF, 0xC2, 0xFF, 0xFF, 0xF1, 0xFF, 0xFF, 0xFF, 0xFF, 0xFF, 0xFF, 0xFF, 0xFF, 0xFD, 0xFF, 0xFF, 0xFE, 0xFF, 0xFF, 0xFF, 0xFF, 0xFF, 0xFF,
    0xFF, 0xFF, 0xFF, 0xFF, 0xFF, 0xFF, 0xFF, 0xFF, 0xFD, 0xFF, 0xFF, 0xFF, 0xFF, 0xFF, 0xE4, 0xFF, 0xFF, 0x0C, 0x00, 0x00, 0x00, 0xFF, 0xFF, 0x01,
    0x00, 0x00, 0x00, 0x00, 0x00, 0x00, 0x00, 0x00, 0x00, 0x00, 0x00, 0x00, 0x00, 0x00, 0x00, 0x00, 0x00, 0x00, 0x00, 0x00, 0x00, 0xFF, 0xFF, 0x04,
    0x00, 0x00, 0x00, 0xFF, 0xFF, 0x7A, 0xFF, 0xFF, 0xFF, 0xFF, 0xFF, 0xFB, 0xFF, 0xFF, 0xFE, 0xFF, 0xFF, 0xFF, 0xFF, 0xFF, 0xFF, 0xFF, 0xFF, 0xFF,
    0xFF, 0xFF, 0xFF, 0xFF, 0xFF, 0xFF, 0xFF, 0xFF, 0xFE, 0xFF, 0xFF, 0xFC, 0xFF, 0xFF, 0xFF, 0xFF, 0xFF, 0xFF, 0xFF, 0xFF, 0xF4, 0xFF, 0xFF, 0xC3,
    0xFF, 0xFF, 0x90, 0xFF, 0xFF, 0x6B, 0xFF, 0xFF, 0x4C, 0xFF, 0xFF, 0x43, 0xDF, 0xFF, 0x47, 0xFF, 0xFF, 0x5E, 0xFF, 0xFF, 0x7C, 0xFF, 0xFF, 0xAC,
    0xFF, 0xFF, 0xE1, 0xFF, 0xFF, 0xFF, 0xFF, 0xFF, 0xFF, 0xFF, 0xFF, 0xFF, 0xFF, 0xFF, 0xFD, 0xFF, 0xFF, 0xFF, 0xFF, 0xFF, 0xFF, 0xFF, 0xFF, 0xFF,
    0xFF, 0xFF, 0xFF, 0xFF, 0xFF, 0xFF, 0xFF, 0xFF, 0xFC, 0xFF, 0xFF, 0xFE, 0xDF, 0xFF, 0x63, 0x00, 0x00, 0x00, 0xFF, 0xFF, 0x04, 0x00, 0x00, 0x00,
    0x00, 0x00, 0x00, 0x00, 0x00, 0x00, 0x00, 0x00, 0x00, 0x00, 0x00, 0x00, 0xFF, 0xFF, 0x03, 0x00, 0x00, 0x00, 0xFF, 0xFF, 0x9B, 0xFF, 0xFF, 0xFF,
    0xFF, 0xFF, 0xFC, 0xFF, 0xFF, 0xFF, 0xFF, 0xFF, 0xFF, 0xFF, 0xFF, 0xFF, 0xFF, 0xFF, 0xFB, 0xFF, 0xFF, 0xFF, 0xFF, 0xFF, 0x6D, 0x00, 0x00, 0x00,
    0x5A, 0xAD, 0x06, 0x00, 0x00, 0x00, 0x00, 0x00, 0x00, 0x00, 0x00, 0x00, 0x00, 0x00, 0x00, 0x00, 0xF8, 0x01, 0xEF, 0x7B, 0x02, 0xEF, 0x7B, 0x02,
    0x67, 0x8A, 0x0D, 0xAA, 0x52, 0x03, 0x00, 0x00, 0x01, 0x00, 0x00, 0x00, 0xE0, 0x79, 0x04, 0x00, 0x00, 0x00, 0x06, 0x9A, 0x4F, 0xE4, 0xB1, 0xFF,
    0xA3, 0xB1, 0xFB, 0xC4, 0xA1, 0xFB, 0xA8, 0xAA, 0x55, 0x87, 0xAA, 0x74, 0x29, 0xBB, 0x7A, 0x09, 0xCB, 0xCA, 0xE4, 0xB1, 0xFE, 0xA3, 0xB1, 0xFF,
    0xA3, 0xB9, 0xFF, 0xA3, 0xB9, 0xFF, 0xA3, 0xB9, 0xFF, 0xA3, 0xB9, 0xFF, 0xA3, 0xB9, 0xFF, 0x83, 0xB1, 0xFE, 0xA3, 0xB9, 0xFF, 0x25, 0xBA, 0xF8,
    0xC9, 0xBA, 0x90, 0xC9, 0xAA, 0x53, 0xA9, 0x9A, 0x15, 0xEF, 0x7B, 0x02, 0x88, 0x9A, 0x23, 0xC9, 0xA2, 0x3E, 0xA8, 0xB2, 0x6C, 0xA8, 0xBA, 0xC7,
    0x05, 0xB2, 0xFC, 0xC4, 0xB9, 0xFF, 0xA3, 0xB1, 0xFF, 0xA3, 0xB9, 0xFE, 0xA3, 0xB9, 0xFF, 0xA3, 0xB9, 0xFF, 0xA3, 0xB9, 0xFF, 0xA3, 0xB9, 0xFF,
    0xA3, 0xB9, 0xFF, 0xA3, 0xB9, 0xFF, 0xA3, 0xB9, 0xFF, 0xA3, 0xB1, 0xFE, 0xC3, 0xB9, 0xFF, 0xE4, 0xB1, 0xFB, 0x87, 0xBA, 0xC3, 0x2A, 0xBB, 0x4D,
    0xC5, 0x89, 0x12, 0x07, 0x9B, 0x0D, 0xA9, 0xAA, 0x15, 0xC8, 0xA2, 0x1A, 0xC9, 0xB2, 0x2E, 0x47, 0xB2, 0xA9, 0xA3, 0xB1, 0xFF, 0x83, 0xB1, 0xFD,
    0xA3, 0xB9, 0xFF, 0xA3, 0xB9, 0xFF, 0xA3, 0xB9, 0xFF, 0xA3, 0xB9, 0xFF, 0xA3, 0xB9, 0xFD, 0xC3, 0xB9, 0xFF, 0x67, 0xB2, 0xCD, 0x09, 0xAB, 0x4A,
    0x00, 0x78, 0x02, 0x00, 0xF8, 0x01, 0x00, 0x00, 0x00, 0x00, 0x00, 0x00, 0x00, 0x00, 0x00, 0x00, 0x00, 0x00, 0x00, 0x00, 0x00, 0x00, 0x00, 0x01,
    0x00, 0x00, 0x01, 0x49, 0xB2, 0x07, 0x67, 0x9A, 0x10, 0xE9, 0xAA, 0x31, 0x09, 0xCB, 0xA7, 0xE5, 0xB1, 0xF6, 0xA3, 0xB9, 0xFF, 0xA3, 0xB9, 0xFE,
    0xA3, 0xB9, 0xFF, 0xA3, 0xB9, 0xFF, 0xA3, 0xB9, 0xFF, 0xA3, 0xB9, 0xFF, 0xA3, 0xB9, 0xFF, 0xC3, 0xB9, 0xFF, 0xA3, 0xB9, 0xFF, 0xA3, 0xB9, 0xFF,
    0xA3, 0xB9, 0xFF, 0xA3, 0xB9, 0xFF, 0xA4, 0xB9, 0xFF, 0xA3, 0xB9, 0xFF, 0xA3, 0xB9, 0xFF, 0xA4, 0xB9, 0xFF, 0xA3, 0xB9, 0xFF, 0xA3, 0xB9, 0xFF,
    0xA4, 0xB9, 0xFF, 0xA3, 0xB9, 0xFF, 0xA3, 0xB9, 0xFF, 0x83, 0xB9, 0xFF, 0xA3, 0xB9, 0xFF, 0xA3, 0xB9, 0xFE, 0xA3, 0xB9, 0xFF, 0xA3, 0xB9, 0xFF,
    0xA3, 0xB9, 0xFF, 0xA3, 0xB9, 0xFF, 0xA3, 0xB9, 0xFF, 0xA3, 0xB9, 0xFF, 0xA3, 0xB9, 0xFF, 0xA3, 0xB9, 0xFF, 0xA3, 0xB9, 0xFF, 0xA3, 0xB9, 0xFF,
    0xA3, 0xB9, 0xFF, 0xA3, 0xB9, 0xFF, 0xA3, 0xB9, 0xFF, 0xA3, 0xB9, 0xFF, 0xA3, 0xB9, 0xFF, 0xA3, 0xB9, 0xFF, 0xA3, 0xB9, 0xFF, 0xA3, 0xB9, 0xFF,
    0xA3, 0xB9, 0xFF, 0xA3, 0xB9, 0xFF, 0xA3, 0xB9, 0xFF, 0xA3, 0xB9, 0xFE, 0xA3, 0xB9, 0xFF, 0xC4, 0xB9, 0xFF, 0xA3, 0xB1, 0xFF, 0xC3, 0xB9, 0xFF,
    0xA3, 0xB9, 0xFF, 0xA3, 0xB9, 0xFF, 0xA3, 0xB1, 0xFF, 0xC3, 0xB1, 0xFF, 0x66, 0xC2, 0xFF, 0xC8, 0xCA, 0xF8, 0xC8, 0xCA, 0xEE, 0xA7, 0xC2, 0xF2,
    0x09, 0xCB, 0xB8, 0xE9, 0xBA, 0xBD, 0x09, 0xBB, 0xB5, 0x09, 0xB3, 0x82, 0xE9, 0xB2, 0x53, 0xC9, 0xA2, 0x4D, 0xC9, 0xA2, 0x5F, 0xE7, 0x9A, 0x10,
    0xC9, 0xA2, 0x0E, 0xEF, 0x7B, 0x02, 0x00, 0x00, 0x00, 0x00, 0x00, 0x00, 0x00, 0x00, 0x00, 0x00, 0x00, 0x00, 0x00, 0x00, 0x00, 0x00, 0x00, 0x00,
    0x00, 0x00, 0x00, 0x00, 0x00, 0x01, 0x00, 0x78, 0x02, 0x00, 0x00, 0x00, 0x00, 0x00, 0x00, 0x00, 0x00, 0x00, 0x00, 0x00, 0x00, 0x00, 0x00, 0x00,
    0x00, 0x00, 0x00, 0x00, 0x00, 0x00, 0x00, 0x00, 0x00, 0x00, 0x00, 0x00, 0x00, 0x00, 0x00, 0x00, 0x00, 0x00, 0x00, 0x00, 0x00, 0x00, 0x00, 0x00,
    0x00, 0x00, 0x00, 0x00, 0x00, 0x00, 0x00, 0x00, 0x00, 0x00, 0x00, 0x00, 0x00, 0x00, 0x00, 0x00, 0x00, 0x00, 0x00, 0x00, 0x00, 0xFF, 0xFF, 0x01,
    0x00, 0x00, 0x01, 0xBA, 0xD6, 0x0C, 0xFF, 0xFF, 0xB5, 0xFF, 0xFF, 0xFF, 0xFF, 0xFF, 0xFB, 0xFF, 0xFF, 0xFE, 0xFF, 0xFF, 0xFF, 0xFF, 0xFF, 0xFF,
    0xFF, 0xFF, 0xFF, 0xFF, 0xFF, 0xFF, 0xFF, 0xFF, 0xFF, 0xFF, 0xFF, 0xFF, 0xFF, 0xFF, 0xFC, 0xFF, 0xFF, 0xFD, 0xFF, 0xFF, 0xFF, 0xFF, 0xFF, 0xFF,
    0xFF, 0xFF, 0xFF, 0xFF, 0xFF, 0xFF, 0xFF, 0xFF, 0xFF, 0xFF, 0xFF, 0xFF, 0xFF, 0xFF, 0xFF, 0xFF, 0xFF, 0xFF, 0xFF, 0xFF, 0xFF, 0xFF, 0xFF, 0xFF,
    0xFF, 0xFF, 0xFF, 0xFF, 0xFF, 0xFC, 0xFF, 0xFF, 0xFD, 0xFF, 0xFF, 0xFF, 0xFF, 0xFF, 0xFF, 0xFF, 0xFF, 0xFF, 0xFF, 0xFF, 0xFF, 0xFF, 0xFF, 0xFF,
    0xFF, 0xFF, 0xFF, 0xFF, 0xFF, 0xFC, 0xFF, 0xFF, 0xFC, 0xFF, 0xFF, 0xE6, 0x5D, 0xEF, 0x0D, 0x00, 0x00, 0x00, 0xFF, 0xFF, 0x01, 0x00, 0x00, 0x00,
    0xFF, 0xFF, 0x03, 0xFF, 0xFF, 0x01, 0xDF, 0xFF, 0x41, 0xFF, 0xFF, 0xFE, 0xFF, 0xFF, 0xFD, 0xFF, 0xFF, 0xFF, 0xFF, 0xFF, 0xFF, 0xFF, 0xFF, 0xFF,
    0xFF, 0xFF, 0xFF, 0xFF, 0xFF, 0xFE, 0xFF, 0xFF, 0xFF, 0xDF, 0xFF, 0x3D, 0x00, 0x00, 0x00, 0xFF, 0xFF, 0x03, 0x00, 0x00, 0x00, 0x00, 0x00, 0x00,
    0x00, 0x00, 0x00, 0x00, 0x00, 0x00, 0x00, 0x00, 0x00, 0x00, 0x00, 0x00, 0x00, 0x00, 0x00, 0x00, 0x00, 0x00, 0x00, 0x00, 0x00, 0x00, 0x00, 0x00,
    0x00, 0x00, 0x00, 0x00, 0x00, 0x00, 0x00, 0x00, 0x00, 0x00, 0x00, 0x00, 0x00, 0x00, 0x00, 0x00, 0x00, 0x00, 0x00, 0x00, 0x00, 0x00, 0x00, 0x00,
    0x00, 0x00, 0x00, 0xFF, 0xFF, 0x04, 0x00, 0x00, 0x00, 0xFF, 0xFF, 0x57, 0xFF, 0xFF, 0xFF, 0xFF, 0xFF, 0xFD, 0xFF, 0xFF, 0xFF, 0xFF, 0xFF, 0xFF,
    0xFF, 0xFF, 0xFF, 0xFF, 0xFF, 0xFF, 0xFF, 0xFF, 0xFD, 0xFF, 0xFF, 0xFF, 0xFF, 0xFF, 0x50, 0x00, 0x00, 0x00, 0xFF, 0xFF, 0x04, 0x00, 0x00, 0x00,
    0x00, 0x00, 0x00, 0x00, 0x00, 0x00, 0x00, 0x00, 0x00, 0x00, 0x00, 0x00, 0xFF, 0xFF, 0x01, 0x00, 0x00, 0x00, 0x9E, 0xF7, 0x15, 0xFF, 0xFF, 0xCA,
    0xFF, 0xFF, 0xFF, 0xFF, 0xFF, 0xFA, 0xFF, 0xFF, 0xFE, 0xFF, 0xFF, 0xFF, 0xFF, 0xFF, 0xFF, 0xFF, 0xFF, 0xFF, 0xFF, 0xFF, 0xFF, 0xFF, 0xFF, 0xFF,
    0xFF, 0xFF, 0xFF, 0xFF, 0xFF, 0xFC, 0xFF, 0xFF, 0xFD, 0xFF, 0xFF, 0xFF, 0xFF, 0xFF, 0xFF, 0xFF, 0xFF, 0xFF, 0xFF, 0xFF, 0xFF, 0xFF, 0xFF, 0xFF,
    0xFF, 0xFF, 0xFF, 0xFF, 0xFF, 0xFF, 0xFF, 0xFF, 0xFF, 0xFF, 0xFF, 0xFF, 0xFF, 0xFF, 0xFF, 0xFF, 0xFF, 0xFF, 0xFF, 0xFF, 0xFC, 0xFF, 0xFF, 0xFD,
    0xFF, 0xFF, 0xFF, 0xFF, 0xFF, 0xFF, 0xFF, 0xFF, 0xFF, 0xFF, 0xFF, 0xFF, 0xFF, 0xFF, 0xFF, 0xFF, 0xFF, 0xFF, 0xFF, 0xFF, 0xFE, 0xFF, 0xFF, 0xFC,
    0xFF, 0xFF, 0xF2, 0xFF, 0xFF, 0x0F, 0x00, 0x00, 0x00, 0xFF, 0xFF, 0x01, 0x00, 0x00, 0x00, 0x00, 0x00, 0x00, 0x00, 0x00, 0x00, 0x00, 0x00, 0x00,
    0x00, 0x00, 0x00, 0x00, 0x00, 0x00, 0x00, 0x00, 0x00, 0x00, 0x00, 0x00, 0xFF, 0xFF, 0x02, 0x00, 0x00, 0x00, 0xFF, 0xFF, 0x87, 0xFF, 0xFF, 0xFF,
    0xFF, 0xFF, 0xFD, 0xFF, 0xFF, 0xFD, 0xFF, 0xFF, 0xFF, 0xFF, 0xFF, 0xFF, 0xFF, 0xFF, 0xFF, 0xFF, 0xFF, 0xFF, 0xFF, 0xFF, 0xFF, 0xFF, 0xFF, 0xFF,
    0xFF, 0xFF, 0xFD, 0xFF, 0xFF, 0xFC, 0xFF, 0xFF, 0xFF, 0xFF, 0xFF, 0xFF, 0xFF, 0xFF, 0xFF, 0xFF, 0xFF, 0xFF, 0xFF, 0xFF, 0xFF, 0xFF, 0xFF, 0xFF,
    0xFF, 0xFF, 0xFF, 0xFF, 0xFF, 0xFF, 0xFF, 0xFF, 0xFF, 0xFF, 0xFF, 0xFF, 0xFF, 0xFF, 0xFF, 0xFF, 0xFF, 0xFD, 0xFF, 0xFF, 0xFC, 0xFF, 0xFF, 0xFE,
    0xFF, 0xFF, 0xFF, 0xFF, 0xFF, 0xFF, 0xFF, 0xFF, 0xFF, 0xFF, 0xFF, 0xFF, 0xFF, 0xFF, 0xFF, 0xFF, 0xFF, 0xFF, 0xFF, 0xFF, 0xF8, 0xFF, 0xFF, 0xFF,
    0xFF, 0xFF, 0x6F, 0x00, 0x00, 0x00, 0xFF, 0xFF, 0x04, 0x00, 0x00, 0x00, 0x00, 0x00, 0x00, 0x00, 0x00, 0x00, 0x00, 0x00, 0x00, 0x00, 0x00, 0x00,
    0xFF, 0xFF, 0x03, 0x00, 0x00, 0x00, 0xFF, 0xFF, 0x9B, 0xFF, 0xFF, 0xFF, 0xFF, 0xFF, 0xFC, 0xFF, 0xFF, 0xFF, 0xFF, 0xFF, 0xFF, 0xFF, 0xFF, 0xFF,
    0xFF, 0xFF, 0xFB, 0xFF, 0xFF, 0xFF, 0xFF, 0xFF, 0x6E, 0x00, 0x00, 0x00, 0x79, 0xCE, 0x05, 0x00, 0x00, 0x00, 0x00, 0x00, 0x00, 0x00, 0x00, 0x00,
    0x00, 0x00, 0x00, 0xEF, 0x7B, 0x02, 0xAA, 0xAA, 0x06, 0xA9, 0x92, 0x15, 0xE9, 0x92, 0x1E, 0xEF, 0x7B, 0x02, 0xE0, 0xFF, 0x01, 0x00, 0x00, 0x00,
    0x00, 0x00, 0x00, 0x00, 0x00, 0x00, 0x68, 0x9A, 0x17, 0xC4, 0x99, 0xCA, 0xE4, 0xB1, 0xFF, 0xE5, 0x99, 0xA8, 0xA8, 0xAA, 0x68, 0x26, 0xA2, 0xFF,
    0xA8, 0xAA, 0xAA, 0x2A, 0xC3, 0xBD, 0xA7, 0xC2, 0xFC, 0xA3, 0xB1, 0xFF, 0xA3, 0xB9, 0xFF, 0xA3, 0xB9, 0xFF, 0xA3, 0xB9, 0xFF, 0xA3, 0xB9, 0xFF,
    0xA3, 0xB9, 0xFF, 0x83, 0xB1, 0xFF, 0x83, 0xB1, 0xFF, 0x05, 0xBA, 0xFD, 0xE9, 0xC2, 0xC3, 0xC9, 0xB2, 0xA2, 0xA9, 0xAA, 0x5C, 0xE9, 0xAA, 0x4D,
    0xE9, 0xB2, 0x71, 0x67, 0xB2, 0xA9, 0xE4, 0xA9, 0xF6, 0xC4, 0xB9, 0xFF, 0xA3, 0xB9, 0xFF, 0xA3, 0xB9, 0xFE, 0xA3, 0xB9, 0xFF, 0xA3, 0xB9, 0xFF,
    0xA3, 0xB9, 0xFF, 0xA3, 0xB9, 0xFF, 0xA3, 0xB9, 0xFF, 0xA3, 0xB9, 0xFF, 0xA3, 0xB9, 0xFF, 0xC4, 0xB9, 0xFF, 0x82, 0xB1, 0xFF, 0xA3, 0xB1, 0xFF,
    0xA7, 0xC2, 0xF2, 0x2A, 0xCB, 0x99, 0x2A, 0xBB, 0x56, 0xC9, 0xA2, 0x43, 0xE7, 0xBA, 0x08, 0x49, 0xB2, 0x07, 0xEF, 0x7B, 0x02, 0xE7, 0xB9, 0x04,
    0x68, 0xA2, 0x37, 0xC8, 0xBA, 0x8D, 0xC4, 0xB1, 0xFC, 0x83, 0xB1, 0xFF, 0xA3, 0xB9, 0xFE, 0xA3, 0xB9, 0xFF, 0xA3, 0xB9, 0xFF, 0xA3, 0xB9, 0xFF,
    0xA3, 0xB9, 0xFF, 0xA3, 0xB9, 0xFF, 0x05, 0xB2, 0xF7, 0xC8, 0xB2, 0x72, 0x46, 0x92, 0x0E, 0x00, 0x00, 0x00, 0x00, 0x00, 0x01, 0x00, 0x00, 0x00,
    0x00, 0x00, 0x00, 0x00, 0x00, 0x00, 0x00, 0x00, 0x00, 0x00, 0x00, 0x00, 0x00, 0x00, 0x00, 0x00, 0x00, 0x00, 0xAA, 0xFA, 0x03, 0x47, 0x9A, 0x1C,
    0xC9, 0xAA, 0x55, 0xE8, 0xBA, 0x8D, 0x46, 0xBA, 0xED, 0xC4, 0xB9, 0xFF, 0xA3, 0xB9, 0xFE, 0xA3, 0xB9, 0xFE, 0xA3, 0xB9, 0xFF, 0xA4, 0xB9, 0xFF,
    0xA3, 0xB9, 0xFF, 0xA3, 0xB9, 0xFF, 0xA3, 0xB9, 0xFF, 0xA3, 0xB9, 0xFF, 0xA4, 0xB9, 0xFF, 0xA3, 0xB9, 0xFF, 0xA3, 0xB9, 0xFF, 0xA3, 0xB9, 0xFF,
    0xA3, 0xB9, 0xFF, 0xA3, 0xB9, 0xFF, 0xA3, 0xB9, 0xFF, 0xA3, 0xB9, 0xFF, 0xA3, 0xB9, 0xFF, 0xA3, 0xB9, 0xFF, 0xA3, 0xB9, 0xFF, 0xA4, 0xB9, 0xFF,
    0xA4, 0xB9, 0xFF, 0xA3, 0xB9, 0xFF, 0xA3, 0xB9, 0xFF, 0xA3, 0xB9, 0xFF, 0xA4, 0xB9, 0xFF, 0xA4, 0xB9, 0xFF, 0xA3, 0xB9, 0xFF, 0xA3, 0xB9, 0xFF,
    0xA3, 0xB9, 0xFF, 0xA3, 0xB9, 0xFF, 0xA3, 0xB9, 0xFF, 0xA3, 0xB9, 0xFF, 0xA3, 0xB9, 0xFF, 0xA3, 0xB9, 0xFF, 0xA3, 0xB9, 0xFF, 0x83, 0xB9, 0xFE,
    0xA3, 0xB9, 0xFE, 0xA3, 0xB9, 0xFF, 0xA3, 0xB9, 0xFF, 0xA3, 0xB9, 0xFF, 0xA3, 0xB9, 0xFF, 0xA3, 0xB9, 0xFF, 0xA3, 0xB9, 0xFE, 0xC4, 0xB9, 0xFF,
    0x66, 0xBA, 0xF1, 0x09, 0xCB, 0xE8, 0x87, 0xC2, 0xF7, 0xC8, 0xCA, 0xF0, 0x87, 0xC2, 0xF1, 0x46, 0xC2, 0xFC, 0x25, 0xBA, 0xFF, 0x46, 0xC2, 0xFF,
    0x46, 0xC2, 0xFF, 0x25, 0xBA, 0xFE, 0x05, 0xBA, 0xFF, 0x45, 0xC2, 0xFE, 0x05, 0xB2, 0xFA, 0x46, 0xBA, 0xFD, 0x66, 0xBA, 0xE2, 0xC8, 0xBA, 0xED,
    0xE9, 0xBA, 0xBB, 0x09, 0xBB, 0x7E, 0xC8, 0xA2, 0x77, 0xC9, 0xAA, 0x2A, 0xC8, 0x9A, 0x17, 0x00, 0x00, 0x00, 0x00, 0x00, 0x01, 0x00, 0xF8, 0x01,
    0x00, 0x00, 0x00, 0x00, 0x00, 0x00, 0x00, 0x00, 0x00, 0x00, 0x00, 0x00, 0x00, 0x00, 0x00, 0x00, 0x00, 0x00, 0x00, 0x00, 0x00, 0x00, 0x00, 0x00,
    0x00, 0x00, 0x00, 0x00, 0x00, 0x00, 0x00, 0x00, 0x00, 0x00, 0x00, 0x00, 0x00, 0x00, 0x00, 0x00, 0x00, 0x00, 0x00, 0x00, 0x00, 0x00, 0x00, 0x00,
    0x00, 0x00, 0x00, 0x00, 0x00, 0x00, 0x00, 0x00, 0x00, 0x00, 0x00, 0x00, 0x00, 0x00, 0x00, 0x00, 0x00, 0x00, 0x00, 0x00, 0x00, 0x00, 0x00, 0x00,
    0x00, 0x00, 0x00, 0x00, 0x00, 0x00, 0x00, 0x00, 0x00, 0x00, 0x00, 0x00, 0xFF, 0xFF, 0x01, 0x00, 0x00, 0x00, 0xFF, 0xFF, 0x05, 0xFF, 0xFF, 0x9D,
    0xFF, 0xFF, 0xFF, 0xFF, 0xFF, 0xFF, 0xFF, 0xFF, 0xFC, 0xFF, 0xFF, 0xFF, 0xFF, 0xFF, 0xFF, 0xFF, 0xFF, 0xFF, 0xFF, 0xFF, 0xFF, 0xFF, 0xFF, 0xFF,
    0xFF, 0xFF, 0xFF, 0xFF, 0xFF, 0xFF, 0xFF, 0xFF, 0xFD, 0xFF, 0xFF, 0xFC, 0xFF, 0xFF, 0xFB, 0xFF, 0xFF, 0xFC, 0xFF, 0xFF, 0xFE, 0xFF, 0xFF, 0xFF,
    0xFF, 0xFF, 0xFD, 0xFF, 0xFF, 0xFB, 0xFF, 0xFF, 0xFB, 0xFF, 0xFF, 0xFC, 0xFF, 0xFF, 0xFE, 0xFF, 0xFF, 0xFF, 0xFF, 0xFF, 0xFF, 0xFF, 0xFF, 0xFF,
    0xFF, 0xFF, 0xFF, 0xFF, 0xFF, 0xFF, 0xFF, 0xFF, 0xFF, 0xFF, 0xFF, 0xFF, 0xFF, 0xFF, 0xFC, 0xFF, 0xFF, 0xFE, 0xFF, 0xFF, 0xFF, 0xFF, 0xFF, 0xA6,
    0xFF, 0xFF, 0x04, 0xFF, 0xFF, 0x01, 0x00, 0x00, 0x00, 0x00, 0x00, 0x00, 0xFF, 0xFF, 0x02, 0x00, 0x00, 0x00, 0xFF, 0xFF, 0xAD, 0xFF, 0xFF, 0xFF,
    0xFF, 0xFF, 0xFC, 0xFF, 0xFF, 0xFF, 0xFF, 0xFF, 0xFF, 0xFF, 0xFF, 0xFF, 0xFF, 0xFF, 0xFC, 0xFF, 0xFF, 0xFF, 0xFF, 0xFF, 0xC5, 0xEF, 0x7B, 0x02,
    0xFF, 0xFF, 0x01, 0x00, 0x00, 0x00, 0x00, 0x00, 0x00, 0x00, 0x00, 0x00, 0x00, 0x00, 0x00, 0x00, 0x00, 0x00, 0x00, 0x00, 0x00, 0x00, 0x00, 0x00,
    0x00, 0x00, 0x00, 0x00, 0x00, 0x00, 0x00, 0x00, 0x00, 0x00, 0x00, 0x00, 0x00, 0x00, 0x00, 0x00, 0x00, 0x00, 0x00, 0x00, 0x00, 0x00, 0x00, 0x00,
    0x00, 0x00, 0x00, 0x00, 0x00, 0x00, 0x00, 0x00, 0x00, 0x00, 0x00, 0x00, 0x00, 0x00, 0x00, 0xFF, 0xFF, 0x01, 0xFF, 0xFF, 0x01, 0x7D, 0xEF, 0x0E,
    0xFF, 0xFF, 0xE0, 0xFF, 0xFF, 0xFF, 0xFF, 0xFF, 0xFD, 0xFF, 0xFF, 0xFF, 0xFF, 0xFF, 0xFF, 0xFF, 0xFF, 0xFF, 0xFF, 0xFF, 0xFC, 0xFF, 0xFF, 0xFE,
    0xFF, 0xFF, 0xC2, 0xFF, 0xFF, 0x02, 0xFF, 0xFF, 0x02, 0x00, 0x00, 0x00, 0x00, 0x00, 0x00, 0x00, 0x00, 0x00, 0x00, 0x00, 0x00, 0x00, 0x00, 0x00,
    0x00, 0x00, 0x00, 0xFF, 0xFF, 0x02, 0x00, 0x00, 0x00, 0x7D, 0xEF, 0x10, 0xFF, 0xFF, 0xB5, 0xFF, 0xFF, 0xFF, 0xFF, 0xFF, 0xFE, 0xFF, 0xFF, 0xFC,
    0xFF, 0xFF, 0xFF, 0xFF, 0xFF, 0xFF, 0xFF, 0xFF, 0xFF, 0xFF, 0xFF, 0xFF, 0xFF, 0xFF, 0xFF, 0xFF, 0xFF, 0xFF, 0xFF, 0xFF, 0xFF, 0xFF, 0xFF, 0xFD,
    0xFF, 0xFF, 0xFC, 0xFF, 0xFF, 0xFB, 0xFF, 0xFF, 0xFD, 0xFF, 0xFF, 0xFE, 0xFF, 0xFF, 0xFF, 0xFF, 0xFF, 0xFD, 0xFF, 0xFF, 0xFB, 0xFF, 0xFF, 0xFB,
    0xFF, 0xFF, 0xFC, 0xFF, 0xFF, 0xFE, 0xFF, 0xFF, 0xFF, 0xFF, 0xFF, 0xFF, 0xFF, 0xFF, 0xFF, 0xFF, 0xFF, 0xFF, 0xFF, 0xFF, 0xFF, 0xFF, 0xFF, 0xFF,
    0xFF, 0xFF, 0xFF, 0xFF, 0xFF, 0xFC, 0xFF, 0xFF, 0xFD, 0xFF, 0xFF, 0xFF, 0xFF, 0xFF, 0xAE, 0xFF, 0xFF, 0x03, 0xFF, 0xFF, 0x01, 0x00, 0x00, 0x00,
    0x00, 0x00, 0x00, 0x00, 0x00, 0x00, 0x00, 0x00, 0x00, 0x00, 0x00, 0x00, 0x00, 0x00, 0x00, 0x00, 0x00, 0x00, 0x00, 0x00, 0x00, 0x00, 0x00, 0x00,
    0xFF, 0xFF, 0x01, 0xFF, 0xFF, 0x03, 0x00, 0x00, 0x00, 0xFF, 0xFF, 0x76, 0xFF, 0xFF, 0xFF, 0xFF, 0xFF, 0xFF, 0xFF, 0xFF, 0xFB, 0xFF, 0xFF, 0xFE,
    0xFF, 0xFF, 0xFF, 0xFF, 0xFF, 0xFF, 0xFF, 0xFF, 0xFF, 0xFF, 0xFF, 0xFF, 0xFF, 0xFF, 0xFF, 0xFF, 0xFF, 0xFF, 0xFF, 0xFF, 0xFE, 0xFF, 0xFF, 0xFC,
    0xFF, 0xFF, 0xFB, 0xFF, 0xFF, 0xFB, 0xFF, 0xFF, 0xFD, 0xFF, 0xFF, 0xFE, 0xFF, 0xFF, 0xFE, 0xFF, 0xFF, 0xFC, 0xFF, 0xFF, 0xFB, 0xFF, 0xFF, 0xFC,
    0xFF, 0xFF, 0xFD, 0xFF, 0xFF, 0xFF, 0xFF, 0xFF, 0xFF, 0xFF, 0xFF, 0xFF, 0xFF, 0xFF, 0xFF, 0xFF, 0xFF, 0xFF, 0xFF, 0xFF, 0xFF, 0xFF, 0xFF, 0xFF,
    0xFF, 0xFF, 0xFE, 0xFF, 0xFF, 0xFB, 0xFF, 0xFF, 0xFF, 0xFF, 0xFF, 0xF5, 0xFF, 0xFF, 0x3A, 0x00, 0x00, 0x00, 0xFF, 0xFF, 0x03, 0x00, 0x00, 0x00,
    0x00, 0x00, 0x00, 0x00, 0x00, 0x00, 0x00, 0x00, 0x00, 0x00, 0x00, 0x00, 0xFF, 0xFF, 0x03, 0x00, 0x00, 0x00, 0xFF, 0xFF, 0x9B, 0xFF, 0xFF, 0xFF,
    0xFF, 0xFF, 0xFC, 0xFF, 0xFF, 0xFF, 0xFF, 0xFF, 0xFF, 0xFF, 0xFF, 0xFF, 0xFF, 0xFF, 0xFB, 0xFF, 0xFF, 0xFF, 0xFF, 0xFF, 0x70, 0x00, 0x00, 0x00,
    0xFF, 0xFF, 0x04, 0x00, 0x00, 0x00, 0x00, 0x00, 0x01, 0xAA, 0xAA, 0x03, 0x69, 0x9A, 0x0A, 0x49, 0x93, 0x11, 0xEA, 0x92, 0x13, 0xE9, 0x8A, 0x10,
    0xAA, 0x8A, 0x09, 0x09, 0x9B, 0x1A, 0x09, 0x9B, 0x17, 0x09, 0x93, 0x24, 0x09, 0x9B, 0x27, 0xE9, 0x9A, 0x10, 0xEF, 0x7B, 0x02, 0xA9, 0xAA, 0x15,
    0x47, 0xA2, 0x40, 0x09, 0x9B, 0x0D, 0x29, 0xB3, 0x1E, 0x67, 0xA2, 0x62, 0xC9, 0xB2, 0x73, 0x2A, 0xC3, 0xB9, 0x87, 0xC2, 0xF7, 0xA3, 0xB1, 0xFF,
    0xA3, 0xB1, 0xFF, 0xA3, 0xB9, 0xFF, 0xA3, 0xB9, 0xFF, 0xA3, 0xB9, 0xFF, 0xA3, 0xB9, 0xFF, 0x83, 0xB1, 0xFF, 0xA3, 0xB9, 0xFF, 0xC4, 0xB1, 0xFE,
    0x87, 0xC2, 0xE7, 0x09, 0xC3, 0xAF, 0xE9, 0xC2, 0x9E, 0xC8, 0xBA, 0xD2, 0x05, 0xB2, 0xEE, 0xA3, 0xB1, 0xFF, 0x82, 0xB1, 0xFF, 0xA3, 0xB1, 0xFD,
    0xA3, 0xB9, 0xFF, 0xA3, 0xB1, 0xFF, 0xA3, 0xB9, 0xFF, 0xA3, 0xB9, 0xFF, 0xA3, 0xB9, 0xFF, 0xA3, 0xB9, 0xFF, 0xA3, 0xB9, 0xFF, 0xA3, 0xB9, 0xFF,
    0xA3, 0xB9, 0xFF, 0xA3, 0xB1, 0xFF, 0x45, 0xC2, 0xFF, 0xA7, 0xBA, 0xD9, 0x4B, 0xC3, 0x64, 0xE9, 0xAA, 0x4E, 0xE9, 0xAA, 0x30, 0xC7, 0xA2, 0x14,
    0xE0, 0x7B, 0x02, 0x67, 0x9A, 0x0D, 0x67, 0x92, 0x24, 0xAA, 0xAA, 0x03, 0x68, 0x9A, 0x17, 0xC8, 0xBA, 0x72, 0xE4, 0xA9, 0xF9, 0x83, 0xB1, 0xFF,
    0xA3, 0xB9, 0xFE, 0xA3, 0xB9, 0xFF, 0xA3, 0xB9, 0xFF, 0xA3, 0xB9, 0xFF, 0xA3, 0xB9, 0xFF, 0xA3, 0xB9, 0xFE, 0xC3, 0xB1, 0xFF, 0xC8, 0xBA, 0xAC,
    0xE8, 0xA2, 0x20, 0x00, 0x00, 0x00, 0x00, 0xF8, 0x01, 0x00, 0x00, 0x00, 0x00, 0x00, 0x00, 0x00, 0x00, 0x00, 0x00, 0x00, 0x00, 0x00, 0x00, 0x00,
    0x00, 0x00, 0x00, 0x00, 0x00, 0x00, 0x00, 0x00, 0x00, 0x00, 0x00, 0x00, 0xA8, 0xAA, 0x0F, 0xC8, 0xAA, 0x37, 0x2A, 0xC3, 0x86, 0xA7, 0xBA, 0xD3,
    0x04, 0xBA, 0xFF, 0xA3, 0xB9, 0xFF, 0xA3, 0xB9, 0xFF, 0xA3, 0xB9, 0xFF, 0xA3, 0xB9, 0xFF, 0xA3, 0xB9, 0xFF, 0xA3, 0xB9, 0xFF, 0xA3, 0xB9, 0xFF,
    0xA3, 0xB9, 0xFF, 0xA3, 0xB9, 0xFF, 0xA3, 0xB9, 0xFF, 0xA3, 0xB9, 0xFF, 0xA3, 0xB9, 0xFF, 0xA3, 0xB9, 0xFF, 0xA3, 0xB9, 0xFF, 0xA3, 0xB9, 0xFF,
    0xA3, 0xB9, 0xFF, 0xA3, 0xB9, 0xFF, 0xA4, 0xB9, 0xFF, 0xA3, 0xB9, 0xFF, 0xA3, 0xB9, 0xFF, 0xA3, 0xB9, 0xFF, 0xA3, 0xB9, 0xFF, 0xA3, 0xB9, 0xFF,
    0xA3, 0xB9, 0xFF, 0xA3, 0xB9, 0xFF, 0xA3, 0xB9, 0xFF, 0xA3, 0xB9, 0xFF, 0xA3, 0xB9, 0xFF, 0xA3, 0xB9, 0xFF, 0xA3, 0xB9, 0xFE, 0xA3, 0xB9, 0xFE,
    0xA3, 0xB9, 0xFE, 0xA3, 0xB9, 0xFF, 0xC4, 0xB9, 0xFF, 0x46, 0xC2, 0xFF, 0x46, 0xC2, 0xFF, 0x83, 0xB1, 0xFF, 0xA3, 0xB9, 0xFF, 0x25, 0xBA, 0xFE,
    0xC4, 0xB9, 0xFF, 0xA3, 0xB9, 0xFE, 0xC4, 0xB9, 0xFF, 0x46, 0xB2, 0xDD, 0x4A, 0xCB, 0x96, 0x2A, 0xC3, 0xC6, 0x4A, 0xCB, 0xD0, 0x4A, 0xCB, 0xBB,
    0x2A, 0xCB, 0xD7, 0xA8, 0xC2, 0xEF, 0xE8, 0xCA, 0xE8, 0xA8, 0xCA, 0xF3, 0x05, 0xBA, 0xFE, 0x83, 0xB1, 0xFF, 0xA3, 0xB1, 0xFF, 0x83, 0xB1, 0xFF,
    0x83, 0xB1, 0xFF, 0x83, 0xB1, 0xFF, 0xA3, 0xB1, 0xFF, 0xE4, 0xB9, 0xFF, 0x25, 0xBA, 0xFB, 0xE8, 0xC2, 0xC8, 0x2A, 0xBB, 0x74, 0xE9, 0xAA, 0x2C,
    0x88, 0x9A, 0x37, 0xA8, 0x9A, 0x0F, 0x00, 0x00, 0x00, 0x00, 0x00, 0x00, 0x00, 0x00, 0x00, 0x00, 0x00, 0x00, 0x00, 0x00, 0x00, 0x00, 0x00, 0x01,
    0x00, 0x00, 0x00, 0xE7, 0x79, 0x11, 0x06, 0x7A, 0x2A, 0x00, 0xF8, 0x01, 0x00, 0x00, 0x00, 0x00, 0x00, 0x00, 0x00, 0x00, 0x00, 0x00, 0x00, 0x00,
    0x00, 0x00, 0x00, 0x00, 0x00, 0x00, 0x00, 0x00, 0x00, 0x00, 0x00, 0x00, 0x00, 0x00, 0x00, 0x00, 0x00, 0x00, 0x00, 0x00, 0x00, 0x00, 0x00, 0x00,
    0x00, 0x00, 0x00, 0x00, 0x00, 0x00, 0x00, 0x00, 0x00, 0x00, 0x00, 0x00, 0x00, 0x00, 0x00, 0x00, 0x00, 0x00, 0x00, 0x00, 0x00, 0x00, 0x00, 0x00,
    0x00, 0x00, 0x00, 0xFF, 0xFF, 0x01, 0x00, 0x00, 0x00, 0x00, 0x00, 0x00, 0xFF, 0xFF, 0x70, 0xFF, 0xFF, 0xF6, 0xFF, 0xFF, 0xFF, 0xFF, 0xFF, 0xFD,
    0xFF, 0xFF, 0xFD, 0xFF, 0xFF, 0xFF, 0xFF, 0xFF, 0xFF, 0xFF, 0xFF, 0xFF, 0xFF, 0xFF, 0xFF, 0xFF, 0xFF, 0xFF, 0xFF, 0xFF, 0xFF, 0xFF, 0xFF, 0xFF,
    0xFF, 0xFF, 0xFF, 0xFF, 0xFF, 0xFF, 0xFF, 0xFF, 0xFF, 0xFF, 0xFF, 0xFE, 0xFF, 0xFF, 0xFF, 0xFF, 0xFF, 0xFF, 0xFF, 0xFF, 0xFF, 0xFF, 0xFF, 0xFF,
    0xFF, 0xFF, 0xFF, 0xFF, 0xFF, 0xFF, 0xFF, 0xFF, 0xFF, 0xFF, 0xFF, 0xFF, 0xFF, 0xFF, 0xFF, 0xFF, 0xFF, 0xFE, 0xFF, 0xFF, 0xFC, 0xFF, 0xFF, 0xFE,
    0xFF, 0xFF, 0xFF, 0xFF, 0xFF, 0xFB, 0xFF, 0xFF, 0x82, 0xFF, 0xFF, 0x03, 0x00, 0x00, 0x00, 0xFF, 0xFF, 0x01, 0x00, 0x00, 0x00, 0xFF, 0xFF, 0x02,
    0x00, 0x00, 0x00, 0xBE, 0xF7, 0x24, 0xFF, 0xFF, 0xF6, 0xFF, 0xFF, 0xFE, 0xFF, 0xFF, 0xFE, 0xFF, 0xFF, 0xFF, 0xFF, 0xFF, 0xFF, 0xFF, 0xFF, 0xFF,
    0xFF, 0xFF, 0xFC, 0xFF, 0xFF, 0xFF, 0xFF, 0xFF, 0x5A, 0x00, 0x00, 0x00, 0xFF, 0xFF, 0x03, 0x00, 0x00, 0x00, 0x00, 0x00, 0x00, 0x00, 0x00, 0x00,
    0x00, 0x00, 0x00, 0x00, 0x00, 0x00, 0x00, 0x00, 0x00, 0x00, 0x00, 0x00, 0x00, 0x00, 0x00, 0x00, 0x00, 0x00, 0x00, 0x00, 0x00, 0x00, 0x00, 0x00,
    0x00, 0x00, 0x00, 0x00, 0x00, 0x00, 0x00, 0x00, 0x00, 0x00, 0x00, 0x00, 0x00, 0x00, 0x00, 0x00, 0x00, 0x00, 0x00, 0x00, 0x00, 0x00, 0x00, 0x00,
    0x00, 0x00, 0x00, 0x00, 0x00, 0x00, 0xFF, 0xFF, 0x03, 0x00, 0x00, 0x00, 0xFF, 0xFF, 0x81, 0xFF, 0xFF, 0xFF, 0xFF, 0xFF, 0xFC, 0xFF, 0xFF, 0xFF,
    0xFF, 0xFF, 0xFF, 0xFF, 0xFF, 0xFF, 0xFF, 0xFF, 0xFF, 0xFF, 0xFF, 0xFD, 0xFF, 0xFF, 0xFF, 0xFF, 0xFF, 0x47, 0x00, 0x00, 0x00, 0xFF, 0xFF, 0x03,
    0x00, 0x00, 0x00, 0x00, 0x00, 0x00, 0x00, 0x00, 0x00, 0x00, 0x00, 0x00, 0x00, 0x00, 0x00, 0x00, 0x00, 0x00, 0xFF, 0xFF, 0x02, 0x00, 0x00, 0x00,
    0xFF, 0xFF, 0x02, 0xFF, 0xFF, 0x86, 0xFF, 0xFF, 0xFE, 0xFF, 0xFF, 0xFF, 0xFF, 0xFF, 0xFC, 0xFF, 0xFF, 0xFD, 0xFF, 0xFF, 0xFF, 0xFF, 0xFF, 0xFF,
    0xFF, 0xFF, 0xFF, 0xFF, 0xFF, 0xFF, 0xFF, 0xFF, 0xFF, 0xFF, 0xFF, 0xFF, 0xFF, 0xFF, 0xFF, 0xFF, 0xFF, 0xFF, 0xFF, 0xFF, 0xFF, 0xFF, 0xFF, 0xFF,
    0xFF, 0xFF, 0xFE, 0xFF, 0xFF, 0xFF, 0xFF, 0xFF, 0xFF, 0xFF, 0xFF, 0xFF, 0xFF, 0xFF, 0xFF, 0xFF, 0xFF, 0xFF, 0xFF, 0xFF, 0xFF, 0xFF, 0xFF, 0xFF,
    0xFF, 0xFF, 0xFF, 0xFF, 0xFF, 0xFF, 0xFF, 0xFF, 0xFF, 0xFF, 0xFF, 0xFC, 0xFF, 0xFF, 0xFD, 0xFF, 0xFF, 0xFF, 0xFF, 0xFF, 0xFF, 0xFF, 0xFF, 0x8F,
    0xFF, 0xFF, 0x05, 0x00, 0x00, 0x00, 0xFF, 0xFF, 0x01, 0x00, 0x00, 0x00, 0x00, 0x00, 0x00, 0x00, 0x00, 0x00, 0x00, 0x00, 0x00, 0x00, 0x00, 0x00,
    0x00, 0x00, 0x00, 0x00, 0x00, 0x00, 0x00, 0x00, 0x00, 0x00, 0x00, 0x00, 0x00, 0x00, 0x00, 0x00, 0x00, 0x00, 0xFF, 0xFF, 0x02, 0x00, 0x00, 0x00,
    0xDF, 0xFF, 0x52, 0xFF, 0xFF, 0xE4, 0xFF, 0xFF, 0xFF, 0xFF, 0xFF, 0xFF, 0xFF, 0xFF, 0xFC, 0xFF, 0xFF, 0xFE, 0xFF, 0xFF, 0xFF, 0xFF, 0xFF, 0xFF,
    0xFF, 0xFF, 0xFF, 0xFF, 0xFF, 0xFF, 0xFF, 0xFF, 0xFF, 0xFF, 0xFF, 0xFF, 0xFF, 0xFF, 0xFF, 0xFF, 0xFF, 0xFF, 0xFF, 0xFF, 0xFF, 0xFF, 0xFF, 0xFF,
    0xFF, 0xFF, 0xFF, 0xFF, 0xFF, 0xFF, 0xFF, 0xFF, 0xFF, 0xFF, 0xFF, 0xFF, 0xFF, 0xFF, 0xFF, 0xFF, 0xFF, 0xFF, 0xFF, 0xFF, 0xFF, 0xFF, 0xFF, 0xFF,
    0xFF, 0xFF, 0xFF, 0xFF, 0xFF, 0xFF, 0xFF, 0xFF, 0xFD, 0xFF, 0xFF, 0xFB, 0xFF, 0xFF, 0xFF, 0xFF, 0xFF, 0xFF, 0xFF, 0xFF, 0xCB, 0xFF, 0xFF, 0x36,
    0x00, 0x00, 0x00, 0xFF, 0xFF, 0x01, 0x00, 0x00, 0x00, 0x00, 0x00, 0x00, 0x00, 0x00, 0x00, 0x00, 0x00, 0x00, 0x00, 0x00, 0x00, 0x00, 0x00, 0x00,
    0xFF, 0xFF, 0x03, 0x00, 0x00, 0x00, 0xFF, 0xFF, 0x9B, 0xFF, 0xFF, 0xFF, 0xFF, 0xFF, 0xFC, 0xFF, 0xFF, 0xFF, 0xFF, 0xFF, 0xFF, 0xFF, 0xFF, 0xFF,
    0xFF, 0xFF, 0xFB, 0xFF, 0xFF, 0xFF, 0xFF, 0xFF, 0x6F, 0x00, 0x00, 0x00, 0xFF, 0xFF, 0x04, 0x00, 0x00, 0x00, 0x1F, 0xF8, 0x01, 0xA9, 0x92, 0x1E,
    0xC9, 0x92, 0x22, 0xC9, 0x92, 0x11, 0x00, 0x00, 0x01, 0x00, 0x00, 0x00, 0x00, 0x00, 0x00, 0x28, 0x9B, 0x19, 0x09, 0x93, 0x3A, 0x29, 0x9B, 0x21,
    0xE9, 0x92, 0x38, 0xE9, 0x9A, 0x31, 0x49, 0xB3, 0x11, 0x2C, 0x9B, 0x05, 0x00, 0x00, 0x00, 0xE7, 0xBB, 0x04, 0x26, 0x9B, 0x05, 0x2A, 0xAB, 0x1C,
    0xE9, 0xA2, 0x31, 0x2A, 0xC3, 0x78, 0xC8, 0xC2, 0xEF, 0xE4, 0xB9, 0xFF, 0xA3, 0xB1, 0xFE, 0xA3, 0xB9, 0xFF, 0xA3, 0xB9, 0xFF, 0xA3, 0xB9, 0xFF,
    0xA3, 0xB9, 0xFF, 0xA3, 0xB9, 0xFF, 0xA3, 0xB9, 0xFF, 0xA3, 0xB9, 0xFF, 0x26, 0xC2, 0xFC, 0xA7, 0xC2, 0xEA, 0x25, 0xBA, 0xFD, 0xC4, 0xB9, 0xFF,
    0x83, 0xB1, 0xFF, 0x83, 0xB1, 0xFE, 0x83, 0xB1, 0xFE, 0xA3, 0xB9, 0xFF, 0xA3, 0xB9, 0xFF, 0xA3, 0xB9, 0xFF, 0xA3, 0xB9, 0xFF, 0xA3, 0xB9, 0xFF,
    0xA3, 0xB9, 0xFF, 0xA3, 0xB9, 0xFF, 0xA3, 0xB9, 0xFF, 0xA3, 0xB9, 0xFE, 0xA3, 0xB9, 0xFF, 0xC4, 0xB1, 0xFC, 0x09, 0xC3, 0xE9, 0xAC, 0xCB, 0x82,
    0xC9, 0xA2, 0x33, 0xC9, 0xAA, 0x27, 0xAA, 0xAA, 0x09, 0x00, 0x00, 0x00, 0x00, 0x00, 0x00, 0xE0, 0xFF, 0x01, 0xE7, 0x9A, 0x08, 0x00, 0x00, 0x00,
    0x67, 0x9A, 0x0D, 0xE9, 0xBA, 0x4F, 0xC4, 0xA9, 0xE9, 0x83, 0xB1, 0xFF, 0xA3, 0xB9, 0xFE, 0xA3, 0xB9, 0xFF, 0xA3, 0xB9, 0xFF, 0xA3, 0xB9, 0xFF,
    0xA3, 0xB9, 0xFF, 0xA3, 0xB9, 0xFE, 0x83, 0xB1, 0xFF, 0x66, 0xB2, 0xE2, 0x09, 0xBB, 0x4D, 0x00, 0x00, 0x00, 0x00, 0xF8, 0x01, 0x00, 0x00, 0x00,
    0x00, 0x00, 0x00, 0x00, 0x00, 0x00, 0x00, 0x00, 0x00, 0x00, 0x00, 0x00, 0x00, 0x00, 0x00, 0x00, 0x00, 0x00, 0x00, 0x00, 0x00, 0x00, 0x00, 0x00,
    0x00, 0x00, 0x00, 0x68, 0xA2, 0x1D, 0x88, 0x9A, 0x35, 0x2A, 0xBB, 0x72, 0xC8, 0xC2, 0xC2, 0x04, 0xBA, 0xF9, 0x62, 0xB1, 0xFF, 0xA3, 0xB9, 0xFE,
    0xA3, 0xB9, 0xFF, 0xA3, 0xB9, 0xFF, 0xA3, 0xB9, 0xFF, 0xA3, 0xB9, 0xFF, 0xA3, 0xB9, 0xFF, 0xA3, 0xB9, 0xFF, 0xA3, 0xB9, 0xFF, 0xA3, 0xB9, 0xFF,
    0xA3, 0xB9, 0xFF, 0xA3, 0xB9, 0xFF, 0xA3, 0xB9, 0xFF, 0xA3, 0xB9, 0xFF, 0xA3, 0xB9, 0xFF, 0xA3, 0xB9, 0xFF, 0xA3, 0xB9, 0xFF, 0xA3, 0xB9, 0xFF,
    0xA3, 0xB9, 0xFF, 0xA3, 0xB9, 0xFF, 0xA3, 0xB9, 0xFF, 0xA3, 0xB9, 0xFF, 0xA3, 0xB9, 0xFF, 0xA3, 0xB9, 0xFF, 0xA3, 0xB9, 0xFF, 0x83, 0xB1, 0xFF,
    0x82, 0xB1, 0xFE, 0x82, 0xB1, 0xFF, 0xA3, 0xB1, 0xFF, 0xA3, 0xB9, 0xFF, 0x25, 0xBA, 0xFF, 0xC8, 0xCA, 0xFD, 0x46, 0xBA, 0xF9, 0xE9, 0xC2, 0xE4,
    0x09, 0xCB, 0xEF, 0xA3, 0xB9, 0xFF, 0xA4, 0xB1, 0xFF, 0x4A, 0xD3, 0xD5, 0x05, 0xB2, 0xF0, 0x83, 0xB9, 0xFF, 0x25, 0xB2, 0xF2, 0x4B, 0xC3, 0x54,
    0xE9, 0xAA, 0x3E, 0x09, 0xBB, 0x73, 0x2A, 0xBB, 0xA3, 0x0A, 0xC3, 0xAA, 0xE9, 0xBA, 0xCA, 0xE9, 0xCA, 0xD7, 0xA7, 0xC2, 0xF2, 0xE8, 0xCA, 0xEE,
    0xE4, 0xB9, 0xFD, 0xA3, 0xB9, 0xFF, 0xA3, 0xB9, 0xFF, 0xA3, 0xB9, 0xFF, 0xA3, 0xB9, 0xFF, 0xA3, 0xB9, 0xFF, 0xA3, 0xB9, 0xFE, 0xA3, 0xB9, 0xFE,
    0xA3, 0xB1, 0xFF, 0xE5, 0xB9, 0xFE, 0x87, 0xBA, 0xE7, 0xC8, 0xB2, 0x89, 0xA8, 0x9A, 0x3A, 0xA8, 0xA2, 0x1E, 0xE7, 0x79, 0x04, 0x00, 0x00, 0x00,
    0x00, 0x00, 0x00, 0x00, 0x00, 0x00, 0x00, 0x00, 0x00, 0x00, 0x78, 0x02, 0x00, 0x00, 0x00, 0xE6, 0x89, 0x34, 0xE6, 0x81, 0xAD, 0xE5, 0x8A, 0x0B,
    0x00, 0x00, 0x00, 0x00, 0x00, 0x01, 0x00, 0x00, 0x00, 0x00, 0x00, 0x00, 0x00, 0x00, 0x00, 0x00, 0x00, 0x00, 0x00, 0x00, 0x00, 0x00, 0x00, 0x00,
    0x00, 0x00, 0x00, 0x00, 0x00, 0x00, 0x00, 0x00, 0x00, 0x00, 0x00, 0x00, 0x00, 0x00, 0x00, 0x00, 0x00, 0x00, 0x00, 0x00, 0x00, 0x00, 0x00, 0x00,
    0x00, 0x00, 0x00, 0x00, 0x00, 0x00, 0x00, 0x00, 0x00, 0x00, 0x00, 0x00, 0x00, 0x00, 0x00, 0x00, 0x00, 0x00, 0xFF, 0xFF, 0x01, 0xFF, 0xFF, 0x02,
    0x00, 0x00, 0x00, 0xFF, 0xFF, 0x30, 0xFF, 0xFF, 0xB9, 0xFF, 0xFF, 0xFF, 0xFF, 0xFF, 0xFF, 0xFF, 0xFF, 0xFE, 0xFF, 0xFF, 0xFB, 0xFF, 0xFF, 0xFD,
    0xFF, 0xFF, 0xFE, 0xFF, 0xFF, 0xFF, 0xFF, 0xFF, 0xFF, 0xFF, 0xFF, 0xFF, 0xFF, 0xFF, 0xFF, 0xFF, 0xFF, 0xFF, 0xFF, 0xFF, 0xFF, 0xFF, 0xFF, 0xFF,
    0xFF, 0xFF, 0xFF, 0xFF, 0xFF, 0xFF, 0xFF, 0xFF, 0xFF, 0xFF, 0xFF, 0xFF, 0xFF, 0xFF, 0xFF, 0xFF, 0xFF, 0xFF, 0xFF, 0xFF, 0xFE, 0xFF, 0xFF, 0xFC,
    0xFF, 0xFF, 0xFC, 0xFF, 0xFF, 0xFF, 0xFF, 0xFF, 0xFF, 0xFF, 0xFF, 0xFF, 0xFF, 0xFF, 0xB3, 0xDF, 0xFF, 0x37, 0x00, 0x00, 0x00, 0x00, 0x00, 0x00,
    0x00, 0x00, 0x00, 0x00, 0x00, 0x00, 0x00, 0x00, 0x00, 0xFF, 0xFF, 0x03, 0x00, 0x00, 0x00, 0xFF, 0xFF, 0x83, 0xFF, 0xFF, 0xFF, 0xFF, 0xFF, 0xFC,
    0xFF, 0xFF, 0xFF, 0xFF, 0xFF, 0xFF, 0xFF, 0xFF, 0xFF, 0xFF, 0xFF, 0xFD, 0xFF, 0xFF, 0xFE, 0xFF, 0xFF, 0xDD, 0xFF, 0xFF, 0x0B, 0xFF, 0xFF, 0x01,
    0xFF, 0xFF, 0x01, 0x00, 0x00, 0x00, 0x00, 0x00, 0x00, 0x00, 0x00, 0x00, 0x00, 0x00, 0x00, 0x00, 0x00, 0x00, 0x00, 0x00, 0x00, 0x00, 0x00, 0x00,
    0x00, 0x00, 0x00, 0x00, 0x00, 0x00, 0x00, 0x00, 0x00, 0x00, 0x00, 0x00, 0x00, 0x00, 0x00, 0x00, 0x00, 0x00, 0x00, 0x00, 0x00, 0x00, 0x00, 0x00,
    0x00, 0x00, 0x00, 0x00, 0x00, 0x00, 0x00, 0x00, 0x00, 0x00, 0x00, 0x00, 0x00, 0x00, 0x00, 0x00, 0x00, 0x00, 0xFF, 0xFF, 0x02, 0x00, 0x00, 0x00,
    0x7D, 0xEF, 0x21, 0xFF, 0xFF, 0xF2, 0xFF, 0xFF, 0xFE, 0xFF, 0xFF, 0xFE, 0xFF, 0xFF, 0xFF, 0xFF, 0xFF, 0xFF, 0xFF, 0xFF, 0xFF, 0xFF, 0xFF, 0xFC,
    0xFF, 0xFF, 0xFF, 0xFF, 0xFF, 0xB6, 0x00, 0x00, 0x00, 0xFF, 0xFF, 0x02, 0x00, 0x00, 0x00, 0x00, 0x00, 0x00, 0x00, 0x00, 0x00, 0x00, 0x00, 0x00,
    0x00, 0x00, 0x00, 0x00, 0x00, 0x00, 0x00, 0x00, 0x00, 0xFF, 0xFF, 0x01, 0xFF, 0xFF, 0x01, 0x00, 0x00, 0x00, 0xDF, 0xFF, 0x3B, 0xFF, 0xFF, 0xC0,
    0xFF, 0xFF, 0xFF, 0xFF, 0xFF, 0xFF, 0xFF, 0xFF, 0xFD, 0xFF, 0xFF, 0xFC, 0xFF, 0xFF, 0xFE, 0xFF, 0xFF, 0xFF, 0xFF, 0xFF, 0xFF, 0xFF, 0xFF, 0xFF,
    0xFF, 0xFF, 0xFF, 0xFF, 0xFF, 0xFF, 0xFF, 0xFF, 0xFF, 0xFF, 0xFF, 0xFF, 0xFF, 0xFF, 0xFF, 0xFF, 0xFF, 0xFF, 0xFF, 0xFF, 0xFF, 0xFF, 0xFF, 0xFF,
    0xFF, 0xFF, 0xFF, 0xFF, 0xFF, 0xFF, 0xFF, 0xFF, 0xFF, 0xFF, 0xFF, 0xFE, 0xFF, 0xFF, 0xFD, 0xFF, 0xFF, 0xFC, 0xFF, 0xFF, 0xFF, 0xFF, 0xFF, 0xFF,
    0xFF, 0xFF, 0xFF, 0xFF, 0xFF, 0xB9, 0xDF, 0xFF, 0x43, 0x00, 0x00, 0x00, 0x00, 0x00, 0x00, 0x00, 0x00, 0x00, 0x00, 0x00, 0x00, 0x00, 0x00, 0x00,
    0x00, 0x00, 0x00, 0x00, 0x00, 0x00, 0x00, 0x00, 0x00, 0x00, 0x00, 0x00, 0x00, 0x00, 0x00, 0x00, 0x00, 0x00, 0x00, 0x00, 0x00, 0x00, 0x00, 0x00,
    0x00, 0x00, 0x00, 0x00, 0x00, 0x00, 0x00, 0x00, 0x00, 0xFF, 0xFF, 0x03, 0x00, 0x00, 0x00, 0xFF, 0xFF, 0x1E, 0xFF, 0xFF, 0x97, 0xFF, 0xFF, 0xF8,
    0xFF, 0xFF, 0xFF, 0xFF, 0xFF, 0xFF, 0xFF, 0xFF, 0xFB, 0xFF, 0xFF, 0xFD, 0xFF, 0xFF, 0xFE, 0xFF, 0xFF, 0xFF, 0xFF, 0xFF, 0xFF, 0xFF, 0xFF, 0xFF,
    0xFF, 0xFF, 0xFF, 0xFF, 0xFF, 0xFF, 0xFF, 0xFF, 0xFF, 0xFF, 0xFF, 0xFF, 0xFF, 0xFF, 0xFF, 0xFF, 0xFF, 0xFF, 0xFF, 0xFF, 0xFF, 0xFF, 0xFF, 0xFF,
    0xFF, 0xFF, 0xFF, 0xFF, 0xFF, 0xFF, 0xFF, 0xFF, 0xFE, 0xFF, 0xFF, 0xFD, 0xFF, 0xFF, 0xFC, 0xFF, 0xFF, 0xFD, 0xFF, 0xFF, 0xFF, 0xFF, 0xFF, 0xFF,
    0xFF, 0xFF, 0xE1, 0xFF, 0xFF, 0x6D, 0xDB, 0xDE, 0x07, 0x00, 0x00, 0x00, 0xFF, 0xFF, 0x02, 0x00, 0x00, 0x00, 0x00, 0x00, 0x00, 0x00, 0x00, 0x00,
    0x00, 0x00, 0x00, 0x00, 0x00, 0x00, 0x00, 0x00, 0x00, 0x00, 0x00, 0x00, 0xFF, 0xFF, 0x03, 0x00, 0x00, 0x00, 0xFF, 0xFF, 0x9B, 0xFF, 0xFF, 0xFF,
    0xFF, 0xFF, 0xFC, 0xFF, 0xFF, 0xFF, 0xFF, 0xFF, 0xFF, 0xFF, 0xFF, 0xFF, 0xFF, 0xFF, 0xFB, 0xFF, 0xFF, 0xFF, 0xFF, 0xFF, 0x6F, 0x00, 0x00, 0x00,
    0x79, 0xCE, 0x05, 0x00, 0x00, 0x00, 0x27, 0x72, 0x3F, 0x67, 0x82, 0x40, 0x47, 0x82, 0x59, 0xA7, 0xAA, 0x0C, 0x09, 0x9B, 0x17, 0xC9, 0xA2, 0x17,
    0xA9, 0xA2, 0x26, 0xC8, 0x9A, 0x49, 0xE9, 0xA2, 0x57, 0x29, 0xAB, 0x30, 0x09, 0xA3, 0x2E, 0xE9, 0x9A, 0x39, 0xC8, 0x92, 0x64, 0x09, 0xA3, 0x1A,
    0x66, 0xB2, 0x0A, 0x29, 0x9B, 0x0A, 0xFF, 0xFF, 0x01, 0xE9, 0xA2, 0x29, 0xC9, 0xAA, 0x2A, 0xEA, 0xB2, 0x69, 0xC9, 0xC2, 0xE3, 0x05, 0xBA, 0xFE,
    0x83, 0xB1, 0xFE, 0xA3, 0xB9, 0xFF, 0xA3, 0xB9, 0xFF, 0xA3, 0xB9, 0xFF, 0xA3, 0xB9, 0xFF, 0xA3, 0xB9, 0xFF, 0xA3, 0xB9, 0xFF, 0xA3, 0xB9, 0xFF,
    0xA3, 0xB9, 0xFF, 0xA3, 0xB9, 0xFF, 0xA3, 0xB9, 0xFF, 0xA3, 0xB9, 0xFE, 0xA3, 0xB9, 0xFE, 0xA3, 0xB9, 0xFF, 0xA3, 0xB9, 0xFF, 0xA3, 0xB9, 0xFF,
    0xA3, 0xB9, 0xFF, 0xA3, 0xB9, 0xFF, 0xA3, 0xB9, 0xFF, 0xA3, 0xB9, 0xFF, 0xA3, 0xB9, 0xFF, 0xA3, 0xB9, 0xFF, 0x83, 0xB9, 0xFE, 0xA3, 0xB1, 0xFF,
    0x87, 0xBA, 0xF2, 0x8B, 0xD3, 0x94, 0x2A, 0xB3, 0x7C, 0xE9, 0xAA, 0x3B, 0xE9, 0xA2, 0x28, 0xC8, 0x9A, 0x22, 0x00, 0x00, 0x00, 0x00, 0x00, 0x01,
    0x00, 0x00, 0x00, 0x00, 0x00, 0x00, 0x00, 0x00, 0x00, 0x00, 0x78, 0x02, 0x00, 0x00, 0x00, 0x09, 0xBB, 0x45, 0x05, 0xAA, 0xF3, 0x83, 0xB1, 0xFF,
    0xA3, 0xB9, 0xFE, 0xA3, 0xB9, 0xFF, 0xA3, 0xB1, 0xFF, 0xA3, 0xB9, 0xFF, 0xA3, 0xB9, 0xFF, 0xA3, 0xB9, 0xFE, 0x62, 0xB1, 0xFF, 0x05, 0xB2, 0xF4,
    0x0A, 0xC3, 0x7E, 0x65, 0x71, 0x0B, 0xFF, 0xFF, 0x01, 0x00, 0x00, 0x00, 0x00, 0x00, 0x00, 0x00, 0x00, 0x00, 0x00, 0x00, 0x00, 0x00, 0x00, 0x00,
    0x00, 0x00, 0x00, 0x00, 0x00, 0x00, 0x00, 0x00, 0x00, 0x00, 0x00, 0x00, 0x00, 0x00, 0x01, 0xE7, 0x79, 0x04, 0xA8, 0xA2, 0x1E, 0x88, 0xA2, 0x31,
    0x0A, 0xBB, 0x61, 0x09, 0xC3, 0xAD, 0x46, 0xBA, 0xFB, 0xE4, 0xB9, 0xFE, 0xA3, 0xB9, 0xFF, 0xA3, 0xB9, 0xFF, 0xA3, 0xB9, 0xFF, 0xA3, 0xB9, 0xFF,
    0xA3, 0xB9, 0xFF, 0xA3, 0xB9, 0xFF, 0xA3, 0xB9, 0xFF, 0xA3, 0xB9, 0xFF, 0xA3, 0xB9, 0xFF, 0xA3, 0xB9, 0xFF, 0xA3, 0xB9, 0xFF, 0xA3, 0xB9, 0xFF,
    0xA3, 0xB9, 0xFF, 0xA3, 0xB9, 0xFF, 0xA3, 0xB9, 0xFF, 0xA3, 0xB9, 0xFF, 0xA4, 0xB9, 0xFF, 0xA3, 0xB9, 0xFF, 0xA3, 0xB9, 0xFF, 0xA3, 0xB9, 0xFF,
    0xA3, 0xB9, 0xFF, 0xA3, 0xB9, 0xFF, 0xA3, 0xB9, 0xFE, 0xA3, 0xB1, 0xFF, 0xE5, 0xB9, 0xFF, 0x66, 0xC2, 0xFF, 0xA7, 0xC2, 0xFA, 0xA7, 0xC2, 0xF2,
    0x2A, 0xCB, 0xD0, 0x4B, 0xC3, 0xB3, 0x4A, 0xC3, 0x98, 0x2A, 0xBB, 0x83, 0xE9, 0xBA, 0x80, 0xA3, 0xB1, 0xFB, 0xC4, 0xB1, 0xFF, 0x4A, 0xBB, 0x7D,
    0xE5, 0xA9, 0xCE, 0x83, 0xB9, 0xFF, 0x47, 0xAA, 0x97, 0x8C, 0xBB, 0x21, 0xC9, 0xAA, 0x40, 0x0A, 0xAB, 0x4C, 0xEA, 0xAA, 0x7F, 0x0A, 0xBB, 0x8A,
    0x2A, 0xBB, 0xA1, 0xE9, 0xC2, 0xCD, 0x87, 0xC2, 0xFD, 0x05, 0xBA, 0xFE, 0xA3, 0xB1, 0xFF, 0xA3, 0xB9, 0xFF, 0xA3, 0xB9, 0xFF, 0xA3, 0xB9, 0xFF,
    0xA3, 0xB9, 0xFF, 0xA3, 0xB9, 0xFF, 0xA3, 0xB9, 0xFF, 0xA3, 0xB9, 0xFF, 0xA3, 0xB9, 0xFF, 0xA3, 0xB9, 0xFE, 0xE5, 0xB9, 0xFF, 0x88, 0xB2, 0xF7,
    0xE9, 0xAA, 0x69, 0x88, 0x92, 0x4F, 0x67, 0x9A, 0x14, 0x00, 0xF8, 0x01, 0x00, 0x00, 0x00, 0x00, 0x00, 0x00, 0x00, 0x00, 0x00, 0x00, 0x00, 0x00,
    0x00, 0x00, 0x00, 0x00, 0x00, 0x00, 0x49, 0xB2, 0x07, 0x00, 0x00, 0x01, 0x00, 0x00, 0x00, 0x00, 0x00, 0x00, 0x00, 0x00, 0x00, 0x00, 0x00, 0x00,
    0x00, 0x00, 0x00, 0x00, 0x00, 0x00, 0x00, 0x00, 0x00, 0x00, 0x00, 0x00, 0x00, 0x00, 0x00, 0x00, 0x00, 0x00, 0x00, 0x00, 0x00, 0x00, 0x00, 0x00,
    0x00, 0x00, 0x00, 0x00, 0x00, 0x00, 0x00, 0x00, 0x00, 0x00, 0x00, 0x00, 0x00, 0x00, 0x00, 0x00, 0x00, 0x00, 0x00, 0x00, 0x00, 0x00, 0x00, 0x00,
    0x00, 0x00, 0x00, 0x00, 0x00, 0x00, 0x00, 0x00, 0x00, 0x00, 0x00, 0x00, 0xFF, 0xFF, 0x03, 0x00, 0x00, 0x00, 0x00, 0x00, 0x00, 0xFF, 0xFF, 0x50,
    0xFF, 0xFF, 0xC4, 0xFF, 0xFF, 0xFF, 0xFF, 0xFF, 0xFF, 0xFF, 0xFF, 0xFF, 0xFF, 0xFF, 0xFF, 0xFF, 0xFF, 0xFB, 0xFF, 0xFF, 0xFB, 0xFF, 0xFF, 0xFC,
    0xFF, 0xFF, 0xFD, 0xFF, 0xFF, 0xFD, 0xFF, 0xFF, 0xFD, 0xFF, 0xFF, 0xFD, 0xFF, 0xFF, 0xFD, 0xFF, 0xFF, 0xFD, 0xFF, 0xFF, 0xFD, 0xFF, 0xFF, 0xFC,
    0xFF, 0xFF, 0xFB, 0xFF, 0xFF, 0xFD, 0xFF, 0xFF, 0xFF, 0xFF, 0xFF, 0xFF, 0xFF, 0xFF, 0xFF, 0xFF, 0xFF, 0xF6, 0xFF, 0xFF, 0xB0, 0xFF, 0xFF, 0x44,
    0x00, 0x00, 0x00, 0x00, 0x00, 0x00, 0xFF, 0xFF, 0x03, 0x00, 0x00, 0x00, 0x00, 0x00, 0x00, 0x00, 0x00, 0x00, 0xFF, 0xFF, 0x01, 0x00, 0x00, 0x00,
    0xFF, 0xFF, 0x0A, 0xFF, 0xFF, 0xDD, 0xFF, 0xFF, 0xFA, 0xFF, 0xFF, 0xF9, 0xFF, 0xFF, 0xFB, 0xFF, 0xFF, 0xFB, 0xFF, 0xFF, 0xFB, 0xFF, 0xFF, 0xF7,
    0xFF, 0xFF, 0xFE, 0xFF, 0xFF, 0x78, 0x00, 0x00, 0x00, 0xFF, 0xFF, 0x03, 0x00, 0x00, 0x00, 0x00, 0x00, 0x00, 0x00, 0x00, 0x00, 0x00, 0x00, 0x00,
    0x00, 0x00, 0x00, 0x00, 0x00, 0x00, 0x00, 0x00, 0x00, 0x00, 0x00, 0x00, 0x00, 0x00, 0x00, 0x00, 0x00, 0x00, 0x00, 0x00, 0x00, 0x00, 0x00, 0x00,
    0x00, 0x00, 0x00, 0x00, 0x00, 0x00, 0x00, 0x00, 0x00, 0x00, 0x00, 0x00, 0x00, 0x00, 0x00, 0x00, 0x00, 0x00, 0x00, 0x00, 0x00, 0x00, 0x00, 0x00,
    0x00, 0x00, 0x00, 0x00, 0x00, 0x00, 0x00, 0x00, 0x00, 0xFF, 0xFF, 0x03, 0x00, 0x00, 0x00, 0xFF, 0xFF, 0xA1, 0xFF, 0xFF, 0xFD, 0xFF, 0xFF, 0xF8,
    0xFF, 0xFF, 0xFB, 0xFF, 0xFF, 0xFB, 0xFF, 0xFF, 0xFB, 0xFF, 0xFF, 0xFB, 0xFF, 0xFF, 0xFA, 0xFF, 0xFF, 0xF7, 0xFF, 0xFF, 0x2E, 0x00, 0x00, 0x00,
    0xFF, 0xFF, 0x02, 0x00, 0x00, 0x00, 0x00, 0x00, 0x00, 0x00, 0x00, 0x00, 0x00, 0x00, 0x00, 0x00, 0x00, 0x00, 0x00, 0x00, 0x00, 0x00, 0x00, 0x00,
    0x00, 0x00, 0x00, 0xFF, 0xFF, 0x03, 0x00, 0x00, 0x00, 0x55, 0xAD, 0x03, 0xFF, 0xFF, 0x61, 0xFF, 0xFF, 0xCF, 0xFF, 0xFF, 0xFF, 0xFF, 0xFF, 0xFF,
    0xFF, 0xFF, 0xFF, 0xFF, 0xFF, 0xFE, 0xFF, 0xFF, 0xFB, 0xFF, 0xFF, 0xFC, 0xFF, 0xFF, 0xFD, 0xFF, 0xFF, 0xFD, 0xFF, 0xFF, 0xFD, 0xFF, 0xFF, 0xFE,
    0xFF, 0xFF, 0xFE, 0xFF, 0xFF, 0xFE, 0xFF, 0xFF, 0xFD, 0xFF, 0xFF, 0xFD, 0xFF, 0xFF, 0xFC, 0xFF, 0xFF, 0xFB, 0xFF, 0xFF, 0xFC, 0xFF, 0xFF, 0xFF,
    0xFF, 0xFF, 0xFF, 0xFF, 0xFF, 0xFF, 0xFF, 0xFF, 0xFC, 0xFF, 0xFF, 0xB8, 0xDF, 0xFF, 0x49, 0x00, 0x00, 0x00, 0x00, 0x00, 0x00, 0xFF, 0xFF, 0x02,
    0xFF, 0xFF, 0x01, 0x00, 0x00, 0x00, 0x00, 0x00, 0x00, 0x00, 0x00, 0x00, 0x00, 0x00, 0x00, 0x00, 0x00, 0x00, 0x00, 0x00, 0x00, 0x00, 0x00, 0x00,
    0x00, 0x00, 0x00, 0x00, 0x00, 0x00, 0x00, 0x00, 0x00, 0x00, 0x00, 0x00, 0x00, 0x00, 0x00, 0x00, 0x00, 0x00, 0x00, 0x00, 0x00, 0x00, 0x00, 0x00,
    0xFF, 0xFF, 0x03, 0x00, 0x00, 0x00, 0x00, 0x00, 0x00, 0xFF, 0xFF, 0x2E, 0xFF, 0xFF, 0xA6, 0xFF, 0xFF, 0xF6, 0xFF, 0xFF, 0xFF, 0xFF, 0xFF, 0xFF,
    0xFF, 0xFF, 0xFF, 0xFF, 0xFF, 0xFC, 0xFF, 0xFF, 0xFB, 0xFF, 0xFF, 0xFC, 0xFF, 0xFF, 0xFD, 0xFF, 0xFF, 0xFD, 0xFF, 0xFF, 0xFE, 0xFF, 0xFF, 0xFE,
    0xFF, 0xFF, 0xFD, 0xFF, 0xFF, 0xFD, 0xFF, 0xFF, 0xFD, 0xFF, 0xFF, 0xFC, 0xFF, 0xFF, 0xFB, 0xFF, 0xFF, 0xFC, 0xFF, 0xFF, 0xFF, 0xFF, 0xFF, 0xFF,
    0xFF, 0xFF, 0xFF, 0xFF, 0xFF, 0xFF, 0xFF, 0xFF, 0xDA, 0xFF, 0xFF, 0x7B, 0x9E, 0xF7, 0x15, 0x00, 0x00, 0x00, 0x00, 0x00, 0x00, 0xFF, 0xFF, 0x02,
    0x00, 0x00, 0x00, 0x00, 0x00, 0x00, 0x00, 0x00, 0x00, 0x00, 0x00, 0x00, 0x00, 0x00, 0x00, 0x00, 0x00, 0x00, 0x00, 0x00, 0x00, 0x00, 0x00, 0x00,
    0xFF, 0xFF, 0x03, 0x00, 0x00, 0x00, 0xFF, 0xFF, 0x9A, 0xFF, 0xFF, 0xFB, 0xFF, 0xFF, 0xF8, 0xFF, 0xFF, 0xFB, 0xFF, 0xFF, 0xFB, 0xFF, 0xFF, 0xFB,
    0xFF, 0xFF, 0xF7, 0xFF, 0xFF, 0xFB, 0xFF, 0xFF, 0x6E, 0x00, 0x00, 0x00, 0xFF, 0xFF, 0x03, 0x2C, 0x9B, 0x05, 0x08, 0x7A, 0x17, 0x46, 0x7A, 0x0E,
    0x88, 0x92, 0x43, 0xC9, 0x9A, 0x56, 0x0A, 0xAB, 0x2A, 0x09, 0xA3, 0x57, 0xC8, 0xA2, 0x9B, 0x4A, 0xB3, 0x69, 0x87, 0xA2, 0xB1, 0x87, 0xA2, 0xB4,
    0x8B, 0xBB, 0x58, 0x09, 0xAB, 0x72, 0xE9, 0xA2, 0x72, 0xE9, 0xA2, 0x46, 0xC9, 0xA2, 0x2A, 0xE9, 0xAA, 0x10, 0xCA, 0xA2, 0x1C, 0x09, 0xA3, 0x25,
    0xE9, 0xA2, 0x45, 0x2A, 0xBB, 0x7C, 0x09, 0xC3, 0xCA, 0x66, 0xC2, 0xFE, 0xA3, 0xB1, 0xFF, 0xA3, 0xB9, 0xFF, 0xA3, 0xB9, 0xFF, 0xA3, 0xB9, 0xFF,
    0xA3, 0xB9, 0xFF, 0xA3, 0xB9, 0xFF, 0xA3, 0xB9, 0xFF, 0xA3, 0xB9, 0xFF, 0xA3, 0xB9, 0xFF, 0xA3, 0xB9, 0xFE, 0xA3, 0xB9, 0xFF, 0xA3, 0xB9, 0xFF,
    0xA3, 0xB9, 0xFF, 0xA3, 0xB9, 0xFF, 0xA3, 0xB9, 0xFF, 0xA3, 0xB9, 0xFF, 0xA3, 0xB9, 0xFF, 0xA3, 0xB9, 0xFF, 0xA3, 0xB9, 0xFF, 0xA3, 0xB9, 0xFF,
    0xA3, 0xB9, 0xFE, 0xC4, 0xB9, 0xFE, 0x05, 0xBA, 0xFF, 0x46, 0xB2, 0xCF, 0x2A, 0xBB, 0x77, 0x2A, 0xAB, 0x53, 0x2A, 0xA3, 0x26, 0x49, 0x92, 0x07,
    0x00, 0x00, 0x00, 0x00, 0x00, 0x00, 0x00, 0x00, 0x00, 0x00, 0x00, 0x00, 0x00, 0x00, 0x00, 0x00, 0x00, 0x00, 0x00, 0x00, 0x00, 0x00, 0x00, 0x00,
    0xEF, 0x7B, 0x02, 0xE9, 0xB2, 0x5A, 0x26, 0xB2, 0xE7, 0x83, 0xB1, 0xFF, 0xA3, 0xB9, 0xFE, 0xA3, 0xB9, 0xFF, 0xA3, 0xB9, 0xFF, 0xA3, 0xB9, 0xFF,
    0xA3, 0xB9, 0xFF, 0xA3, 0xB9, 0xFF, 0x62, 0xB1, 0xFE, 0xA3, 0xB1, 0xFF, 0xA8, 0xB2, 0x83, 0xC9, 0x82, 0x11, 0xE7, 0x79, 0x04, 0x00, 0x00, 0x00,
    0x00, 0x00, 0x00, 0x00, 0x00, 0x00, 0x00, 0x00, 0x00, 0x00, 0x00, 0x00, 0x00, 0x00, 0x00, 0x00, 0x00, 0x00, 0x00, 0x00, 0x00, 0x00, 0x00, 0x00,
    0x00, 0x00, 0x00, 0x00, 0x00, 0x00, 0x00, 0x00, 0x00, 0xAA, 0xAA, 0x03, 0x68, 0xA2, 0x1A, 0x09, 0xB3, 0x4E, 0x29, 0xC3, 0xB1, 0xA7, 0xC2, 0xFE,
    0xC4, 0xB9, 0xFC, 0xA3, 0xB9, 0xFF, 0xA3, 0xB9, 0xFF, 0xA3, 0xB9, 0xFF, 0xA3, 0xB9, 0xFF, 0xA3, 0xB9, 0xFF, 0xA3, 0xB9, 0xFF, 0xA3, 0xB9, 0xFF,
    0xA3, 0xB9, 0xFF, 0xA3, 0xB9, 0xFF, 0xA3, 0xB9, 0xFF, 0xA3, 0xB9, 0xFF, 0xA3, 0xB9, 0xFF, 0xA3, 0xB9, 0xFF, 0xA3, 0xB9, 0xFF, 0xA3, 0xB9, 0xFF,
    0xA3, 0xB9, 0xFF, 0xA3, 0xB9, 0xFF, 0xA3, 0xB9, 0xFF, 0xA3, 0xB9, 0xFF, 0xA3, 0xB9, 0xFF, 0xA3, 0xB1, 0xFF, 0xE4, 0xB9, 0xFF, 0xE8, 0xCA, 0xFC,
    0x2A, 0xCB, 0xC8, 0x2A, 0xC3, 0xAD, 0x6B, 0xC3, 0x8A, 0x4A, 0xBB, 0x8F, 0x2B, 0xBB, 0x5F, 0xEA, 0xAA, 0x4A, 0xEA, 0xAA, 0x5B, 0xEA, 0xA2, 0x4F,
    0xCA, 0xB2, 0x28, 0xA3, 0xB1, 0xEE, 0xE4, 0xB1, 0xFC, 0xED, 0xBB, 0x2F, 0xC4, 0xA1, 0xB5, 0xA3, 0xC1, 0xFF, 0x67, 0xAA, 0x5C, 0xEF, 0x7B, 0x04,
    0xC9, 0xA2, 0x39, 0xCA, 0xA2, 0x36, 0xEA, 0xAA, 0x4D, 0x0A, 0xAB, 0x77, 0xE9, 0xB2, 0x93, 0x29, 0xCB, 0xCA, 0x45, 0xC2, 0xF9, 0x83, 0xB9, 0xFF,
    0xA3, 0xB9, 0xFF, 0xA3, 0xB9, 0xFF, 0xA3, 0xB9, 0xFF, 0xA3, 0xB9, 0xFF, 0xA3, 0xB9, 0xFF, 0xA3, 0xB9, 0xFF, 0xA3, 0xB9, 0xFF, 0xA3, 0xB9, 0xFF,
    0xA3, 0xB9, 0xFF, 0xA3, 0xB9, 0xFE, 0xC4, 0xB9, 0xFE, 0x87, 0xBA, 0xE6, 0x2A, 0xBB, 0x87, 0x88, 0x92, 0x2F, 0x69, 0x9A, 0x0A, 0x00, 0x00, 0x00,
    0x00, 0x00, 0x00, 0x00, 0x00, 0x00, 0x00, 0x00, 0x00, 0x00, 0x00, 0x00, 0x00, 0x00, 0x00, 0x00, 0x00, 0x00, 0x00, 0x00, 0x00, 0x00, 0x00, 0x00,
    0x00, 0x00, 0x00, 0x00, 0x00, 0x00, 0x00, 0x00, 0x00, 0x00, 0x00, 0x00, 0x00, 0x00, 0x00, 0x00, 0x00, 0x00, 0x00, 0x00, 0x00, 0x00, 0x00, 0x00,
    0x00, 0x00, 0x00, 0x00, 0x00, 0x00, 0x00, 0x00, 0x00, 0x00, 0x00, 0x00, 0x00, 0x00, 0x00, 0x00, 0x00, 0x00, 0x00, 0x00, 0x00, 0x00, 0x00, 0x00,
    0x00, 0x00, 0x00, 0x00, 0x00, 0x00, 0x00, 0x00, 0x00, 0x00, 0x00, 0x00, 0x00, 0x00, 0x00, 0x00, 0x00, 0x00, 0x00, 0x00, 0x00, 0x00, 0x00, 0x00,
    0x00, 0x00, 0x00, 0xFF, 0xFF, 0x02, 0xFF, 0xFF, 0x01, 0x00, 0x00, 0x00, 0x00, 0x00, 0x00, 0xFF, 0xFF, 0x39, 0xFF, 0xFF, 0x90, 0xFF, 0xFF, 0xD9,
    0xFF, 0xFF, 0xFD, 0xFF, 0xFF, 0xFF, 0xFF, 0xFF, 0xFF, 0xFF, 0xFF, 0xFF, 0xFF, 0xFF, 0xFF, 0xFF, 0xFF, 0xFF, 0xFF, 0xFF, 0xFF, 0xFF, 0xFF, 0xFF,
    0xFF, 0xFF, 0xFF, 0xFF, 0xFF, 0xFF, 0xFF, 0xFF, 0xFF, 0xFF, 0xFF, 0xFF, 0xFF, 0xFF, 0xFF, 0xFF, 0xFF, 0xFF, 0xFF, 0xFF, 0xF7, 0xFF, 0xFF, 0xC4,
    0xFF, 0xFF, 0x78, 0xDF, 0xFF, 0x25, 0x00, 0x00, 0x00, 0x00, 0x00, 0x00, 0xFF, 0xFF, 0x01, 0xFF, 0xFF, 0x02, 0x00, 0x00, 0x00, 0x00, 0x00, 0x00,
    0x00, 0x00, 0x00, 0x00, 0x00, 0x00, 0xFF, 0xFF, 0x03, 0x00, 0x00, 0x00, 0xFF, 0xFF, 0x76, 0xFF, 0xFF, 0xFF, 0xFF, 0xFF, 0xFF, 0xFF, 0xFF, 0xFF,
    0xFF, 0xFF, 0xFF, 0xFF, 0xFF, 0xFF, 0xFF, 0xFF, 0xFF, 0xFF, 0xFF, 0xFF, 0xFF, 0xFF, 0xFA, 0xBE, 0xF7, 0x1C, 0xFF, 0xFF, 0x01, 0xFF, 0xFF, 0x02,
    0x00, 0x00, 0x00, 0x00, 0x00, 0x00, 0x00, 0x00, 0x00, 0x00, 0x00, 0x00, 0x00, 0x00, 0x00, 0x00, 0x00, 0x00, 0x00, 0x00, 0x00, 0x00, 0x00, 0x00,
    0x00, 0x00, 0x00, 0x00, 0x00, 0x00, 0x00, 0x00, 0x00, 0x00, 0x00, 0x00, 0x00, 0x00, 0x00, 0x00, 0x00, 0x00, 0x00, 0x00, 0x00, 0x00, 0x00, 0x00,
    0x00, 0x00, 0x00, 0x00, 0x00, 0x00, 0x00, 0x00, 0x00, 0x00, 0x00, 0x00, 0x00, 0x00, 0x00, 0x00, 0x00, 0x00, 0x00, 0x00, 0x00, 0xFF, 0xFF, 0x03,
    0xFF, 0xFF, 0x01, 0xDF, 0xFF, 0x37, 0xFF, 0xFF, 0xFF, 0xFF, 0xFF, 0xFF, 0xFF, 0xFF, 0xFF, 0xFF, 0xFF, 0xFF, 0xFF, 0xFF, 0xFF, 0xFF, 0xFF, 0xFF,
    0xFF, 0xFF, 0xFF, 0xFF, 0xFF, 0xFF, 0xFF, 0xFF, 0xA9, 0xFF, 0xFF, 0x01, 0xFF, 0xFF, 0x03, 0x00, 0x00, 0x00, 0x00, 0x00, 0x00, 0x00, 0x00, 0x00,
    0x00, 0x00, 0x00, 0x00, 0x00, 0x00, 0x00, 0x00, 0x00, 0x00, 0x00, 0x00, 0x00, 0x00, 0x00, 0x00, 0x00, 0x00, 0xFF, 0xFF, 0x03, 0x00, 0x00, 0x00,
    0x00, 0x00, 0x00, 0xFF, 0xFF, 0x05, 0xFF, 0xFF, 0x4D, 0xFF, 0xFF, 0xA9, 0xFF, 0xFF, 0xEC, 0xFF, 0xFF, 0xFF, 0xFF, 0xFF, 0xFF, 0xFF, 0xFF, 0xFF,
    0xFF, 0xFF, 0xFF, 0xFF, 0xFF, 0xFF, 0xFF, 0xFF, 0xFF, 0xFF, 0xFF, 0xFF, 0xFF, 0xFF, 0xFF, 0xFF, 0xFF, 0xFF, 0xFF, 0xFF, 0xFF, 0xFF, 0xFF, 0xFF,
    0xFF, 0xFF, 0xFF, 0xFF, 0xFF, 0xFF, 0xFF, 0xFF, 0xFF, 0xFF, 0xFF, 0xF7, 0xFF, 0xFF, 0xCE, 0xFF, 0xFF, 0x84, 0xFF, 0xFF, 0x30, 0x00, 0x00, 0x00,
    0x00, 0x00, 0x00, 0xFF, 0xFF, 0x01, 0xFF, 0xFF, 0x02, 0x00, 0x00, 0x00, 0x00, 0x00, 0x00, 0x00, 0x00, 0x00, 0x00, 0x00, 0x00, 0x00, 0x00, 0x00,
    0x00, 0x00, 0x00, 0x00, 0x00, 0x00, 0x00, 0x00, 0x00, 0x00, 0x00, 0x00, 0x00, 0x00, 0x00, 0x00, 0x00, 0x00, 0x00, 0x00, 0x00, 0x00, 0x00, 0x00,
    0x00, 0x00, 0x00, 0x00, 0x00, 0x00, 0x00, 0x00, 0x00, 0x00, 0x00, 0x00, 0x00, 0x00, 0x00, 0xFF, 0xFF, 0x02, 0xFF, 0xFF, 0x03, 0x00, 0x00, 0x00,
    0x00, 0x00, 0x00, 0xFF, 0xFF, 0x29, 0xFF, 0xFF, 0x84, 0xFF, 0xFF, 0xD5, 0xFF, 0xFF, 0xFD, 0xFF, 0xFF, 0xFF, 0xFF, 0xFF, 0xFF, 0xFF, 0xFF, 0xFF,
    0xFF, 0xFF, 0xFF, 0xFF, 0xFF, 0xFF, 0xFF, 0xFF, 0xFF, 0xFF, 0xFF, 0xFF, 0xFF, 0xFF, 0xFF, 0xFF, 0xFF, 0xFF, 0xFF, 0xFF, 0xFF, 0xFF, 0xFF, 0xFF,
    0xFF, 0xFF, 0xFF, 0xFF, 0xFF, 0xFF, 0xFF, 0xFF, 0xFE, 0xFF, 0xFF, 0xE1, 0xFF, 0xFF, 0xA9, 0xFF, 0xFF, 0x52, 0xFF, 0xFF, 0x0C, 0x00, 0x00, 0x00,
    0x00, 0x00, 0x00, 0xFF, 0xFF, 0x03, 0xFF, 0xFF, 0x01, 0x00, 0x00, 0x00, 0x00, 0x00, 0x00, 0x00, 0x00, 0x00, 0x00, 0x00, 0x00, 0x00, 0x00, 0x00,
    0x00, 0x00, 0x00, 0x00, 0x00, 0x00, 0x00, 0x00, 0x00, 0x00, 0x00, 0x00, 0xFF, 0xFF, 0x03, 0x00, 0x00, 0x00, 0xFF, 0xFF, 0xAA, 0xFF, 0xFF, 0xFF,
    0xFF, 0xFF, 0xFF, 0xFF, 0xFF, 0xFF, 0xFF, 0xFF, 0xFF, 0xFF, 0xFF, 0xFF, 0xFF, 0xFF, 0xFF, 0xFF, 0xFF, 0xFF, 0xFF, 0xFF, 0x78, 0x00, 0x00, 0x00,
    0xB6, 0xB5, 0x07, 0x49, 0x92, 0x07, 0x49, 0x92, 0x11, 0xEA, 0xA2, 0x13, 0xC9, 0x9A, 0x39, 0xE9, 0xA2, 0x64, 0xC9, 0xAA, 0x65, 0x09, 0xB3, 0x7B,
    0x2A, 0xB3, 0x99, 0x2A, 0xB3, 0x8E, 0x29, 0xBB, 0xB2, 0x09, 0xC3, 0xD3, 0x4A, 0xC3, 0xBA, 0x29, 0xBB, 0xA8, 0x2A, 0xBB, 0x89, 0x09, 0xAB, 0x63,
    0x0A, 0xAB, 0x5D, 0x0A, 0xAB, 0x57, 0xE9, 0xAA, 0x58, 0xE9, 0xAA, 0x4B, 0x0A, 0xBB, 0x7B, 0x0A, 0xBB, 0xA5, 0x2A, 0xCB, 0xB2, 0x67, 0xC2, 0xF5,
    0xA3, 0xB9, 0xFF, 0xA3, 0xB9, 0xFF, 0xA3, 0xB9, 0xFF, 0xA3, 0xB9, 0xFF, 0xA3, 0xB9, 0xFF, 0xA3, 0xB9, 0xFF, 0xA3, 0xB9, 0xFF, 0xA3, 0xB9, 0xFF,
    0xA3, 0xB9, 0xFF, 0xA3, 0xB9, 0xFF, 0xA3, 0xB9, 0xFF, 0xA3, 0xB9, 0xFF, 0xA3, 0xB9, 0xFF, 0xA3, 0xB9, 0xFF, 0xA3, 0xB9, 0xFF, 0xA3, 0xB9, 0xFF,
    0xA3, 0xB9, 0xFF, 0xA3, 0xB9, 0xFF, 0xA3, 0xB9, 0xFE, 0xA3, 0xB9, 0xFE, 0xA3, 0xB1, 0xFF, 0x87, 0xC2, 0xFF, 0x09, 0xC3, 0xE2, 0x4A, 0xBB, 0x70,
    0x09, 0xAB, 0x27, 0xC9, 0xA2, 0x30, 0x69, 0xAA, 0x10, 0x00, 0xF8, 0x01, 0x00, 0x00, 0x01, 0x00, 0x00, 0x00, 0x00, 0x00, 0x00, 0x00, 0x00, 0x00,
    0x00, 0x00, 0x00, 0x00, 0x00, 0x00, 0x00, 0x00, 0x00, 0x00, 0xF8, 0x01, 0x00, 0x78, 0x02, 0x0A, 0xBB, 0x34, 0x46, 0xBA, 0xD1, 0xA3, 0xB9, 0xFF,
    0xA3, 0xB9, 0xFD, 0xA3, 0xB9, 0xFF, 0xA3, 0xB9, 0xFF, 0xA3, 0xB9, 0xFF, 0xA3, 0xB9, 0xFF, 0xA3, 0xB9, 0xFF, 0x62, 0xB1, 0xFE, 0x83, 0xA9, 0xFF,
    0xA8, 0xB2, 0x88, 0xC9, 0x92, 0x17, 0x00, 0x78, 0x02, 0x00, 0x00, 0x00, 0x00, 0x00, 0x00, 0x00, 0x00, 0x00, 0x00, 0x00, 0x00, 0x00, 0x00, 0x00,
    0x00, 0x00, 0x00, 0x00, 0x00, 0x00, 0x00, 0x00, 0x00, 0x00, 0x00, 0x00, 0x00, 0x00, 0x00, 0x00, 0x00, 0x00, 0x00, 0x00, 0x01, 0x00, 0xF8, 0x01,
    0xE7, 0x9A, 0x08, 0xC9, 0xA2, 0x1F, 0x88, 0xAA, 0x55, 0x09, 0xC3, 0xD2, 0xC7, 0xCA, 0xF4, 0xA3, 0xB9, 0xFF, 0xA3, 0xB9, 0xFE, 0xA4, 0xB9, 0xFF,
    0xA3, 0xB9, 0xFF, 0xA3, 0xB9, 0xFF, 0xA3, 0xB9, 0xFF, 0xA3, 0xB9, 0xFF, 0xA3, 0xB9, 0xFF, 0xA3, 0xB9, 0xFF, 0xA3, 0xB9, 0xFF, 0xA3, 0xB9, 0xFF,
    0xA3, 0xB9, 0xFF, 0xA3, 0xB9, 0xFF, 0xA3, 0xB9, 0xFF, 0xA3, 0xB9, 0xFF, 0xA3, 0xB9, 0xFF, 0xA3, 0xB9, 0xFF, 0xA3, 0xB9, 0xFF, 0x83, 0xB9, 0xFF,
    0xC4, 0xB9, 0xFF, 0xA7, 0xC2, 0xFB, 0x09, 0xCB, 0xE7, 0x6A, 0xC3, 0xD2, 0x2A, 0xB3, 0x63, 0x0A, 0xAB, 0x3A, 0xE9, 0xA2, 0x3A, 0xE9, 0xA2, 0x44,
    0x0A, 0xAB, 0x3D, 0xEA, 0xAA, 0x1E, 0xA8, 0x9A, 0x0F, 0x4D, 0xB2, 0x07, 0xC9, 0xAA, 0x28, 0xC4, 0xB1, 0xF0, 0xC4, 0xB1, 0xF9, 0xAE, 0xB3, 0x2B,
    0xC4, 0xA1, 0xB7, 0xC3, 0xC1, 0xFF, 0x47, 0xAA, 0x59, 0x00, 0x00, 0x00, 0xE8, 0xA2, 0x24, 0xC9, 0xA2, 0x2E, 0xC9, 0xA2, 0x4E, 0xCA, 0xAA, 0x6F,
    0x2A, 0xBB, 0x98, 0xA7, 0xBA, 0xE7, 0xC3, 0xB1, 0xFF, 0xA3, 0xB9, 0xFE, 0xA3, 0xB9, 0xFF, 0xA3, 0xB9, 0xFF, 0xC3, 0xB9, 0xFF, 0xA4, 0xB9, 0xFF,
    0xA3, 0xB9, 0xFF, 0xA3, 0xB9, 0xFF, 0xA4, 0xB9, 0xFF, 0xA4, 0xB9, 0xFF, 0xA3, 0xB9, 0xFF, 0xA3, 0xB9, 0xFE, 0xA3, 0xB1, 0xFE, 0x46, 0xBA, 0xF7,
    0xE9, 0xBA, 0xA4, 0xC9, 0xA2, 0x45, 0x67, 0x92, 0x1D, 0xAA, 0x8A, 0x09, 0x00, 0x00, 0x00, 0x00, 0x00, 0x00, 0x00, 0x00, 0x00, 0x00, 0x00, 0x00,
    0x00, 0x00, 0x00, 0x00, 0x00, 0x00, 0x00, 0x00, 0x01, 0x00, 0x00, 0x00, 0x00, 0x00, 0x00, 0x00, 0x00, 0x00, 0x00, 0x00, 0x00, 0x00, 0x00, 0x00,
    0x00, 0x00, 0x00, 0x00, 0x00, 0x00, 0x00, 0x00, 0x00, 0x00, 0x00, 0x00, 0x00, 0x00, 0x00, 0x00, 0x00, 0x00, 0x00, 0x00, 0x00, 0x00, 0x00, 0x00,
    0x00, 0x00, 0x00, 0x00, 0x00, 0x00, 0x00, 0x00, 0x00, 0x00, 0x00, 0x00, 0x00, 0x00, 0x00, 0x00, 0x00, 0x00, 0x00, 0x00, 0x00, 0x00, 0x00, 0x00,
    0x00, 0x00, 0x00, 0x00, 0x00, 0x00, 0x00, 0x00, 0x00, 0x00, 0x00, 0x00, 0x00, 0x00, 0x00, 0x00, 0x00, 0x00, 0x00, 0x00, 0x00, 0xFF, 0xFF, 0x03,
    0x00, 0x00, 0x00, 0x00, 0x00, 0x00, 0x00, 0x00, 0x00, 0xFF, 0xFF, 0x07, 0xFF, 0xFF, 0x34, 0xFF, 0xFF, 0x6B, 0xFF, 0xFF, 0x98, 0xFF, 0xFF, 0xBE,
    0xFF, 0xFF, 0xCB, 0xFF, 0xFF, 0xDD, 0xFF, 0xFF, 0xE5, 0xFF, 0xFF, 0xE7, 0xFF, 0xFF, 0xE3, 0xFF, 0xFF, 0xD6, 0xFF, 0xFF, 0xC7, 0xFF, 0xFF, 0xA8,
    0xFF, 0xFF, 0x82, 0xFF, 0xFF, 0x55, 0xBE, 0xF7, 0x23, 0x00, 0x00, 0x00, 0x00, 0x00, 0x00, 0x00, 0x00, 0x00, 0xFF, 0xFF, 0x02, 0xFF, 0xFF, 0x03,
    0x00, 0x00, 0x00, 0x00, 0x00, 0x00, 0x00, 0x00, 0x00, 0x00, 0x00, 0x00, 0x00, 0x00, 0x00, 0x00, 0x00, 0x00, 0xFF, 0xFF, 0x01, 0x00, 0x00, 0x00,
    0xFF, 0xFF, 0x4D, 0xFF, 0xFF, 0x76, 0xFF, 0xFF, 0x76, 0xFF, 0xFF, 0x71, 0xFF, 0xFF, 0x6F, 0xFF, 0xFF, 0x72, 0xFF, 0xFF, 0x70, 0xFF, 0xFF, 0x78,
    0xFF, 0xFF, 0x56, 0x00, 0x00, 0x00, 0x00, 0x00, 0x00, 0x00, 0x00, 0x00, 0x00, 0x00, 0x00, 0x00, 0x00, 0x00, 0x00, 0x00, 0x00, 0x00, 0x00, 0x00,
    0x00, 0x00, 0x00, 0x00, 0x00, 0x00, 0x00, 0x00, 0x00, 0x00, 0x00, 0x00, 0x00, 0x00, 0x00, 0x00, 0x00, 0x00, 0x00, 0x00, 0x00, 0x00, 0x00, 0x00,
    0x00, 0x00, 0x00, 0x00, 0x00, 0x00, 0x00, 0x00, 0x00, 0x00, 0x00, 0x00, 0x00, 0x00, 0x00, 0x00, 0x00, 0x00, 0x00, 0x00, 0x00, 0x00, 0x00, 0x00,
    0x00, 0x00, 0x00, 0x00, 0x00, 0x00, 0x00, 0x00, 0x00, 0x00, 0x00, 0x00, 0x00, 0x00, 0x00, 0x00, 0x00, 0x00, 0xFF, 0xFF, 0x57, 0xFF, 0xFF, 0x6F,
    0xFF, 0xFF, 0x6C, 0xFF, 0xFF, 0x6D, 0xFF, 0xFF, 0x6D, 0xFF, 0xFF, 0x6F, 0xFF, 0xFF, 0x6B, 0xFF, 0xFF, 0x6E, 0xFF, 0xFF, 0x5C, 0xEF, 0x7B, 0x02,
    0x00, 0x00, 0x00, 0x00, 0x00, 0x00, 0x00, 0x00, 0x00, 0x00, 0x00, 0x00, 0x00, 0x00, 0x00, 0x00, 0x00, 0x00, 0x00, 0x00, 0x00, 0x00, 0x00, 0x00,
    0x00, 0x00, 0x00, 0x00, 0x00, 0x00, 0x00, 0x00, 0x00, 0x00, 0x00, 0x00, 0xFF, 0xFF, 0x03, 0x00, 0x00, 0x00, 0x00, 0x00, 0x00, 0x00, 0x00, 0x00,
    0xFF, 0xFF, 0x15, 0xDF, 0xFF, 0x46, 0xFF, 0xFF, 0x78, 0xFF, 0xFF, 0xA7, 0xFF, 0xFF, 0xC9, 0xFF, 0xFF, 0xDC, 0xFF, 0xFF, 0xE7, 0xFF, 0xFF, 0xED,
    0xFF, 0xFF, 0xEA, 0xFF, 0xFF, 0xE8, 0xFF, 0xFF, 0xE0, 0xFF, 0xFF, 0xCC, 0xFF, 0xFF, 0xB3, 0xFF, 0xFF, 0x85, 0xDF, 0xFF, 0x5A, 0xBE, 0xF7, 0x24,
    0xFF, 0xFF, 0x02, 0x00, 0x00, 0x00, 0x00, 0x00, 0x00, 0xFF, 0xFF, 0x01, 0xFF, 0xFF, 0x03, 0x00, 0x00, 0x00, 0x00, 0x00, 0x00, 0x00, 0x00, 0x00,
    0x00, 0x00, 0x00, 0x00, 0x00, 0x00, 0x00, 0x00, 0x00, 0x00, 0x00, 0x00, 0x00, 0x00, 0x00, 0x00, 0x00, 0x00, 0x00, 0x00, 0x00, 0x00, 0x00, 0x00,
    0x00, 0x00, 0x00, 0x00, 0x00, 0x00, 0x00, 0x00, 0x00, 0x00, 0x00, 0x00, 0x00, 0x00, 0x00, 0x00, 0x00, 0x00, 0x00, 0x00, 0x00, 0x00, 0x00, 0x00,
    0x00, 0x00, 0x00, 0x00, 0x00, 0x00, 0x00, 0x00, 0x00, 0xFF, 0xFF, 0x02, 0xFF, 0xFF, 0x02, 0x00, 0x00, 0x00, 0x00, 0x00, 0x00, 0xFF, 0xFF, 0x05,
    0xDF, 0xFF, 0x36, 0xFF, 0xFF, 0x65, 0xFF, 0xFF, 0x95, 0xFF, 0xFF, 0xBA, 0xFF, 0xFF, 0xD6, 0xFF, 0xFF, 0xE2, 0xFF, 0xFF, 0xE8, 0xFF, 0xFF, 0xEB,
    0xFF, 0xFF, 0xE7, 0xFF, 0xFF, 0xE2, 0xFF, 0xFF, 0xD3, 0xFF, 0xFF, 0xBB, 0xFF, 0xFF, 0x99, 0xDF, 0xFF, 0x69, 0xDF, 0xFF, 0x36, 0xFF, 0xFF, 0x0A,
    0x00, 0x00, 0x00, 0x00, 0x00, 0x00, 0x00, 0x00, 0x00, 0xFF, 0xFF, 0x03, 0xFF, 0xFF, 0x01, 0x00, 0x00, 0x00, 0x00, 0x00, 0x00, 0x00, 0x00, 0x00,
    0x00, 0x00, 0x00, 0x00, 0x00, 0x00, 0x00, 0x00, 0x00, 0x00, 0x00, 0x00, 0x00, 0x00, 0x00, 0x00, 0x00, 0x00, 0x00, 0x00, 0x00, 0x00, 0x00, 0x00,
    0xFF, 0xFF, 0x01, 0x00, 0x00, 0x00, 0xFF, 0xFF, 0x4B, 0xFF, 0xFF, 0x77, 0xFF, 0xFF, 0x71, 0xFF, 0xFF, 0x75, 0xFF, 0xFF, 0x76, 0xFF, 0xFF, 0x75,
    0xFF, 0xFF, 0x74, 0xFF, 0xFF, 0x77, 0xDF, 0xFF, 0x2E, 0x00, 0x00, 0x00, 0xFF, 0xFF, 0x02, 0x00, 0x00, 0x00, 0xA8, 0x92, 0x27, 0xA8, 0x92, 0x67,
    0x0A, 0xAB, 0x3C, 0x0A, 0xAB, 0x77, 0x2A, 0xBB, 0xB5, 0x09, 0xC3, 0xC8, 0xC8, 0xBA, 0xDB, 0xC8, 0xC2, 0xBF, 0x09, 0xC3, 0xE1, 0xC8, 0xC2, 0xF5,
    0xE9, 0xC2, 0xEA, 0x4A, 0xD3, 0xDB, 0xC8, 0xBA, 0xDB, 0x2A, 0xC3, 0xA7, 0xE9, 0xC2, 0xC2, 0x0A, 0xBB, 0xA2, 0x2A, 0xBB, 0x91, 0x2A, 0xC3, 0xA0,
    0xE9, 0xC2, 0xCB, 0xC8, 0xC2, 0xE5, 0x88, 0xC2, 0xDB, 0xE5, 0xB9, 0xFC, 0xA3, 0xB9, 0xFF, 0xA3, 0xB9, 0xFF, 0xA3, 0xB9, 0xFF, 0xA3, 0xB9, 0xFF,
    0xA3, 0xB9, 0xFF, 0xA3, 0xB9, 0xFF, 0xA3, 0xB9, 0xFF, 0xA3, 0xB9, 0xFF, 0xA3, 0xB9, 0xFF, 0xA3, 0xB9, 0xFF, 0xA3, 0xB9, 0xFF, 0xA3, 0xB9, 0xFF,
    0xA3, 0xB9, 0xFF, 0xA3, 0xB9, 0xFF, 0xA3, 0xB9, 0xFF, 0xA3, 0xB9, 0xFF, 0xA3, 0xB9, 0xFF, 0xA3, 0xB9, 0xFF, 0xA3, 0xB1, 0xFF, 0x05, 0xBA, 0xFF,
    0xA7, 0xCA, 0xF2, 0x09, 0xBB, 0xCA, 0x09, 0xB3, 0x76, 0xE9, 0xAA, 0x5D, 0xA8, 0xA2, 0x20, 0x49, 0xA2, 0x0E, 0x26, 0x9B, 0x05, 0x00, 0x00, 0x00,
    0x00, 0x00, 0x00, 0x00, 0x00, 0x00, 0x00, 0x00, 0x00, 0x00, 0x00, 0x00, 0x00, 0x00, 0x00, 0x00, 0x00, 0x00, 0x00, 0x00, 0x00, 0xE0, 0xFF, 0x01,
    0x00, 0xF8, 0x01, 0xEA, 0xBA, 0x2F, 0x46, 0xB2, 0xD8, 0xA3, 0xB9, 0xFF, 0x83, 0xB9, 0xFD, 0xA3, 0xB9, 0xFF, 0xA3, 0xB9, 0xFF, 0xA3, 0xB9, 0xFF,
    0xA3, 0xB9, 0xFF, 0xA3, 0xB9, 0xFF, 0x82, 0xB1, 0xFD, 0x83, 0xB1, 0xFF, 0x66, 0xB2, 0xB7, 0x4C, 0xB3, 0x1A, 0xA0, 0x52, 0x03, 0x00, 0x00, 0x00,
    0x00, 0x00, 0x00, 0x00, 0x00, 0x00, 0x00, 0x00, 0x00, 0x00, 0x00, 0x00, 0x00, 0x00, 0x00, 0x00, 0x00, 0x00, 0x00, 0x00, 0x00, 0x00, 0x00, 0x00,
    0x00, 0x00, 0x00, 0x00, 0x00, 0x00, 0x00, 0x00, 0x00, 0x00, 0x00, 0x02, 0xA8, 0x9A, 0x12, 0xA8, 0xA2, 0x29, 0xC9, 0xA2, 0x56, 0xC9, 0xB2, 0x68,
    0xC9, 0xC2, 0xC9, 0x46, 0xC2, 0xFC, 0xA3, 0xB9, 0xFF, 0xA3, 0xB9, 0xFF, 0xA3, 0xB9, 0xFF, 0xA3, 0xB9, 0xFF, 0xA3, 0xB9, 0xFF, 0xA3, 0xB9, 0xFF,
    0xA3, 0xB9, 0xFF, 0xA3, 0xB9, 0xFF, 0xA3, 0xB9, 0xFF, 0xA3, 0xB9, 0xFF, 0xA3, 0xB9, 0xFF, 0xA3, 0xB9, 0xFF, 0xA3, 0xB9, 0xFF, 0xA3, 0xB9, 0xFF,
    0xA3, 0xB9, 0xFF, 0x83, 0xB1, 0xFF, 0x04, 0xBA, 0xFE, 0x87, 0xC2, 0xF9, 0xC8, 0xC2, 0xEF, 0x6A, 0xCB, 0xBB, 0x6A, 0xBB, 0x88, 0x29, 0xAB, 0x5E,
    0xC9, 0x9A, 0x30, 0x67, 0x8A, 0x88, 0x09, 0xA3, 0x24, 0xE9, 0x9A, 0x18, 0xE9, 0xA2, 0x20, 0xE8, 0xA2, 0x0B, 0xC9, 0xA2, 0x17, 0x00, 0x00, 0x01,
    0x0B, 0xB3, 0x1A, 0xE4, 0xB1, 0xEE, 0xE4, 0xB1, 0xF5, 0xED, 0xB3, 0x25, 0xC4, 0xA1, 0xBD, 0xA4, 0xC1, 0xFF, 0x47, 0xAA, 0x5C, 0x00, 0x00, 0x00,
    0x49, 0xB2, 0x07, 0xEA, 0xA2, 0x23, 0xC9, 0xA2, 0x62, 0xE9, 0xAA, 0x74, 0x2A, 0xC3, 0x90, 0x66, 0xBA, 0xEC, 0xA3, 0xB1, 0xFF, 0xA3, 0xB9, 0xFE,
    0xA3, 0xB9, 0xFF, 0xA3, 0xB9, 0xFF, 0xA4, 0xB9, 0xFF, 0xA4, 0xB9, 0xFF, 0xA4, 0xB9, 0xFF, 0xA4, 0xB9, 0xFF, 0xA4, 0xB9, 0xFF, 0xA4, 0xB9, 0xFF,
    0xA4, 0xB9, 0xFF, 0xA3, 0xB9, 0xFF, 0xC4, 0xB9, 0xFD, 0x25, 0xC2, 0xFF, 0xE9, 0xBA, 0xC6, 0x0A, 0xAB, 0x3F, 0xC8, 0x9A, 0x2B, 0xA8, 0x9A, 0x12,
    0x00, 0x00, 0x00, 0x00, 0x00, 0x00, 0x00, 0x00, 0x00, 0x00, 0x00, 0x00, 0x00, 0x00, 0x00, 0x00, 0x00, 0x00, 0x00, 0x00, 0x00, 0x00, 0x00, 0x00,
    0x00, 0x00, 0x00, 0x00, 0x00, 0x00, 0x00, 0x00, 0x00, 0x00, 0x00, 0x00, 0x00, 0x00, 0x00, 0x00, 0x00, 0x00, 0x00, 0x00, 0x00, 0x00, 0x00, 0x00,
    0x00, 0x00, 0x00, 0x00, 0x00, 0x00, 0x00, 0x00, 0x00, 0x00, 0x00, 0x00, 0x00, 0x00, 0x00, 0x00, 0x00, 0x00, 0x00, 0x00, 0x00, 0x00, 0x00, 0x00,
    0x00, 0x00, 0x00, 0x00, 0x00, 0x00, 0x00, 0x00, 0x00, 0x00, 0x00, 0x00, 0x00, 0x00, 0x00, 0x00, 0x00, 0x00, 0x00, 0x00, 0x00, 0x00, 0x00, 0x00,
    0x00, 0x00, 0x00, 0x00, 0x00, 0x00, 0x00, 0x00, 0x00, 0x00, 0x00, 0x00, 0xFF, 0xFF, 0x01, 0xFF, 0xFF, 0x02, 0xFF, 0xFF, 0x03, 0x00, 0x00, 0x00,
    0x00, 0x00, 0x00, 0x00, 0x00, 0x00, 0x00, 0x00, 0x00, 0x00, 0x00, 0x00, 0x00, 0x00, 0x00, 0xFF, 0xFF, 0x08, 0xFF, 0xFF, 0x10, 0xFF, 0xFF, 0x13,
    0xFF, 0xFF, 0x0D, 0xFF, 0xFF, 0x03, 0x00, 0x00, 0x00, 0x00, 0x00, 0x00, 0x00, 0x00, 0x00, 0x00, 0x00, 0x00, 0x00, 0x00, 0x00, 0x00, 0x00, 0x00,
    0xFF, 0xFF, 0x04, 0xFF, 0xFF, 0x02, 0x00, 0x00, 0x00, 0x00, 0x00, 0x00, 0x00, 0x00, 0x00, 0x00, 0x00, 0x00, 0x00, 0x00, 0x00, 0x00, 0x00, 0x00,
    0x00, 0x00, 0x00, 0x00, 0x00, 0x00, 0x00, 0x00, 0x00, 0x00, 0x00, 0x00, 0x00, 0x00, 0x00, 0x00, 0x00, 0x00, 0x00, 0x00, 0x00, 0x00, 0x00, 0x00,
    0x00, 0x00, 0x00, 0x00, 0x00, 0x00, 0x00, 0x00, 0x00, 0x00, 0x00, 0x00, 0x00, 0x00, 0x00, 0xFF, 0xFF, 0x01, 0x00, 0x00, 0x00, 0x00, 0x00, 0x00,
    0x00, 0x00, 0x00, 0x00, 0x00, 0x00, 0x00, 0x00, 0x00, 0x00, 0x00, 0x00, 0x00, 0x00, 0x00, 0x00, 0x00, 0x00, 0x00, 0x00, 0x00, 0x00, 0x00, 0x00,
    0x00, 0x00, 0x00, 0x00, 0x00, 0x00, 0x00, 0x00, 0x00, 0x00, 0x00, 0x00, 0x00, 0x00, 0x00, 0x00, 0x00, 0x00, 0x00, 0x00, 0x00, 0x00, 0x00, 0x00,
    0x00, 0x00, 0x00, 0x00, 0x00, 0x00, 0x00, 0x00, 0x00, 0x00, 0x00, 0x00, 0x00, 0x00, 0x00, 0x00, 0x00, 0x00, 0x00, 0x00, 0x00, 0x00, 0x00, 0x00,
    0x00, 0x00, 0x00, 0x00, 0x00, 0x00, 0x00, 0x00, 0x00, 0x00, 0x00, 0x00, 0x00, 0x00, 0x00, 0x00, 0x00, 0x00, 0x00, 0x00, 0x00, 0x00, 0x00, 0x00,
    0x00, 0x00, 0x00, 0x00, 0x00, 0x00, 0x00, 0x00, 0x00, 0x00, 0x00, 0x00, 0x00, 0x00, 0x00, 0x00, 0x00, 0x00, 0x00, 0x00, 0x00, 0x00, 0x00, 0x00,
    0x00, 0x00, 0x00, 0x00, 0x00, 0x00, 0x00, 0x00, 0x00, 0x00, 0x00, 0x00, 0x00, 0x00, 0x00, 0x00, 0x00, 0x00, 0x00, 0x00, 0x00, 0x00, 0x00, 0x00,
    0x00, 0x00, 0x00, 0xFF, 0xFF, 0x01, 0xFF, 0xFF, 0x03, 0xFF, 0xFF, 0x02, 0x00, 0x00, 0x00, 0x00, 0x00, 0x00, 0x00, 0x00, 0x00, 0x00, 0x00, 0x00,
    0x00, 0x00, 0x00, 0xFF, 0xFF, 0x06, 0xFF, 0xFF, 0x12, 0xFF, 0xFF, 0x1C, 0xFF, 0xFF, 0x17, 0xFF, 0xFF, 0x14, 0xFF, 0xFF, 0x0A, 0x00, 0x00, 0x00,
    0x00, 0x00, 0x00, 0x00, 0x00, 0x00, 0x00, 0x00, 0x00, 0x00, 0x00, 0x00, 0x00, 0x00, 0x00, 0xFF, 0xFF, 0x04, 0xFF, 0xFF, 0x02, 0x00, 0x00, 0x00,
    0x00, 0x00, 0x00, 0x00, 0x00, 0x00, 0x00, 0x00, 0x00, 0x00, 0x00, 0x00, 0x00, 0x00, 0x00, 0x00, 0x00, 0x00, 0x00, 0x00, 0x00, 0x00, 0x00, 0x00,
    0x00, 0x00, 0x00, 0x00, 0x00, 0x00, 0x00, 0x00, 0x00, 0x00, 0x00, 0x00, 0x00, 0x00, 0x00, 0x00, 0x00, 0x00, 0x00, 0x00, 0x00, 0x00, 0x00, 0x00,
    0x00, 0x00, 0x00, 0x00, 0x00, 0x00, 0x00, 0x00, 0x00, 0x00, 0x00, 0x00, 0x00, 0x00, 0x00, 0x00, 0x00, 0x00, 0x00, 0x00, 0x00, 0x00, 0x00, 0x00,
    0x00, 0x00, 0x00, 0xFF, 0xFF, 0x02, 0xFF, 0xFF, 0x04, 0x00, 0x00, 0x00, 0x00, 0x00, 0x00, 0x00, 0x00, 0x00, 0x00, 0x00, 0x00, 0x00, 0x00, 0x00,
    0xEF, 0x7B, 0x02, 0xFF, 0xFF, 0x0D, 0xFF, 0xFF, 0x15, 0xFF, 0xFF, 0x18, 0xFF, 0xFF, 0x13, 0xFF, 0xFF, 0x0D, 0xFF, 0xFF, 0x01, 0x00, 0x00, 0x00,
    0x00, 0x00, 0x00, 0x00, 0x00, 0x00, 0x00, 0x00, 0x00, 0x00, 0x00, 0x00, 0xFF, 0xFF, 0x02, 0xFF, 0xFF, 0x03, 0xFF, 0xFF, 0x01, 0x00, 0x00, 0x00,
    0x00, 0x00, 0x00, 0x00, 0x00, 0x00, 0x00, 0x00, 0x00, 0x00, 0x00, 0x00, 0x00, 0x00, 0x00, 0x00, 0x00, 0x00, 0x00, 0x00, 0x00, 0x00, 0x00, 0x00,
    0x00, 0x00, 0x00, 0x00, 0x00, 0x00, 0x00, 0x00, 0x00, 0x00, 0x00, 0x00, 0x00, 0x00, 0x00, 0x00, 0x00, 0x00, 0x00, 0x00, 0x00, 0x00, 0x00, 0x00,
    0x00, 0x00, 0x00, 0x00, 0x00, 0x00, 0x00, 0x00, 0x00, 0x00, 0x00, 0x00, 0x00, 0x00, 0x00, 0x00, 0x00, 0x00, 0x00, 0x00, 0x00, 0x28, 0x72, 0x0B,
    0x67, 0x8A, 0x0D, 0xAA, 0x92, 0x0C, 0xCA, 0xA2, 0x1F, 0xC9, 0x9A, 0x45, 0xEA, 0xAA, 0x62, 0x2A, 0xB3, 0x93, 0xE9, 0xBA, 0xCE, 0xC8, 0xC2, 0xF7,
    0xA7, 0xC2, 0xFF, 0x66, 0xC2, 0xFF, 0x25, 0xC2, 0xFF, 0xC4, 0xB9, 0xFF, 0xC4, 0xB1, 0xFE, 0xE4, 0xB1, 0xFF, 0xE4, 0xB9, 0xFF, 0x46, 0xBA, 0xFE,
    0x25, 0xBA, 0xFF, 0x26, 0xBA, 0xF0, 0x46, 0xBA, 0xE7, 0x05, 0xB2, 0xF8, 0xC4, 0xB1, 0xFF, 0xC4, 0xB1, 0xFF, 0xC4, 0xB9, 0xFF, 0xA3, 0xB9, 0xFF,
    0xA3, 0xB9, 0xFF, 0xA3, 0xB9, 0xFF, 0xA3, 0xB9, 0xFF, 0xA3, 0xB9, 0xFF, 0xA3, 0xB9, 0xFF, 0xA3, 0xB9, 0xFF, 0xA3, 0xB9, 0xFF, 0xC3, 0xB9, 0xFF,
    0xA3, 0xB9, 0xFF, 0xA3, 0xB9, 0xFF, 0xC3, 0xB9, 0xFF, 0xA3, 0xB9, 0xFF, 0xA3, 0xB9, 0xFF, 0xA3, 0xB9, 0xFF, 0xA3, 0xB9, 0xFF, 0xC3, 0xB9, 0xFF,
    0xE4, 0xB9, 0xFF, 0x66, 0xC2, 0xFF, 0xA7, 0xC2, 0xED, 0xE8, 0xC2, 0xE0, 0xC8, 0xBA, 0xB6, 0x4A, 0xB3, 0x3A, 0xC9, 0x9A, 0x34, 0xA8, 0x9A, 0x1D,
    0xA5, 0x7A, 0x06, 0x00, 0x00, 0x00, 0x00, 0x00, 0x00, 0x00, 0x00, 0x00, 0x00, 0x00, 0x00, 0x00, 0x00, 0x00, 0x00, 0x00, 0x00, 0x00, 0x00, 0x00,
    0x00, 0x00, 0x00, 0x00, 0x00, 0x00, 0x00, 0x00, 0x00, 0x00, 0x00, 0x00, 0x86, 0x99, 0x05, 0xA9, 0xAA, 0x1B, 0xA8, 0xBA, 0x90, 0xC4, 0xB1, 0xFE,
    0x83, 0xB9, 0xFE, 0xA3, 0xB9, 0xFF, 0xA3, 0xB9, 0xFF, 0xA3, 0xB9, 0xFF, 0xA3, 0xB9, 0xFF, 0xA3, 0xB9, 0xFF, 0x83, 0xB1, 0xFD, 0x83, 0xB1, 0xFF,
    0xA7, 0xBA, 0xD3, 0xC9, 0xAA, 0x35, 0x66, 0x7A, 0x0A, 0x00, 0x00, 0x00, 0x00, 0x00, 0x00, 0x00, 0x00, 0x00, 0x00, 0x00, 0x00, 0x00, 0x00, 0x00,
    0x00, 0x00, 0x00, 0x00, 0x00, 0x00, 0x00, 0x00, 0x00, 0x00, 0x00, 0x00, 0x00, 0x00, 0x00, 0x00, 0x00, 0x00, 0x00, 0x00, 0x00, 0x00, 0x00, 0x00,
    0x28, 0x8A, 0x0B, 0xA8, 0x9A, 0x1E, 0xE8, 0xAA, 0x21, 0xA9, 0xA2, 0x5A, 0xC9, 0xB2, 0x73, 0xE9, 0xC2, 0xD0, 0x87, 0xC2, 0xF8, 0xE4, 0xB9, 0xFE,
    0xA3, 0xB9, 0xFF, 0xA3, 0xB9, 0xFF, 0xA3, 0xB9, 0xFF, 0xA3, 0xB9, 0xFF, 0xA3, 0xB9, 0xFF, 0xA3, 0xB9, 0xFF, 0xA3, 0xB9, 0xFF, 0xA3, 0xB9, 0xFF,
    0xA3, 0xB9, 0xFF, 0xA3, 0xB9, 0xFF, 0xC3, 0xB9, 0xFF, 0xA3, 0xB9, 0xFF, 0xA3, 0xB9, 0xFF, 0x05, 0xBA, 0xFE, 0x09, 0xCB, 0xED, 0xAB, 0xD3, 0xCA,
    0x4A, 0xBB, 0x8D, 0x0A, 0xB3, 0x40, 0xA9, 0x9A, 0x23, 0x09, 0xA3, 0x27, 0xA7, 0x92, 0x0C, 0x67, 0x92, 0x24, 0x00, 0x00, 0x00, 0x00, 0x00, 0x00,
    0xE0, 0x7B, 0x02, 0x00, 0xF8, 0x01, 0xE0, 0xFB, 0x02, 0x00, 0x00, 0x00, 0xEF, 0x9C, 0x08, 0xC4, 0xB1, 0xDF, 0xC4, 0xA9, 0xF7, 0xAC, 0xB3, 0x25,
    0xC4, 0xA1, 0xC0, 0xC4, 0xC1, 0xFF, 0x47, 0xAA, 0x51, 0x00, 0x00, 0x00, 0xC9, 0xA2, 0x0E, 0xE9, 0xA2, 0x21, 0xC9, 0xA2, 0x6B, 0xE9, 0xAA, 0x83,
    0x09, 0xBB, 0xB6, 0x46, 0xBA, 0xF8, 0xA3, 0xB9, 0xFF, 0xA3, 0xB9, 0xFF, 0xA3, 0xB9, 0xFF, 0xA4, 0xB9, 0xFF, 0xA4, 0xB9, 0xFF, 0xA4, 0xB9, 0xFF,
    0xA4, 0xB9, 0xFF, 0xA4, 0xB9, 0xFF, 0xA4, 0xB9, 0xFF, 0xA4, 0xB9, 0xFF, 0xA4, 0xB9, 0xFF, 0xA3, 0xB9, 0xFF, 0xA3, 0xB9, 0xFD, 0x25, 0xC2, 0xFF,
    0xC8, 0xBA, 0xB5, 0xE9, 0xAA, 0x47, 0xA9, 0xA2, 0x23, 0x00, 0x00, 0x00, 0xAA, 0xAA, 0x03, 0xAA, 0xAA, 0x03, 0x00, 0x00, 0x00, 0x00, 0x00, 0x00,
    0x00, 0x00, 0x00, 0x00, 0x00, 0x00, 0x00, 0x00, 0x00, 0x00, 0x00, 0x00, 0x00, 0x00, 0x00, 0x00, 0x00, 0x00, 0x00, 0x00, 0x00, 0x00, 0x00, 0x00,
    0x00, 0x00, 0x00, 0x00, 0x00, 0x00, 0x00, 0x00, 0x00, 0x00, 0x00, 0x00, 0x00, 0x00, 0x00, 0x00, 0x00, 0x00, 0x00, 0x00, 0x00, 0x00, 0x00, 0x00,
    0x00, 0x00, 0x00, 0x00, 0x00, 0x00, 0x00, 0x00, 0x00, 0x00, 0x00, 0x00, 0x00, 0x00, 0x00, 0x00, 0x00, 0x00, 0x00, 0x00, 0x00, 0x00, 0x00, 0x00,
    0x00, 0x00, 0x00, 0x00, 0x00, 0x00, 0x00, 0x00, 0x00, 0x00, 0x00, 0x00, 0x00, 0x00, 0x00, 0x00, 0x00, 0x00, 0x00, 0x00, 0x00, 0x00, 0x00, 0x00,
    0x00, 0x00, 0x00, 0x00, 0x00, 0x00, 0x00, 0x00, 0x00, 0xFF, 0xFF, 0x01, 0xFF, 0xFF, 0x02, 0xFF, 0xFF, 0x04, 0xFF, 0xFF, 0x03, 0xFF, 0xFF, 0x01,
    0xFF, 0xFF, 0x01, 0x00, 0x00, 0x00, 0x00, 0x00, 0x00, 0x00, 0x00, 0x00, 0x00, 0x00, 0x00, 0x00, 0x00, 0x00, 0xFF, 0xFF, 0x01, 0xFF, 0xFF, 0x02,
    0xFF, 0xFF, 0x03, 0xFF, 0xFF, 0x03, 0xFF, 0xFF, 0x02, 0xFF, 0xFF, 0x01, 0x00, 0x00, 0x00, 0x00, 0x00, 0x00, 0x00, 0x00, 0x00, 0x00, 0x00, 0x00,
    0x00, 0x00, 0x00, 0x00, 0x00, 0x00, 0x00, 0x00, 0x00, 0x00, 0x00, 0x00, 0x00, 0x00, 0x00, 0x00, 0x00, 0x00, 0x00, 0x00, 0x00, 0x00, 0x00, 0x00,
    0xFF, 0xFF, 0x03, 0xFF, 0xFF, 0x04, 0xFF, 0xFF, 0x04, 0xFF, 0xFF, 0x04, 0xFF, 0xFF, 0x04, 0xFF, 0xFF, 0x04, 0xFF, 0xFF, 0x04, 0xFF, 0xFF, 0x04,
    0xFF, 0xFF, 0x03, 0x00, 0x00, 0x00, 0x00, 0x00, 0x00, 0x00, 0x00, 0x00, 0x00, 0x00, 0x00, 0x00, 0x00, 0x00, 0x00, 0x00, 0x00, 0x00, 0x00, 0x00,
    0x00, 0x00, 0x00, 0x00, 0x00, 0x00, 0x00, 0x00, 0x00, 0x00, 0x00, 0x00, 0x00, 0x00, 0x00, 0x00, 0x00, 0x00, 0x00, 0x00, 0x00, 0x00, 0x00, 0x00,
    0x00, 0x00, 0x00, 0x00, 0x00, 0x00, 0x00, 0x00, 0x00, 0x00, 0x00, 0x00, 0x00, 0x00, 0x00, 0x00, 0x00, 0x00, 0x00, 0x00, 0x00, 0x00, 0x00, 0x00,
    0x00, 0x00, 0x00, 0x00, 0x00, 0x00, 0x00, 0x00, 0x00, 0x00, 0x00, 0x00, 0x00, 0x00, 0x00, 0x00, 0x00, 0x00, 0xFF, 0xFF, 0x03, 0xFF, 0xFF, 0x04,
    0xFF, 0xFF, 0x04, 0xFF, 0xFF, 0x04, 0xFF, 0xFF, 0x04, 0xFF, 0xFF, 0x04, 0xFF, 0xFF, 0x04, 0xFF, 0xFF, 0x04, 0xFF, 0xFF, 0x03, 0x00, 0x00, 0x00,
    0x00, 0x00, 0x00, 0x00, 0x00, 0x00, 0x00, 0x00, 0x00, 0x00, 0x00, 0x00, 0x00, 0x00, 0x00, 0x00, 0x00, 0x00, 0x00, 0x00, 0x00, 0x00, 0x00, 0x00,
    0x00, 0x00, 0x00, 0x00, 0x00, 0x00, 0x00, 0x00, 0x00, 0x00, 0x00, 0x00, 0x00, 0x00, 0x00, 0x00, 0x00, 0x00, 0x00, 0x00, 0x00, 0x00, 0x00, 0x00,
    0xFF, 0xFF, 0x01, 0xFF, 0xFF, 0x02, 0xFF, 0xFF, 0x04, 0xFF, 0xFF, 0x02, 0xFF, 0xFF, 0x01, 0x00, 0x00, 0x00, 0x00, 0x00, 0x00, 0x00, 0x00, 0x00,
    0x00, 0x00, 0x00, 0x00, 0x00, 0x00, 0x00, 0x00, 0x00, 0x00, 0x00, 0x00, 0xFF, 0xFF, 0x02, 0xFF, 0xFF, 0x03, 0xFF, 0xFF, 0x03, 0xFF, 0xFF, 0x02,
    0xFF, 0xFF, 0x01, 0x00, 0x00, 0x00, 0x00, 0x00, 0x00, 0x00, 0x00, 0x00, 0x00, 0x00, 0x00, 0x00, 0x00, 0x00, 0x00, 0x00, 0x00, 0x00, 0x00, 0x00,
    0x00, 0x00, 0x00, 0x00, 0x00, 0x00, 0x00, 0x00, 0x00, 0x00, 0x00, 0x00, 0x00, 0x00, 0x00, 0x00, 0x00, 0x00, 0x00, 0x00, 0x00, 0x00, 0x00, 0x00,
    0x00, 0x00, 0x00, 0x00, 0x00, 0x00, 0x00, 0x00, 0x00, 0x00, 0x00, 0x00, 0x00, 0x00, 0x00, 0x00, 0x00, 0x00, 0x00, 0x00, 0x00, 0x00, 0x00, 0x00,
    0x00, 0x00, 0x00, 0x00, 0x00, 0x00, 0x00, 0x00, 0x00, 0x00, 0x00, 0x00, 0x00, 0x00, 0x00, 0x00, 0x00, 0x00, 0x00, 0x00, 0x00, 0xFF, 0xFF, 0x01,
    0xFF, 0xFF, 0x02, 0xFF, 0xFF, 0x04, 0xFF, 0xFF, 0x03, 0xFF, 0xFF, 0x02, 0x00, 0x00, 0x00, 0x00, 0x00, 0x00, 0x00, 0x00, 0x00, 0x00, 0x00, 0x00,
    0x00, 0x00, 0x00, 0x00, 0x00, 0x00, 0x00, 0x00, 0x00, 0xFF, 0xFF, 0x01, 0xFF, 0xFF, 0x03, 0xFF, 0xFF, 0x04, 0xFF, 0xFF, 0x02, 0xFF, 0xFF, 0x01,
    0x00, 0x00, 0x00, 0x00, 0x00, 0x00, 0x00, 0x00, 0x00, 0x00, 0x00, 0x00, 0x00, 0x00, 0x00, 0x00, 0x00, 0x00, 0x00, 0x00, 0x00, 0x00, 0x00, 0x00,
    0x00, 0x00, 0x00, 0x00, 0x00, 0x00, 0x00, 0x00, 0x00, 0x00, 0x00, 0x00, 0x00, 0x00, 0x00, 0x00, 0x00, 0x00, 0x00, 0x00, 0x00, 0x00, 0x00, 0x00,
    0x00, 0x00, 0x00, 0x00, 0x00, 0x00, 0xFF, 0xFF, 0x02, 0xFF, 0xFF, 0x04, 0xFF, 0xFF, 0x04, 0xFF, 0xFF, 0x04, 0xFF, 0xFF, 0x04, 0xFF, 0xFF, 0x04,
    0xFF, 0xFF, 0x04, 0xFF, 0xFF, 0x04, 0xEF, 0x7B, 0x02, 0xE7, 0x79, 0x04, 0xA8, 0x8A, 0x12, 0xC9, 0x92, 0x4E, 0xEA, 0xA2, 0x33, 0xEA, 0xA2, 0x29,
    0x0A, 0xAB, 0x39, 0x2A, 0xBB, 0x9A, 0x29, 0xC3, 0xDB, 0x26, 0xBA, 0xF9, 0x67, 0xC2, 0xFD, 0x26, 0xC2, 0xFD, 0x83, 0xB1, 0xFE, 0x83, 0xB1, 0xFF,
    0x83, 0xB1, 0xFF, 0x82, 0xB1, 0xFF, 0x82, 0xB1, 0xFE, 0x83, 0xB1, 0xFF, 0x83, 0xB1, 0xFE, 0x83, 0xB1, 0xFF, 0x83, 0xB1, 0xFF, 0x83, 0xB1, 0xFF,
    0x83, 0xB1, 0xFE, 0x83, 0xB1, 0xFE, 0x83, 0xB1, 0xFE, 0xA3, 0xB1, 0xFF, 0xA3, 0xB9, 0xFF, 0xA3, 0xB9, 0xFF, 0xA4, 0xB9, 0xFF, 0xA3, 0xB9, 0xFF,
    0xA3, 0xB9, 0xFF, 0xA3, 0xB9, 0xFF, 0xA3, 0xB9, 0xFF, 0xA3, 0xB9, 0xFF, 0xA3, 0xB9, 0xFF, 0xC3, 0xB9, 0xFF, 0xA3, 0xB9, 0xFF, 0xA3, 0xB9, 0xFF,
    0xA3, 0xB9, 0xFF, 0xA3, 0xB1, 0xFF, 0xC3, 0xB9, 0xFF, 0x25, 0xBA, 0xFD, 0x09, 0xCB, 0xEF, 0xE9, 0xC2, 0xDF, 0x6A, 0xC3, 0xA2, 0x09, 0xB3, 0x78,
    0xC9, 0xA2, 0x4D, 0xA7, 0xAA, 0x0C, 0xC9, 0xA2, 0x1F, 0xAA, 0xAA, 0x06, 0x00, 0x00, 0x00, 0x00, 0x00, 0x00, 0x00, 0x00, 0x00, 0x00, 0x00, 0x00,
    0x00, 0x00, 0x00, 0x00, 0x00, 0x00, 0x00, 0x00, 0x00, 0x00, 0x00, 0x00, 0x00, 0x00, 0x00, 0x00, 0x00, 0x00, 0x00, 0x00, 0x00, 0x00, 0x00, 0x00,
    0xE0, 0xFF, 0x01, 0x47, 0x9A, 0x18, 0xE9, 0xBA, 0x78, 0x05, 0xB2, 0xF9, 0x83, 0xB9, 0xFF, 0xA3, 0xB9, 0xFE, 0xA3, 0xB9, 0xFF, 0xA3, 0xB9, 0xFF,
    0xA3, 0xB9, 0xFF, 0xA3, 0xB9, 0xFF, 0x82, 0xB1, 0xFD, 0xA3, 0xB1, 0xFF, 0xC8, 0xBA, 0xCD, 0x2A, 0xAB, 0x28, 0xE0, 0x7B, 0x02, 0x00, 0x00, 0x00,
    0x00, 0x00, 0x00, 0x00, 0x00, 0x00, 0x00, 0x00, 0x00, 0x00, 0x00, 0x00, 0x00, 0x00, 0x00, 0x00, 0x00, 0x00, 0x00, 0x00, 0x00, 0x00, 0x00, 0x00,
    0x00, 0x00, 0x00, 0x00, 0x00, 0x00, 0x00, 0x00, 0x00, 0x00, 0x00, 0x00, 0x00, 0x00, 0x00, 0xC7, 0x89, 0x09, 0x27, 0x8A, 0x2C, 0x88, 0x9A, 0x2B,
    0xC8, 0xA2, 0x31, 0xC8, 0xB2, 0x9A, 0x09, 0xCB, 0xB6, 0x87, 0xC2, 0xED, 0xE4, 0xB9, 0xFF, 0xA3, 0xB9, 0xFE, 0xA3, 0xB9, 0xFF, 0xA3, 0xB9, 0xFF,
    0xA3, 0xB9, 0xFF, 0xA3, 0xB9, 0xFF, 0xA3, 0xB9, 0xFF, 0xA3, 0xB9, 0xFF, 0xA3, 0xB9, 0xFF, 0xA3, 0xB9, 0xFF, 0xA3, 0xB9, 0xFF, 0xE4, 0xB9, 0xFD,
    0x25, 0xBA, 0xFD, 0x29, 0xCB, 0xEC, 0x6A, 0xC3, 0xB8, 0x2A, 0xBB, 0x6F, 0x2A, 0xB3, 0x41, 0xCA, 0xA2, 0x1C, 0xE7, 0xBB, 0x04, 0x00, 0x00, 0x00,
    0x00, 0x00, 0x00, 0x00, 0x00, 0x00, 0x00, 0x00, 0x00, 0x00, 0x00, 0x00, 0x00, 0x00, 0x00, 0x00, 0x00, 0x00, 0x00, 0x00, 0x01, 0x00, 0x00, 0x00,
    0xD3, 0x9C, 0x05, 0xC4, 0xA9, 0xDA, 0xC4, 0xA9, 0xF8, 0x6C, 0xAB, 0x28, 0xA4, 0xA1, 0xC6, 0xC4, 0xB9, 0xFF, 0x47, 0xAA, 0x52, 0x00, 0x00, 0x00,
    0xA7, 0xAA, 0x0C, 0xC9, 0xA2, 0x2B, 0xC9, 0xAA, 0x4A, 0xE9, 0xAA, 0x5E, 0x09, 0xBB, 0x8D, 0x46, 0xB2, 0xF7, 0xA3, 0xB9, 0xFF, 0xA3, 0xB9, 0xFF,
    0xA4, 0xB9, 0xFF, 0xA3, 0xB9, 0xFF, 0xA4, 0xB9, 0xFF, 0xA4, 0xB9, 0xFF, 0xA4, 0xB9, 0xFF, 0xA4, 0xB9, 0xFF, 0xA4, 0xB9, 0xFF, 0xA4, 0xB9, 0xFF,
    0xA4, 0xB9, 0xFF, 0xC3, 0xB9, 0xFF, 0xA3, 0xB1, 0xFF, 0x67, 0xC2, 0xFA, 0x2A, 0xC3, 0xB4, 0xE9, 0xAA, 0x6C, 0xA9, 0x9A, 0x18, 0x00, 0xF8, 0x01,
    0xEF, 0x7B, 0x02, 0x00, 0x78, 0x02, 0x00, 0x00, 0x00, 0x00, 0x00, 0x00, 0x00, 0x00, 0x00, 0x00, 0x00, 0x00, 0x00, 0x00, 0x00, 0x00, 0x00, 0x00,
    0x00, 0x00, 0x00, 0x00, 0x00, 0x00, 0x00, 0x00, 0x00, 0x00, 0x00, 0x00, 0x00, 0x00, 0x00, 0x00, 0x00, 0x00, 0x00, 0x00, 0x00, 0x00, 0x00, 0x00,
    0x00, 0x00, 0x00, 0x00, 0x00, 0x00, 0x00, 0x00, 0x00, 0x00, 0x00, 0x00, 0x00, 0x00, 0x00, 0x00, 0x00, 0x00, 0x00, 0x00, 0x00, 0x00, 0x00, 0x00,
    0x00, 0x00, 0x00, 0x00, 0x00, 0x00, 0x00, 0x00, 0x00, 0x00, 0x00, 0x00, 0x00, 0x00, 0x00, 0x00, 0x00, 0x00, 0x00, 0x00, 0x00, 0x00, 0x00, 0x00,
    0x00, 0x00, 0x00, 0x00, 0x00, 0x00, 0x00, 0x00, 0x00, 0x00, 0x00, 0x00, 0x00, 0x00, 0x00, 0x00, 0x00, 0x00, 0x00, 0x00, 0x00, 0x00, 0x00, 0x00,
    0x00, 0x00, 0x00, 0x00, 0x00, 0x00, 0x00, 0x00, 0x00, 0x00, 0x00, 0x00, 0x00, 0x00, 0x00, 0xFF, 0xFF, 0x01, 0xFF, 0xFF, 0x01, 0xFF, 0xFF, 0x01,
    0xFF, 0xFF, 0x01, 0xFF, 0xFF, 0x01, 0x00, 0x00, 0x00, 0x00, 0x00, 0x00, 0x00, 0x00, 0x00, 0x00, 0x00, 0x00, 0x00, 0x00, 0x00, 0x00, 0x00, 0x00,
    0x00, 0x00, 0x00, 0x00, 0x00, 0x00, 0x00, 0x00, 0x00, 0x00, 0x00, 0x00, 0x00, 0x00, 0x00, 0x00, 0x00, 0x00, 0x00, 0x00, 0x00, 0x00, 0x00, 0x00,
    0x00, 0x00, 0x00, 0x00, 0x00, 0x00, 0x00, 0x00, 0x00, 0x00, 0x00, 0x00, 0x00, 0x00, 0x00, 0x00, 0x00, 0x00, 0x00, 0x00, 0x00, 0x00, 0x00, 0x00,
    0x00, 0x00, 0x00, 0x00, 0x00, 0x00, 0x00, 0x00, 0x00, 0x00, 0x00, 0x00, 0x00, 0x00, 0x00, 0x00, 0x00, 0x00, 0x00, 0x00, 0x00, 0x00, 0x00, 0x00,
    0x00, 0x00, 0x00, 0x00, 0x00, 0x00, 0x00, 0x00, 0x00, 0x00, 0x00, 0x00, 0x00, 0x00, 0x00, 0x00, 0x00, 0x00, 0x00, 0x00, 0x00, 0x00, 0x00, 0x00,
    0x00, 0x00, 0x00, 0x00, 0x00, 0x00, 0x00, 0x00, 0x00, 0x00, 0x00, 0x00, 0x00, 0x00, 0x00, 0x00, 0x00, 0x00, 0x00, 0x00, 0x00, 0x00, 0x00, 0x00,
    0x00, 0x00, 0x00, 0x00, 0x00, 0x00, 0x00, 0x00, 0x00, 0x00, 0x00, 0x00, 0x00, 0x00, 0x00, 0x00, 0x00, 0x00, 0x00, 0x00, 0x00, 0x00, 0x00, 0x00,
    0x00, 0x00, 0x00, 0x00, 0x00, 0x00, 0x00, 0x00, 0x00, 0x00, 0x00, 0x00, 0x00, 0x00, 0x00, 0x00, 0x00, 0x00, 0x00, 0x00, 0x00, 0x00, 0x00, 0x00,
    0x00, 0x00, 0x00, 0x00, 0x00, 0x00, 0x00, 0x00, 0x00, 0x00, 0x00, 0x00, 0x00, 0x00, 0x00, 0x00, 0x00, 0x00, 0x00, 0x00, 0x00, 0x00, 0x00, 0x00,
    0x00, 0x00, 0x00, 0x00, 0x00, 0x00, 0x00, 0x00, 0x00, 0x00, 0x00, 0x00, 0x00, 0x00, 0x00, 0x00, 0x00, 0x00, 0x00, 0x00, 0x00, 0x00, 0x00, 0x00,
    0x00, 0x00, 0x00, 0x00, 0x00, 0x00, 0x00, 0x00, 0x00, 0x00, 0x00, 0x00, 0x00, 0x00, 0x00, 0x00, 0x00, 0x00, 0x00, 0x00, 0x00, 0x00, 0x00, 0x00,
    0x00, 0x00, 0x00, 0xFF, 0xFF, 0x01, 0xFF, 0xFF, 0x01, 0xFF, 0xFF, 0x02, 0xFF, 0xFF, 0x01, 0xFF, 0xFF, 0x01, 0xFF, 0xFF, 0x01, 0x00, 0x00, 0x00,
    0x00, 0x00, 0x00, 0x00, 0x00, 0x00, 0x00, 0x00, 0x00, 0x00, 0x00, 0x00, 0x00, 0x00, 0x00, 0x00, 0x00, 0x00, 0x00, 0x00, 0x00, 0x00, 0x00, 0x00,
    0x00, 0x00, 0x00, 0x00, 0x00, 0x00, 0x00, 0x00, 0x00, 0x00, 0x00, 0x00, 0x00, 0x00, 0x00, 0x00, 0x00, 0x00, 0x00, 0x00, 0x00, 0x00, 0x00, 0x00,
    0x00, 0x00, 0x00, 0x00, 0x00, 0x00, 0x00, 0x00, 0x00, 0x00, 0x00, 0x00, 0x00, 0x00, 0x00, 0x00, 0x00, 0x00, 0x00, 0x00, 0x00, 0x00, 0x00, 0x00,
    0x00, 0x00, 0x00, 0x00, 0x00, 0x00, 0x00, 0x00, 0x00, 0x00, 0x00, 0x00, 0x00, 0x00, 0x00, 0x00, 0x00, 0x00, 0x00, 0x00, 0x00, 0x00, 0x00, 0x00,
    0x00, 0x00, 0x00, 0x00, 0x00, 0x00, 0x00, 0x00, 0x00, 0x00, 0x00, 0x00, 0x00, 0x00, 0x00, 0x00, 0x00, 0x00, 0x00, 0x00, 0x00, 0x00, 0x00, 0x00,
    0x00, 0x00, 0x01, 0xFF, 0xFF, 0x01, 0xFF, 0xFF, 0x01, 0xFF, 0xFF, 0x01, 0xFF, 0xFF, 0x01, 0xFF, 0xFF, 0x01, 0x00, 0x00, 0x00, 0x00, 0x00, 0x00,
    0x00, 0x00, 0x00, 0x00, 0x00, 0x00, 0x00, 0x00, 0x00, 0x00, 0x00, 0x00, 0x00, 0x00, 0x00, 0x00, 0x00, 0x00, 0x00, 0x00, 0x00, 0x00, 0x00, 0x00,
    0x00, 0x00, 0x00, 0x00, 0x00, 0x00, 0x00, 0x00, 0x00, 0x00, 0x00, 0x00, 0x00, 0x00, 0x00, 0x00, 0x00, 0x00, 0x00, 0x00, 0x00, 0x00, 0x00, 0x00,
    0x00, 0x00, 0x00, 0x00, 0x00, 0x00, 0x00, 0x00, 0x00, 0x00, 0x00, 0x00, 0x00, 0x00, 0x00, 0x00, 0x00, 0x00, 0x00, 0x00, 0x00, 0x00, 0x00, 0x00,
    0x00, 0x00, 0x00, 0x00, 0x00, 0x00, 0x00, 0x00, 0x00, 0x00, 0x00, 0x00, 0x00, 0x00, 0x00, 0x00, 0x00, 0x00, 0xAA, 0xAA, 0x03, 0x00, 0x00, 0x00,
    0x86, 0x99, 0x05, 0xE9, 0xA2, 0x1E, 0xE9, 0xA2, 0x31, 0xEA, 0xAA, 0x61, 0x0A, 0xB3, 0x61, 0x0A, 0xBB, 0x95, 0x09, 0xCB, 0xC7, 0x66, 0xC2, 0xFF,
    0xC4, 0xB9, 0xFE, 0x83, 0xB1, 0xFF, 0xA3, 0xB9, 0xFF, 0xA3, 0xB9, 0xFF, 0xA3, 0xB9, 0xFF, 0xA3, 0xB9, 0xFF, 0xA3, 0xB9, 0xFF, 0xA3, 0xB9, 0xFF,
    0xA3, 0xB9, 0xFF, 0xA3, 0xB9, 0xFE, 0xA3, 0xB9, 0xFE, 0xA3, 0xB9, 0xFF, 0xA3, 0xB9, 0xFF, 0xA3, 0xB9, 0xFF, 0xA3, 0xB9, 0xFF, 0xA3, 0xB9, 0xFF,
    0xA3, 0xB9, 0xFF, 0xA3, 0xB9, 0xFF, 0xA4, 0xB9, 0xFF, 0xA3, 0xB9, 0xFF, 0xA3, 0xB9, 0xFF, 0xA3, 0xB9, 0xFF, 0xA3, 0xB9, 0xFF, 0xA3, 0xB9, 0xFF,
    0xA3, 0xB9, 0xFF, 0xA3, 0xB9, 0xFF, 0xA3, 0xB9, 0xFF, 0xA3, 0xB1, 0xFE, 0xC4, 0xB9, 0xFF, 0x25, 0xBA, 0xFC, 0x09, 0xCB, 0xF1, 0x09, 0xC3, 0xDC,
    0x4A, 0xC3, 0xA6, 0x2A, 0xBB, 0x6D, 0xE9, 0xAA, 0x51, 0xE9, 0xA2, 0x44, 0xC9, 0x9A, 0x3F, 0xAA, 0xAA, 0x09, 0x00, 0x00, 0x00, 0x00, 0x00, 0x00,
    0x00, 0x00, 0x00, 0x00, 0x00, 0x00, 0x00, 0x00, 0x00, 0x00, 0x00, 0x00, 0x00, 0x00, 0x00, 0x00, 0x00, 0x00, 0x00, 0x00, 0x00, 0x00, 0x00, 0x00,
    0x00, 0x00, 0x00, 0x00, 0x00, 0x00, 0x00, 0x00, 0x00, 0x00, 0x00, 0x01, 0x00, 0x00, 0x00, 0x47, 0x9A, 0x15, 0xE9, 0xBA, 0x48, 0x66, 0xBA, 0xDF,
    0x83, 0xB1, 0xFF, 0x83, 0xB1, 0xFD, 0x83, 0xB1, 0xFF, 0xA3, 0xB9, 0xFF, 0xA3, 0xB9, 0xFF, 0xA3, 0xB9, 0xFE, 0x82, 0xB1, 0xFD, 0x05, 0xBA, 0xF9,
    0xC8, 0xBA, 0x90, 0xC7, 0xA2, 0x14, 0xAA, 0xAA, 0x03, 0x00, 0x00, 0x00, 0x00, 0x00, 0x00, 0x00, 0x00, 0x00, 0x00, 0x00, 0x00, 0x00, 0x00, 0x00,
    0x00, 0x00, 0x00, 0x00, 0x00, 0x00, 0x00, 0x00, 0x00, 0x00, 0x00, 0x00, 0x00, 0x00, 0x00, 0x00, 0x00, 0x00, 0x00, 0x00, 0x00, 0x00, 0x00, 0x00,
    0x00, 0x00, 0x00, 0xC7, 0x89, 0x0D, 0x06, 0x82, 0x44, 0x67, 0x92, 0x3C, 0x67, 0x92, 0x66, 0xC8, 0xAA, 0x36, 0xC9, 0xB2, 0x65, 0xE9, 0xBA, 0xB6,
    0xC8, 0xCA, 0xE9, 0xE4, 0xB9, 0xFF, 0xA3, 0xB9, 0xFE, 0x83, 0xB9, 0xFF, 0xA3, 0xB9, 0xFF, 0xA3, 0xB9, 0xFF, 0xA3, 0xB9, 0xFF, 0xA3, 0xB9, 0xFF,
    0xA3, 0xB1, 0xFF, 0x83, 0xB1, 0xFF, 0xC4, 0xB9, 0xFF, 0xC8, 0xCA, 0xF9, 0x09, 0xCB, 0xF3, 0x2A, 0xC3, 0xB6, 0x2B, 0xB3, 0x76, 0x0A, 0xAB, 0x3E,
    0xE9, 0x9A, 0x10, 0xEB, 0xA2, 0x0B, 0xAA, 0xAA, 0x03, 0x00, 0xF8, 0x01, 0xE0, 0x7B, 0x02, 0x00, 0xF8, 0x01, 0x00, 0x00, 0x00, 0x00, 0x00, 0x00,
    0x00, 0x00, 0x00, 0x00, 0x00, 0x00, 0x00, 0x00, 0x01, 0x00, 0x00, 0x00, 0xD3, 0x9C, 0x05, 0xC4, 0xA9, 0xD5, 0xA4, 0xA9, 0xFD, 0xEA, 0xA2, 0x30,
    0xA4, 0xA1, 0xC3, 0xC4, 0xB9, 0xFF, 0x67, 0xAA, 0x4C, 0x00, 0x00, 0x00, 0xA8, 0xA2, 0x27, 0xC9, 0xA2, 0x37, 0xC9, 0xA2, 0x50, 0xA9, 0xA2, 0x49,
    0x0A, 0xB3, 0x8F, 0x87, 0xBA, 0xCE, 0xA3, 0xB1, 0xFF, 0xA3, 0xB9, 0xFD, 0xA3, 0xB9, 0xFF, 0xA4, 0xB9, 0xFF, 0xA4, 0xB9, 0xFF, 0xA4, 0xB9, 0xFF,
    0xA4, 0xB9, 0xFF, 0xA4, 0xB9, 0xFF, 0xA4, 0xB9, 0xFF, 0xA4, 0xB9, 0xFF, 0xA4, 0xB9, 0xFF, 0xA3, 0xB9, 0xFE, 0xC4, 0xB9, 0xFF, 0xA8, 0xC2, 0xEA,
    0x2A, 0xBB, 0x90, 0xE9, 0xA2, 0x63, 0xE9, 0x9A, 0x18, 0x00, 0xF8, 0x01, 0x00, 0x00, 0x01, 0x00, 0x00, 0x00, 0x00, 0x00, 0x00, 0x00, 0x00, 0x01,
    0x00, 0x00, 0x00, 0x00, 0x00, 0x00, 0x00, 0x00, 0x00, 0x00, 0x00, 0x00, 0x00, 0x00, 0x00, 0x00, 0x00, 0x00, 0x00, 0x00, 0x00, 0x00, 0x00, 0x00,
    0x00, 0x00, 0x00, 0x00, 0x00, 0x00, 0x00, 0x00, 0x00, 0x00, 0x00, 0x00, 0x00, 0x00, 0x00, 0x00, 0x00, 0x00, 0x00, 0x00, 0x00, 0x00, 0x00, 0x00,
    0x00, 0x00, 0x00, 0x00, 0x00, 0x00, 0x00, 0x00, 0x00, 0x00, 0x00, 0x00, 0x00, 0x00, 0x00, 0x00, 0x00, 0x00, 0x00, 0x00, 0x00, 0x00, 0x00, 0x00,
    0x00, 0x00, 0x00, 0x00, 0x00, 0x00, 0x00, 0x00, 0x00, 0x00, 0x00, 0x00, 0x00, 0x00, 0x00, 0x00, 0x00, 0x00, 0x00, 0x00, 0x00, 0x00, 0x00, 0x00,
    0x00, 0x00, 0x00, 0x00, 0x00, 0x00, 0x00, 0x00, 0x00, 0x00, 0x00, 0x00, 0x00, 0x00, 0x00, 0x00, 0x00, 0x00, 0x00, 0x00, 0x00, 0x00, 0x00, 0x00,
    0x00, 0x00, 0x00, 0x00, 0x00, 0x00, 0x00, 0x00, 0x00, 0x00, 0x00, 0x00, 0x00, 0x00, 0x00, 0x00, 0x00, 0x00, 0x00, 0x00, 0x00, 0x00, 0x00, 0x00,
    0x00, 0x00, 0x00, 0x00, 0x00, 0x00, 0x00, 0x00, 0x00, 0x00, 0x00, 0x00, 0x00, 0x00, 0x00, 0x00, 0x00, 0x00, 0x00, 0x00, 0x00, 0x00, 0x00, 0x00,
    0x00, 0x00, 0x00, 0x00, 0x00, 0x00, 0x00, 0x00, 0x00, 0x00, 0x00, 0x00, 0x00, 0x00, 0x00, 0x00, 0x00, 0x00, 0x00, 0x00, 0x00, 0x00, 0x00, 0x00,
    0x00, 0x00, 0x00, 0x00, 0x00, 0x00, 0x00, 0x00, 0x00, 0x00, 0x00, 0x00, 0x00, 0x00, 0x00, 0x00, 0x00, 0x00, 0x00, 0x00, 0x00, 0x00, 0x00, 0x00,
    0x00, 0x00, 0x00, 0x00, 0x00, 0x00, 0x00, 0x00, 0x00, 0x00, 0x00, 0x00, 0x00, 0x00, 0x00, 0x00, 0x00, 0x00, 0x00, 0x00, 0x00, 0x00, 0x00, 0x00,
    0x00, 0x00, 0x00, 0x00, 0x00, 0x00, 0x00, 0x00, 0x00, 0x00, 0x00, 0x00, 0x00, 0x00, 0x00, 0x00, 0x00, 0x00, 0x00, 0x00, 0x00, 0x00, 0x00, 0x00,
    0x00, 0x00, 0x00, 0x00, 0x00, 0x00, 0x00, 0x00, 0x00, 0x00, 0x00, 0x00, 0x00, 0x00, 0x00, 0x00, 0x00, 0x00, 0x00, 0x00, 0x00, 0x00, 0x00, 0x00,
    0x00, 0x00, 0x00, 0x00, 0x00, 0x00, 0x00, 0x00, 0x00, 0x00, 0x00, 0x00, 0x00, 0x00, 0x00, 0x00, 0x00, 0x00, 0x00, 0x00, 0x00, 0x00, 0x00, 0x00,
    0x00, 0x00, 0x00, 0x00, 0x00, 0x00, 0x00, 0x00, 0x00, 0x00, 0x00, 0x00, 0x00, 0x00, 0x00, 0x00, 0x00, 0x00, 0x00, 0x00, 0x00, 0x00, 0x00, 0x00,
    0x00, 0x00, 0x00, 0x00, 0x00, 0x00, 0x00, 0x00, 0x00, 0x00, 0x00, 0x00, 0x00, 0x00, 0x00, 0x00, 0x00, 0x00, 0x00, 0x00, 0x00, 0x00, 0x00, 0x00,
    0x00, 0x00, 0x00, 0x00, 0x00, 0x00, 0x00, 0x00, 0x00, 0x00, 0x00, 0x00, 0x00, 0x00, 0x00, 0x00, 0x00, 0x00, 0x00, 0x00, 0x00, 0x00, 0x00, 0x00,
    0x00, 0x00, 0x00, 0x00, 0x00, 0x00, 0x00, 0x00, 0x00, 0x00, 0x00, 0x00, 0x00, 0x00, 0x00, 0x00, 0x00, 0x00, 0x00, 0x00, 0x00, 0x00, 0x00, 0x00,
    0x00, 0x00, 0x00, 0x00, 0x00, 0x00, 0x00, 0x00, 0x00, 0x00, 0x00, 0x00, 0x00, 0x00, 0x00, 0x00, 0x00, 0x00, 0x00, 0x00, 0x00, 0x00, 0x00, 0x00,
    0x00, 0x00, 0x00, 0x00, 0x00, 0x00, 0x00, 0x00, 0x00, 0x00, 0x00, 0x00, 0x00, 0x00, 0x00, 0x00, 0x00, 0x00, 0x00, 0x00, 0x00, 0x00, 0x00, 0x00,
    0x00, 0x00, 0x00, 0x00, 0x00, 0x00, 0x00, 0x00, 0x00, 0x00, 0x00, 0x00, 0x00, 0x00, 0x00, 0x00, 0x00, 0x00, 0x00, 0x00, 0x00, 0x00, 0x00, 0x00,
    0x00, 0x00, 0x00, 0x00, 0x00, 0x00, 0x00, 0x00, 0x00, 0x00, 0x00, 0x00, 0x00, 0x00, 0x00, 0x00, 0x00, 0x00, 0x00, 0x00, 0x00, 0x00, 0x00, 0x00,
    0x00, 0x00, 0x00, 0x00, 0x00, 0x00, 0x00, 0x00, 0x00, 0x00, 0x00, 0x00, 0x00, 0x00, 0x00, 0x00, 0x00, 0x00, 0x00, 0x00, 0x00, 0x00, 0x00, 0x00,
    0x00, 0x00, 0x00, 0x00, 0x00, 0x00, 0x00, 0x00, 0x00, 0x00, 0x00, 0x00, 0x00, 0x00, 0x00, 0x00, 0x00, 0x00, 0x00, 0x00, 0x00, 0x00, 0x00, 0x00,
    0x00, 0x00, 0x00, 0x00, 0x00, 0x00, 0x00, 0x00, 0x00, 0x00, 0x00, 0x00, 0x00, 0x00, 0x00, 0x00, 0x00, 0x00, 0x00, 0x00, 0x00, 0x00, 0x00, 0x00,
    0x00, 0x00, 0x00, 0x00, 0x00, 0x00, 0x00, 0x00, 0x00, 0x00, 0x00, 0x00, 0x00, 0x00, 0x00, 0x00, 0x00, 0x00, 0x00, 0x00, 0x00, 0x00, 0x00, 0x00,
    0x00, 0x00, 0x00, 0x00, 0x00, 0x00, 0x00, 0x00, 0x00, 0x00, 0x00, 0x00, 0x00, 0x00, 0x00, 0x00, 0x00, 0x00, 0x00, 0x00, 0x00, 0x00, 0x00, 0x00,
    0x00, 0x00, 0x00, 0x00, 0x00, 0x00, 0x00, 0x00, 0x00, 0x00, 0x00, 0x00, 0x00, 0x00, 0x00, 0x00, 0x00, 0x00, 0x00, 0x00, 0x00, 0x00, 0x00, 0x00,
    0x00, 0x00, 0x00, 0x86, 0x61, 0x05, 0x26, 0x72, 0x29, 0xEF, 0x7B, 0x04, 0x2C, 0x9B, 0x05, 0xC9, 0x9A, 0x1A, 0xEA, 0xAA, 0x18, 0xEA, 0xAA, 0x38,
    0xE9, 0xAA, 0x93, 0x2A, 0xC3, 0x97, 0xE9, 0xC2, 0xD5, 0x25, 0xBA, 0xFD, 0x82, 0xB1, 0xFE, 0xA3, 0xB9, 0xFF, 0xA3, 0xB9, 0xFF, 0xA3, 0xB9, 0xFF,
    0xA3, 0xB9, 0xFF, 0xA3, 0xB9, 0xFF, 0xA3, 0xB9, 0xFF, 0xA3, 0xB9, 0xFF, 0xA3, 0xB9, 0xFF, 0xA3, 0xB9, 0xFF, 0xA3, 0xB9, 0xFF, 0xA3, 0xB9, 0xFF,
    0xA3, 0xB9, 0xFF, 0xA3, 0xB9, 0xFF, 0xA3, 0xB9, 0xFF, 0xA3, 0xB9, 0xFF, 0xA3, 0xB9, 0xFF, 0xA3, 0xB9, 0xFF, 0xA3, 0xB9, 0xFF, 0xA3, 0xB9, 0xFF,
    0xA4, 0xB9, 0xFF, 0xA3, 0xB9, 0xFF, 0xA3, 0xB9, 0xFF, 0xA3, 0xB9, 0xFF, 0xA3, 0xB9, 0xFF, 0xA3, 0xB9, 0xFF, 0xA3, 0xB9, 0xFF, 0x66, 0xC2, 0xFF,
    0xC8, 0xC2, 0xEF, 0x2A, 0xCB, 0xC3, 0x2A, 0xBB, 0xA3, 0x2A, 0xBB, 0x7A, 0x0A, 0xB3, 0x6D, 0xE9, 0xA2, 0x2F, 0xE9, 0x9A, 0x28, 0x09, 0xAB, 0x15,
    0x00, 0x00, 0x00, 0xAA, 0xAA, 0x03, 0x00, 0x00, 0x01, 0x00, 0x00, 0x00, 0x00, 0x00, 0x00, 0x00, 0x00, 0x00, 0x00, 0x00, 0x00, 0x00, 0x00, 0x00,
    0x00, 0x00, 0x00, 0x00, 0x00, 0x00, 0x00, 0x00, 0x00, 0x00, 0x00, 0x00, 0x00, 0x00, 0x00, 0x00, 0x00, 0x00, 0x00, 0x00, 0x00, 0x00, 0x00, 0x00,
    0x00, 0x00, 0x01, 0xA5, 0xAA, 0x06, 0x88, 0xA2, 0x1F, 0x29, 0xC3, 0x8E, 0x46, 0xBA, 0xF8, 0x62, 0xB1, 0xFF, 0x83, 0xB1, 0xFE, 0xA3, 0xB9, 0xFF,
    0xA3, 0xB9, 0xFF, 0xA3, 0xB9, 0xFC, 0xA3, 0xB1, 0xFF, 0xA8, 0xBA, 0xD6, 0x6A, 0xC3, 0x43, 0x00, 0x00, 0x01, 0x00, 0xF8, 0x01, 0x00, 0x00, 0x00,
    0x00, 0x00, 0x00, 0x00, 0x00, 0x00, 0x00, 0x00, 0x00, 0x00, 0x00, 0x00, 0x00, 0x00, 0x00, 0x00, 0x00, 0x00, 0x00, 0x00, 0x00, 0x00, 0x00, 0x00,
    0x00, 0x00, 0x00, 0x00, 0x00, 0x00, 0x00, 0x00, 0x00, 0x00, 0x00, 0x00, 0x00, 0x00, 0x00, 0x00, 0x00, 0x00, 0x00, 0x00, 0x00, 0xE7, 0x7B, 0x04,
    0x68, 0x92, 0x37, 0x88, 0x92, 0x54, 0xC9, 0xA2, 0x4A, 0x09, 0xB3, 0x60, 0xE8, 0xC2, 0xB1, 0xA7, 0xC2, 0xF8, 0x05, 0xBA, 0xFF, 0xC3, 0xB9, 0xFF,
    0xA3, 0xB9, 0xFF, 0xA3, 0xB9, 0xFF, 0xA3, 0xB9, 0xFF, 0xA3, 0xB9, 0xFF, 0xE4, 0xB9, 0xFF, 0x66, 0xC2, 0xFA, 0xA7, 0xC2, 0xFB, 0xE8, 0xC2, 0xD9,
    0x09, 0xC3, 0xD8, 0x09, 0xB3, 0xA1, 0x2A, 0xB3, 0x39, 0x09, 0xA3, 0x1D, 0xCB, 0xA2, 0x11, 0xAA, 0xAA, 0x03, 0x00, 0xF8, 0x02, 0x00, 0x00, 0x00,
    0x00, 0x00, 0x00, 0x00, 0x00, 0x01, 0x00, 0x00, 0x00, 0x00, 0x00, 0x00, 0x00, 0x00, 0x00, 0x00, 0x00, 0x00, 0x00, 0x00, 0x01, 0x00, 0x00, 0x00,
    0xEF, 0xAB, 0x06, 0xC4, 0xA9, 0xE9, 0xC4, 0xA9, 0xFF, 0x4B, 0x9B, 0x27, 0xA4, 0xA1, 0xC4, 0xA4, 0xB9, 0xFF, 0x47, 0xAA, 0x47, 0x00, 0x00, 0x00,
    0xC7, 0xA2, 0x14, 0xAA, 0xA2, 0x23, 0xC9, 0x9A, 0x38, 0xC9, 0xA2, 0x3E, 0xEA, 0xBA, 0x85, 0x67, 0xB2, 0xEA, 0xA3, 0xB1, 0xFF, 0xA3, 0xB9, 0xFE,
    0xA3, 0xB9, 0xFF, 0xA4, 0xB9, 0xFF, 0xA4, 0xB9, 0xFF, 0xA4, 0xB9, 0xFF, 0xA4, 0xB9, 0xFF, 0xA4, 0xB9, 0xFF, 0xA4, 0xB9, 0xFF, 0xA4, 0xB9, 0xFF,
    0xA4, 0xB9, 0xFF, 0xA3, 0xB9, 0xFE, 0xC4, 0xB9, 0xFF, 0x87, 0xBA, 0xDF, 0x2A, 0xBB, 0x60, 0xA8, 0x9A, 0x39, 0xC9, 0xA2, 0x0E, 0xAA, 0xAA, 0x03,
    0xEF, 0xFB, 0x02, 0x00, 0x00, 0x00, 0x00, 0x00, 0x00, 0x00, 0x00, 0x00, 0x00, 0x00, 0x00, 0x00, 0x00, 0x00, 0x00, 0x00, 0x00, 0x00, 0x00, 0x00,
    0x00, 0x00, 0x00, 0x00, 0x00, 0x00, 0x00, 0x00, 0x00, 0x00, 0x00, 0x00, 0x00, 0x00, 0x00, 0x00, 0x00, 0x00, 0x00, 0x00, 0x00, 0x00, 0x00, 0x00,
    0x00, 0x00, 0x00, 0x00, 0x00, 0x00, 0x00, 0x00, 0x00, 0x00, 0x00, 0x00, 0x00, 0x00, 0x00, 0x00, 0x00, 0x00, 0x00, 0x00, 0x00, 0x00, 0x00, 0x00,
    0x00, 0x00, 0x00, 0x00, 0x00, 0x00, 0x00, 0x00, 0x00, 0x00, 0x00, 0x00, 0x00, 0x00, 0x00, 0x00, 0x00, 0x00, 0x00, 0x00, 0x00, 0x00, 0x00, 0x00,
    0x00, 0x00, 0x00, 0x00, 0x00, 0x00, 0x00, 0x00, 0x00, 0x00, 0x00, 0x00, 0x00, 0x00, 0x00, 0x00, 0x00, 0x00, 0x00, 0x00, 0x00, 0x00, 0x00, 0x00,
    0x00, 0x00, 0x00, 0x00, 0x00, 0x00, 0x00, 0x00, 0x00, 0x00, 0x00, 0x00, 0x00, 0x00, 0x00, 0x00, 0x00, 0x00, 0x00, 0x00, 0x00, 0x00, 0x00, 0x00,
    0x00, 0x00, 0x00, 0x00, 0x00, 0x00, 0x00, 0x00, 0x00, 0x00, 0x00, 0x00, 0x00, 0x00, 0x00, 0x00, 0x00, 0x00, 0x00, 0x00, 0x00, 0x00, 0x00, 0x00,
    0x00, 0x00, 0x00, 0x00, 0x00, 0x00, 0x00, 0x00, 0x00, 0x00, 0x00, 0x00, 0x00, 0x00, 0x00, 0x00, 0x00, 0x00, 0x00, 0x00, 0x00, 0x00, 0x00, 0x00,
    0x00, 0x00, 0x00, 0x00, 0x00, 0x00, 0x00, 0x00, 0x00, 0x00, 0x00, 0x00, 0x00, 0x00, 0x00, 0x00, 0x00, 0x00, 0x00, 0x00, 0x00, 0x00, 0x00, 0x00,
    0x00, 0x00, 0x00, 0x00, 0x00, 0x00, 0x00, 0x00, 0x00, 0x00, 0x00, 0x00, 0x00, 0x00, 0x00, 0x00, 0x00, 0x00, 0x00, 0x00, 0x00, 0x00, 0x00, 0x00,
    0x00, 0x00, 0x00, 0x00, 0x00, 0x00, 0x00, 0x00, 0x00, 0x00, 0x00, 0x00, 0x00, 0x00, 0x00, 0x00, 0x00, 0x00, 0x00, 0x00, 0x00, 0x00, 0x00, 0x00,
    0x00, 0x00, 0x00, 0x00, 0x00, 0x00, 0x00, 0x00, 0x00, 0x00, 0x00, 0x00, 0x00, 0x00, 0x00, 0x00, 0x00, 0x00, 0x00, 0x00, 0x00, 0x00, 0x00, 0x00,
    0x00, 0x00, 0x00, 0x00, 0x00, 0x00, 0x00, 0x00, 0x00, 0x00, 0x00, 0x00, 0x00, 0x00, 0x00, 0x00, 0x00, 0x00, 0x00, 0x00, 0x00, 0x00, 0x00, 0x00,
    0x00, 0x00, 0x00, 0x00, 0x00, 0x00, 0x00, 0x00, 0x00, 0x00, 0x00, 0x00, 0x00, 0x00, 0x00, 0x00, 0x00, 0x00, 0x00, 0x00, 0x00, 0x00, 0x00, 0x00,
    0x00, 0x00, 0x00, 0x00, 0x00, 0x00, 0x00, 0x00, 0x00, 0x00, 0x00, 0x00, 0x00, 0x00, 0x00, 0x00, 0x00, 0x00, 0x00, 0x00, 0x00, 0x00, 0x00, 0x00,
    0x00, 0x00, 0x00, 0x00, 0x00, 0x00, 0x00, 0x00, 0x00, 0x00, 0x00, 0x00, 0x00, 0x00, 0x00, 0x00, 0x00, 0x00, 0x00, 0x00, 0x00, 0x00, 0x00, 0x00,
    0x00, 0x00, 0x00, 0x00, 0x00, 0x00, 0x00, 0x00, 0x00, 0x00, 0x00, 0x00, 0x00, 0x00, 0x00, 0x00, 0x00, 0x00, 0x00, 0x00, 0x00, 0x00, 0x00, 0x00,
    0x00, 0x00, 0x00, 0x00, 0x00, 0x00, 0x00, 0x00, 0x00, 0x00, 0x00, 0x00, 0x00, 0x00, 0x00, 0x00, 0x00, 0x00, 0x00, 0x00, 0x00, 0x00, 0x00, 0x00,
    0x00, 0x00, 0x00, 0x00, 0x00, 0x00, 0x00, 0x00, 0x00, 0x00, 0x00, 0x00, 0x00, 0x00, 0x00, 0x00, 0x00, 0x00, 0x00, 0x00, 0x00, 0x00, 0x00, 0x00,
    0x00, 0x00, 0x00, 0x00, 0x00, 0x00, 0x00, 0x00, 0x00, 0x00, 0x00, 0x00, 0x00, 0x00, 0x00, 0x00, 0x00, 0x00, 0x00, 0x00, 0x00, 0x00, 0x00, 0x00,
    0x00, 0x00, 0x00, 0x00, 0x00, 0x00, 0x00, 0x00, 0x00, 0x00, 0x00, 0x00, 0x00, 0x00, 0x00, 0x00, 0x00, 0x00, 0x00, 0x00, 0x00, 0x00, 0x00, 0x00,
    0x00, 0x00, 0x00, 0x00, 0x00, 0x00, 0x00, 0x00, 0x00, 0x00, 0x00, 0x00, 0x00, 0x00, 0x00, 0x00, 0x00, 0x00, 0x00, 0x00, 0x00, 0x00, 0x00, 0x00,
    0x00, 0x00, 0x00, 0x00, 0x00, 0x00, 0x00, 0x00, 0x00, 0x00, 0x00, 0x00, 0x00, 0x00, 0x00, 0x00, 0x00, 0x00, 0x00, 0x00, 0x00, 0x00, 0x00, 0x00,
    0x00, 0x00, 0x00, 0x00, 0x00, 0x00, 0x00, 0x00, 0x00, 0x00, 0x00, 0x00, 0x00, 0x00, 0x00, 0x00, 0x00, 0x00, 0x00, 0x00, 0x00, 0x00, 0x00, 0x00,
    0x00, 0x00, 0x00, 0x00, 0x00, 0x00, 0x00, 0x00, 0x00, 0x00, 0x00, 0x00, 0x00, 0x00, 0x00, 0x00, 0x00, 0x00, 0x00, 0x00, 0x00, 0x00, 0x00, 0x00,
    0x00, 0x00, 0x00, 0x00, 0x00, 0x00, 0x00, 0x00, 0x00, 0x00, 0x00, 0x00, 0x00, 0x00, 0x00, 0x00, 0x00, 0x00, 0x00, 0x00, 0x00, 0x00, 0x00, 0x00,
    0x00, 0x00, 0x00, 0x00, 0x00, 0x00, 0x00, 0x00, 0x00, 0x00, 0x00, 0x00, 0x00, 0x00, 0x00, 0x00, 0x00, 0x00, 0x00, 0x00, 0x00, 0x00, 0x00, 0x00,
    0x00, 0x00, 0x00, 0x00, 0x00, 0x00, 0x00, 0x00, 0x00, 0x00, 0x00, 0x00, 0x00, 0x00, 0x00, 0x00, 0x00, 0x00, 0x00, 0x00, 0x00, 0xEB, 0x9A, 0x08,
    0xCA, 0x9A, 0x19, 0xCA, 0x9A, 0x28, 0x09, 0xA3, 0x17, 0x0A, 0xA3, 0x25, 0x0A, 0xB3, 0x72, 0x0A, 0xBB, 0xA5, 0x4A, 0xCB, 0xB8, 0x87, 0xC2, 0xFD,
    0x04, 0xBA, 0xFD, 0x83, 0xB1, 0xFF, 0xA3, 0xB9, 0xFF, 0xA3, 0xB9, 0xFF, 0xA3, 0xB9, 0xFF, 0xA3, 0xB9, 0xFF, 0xA3, 0xB9, 0xFF, 0xA3, 0xB9, 0xFF,
    0xA3, 0xB9, 0xFF, 0xA3, 0xB9, 0xFF, 0xA3, 0xB9, 0xFF, 0xA3, 0xB9, 0xFF, 0xA3, 0xB9, 0xFF, 0xA3, 0xB9, 0xFF, 0xA3, 0xB9, 0xFF, 0xA3, 0xB9, 0xFF,
    0xA3, 0xB9, 0xFF, 0xA4, 0xB9, 0xFF, 0xA3, 0xB9, 0xFF, 0xA3, 0xB9, 0xFF, 0xA3, 0xB9, 0xFF, 0xA4, 0xB9, 0xFF, 0xC4, 0xB9, 0xFF, 0xA3, 0xB9, 0xFF,
    0xC3, 0xB9, 0xFF, 0x83, 0xB1, 0xFF, 0x05, 0xBA, 0xFD, 0x2A, 0xCB, 0xDA, 0x4A, 0xC3, 0xBC, 0x2A, 0xBB, 0x78, 0xE9, 0xAA, 0x43, 0xC9, 0xA2, 0x35,
    0xC9, 0xA2, 0x39, 0x8A, 0xA2, 0x13, 0xAA, 0x9A, 0x12, 0x2C, 0x9B, 0x05, 0x00, 0xF8, 0x01, 0x00, 0x00, 0x00, 0x00, 0x00, 0x00, 0x00, 0x00, 0x00,
    0x00, 0x00, 0x00, 0x00, 0x00, 0x00, 0x00, 0x00, 0x00, 0x00, 0x00, 0x00, 0x00, 0x00, 0x00, 0x00, 0x00, 0x00, 0x00, 0x00, 0x00, 0x00, 0x00, 0x00,
    0x00, 0x00, 0x00, 0x00, 0x00, 0x00, 0x00, 0x00, 0x00, 0x00, 0x00, 0x00, 0x00, 0x00, 0x00, 0x00, 0x00, 0x00, 0x00, 0xF8, 0x01, 0x09, 0xBB, 0x25,
    0x2A, 0xCB, 0x98, 0x25, 0xB2, 0xF2, 0xA3, 0xB1, 0xFF, 0xA3, 0xB9, 0xFF, 0xA3, 0xB9, 0xFE, 0xC3, 0xB9, 0xFF, 0x25, 0xB2, 0xEE, 0xE9, 0xBA, 0x83,
    0xC8, 0xA2, 0x34, 0x00, 0x00, 0x00, 0x00, 0xF8, 0x01, 0x00, 0x00, 0x00, 0x00, 0x00, 0x00, 0x00, 0x00, 0x00, 0x00, 0x00, 0x00, 0x00, 0x00, 0x00,
    0x00, 0x00, 0x00, 0x00, 0x00, 0x00, 0x00, 0x00, 0x00, 0x00, 0x00, 0x00, 0x00, 0x00, 0x00, 0x00, 0x00, 0x00, 0x00, 0x00, 0x00, 0x00, 0x00, 0x00,
    0x00, 0x00, 0x00, 0x00, 0x00, 0x00, 0x00, 0x78, 0x02, 0x00, 0x00, 0x01, 0xEF, 0x7B, 0x02, 0xA8, 0x9A, 0x27, 0xA8, 0x9A, 0x30, 0x09, 0xAB, 0x35,
    0x47, 0xAA, 0xAD, 0x87, 0xBA, 0xF9, 0xC9, 0xCA, 0xDD, 0x87, 0xC2, 0xF4, 0x05, 0xBA, 0xFF, 0xE5, 0xC1, 0xFF, 0xC4, 0xB9, 0xFF, 0xE4, 0xB9, 0xFF,
    0x46, 0xC2, 0xFF, 0x09, 0xCB, 0xE6, 0x09, 0xC3, 0xC6, 0x4A, 0xC3, 0x94, 0x0A, 0xBB, 0x91, 0xC9, 0xAA, 0x80, 0xEA, 0xAA, 0x34, 0xAA, 0xAA, 0x0C,
    0xE7, 0xB9, 0x04, 0xE8, 0xA2, 0x0B, 0xC8, 0xA2, 0x1A, 0xC9, 0xA2, 0x11, 0xA8, 0x9A, 0x24, 0x6D, 0xB3, 0x07, 0x29, 0x9B, 0x0A, 0xAA, 0xAA, 0x06,
    0x00, 0x00, 0x00, 0x00, 0x00, 0x00, 0x00, 0x00, 0x00, 0x00, 0xF8, 0x01, 0x00, 0x00, 0x00, 0xE5, 0xA1, 0x8C, 0xE5, 0x99, 0x8C, 0xFF, 0xAF, 0x03,
    0xA4, 0xA1, 0xCD, 0xA4, 0xB9, 0xFF, 0x47, 0xAA, 0x47, 0x00, 0x00, 0x00, 0x49, 0xB2, 0x07, 0xC9, 0xA2, 0x11, 0xC9, 0xA2, 0x34, 0xCA, 0xA2, 0x3C,
    0xEA, 0xAA, 0x69, 0xA8, 0xB2, 0xDC, 0xC3, 0xB1, 0xFD, 0xA3, 0xB9, 0xFE, 0xA4, 0xB9, 0xFF, 0xA4, 0xB9, 0xFF, 0xA4, 0xB9, 0xFF, 0xA4, 0xB9, 0xFF,
    0xA4, 0xB9, 0xFF, 0xA4, 0xB9, 0xFF, 0xA4, 0xB9, 0xFF, 0xA4, 0xB9, 0xFF, 0xA4, 0xB9, 0xFF, 0xA3, 0xB9, 0xFE, 0x25, 0xBA, 0xF5, 0x2A, 0xCB, 0xA3,
    0xEA, 0xAA, 0x6B, 0xA9, 0x9A, 0x20, 0xE9, 0xA2, 0x1B, 0xA7, 0x92, 0x0C, 0x00, 0xF8, 0x01, 0x00, 0x00, 0x00, 0x00, 0x00, 0x01, 0x65, 0x71, 0x0B,
    0x00, 0xF8, 0x01, 0x00, 0x00, 0x00, 0x00, 0x00, 0x00, 0x00, 0x00, 0x00, 0x00, 0x00, 0x00, 0x00, 0x00, 0x00, 0x00, 0x00, 0x00, 0x00, 0x00, 0x00,
    0x00, 0x00, 0x00, 0x00, 0x00, 0x00, 0x00, 0x00, 0x00, 0x00, 0x00, 0x00, 0x00, 0x00, 0x00, 0x00, 0x00, 0x00, 0x00, 0x00, 0x00, 0x00, 0x00, 0x00,
    0x00, 0x00, 0x00, 0x00, 0x00, 0x00, 0x00, 0x00, 0x00, 0x00, 0x00, 0x00, 0x00, 0x00, 0x00, 0x00, 0x00, 0x00, 0x00, 0x00, 0x00, 0x00, 0x00, 0x00,
    0x00, 0x00, 0x00, 0x00, 0x00, 0x00, 0x00, 0x00, 0x00, 0x00, 0x00, 0x00, 0x00, 0x00, 0x00, 0x00, 0x00, 0x00, 0x00, 0x00, 0x00, 0x00, 0x00, 0x00,
    0x00, 0x00, 0x00, 0x00, 0x00, 0x00, 0x00, 0x00, 0x00, 0x00, 0x00, 0x00, 0x00, 0x00, 0x00, 0x00, 0x00, 0x00, 0x00, 0x00, 0x00, 0x00, 0x00, 0x00,
    0x00, 0x00, 0x00, 0x00, 0x00, 0x00, 0x00, 0x00, 0x00, 0x00, 0x00, 0x00, 0x00, 0x00, 0x00, 0x00, 0x00, 0x00, 0x00, 0x00, 0x00, 0x00, 0x00, 0x00,
    0x00, 0x00, 0x00, 0x00, 0x00, 0x00, 0x00, 0x00, 0x00, 0x00, 0x00, 0x00, 0x00, 0x00, 0x00, 0x00, 0x00, 0x00, 0x00, 0x00, 0x00, 0x00, 0x00, 0x00,
    0x00, 0x00, 0x00, 0x00, 0x00, 0x00, 0x00, 0x00, 0x00, 0x00, 0x00, 0x00, 0x00, 0x00, 0x00, 0x00, 0x00, 0x00, 0x00, 0x00, 0x00, 0x00, 0x00, 0x00,
    0x00, 0x00, 0x00, 0x00, 0x00, 0x00, 0x00, 0x00, 0x00, 0x00, 0x00, 0x00, 0x00, 0x00, 0x00, 0x00, 0x00, 0x00, 0x00, 0x00, 0x00, 0x00, 0x00, 0x00,
    0x00, 0x00, 0x00, 0x00, 0x00, 0x00, 0x00, 0x00, 0x00, 0x00, 0x00, 0x00, 0x00, 0x00, 0x00, 0x00, 0x00, 0x00, 0x00, 0x00, 0x00, 0x00, 0x00, 0x00,
    0x00, 0x00, 0x00, 0x00, 0x00, 0x00, 0x00, 0x00, 0x00, 0x00, 0x00, 0x00, 0x00, 0x00, 0x00, 0x00, 0x00, 0x00, 0x00, 0x00, 0x00, 0x00, 0x00, 0x00,
    0x00, 0x00, 0x00, 0x00, 0x00, 0x00, 0x00, 0x00, 0x00, 0x00, 0x00, 0x00, 0x00, 0x00, 0x00, 0x00, 0x00, 0x00, 0x00, 0x00, 0x00, 0x00, 0x00, 0x00,
    0x00, 0x00, 0x00, 0x00, 0x00, 0x00, 0x00, 0x00, 0x00, 0x00, 0x00, 0x00, 0x00, 0x00, 0x00, 0x00, 0x00, 0x00, 0x00, 0x00, 0x00, 0x00, 0x00, 0x00,
    0x00, 0x00, 0x00, 0x00, 0x00, 0x00, 0x00, 0x00, 0x00, 0x00, 0x00, 0x00, 0x00, 0x00, 0x00, 0x00, 0x00, 0x00, 0x00, 0x00, 0x00, 0x00, 0x00, 0x00,
    0x00, 0x00, 0x00, 0x00, 0x00, 0x00, 0x00, 0x00, 0x00, 0x00, 0x00, 0x00, 0x00, 0x00, 0x00, 0x00, 0x00, 0x00, 0x00, 0x00, 0x00, 0x00, 0x00, 0x00,
    0x00, 0x00, 0x00, 0x00, 0x00, 0x00, 0x00, 0x00, 0x00, 0x00, 0x00, 0x00, 0x00, 0x00, 0x00, 0x00, 0x00, 0x00, 0x00, 0x00, 0x00, 0x00, 0x00, 0x00,
    0x00, 0x00, 0x00, 0x00, 0x00, 0x00, 0x00, 0x00, 0x00, 0x00, 0x00, 0x00, 0x00, 0x00, 0x00, 0x00, 0x00, 0x00, 0x00, 0x00, 0x00, 0x00, 0x00, 0x00,
    0x00, 0x00, 0x00, 0x00, 0x00, 0x00, 0x00, 0x00, 0x00, 0x00, 0x00, 0x00, 0x00, 0x00, 0x00, 0x00, 0x00, 0x00, 0x00, 0x00, 0x00, 0x00, 0x00, 0x00,
    0x00, 0x00, 0x00, 0x00, 0x00, 0x00, 0x00, 0x00, 0x00, 0x00, 0x00, 0x00, 0x00, 0x00, 0x00, 0x00, 0x00, 0x00, 0x00, 0x00, 0x00, 0x00, 0x00, 0x00,
    0x00, 0x00, 0x00, 0x00, 0x00, 0x00, 0x00, 0x00, 0x00, 0x00, 0x00, 0x00, 0x00, 0x00, 0x00, 0x00, 0x00, 0x00, 0x00, 0x00, 0x00, 0x00, 0x00, 0x00,
    0x00, 0x00, 0x00, 0x00, 0x00, 0x00, 0x00, 0x00, 0x00, 0x00, 0x00, 0x00, 0x00, 0x00, 0x00, 0x00, 0x00, 0x00, 0x00, 0x00, 0x00, 0x00, 0x00, 0x00,
    0x00, 0x00, 0x00, 0x00, 0x00, 0x00, 0x00, 0x00, 0x00, 0x00, 0x00, 0x00, 0x00, 0x00, 0x00, 0x00, 0x00, 0x00, 0x00, 0x00, 0x00, 0x00, 0x00, 0x00,
    0x00, 0x00, 0x00, 0x00, 0x00, 0x00, 0x00, 0x00, 0x00, 0x00, 0x00, 0x00, 0x00, 0x00, 0x00, 0x00, 0x00, 0x00, 0x00, 0x00, 0x00, 0x00, 0x00, 0x00,
    0x00, 0x00, 0x00, 0x00, 0x00, 0x00, 0x00, 0x00, 0x00, 0x00, 0x00, 0x00, 0x00, 0x00, 0x00, 0x00, 0x00, 0x00, 0x00, 0x00, 0x00, 0x00, 0x00, 0x00,
    0x00, 0x00, 0x00, 0x00, 0x00, 0x00, 0x00, 0x00, 0x00, 0x00, 0x00, 0x00, 0x00, 0x00, 0x00, 0x00, 0x00, 0x00, 0x00, 0x00, 0x00, 0x00, 0x00, 0x00,
    0x00, 0x00, 0x00, 0x00, 0x00, 0x00, 0x00, 0x00, 0x00, 0x00, 0x00, 0x00, 0x00, 0x00, 0x00, 0x00, 0x00, 0x00, 0x00, 0x00, 0x00, 0x00, 0x00, 0x00,
    0x00, 0x00, 0x00, 0x00, 0x00, 0x00, 0x00, 0x00, 0x00, 0x00, 0x00, 0x00, 0x00, 0x00, 0x00, 0x00, 0x00, 0x00, 0x00, 0x00, 0x00, 0x00, 0x00, 0x00,
    0x00, 0x00, 0x00, 0x00, 0x00, 0x00, 0x00, 0x00, 0x00, 0xAA, 0xAA, 0x03, 0xC9, 0x92, 0x11, 0xA9, 0x9A, 0x1D, 0xC9, 0x9A, 0x30, 0xC9, 0xA2, 0x22,
    0x0A, 0xAB, 0x56, 0x0A, 0xBB, 0x80, 0x09, 0xBB, 0xBB, 0x09, 0xCB, 0xE9, 0x46, 0xC2, 0xFD, 0x83, 0xB1, 0xFF, 0x83, 0xB9, 0xFF, 0xA3, 0xB9, 0xFF,
    0xA3, 0xB9, 0xFF, 0xA3, 0xB9, 0xFF, 0xA3, 0xB9, 0xFF, 0xA3, 0xB9, 0xFF, 0xA3, 0xB9, 0xFF, 0xA3, 0xB9, 0xFF, 0xA3, 0xB9, 0xFF, 0xA3, 0xB9, 0xFF,
    0xA3, 0xB9, 0xFF, 0xA3, 0xB9, 0xFF, 0xA3, 0xB9, 0xFF, 0xA3, 0xB9, 0xFF, 0xA3, 0xB9, 0xFF, 0xA4, 0xB9, 0xFF, 0xA3, 0xB9, 0xFE, 0xA3, 0xB9, 0xFE,
    0xA3, 0xB9, 0xFF, 0xA3, 0xB9, 0xFF, 0xA3, 0xB9, 0xFF, 0xA3, 0xB9, 0xFF, 0xC3, 0xB9, 0xFE, 0x83, 0xB1, 0xFF, 0x25, 0xB2, 0xF5, 0x6B, 0xCB, 0x97,
    0xE9, 0xAA, 0x62, 0xE9, 0xAA, 0x3F, 0xCA, 0xA2, 0x36, 0xE9, 0xA2, 0x24, 0xA8, 0x9A, 0x20, 0xE9, 0x9A, 0x10, 0xE0, 0x7B, 0x02, 0xE8, 0xA2, 0x0B,
    0x47, 0x92, 0x11, 0x00, 0x00, 0x00, 0x00, 0x00, 0x00, 0x00, 0x00, 0x00, 0x00, 0x00, 0x00, 0x00, 0x00, 0x00, 0x00, 0x00, 0x00, 0x00, 0x00, 0x00,
    0x00, 0x00, 0x00, 0x00, 0x00, 0x00, 0x00, 0x00, 0x00, 0x00, 0x00, 0x00, 0x00, 0x00, 0x00, 0x00, 0x00, 0x00, 0x00, 0x00, 0x00, 0x00, 0x00, 0x00,
    0x00, 0x00, 0x00, 0x00, 0x00, 0x00, 0x00, 0xF8, 0x01, 0x66, 0xA2, 0x14, 0xC9, 0xB2, 0x51, 0x4A, 0xCB, 0x96, 0x25, 0xBA, 0xF3, 0xA3, 0xB1, 0xFF,
    0xC4, 0xB9, 0xFE, 0x66, 0xBA, 0xDC, 0xE9, 0xBA, 0x83, 0xC9, 0xAA, 0x2E, 0x88, 0xA2, 0x16, 0x00, 0x00, 0x00, 0x00, 0x00, 0x00, 0x00, 0x00, 0x00,
    0x00, 0x00, 0x00, 0x00, 0x00, 0x00, 0x00, 0x00, 0x00, 0x00, 0x00, 0x00, 0x00, 0x00, 0x00, 0x00, 0x00, 0x00, 0x00, 0x00, 0x00, 0x00, 0x00, 0x00,
    0x00, 0x00, 0x00, 0x00, 0x00, 0x00, 0x00, 0x00, 0x01, 0x00, 0xF8, 0x01, 0x00, 0xF8, 0x01, 0x00, 0xF8, 0x01, 0x00, 0xF8, 0x01, 0x00, 0x00, 0x00,
    0x00, 0x00, 0x00, 0xE7, 0xB9, 0x04, 0xA8, 0xAA, 0x12, 0xA9, 0xA2, 0x2F, 0x46, 0xAA, 0x97, 0x67, 0xB2, 0xF3, 0xE9, 0xBA, 0x9E, 0xE8, 0xC2, 0xB6,
    0x66, 0xC2, 0xFE, 0x87, 0xC2, 0xF2, 0x87, 0xC2, 0xEE, 0xA7, 0xC2, 0xF7, 0xE8, 0xCA, 0xE9, 0x2A, 0xCB, 0xC9, 0x2A, 0xC3, 0xBB, 0x0A, 0xB3, 0x6C,
    0x0A, 0xB3, 0x5A, 0xEA, 0xB2, 0x4B, 0x0A, 0xB3, 0x37, 0xCB, 0xB2, 0x14, 0x0A, 0xB3, 0x15, 0x2B, 0xB3, 0x14, 0xC9, 0xAA, 0x2A, 0xC9, 0xA2, 0x5B,
    0xA8, 0x9A, 0x41, 0xC8, 0x9A, 0x17, 0xAA, 0xAA, 0x0F, 0xEB, 0x9A, 0x08, 0x00, 0x00, 0x01, 0x00, 0x00, 0x00, 0x00, 0x00, 0x00, 0x00, 0x00, 0x00,
    0x00, 0x00, 0x00, 0x00, 0x00, 0x00, 0x00, 0x00, 0x00, 0xFF, 0x07, 0x01, 0xA4, 0xA1, 0xC7, 0xA4, 0xB9, 0xFF, 0x27, 0xA2, 0x5E, 0x00, 0x00, 0x00,
    0x47, 0x8A, 0x37, 0x28, 0x92, 0x1A, 0xEA, 0xA2, 0x26, 0xC9, 0xA2, 0x44, 0xC9, 0xA2, 0x54, 0xE9, 0xBA, 0x90, 0xE5, 0xB1, 0xF8, 0xA3, 0xB9, 0xFF,
    0xA3, 0xB9, 0xFF, 0xA3, 0xB9, 0xFE, 0xA4, 0xB9, 0xFF, 0xA4, 0xB9, 0xFF, 0xA4, 0xB9, 0xFF, 0xA3, 0xB9, 0xFF, 0xA4, 0xB9, 0xFF, 0xA4, 0xB9, 0xFF,
    0xA3, 0xB9, 0xFD, 0xC4, 0xB9, 0xFF, 0x87, 0xBA, 0xE7, 0x0A, 0xBB, 0x7C, 0xC9, 0x9A, 0x45, 0xAA, 0x9A, 0x2C, 0xA9, 0x9A, 0x15, 0xE8, 0xA2, 0x0B,
    0xEF, 0x7B, 0x02, 0x00, 0x00, 0x00, 0xC5, 0x71, 0x2B, 0xA5, 0x71, 0xA6, 0x47, 0xAB, 0x0C, 0x00, 0x00, 0x00, 0x00, 0x00, 0x01, 0x00, 0x00, 0x00,
    0x00, 0x00, 0x00, 0x00, 0x00, 0x00, 0x00, 0x00, 0x00, 0x00, 0x00, 0x00, 0x00, 0x00, 0x00, 0x00, 0x00, 0x00, 0x00, 0x00, 0x00, 0x00, 0x00, 0x00,
    0x00, 0x00, 0x00, 0x00, 0x00, 0x00, 0x00, 0x00, 0x00, 0x00, 0x00, 0x00, 0x00, 0x00, 0x00, 0x00, 0x00, 0x00, 0x00, 0x00, 0x00, 0x00, 0x00, 0x00,
    0x00, 0x00, 0x00, 0x00, 0x00, 0x00, 0x00, 0x00, 0x00, 0x00, 0x00, 0x00, 0x00, 0x00, 0x00, 0x00, 0x00, 0x00, 0x00, 0x00, 0x00, 0x00, 0x00, 0x00,
    0x00, 0x00, 0x00, 0x00, 0x00, 0x00, 0x00, 0x00, 0x00, 0x00, 0x00, 0x00, 0x00, 0x00, 0x00, 0x00, 0x00, 0x00, 0x00, 0x00, 0x00, 0x00, 0x00, 0x00,
    0x00, 0x00, 0x00, 0x00, 0x00, 0x00, 0x00, 0x00, 0x00, 0x00, 0x00, 0x00, 0x00, 0x00, 0x00, 0x00, 0x00, 0x00, 0x00, 0x00, 0x00, 0x00, 0x00, 0x00,
    0x00, 0x00, 0x00, 0x00, 0x00, 0x00, 0x00, 0x00, 0x00, 0x00, 0x00, 0x00, 0x00, 0x00, 0x00, 0x00, 0x00, 0x00, 0x00, 0x00, 0x00, 0x00, 0x00, 0x00,
    0x00, 0x00, 0x00, 0x00, 0x00, 0x00, 0x00, 0x00, 0x00, 0x00, 0x00, 0x00, 0x00, 0x00, 0x00, 0x00, 0x00, 0x00, 0x00, 0x00, 0x00, 0x00, 0x00, 0x00,
    0x00, 0x00, 0x00, 0x00, 0x00, 0x00, 0x00, 0x00, 0x00, 0x00, 0x00, 0x00, 0x00, 0x00, 0x00, 0x00, 0x00, 0x00, 0x00, 0x00, 0x00, 0x00, 0x00, 0x00,
    0x00, 0x00, 0x00, 0x00, 0x00, 0x00, 0x00, 0x00, 0x00, 0x00, 0x00, 0x00, 0x00, 0x00, 0x00, 0x00, 0x00, 0x00, 0x00, 0x00, 0x00, 0x00, 0x00, 0x00,
    0x00, 0x00, 0x00, 0x00, 0x00, 0x00, 0x00, 0x00, 0x00, 0x00, 0x00, 0x00, 0x00, 0x00, 0x00, 0x00, 0x00, 0x00, 0x00, 0x00, 0x00, 0x00, 0x00, 0x00,
    0x00, 0x00, 0x00, 0x00, 0x00, 0x00, 0x00, 0x00, 0x00, 0x00, 0x00, 0x00, 0x00, 0x00, 0x00, 0x00, 0x00, 0x00, 0x00, 0x00, 0x00, 0x00, 0x00, 0x00,
    0x00, 0x00, 0x00, 0x00, 0x00, 0x00, 0x00, 0x00, 0x00, 0x00, 0x00, 0x00, 0x00, 0x00, 0x00, 0x00, 0x00, 0x00, 0x00, 0x00, 0x00, 0x00, 0x00, 0x00,
    0x00, 0x00, 0x00, 0x00, 0x00, 0x00, 0x00, 0x00, 0x00, 0x00, 0x00, 0x00, 0x00, 0x00, 0x00, 0x00, 0x00, 0x00, 0x00, 0x00, 0x00, 0x00, 0x00, 0x00,
    0x00, 0x00, 0x00, 0x00, 0x00, 0x00, 0x00, 0x00, 0x00, 0x00, 0x00, 0x00, 0x00, 0x00, 0x00, 0x00, 0x00, 0x00, 0x00, 0x00, 0x00, 0x00, 0x00, 0x00,
    0x00, 0x00, 0x00, 0x00, 0x00, 0x00, 0x00, 0x00, 0x00, 0x00, 0x00, 0x00, 0x00, 0x00, 0x00, 0x00, 0x00, 0x00, 0x00, 0x00, 0x00, 0x00, 0x00, 0x00,
    0x00, 0x00, 0x00, 0x00, 0x00, 0x00, 0x00, 0x00, 0x00, 0x00, 0x00, 0x00, 0x00, 0x00, 0x00, 0x00, 0x00, 0x00, 0x00, 0x00, 0x00, 0x00, 0x00, 0x00,
    0x00, 0x00, 0x00, 0x00, 0x00, 0x00, 0x00, 0x00, 0x00, 0x00, 0x00, 0x00, 0x00, 0x00, 0x00, 0x00, 0x00, 0x00, 0x00, 0x00, 0x00, 0x00, 0x00, 0x00,
    0x00, 0x00, 0x00, 0x00, 0x00, 0x00, 0x00, 0x00, 0x00, 0x00, 0x00, 0x00, 0x00, 0x00, 0x00, 0x00, 0x00, 0x00, 0x00, 0x00, 0x00, 0x00, 0x00, 0x00,
    0x00, 0x00, 0x00, 0x00, 0x00, 0x00, 0x00, 0x00, 0x00, 0x00, 0x00, 0x00, 0x00, 0x00, 0x00, 0x00, 0x00, 0x00, 0x00, 0x00, 0x00, 0x00, 0x00, 0x00,
    0x00, 0x00, 0x00, 0x00, 0x00, 0x00, 0x00, 0x00, 0x00, 0x00, 0x00, 0x00, 0x00, 0x00, 0x00, 0x00, 0x00, 0x00, 0x00, 0x00, 0x00, 0x00, 0x00, 0x00,
    0x00, 0x00, 0x00, 0x00, 0x00, 0x00, 0x00, 0x00, 0x00, 0x00, 0x00, 0x00, 0x00, 0x00, 0x00, 0x00, 0x00, 0x00, 0x00, 0x00, 0x00, 0x00, 0x00, 0x00,
    0x00, 0x00, 0x00, 0x00, 0x00, 0x00, 0x00, 0x00, 0x00, 0x00, 0x00, 0x00, 0x00, 0x00, 0x00, 0x00, 0x00, 0x00, 0x00, 0x00, 0x00, 0x00, 0x00, 0x00,
    0x00, 0x00, 0x00, 0x00, 0x00, 0x00, 0x00, 0x00, 0x00, 0x00, 0x00, 0x00, 0x00, 0x00, 0x00, 0x00, 0x00, 0x00, 0x00, 0x00, 0x00, 0x00, 0x00, 0x00,
    0x00, 0x00, 0x00, 0x00, 0x00, 0x00, 0x00, 0x00, 0x00, 0x00, 0x00, 0x00, 0x00, 0x00, 0x00, 0x00, 0x00, 0x00, 0x00, 0x00, 0x00, 0x00, 0x00, 0x00,
    0x00, 0x00, 0x00, 0x00, 0x00, 0x00, 0x00, 0x00, 0x00, 0x00, 0x00, 0x00, 0x00, 0x00, 0x00, 0x00, 0x00, 0x00, 0x00, 0x00, 0x00, 0x00, 0x00, 0x00,
    0x00, 0x00, 0x00, 0x00, 0x00, 0x00, 0x00, 0x00, 0x00, 0x00, 0x00, 0x00, 0x00, 0x00, 0x00, 0x00, 0x00, 0x00, 0x00, 0x00, 0x00, 0x00, 0x00, 0x00,
    0x00, 0x00, 0x00, 0x00, 0x00, 0x00, 0x00, 0x00, 0x00, 0x00, 0x00, 0x00, 0x00, 0x00, 0x00, 0x00, 0x00, 0x00, 0x00, 0xF8, 0x01, 0xE7, 0x79, 0x08,
    0x00, 0x00, 0x00, 0xAA, 0xAA, 0x09, 0xC9, 0x92, 0x22, 0xCB, 0xA2, 0x14, 0x09, 0xA3, 0x5A, 0xE9, 0xAA, 0x75, 0x2A, 0xBB, 0x99, 0x29, 0xCB, 0xD2,
    0x87, 0xC2, 0xFC, 0xE4, 0xB9, 0xFE, 0x83, 0xB1, 0xFF, 0xA3, 0xB9, 0xFF, 0xA3, 0xB9, 0xFF, 0xA3, 0xB9, 0xFF, 0xA3, 0xB9, 0xFF, 0xA3, 0xB9, 0xFF,
    0xA3, 0xB9, 0xFF, 0xA3, 0xB9, 0xFF, 0xA3, 0xB9, 0xFF, 0xA3, 0xB9, 0xFF, 0xA3, 0xB9, 0xFE, 0xA3, 0xB9, 0xFE, 0xA3, 0xB9, 0xFF, 0xA3, 0xB9, 0xFF,
    0xA3, 0xB9, 0xFF, 0xA4, 0xB1, 0xFF, 0xC4, 0xB9, 0xFF, 0xA3, 0xB9, 0xFF, 0xA3, 0xB9, 0xFE, 0xA3, 0xB9, 0xFF, 0xA4, 0xB9, 0xFF, 0xA3, 0xB9, 0xFF,
    0x83, 0xB1, 0xFF, 0x62, 0xB1, 0xFF, 0x87, 0xBA, 0xD6, 0x4B, 0xBB, 0x67, 0xA9, 0xA2, 0x35, 0xA8, 0x92, 0x1B, 0xAA, 0xAA, 0x0F, 0xA9, 0x9A, 0x15,
    0xAA, 0xAA, 0x09, 0xEF, 0x7B, 0x02, 0x00, 0x78, 0x02, 0x00, 0x78, 0x02, 0x00, 0x78, 0x02, 0x00, 0x00, 0x00, 0x26, 0x92, 0x1A, 0x86, 0x61, 0x05,
    0x00, 0x00, 0x00, 0x00, 0x00, 0x00, 0x00, 0x00, 0x00, 0x00, 0x00, 0x00, 0x00, 0x00, 0x00, 0x00, 0x00, 0x00, 0x00, 0x00, 0x00, 0x00, 0x00, 0x00,
    0x00, 0x00, 0x00, 0x00, 0x00, 0x00, 0x00, 0x00, 0x00, 0x00, 0x00, 0x00, 0x00, 0x00, 0x00, 0x00, 0x00, 0x00, 0x00, 0xF8, 0x01, 0x88, 0xA2, 0x13,
    0x68, 0xA2, 0x2B, 0xE9, 0xBA, 0x43, 0x26, 0xB2, 0xD2, 0xA3, 0xB9, 0xFF, 0xE4, 0xB1, 0xFF, 0xE9, 0xBA, 0x73, 0xE9, 0xAA, 0x30, 0x67, 0xA2, 0x20,
    0x86, 0x99, 0x05, 0x00, 0x00, 0x01, 0x00, 0x00, 0x00, 0x00, 0x00, 0x00, 0x00, 0x00, 0x00, 0x00, 0x00, 0x00, 0x00, 0x00, 0x00, 0x00, 0x00, 0x00,
    0x00, 0x00, 0x00, 0x00, 0x00, 0x01, 0x00, 0xF8, 0x01, 0xE0, 0x7B, 0x02, 0x00, 0xF8, 0x01, 0x00, 0x00, 0x00, 0x00, 0x00, 0x00, 0x00, 0x00, 0x00,
    0x00, 0x00, 0x00, 0x00, 0x00, 0x00, 0x00, 0x00, 0x00, 0x46, 0x92, 0x0E, 0x69, 0xA2, 0x14, 0x8A, 0xAB, 0x09, 0xA8, 0x9A, 0x36, 0x0A, 0xA3, 0x24,
    0x67, 0xAA, 0x58, 0x46, 0xA2, 0xD2, 0x2A, 0xC3, 0x3E, 0xE9, 0xC2, 0x7E, 0x26, 0xBA, 0xFB, 0xA8, 0xCA, 0xE3, 0x09, 0xCB, 0xD8, 0xC8, 0xCA, 0xE5,
    0x29, 0xCB, 0xC4, 0x09, 0xCB, 0xBD, 0x09, 0xC3, 0xB3, 0xE9, 0xBA, 0x7B, 0xC8, 0xBA, 0x88, 0xE9, 0xBA, 0x98, 0xA8, 0xB2, 0xA3, 0xC8, 0xBA, 0x7B,
    0xA8, 0xBA, 0xA1, 0xC8, 0xBA, 0x8B, 0xC8, 0xBA, 0x89, 0xE9, 0xB2, 0x93, 0x2A, 0xBB, 0x4E, 0xC9, 0xAA, 0x4C, 0xC9, 0xAA, 0x47, 0xC9, 0xA2, 0x2E,
    0xAA, 0xAA, 0x06, 0x6D, 0xB3, 0x07, 0x88, 0xA2, 0x13, 0x69, 0x9A, 0x0D, 0x00, 0x00, 0x00, 0xE0, 0x7B, 0x02, 0x00, 0x78, 0x02, 0x00, 0x00, 0x00,
    0xA4, 0xA1, 0xBE, 0xA4, 0xB9, 0xFF, 0x26, 0xA2, 0x54, 0x00, 0x00, 0x00, 0xA7, 0xAA, 0x09, 0xE7, 0x99, 0x08, 0xE7, 0x99, 0x08, 0xA9, 0x9A, 0x3B,
    0xCA, 0x9A, 0x56, 0xC9, 0xAA, 0x7C, 0xA8, 0xB2, 0xCB, 0x26, 0xB2, 0xEA, 0xC4, 0xB1, 0xFF, 0xA3, 0xB9, 0xFF, 0xA3, 0xB9, 0xFE, 0xA3, 0xB9, 0xFF,
    0xA3, 0xB9, 0xFF, 0xA3, 0xB9, 0xFE, 0xA3, 0xB9, 0xFF, 0xC4, 0xB9, 0xFF, 0xC3, 0xB9, 0xFF, 0x66, 0xC2, 0xFB, 0xC9, 0xBA, 0x98, 0xC9, 0xA2, 0x49,
    0xA8, 0x9A, 0x32, 0xE8, 0xA2, 0x13, 0xE7, 0x9A, 0x08, 0x00, 0x00, 0x00, 0x00, 0x00, 0x01, 0x00, 0x00, 0x00, 0x86, 0x79, 0x0A, 0x66, 0x92, 0x21,
    0x00, 0xA8, 0x03, 0x00, 0x00, 0x00, 0x00, 0x00, 0x00, 0x00, 0x00, 0x00, 0x00, 0x00, 0x00, 0x00, 0x00, 0x00, 0x00, 0x00, 0x00, 0x00, 0x00, 0x00,
    0x00, 0x00, 0x00, 0x00, 0x00, 0x00, 0x00, 0x00, 0x00, 0x00, 0x00, 0x00, 0x00, 0x00, 0x00, 0x00, 0x00, 0x00, 0x00, 0x00, 0x00, 0x00, 0x00, 0x00,
    0x00, 0x00, 0x00, 0x00, 0x00, 0x00, 0x00, 0x00, 0x00, 0x00, 0x00, 0x00, 0x00, 0x00, 0x00, 0x00, 0x00, 0x00, 0x00, 0x00, 0x00, 0x00, 0x00, 0x00,
    0x00, 0x00, 0x00, 0x00, 0x00, 0x00, 0x00, 0x00, 0x00, 0x00, 0x00, 0x00, 0x00, 0x00, 0x00, 0x00, 0x00, 0x00, 0x00, 0x00, 0x00, 0x00, 0x00, 0x00,
    0x00, 0x00, 0x00, 0x00, 0x00, 0x00, 0x00, 0x00, 0x00, 0x00, 0x00, 0x00, 0x00, 0x00, 0x00, 0x00, 0x00, 0x00, 0x00, 0x00, 0x00, 0x00, 0x00, 0x00,
    0x00, 0x00, 0x00, 0x00, 0x00, 0x00, 0x00, 0x00, 0x00, 0x00, 0x00, 0x00, 0x00, 0x00, 0x00, 0x00, 0x00, 0x00, 0x00, 0x00, 0x00, 0x00, 0x00, 0x00,
    0x00, 0x00, 0x00, 0x00, 0x00, 0x00, 0x00, 0x00, 0x00, 0x00, 0x00, 0x00, 0x00, 0x00, 0x00, 0x00, 0x00, 0x00, 0x00, 0x00, 0x00, 0x00, 0x00, 0x00,
    0x00, 0x00, 0x00, 0x00, 0x00, 0x00, 0x00, 0x00, 0x00, 0x00, 0x00, 0x00, 0x00, 0x00, 0x00, 0x00, 0x00, 0x00, 0x00, 0x00, 0x00, 0x00, 0x00, 0x00,
    0x00, 0x00, 0x00, 0x00, 0x00, 0x00, 0x00, 0x00, 0x00, 0x00, 0x00, 0x00, 0x00, 0x00, 0x00, 0x00, 0x00, 0x00, 0x00, 0x00, 0x00, 0x00, 0x00, 0x00,
    0x00, 0x00, 0x00, 0x00, 0x00, 0x00, 0x00, 0x00, 0x00, 0x00, 0x00, 0x00, 0x00, 0x00, 0x00, 0x00, 0x00, 0x00, 0x00, 0x00, 0x00, 0x00, 0x00, 0x00,
    0x00, 0x00, 0x00, 0x00, 0x00, 0x00, 0x00, 0x00, 0x00, 0x00, 0x00, 0x00, 0x00, 0x00, 0x00, 0x00, 0x00, 0x00, 0x00, 0x00, 0x00, 0x00, 0x00, 0x00,
    0x00, 0x00, 0x00, 0x00, 0x00, 0x00, 0x00, 0x00, 0x00, 0x00, 0x00, 0x00, 0x00, 0x00, 0x00, 0x00, 0x00, 0x00, 0x00, 0x00, 0x00, 0x00, 0x00, 0x00,
    0x00, 0x00, 0x00, 0x00, 0x00, 0x00, 0x00, 0x00, 0x00, 0x00, 0x00, 0x00, 0x00, 0x00, 0x00, 0x00, 0x00, 0x00, 0x00, 0x00, 0x00, 0x00, 0x00, 0x00,
    0x00, 0x00, 0x00, 0x00, 0x00, 0x00, 0x00, 0x00, 0x00, 0x00, 0x00, 0x00, 0x00, 0x00, 0x00, 0x00, 0x00, 0x00, 0x00, 0x00, 0x00, 0x00, 0x00, 0x00,
    0x00, 0x00, 0x00, 0x00, 0x00, 0x00, 0x00, 0x00, 0x00, 0x00, 0x00, 0x00, 0x00, 0x00, 0x00, 0x00, 0x00, 0x00, 0x00, 0x00, 0x00, 0x00, 0x00, 0x00,
    0x00, 0x00, 0x00, 0x00, 0x00, 0x00, 0x00, 0x00, 0x00, 0x00, 0x00, 0x00, 0x00, 0x00, 0x00, 0x00, 0x00, 0x00, 0x00, 0x00, 0x00, 0x00, 0x00, 0x00,
    0x00, 0x00, 0x00, 0x00, 0x00, 0x00, 0x00, 0x00, 0x00, 0x00, 0x00, 0x00, 0x00, 0x00, 0x00, 0x00, 0x00, 0x00, 0x00, 0x00, 0x00, 0x00, 0x00, 0x00,
    0x00, 0x00, 0x00, 0x00, 0x00, 0x00, 0x00, 0x00, 0x00, 0x00, 0x00, 0x00, 0x00, 0x00, 0x00, 0x00, 0x00, 0x00, 0x00, 0x00, 0x00, 0x00, 0x00, 0x00,
    0x00, 0x00, 0x00, 0x00, 0x00, 0x00, 0x00, 0x00, 0x00, 0x00, 0x00, 0x00, 0x00, 0x00, 0x00, 0x00, 0x00, 0x00, 0x00, 0x00, 0x00, 0x00, 0x00, 0x00,
    0x00, 0x00, 0x00, 0x00, 0x00, 0x00, 0x00, 0x00, 0x00, 0x00, 0x00, 0x00, 0x00, 0x00, 0x00, 0x00, 0x00, 0x00, 0x00, 0x00, 0x00, 0x00, 0x00, 0x00,
    0x00, 0x00, 0x00, 0x00, 0x00, 0x00, 0x00, 0x00, 0x00, 0x00, 0x00, 0x00, 0x00, 0x00, 0x00, 0x00, 0x00, 0x00, 0x00, 0x00, 0x00, 0x00, 0x00, 0x00,
    0x00, 0x00, 0x00, 0x00, 0x00, 0x00, 0x00, 0x00, 0x00, 0x00, 0x00, 0x00, 0x00, 0x00, 0x00, 0x00, 0x00, 0x00, 0x00, 0x00, 0x00, 0x00, 0x00, 0x00,
    0x00, 0x00, 0x00, 0x00, 0x00, 0x00, 0x00, 0x00, 0x00, 0x00, 0x00, 0x00, 0x00, 0x00, 0x00, 0x00, 0x00, 0x00, 0x00, 0x00, 0x00, 0x00, 0x00, 0x00,
    0x00, 0x00, 0x00, 0x00, 0x00, 0x00, 0x00, 0x00, 0x00, 0x00, 0x00, 0x00, 0x00, 0x00, 0x00, 0x00, 0x00, 0x00, 0x00, 0x00, 0x00, 0x00, 0x00, 0x00,
    0x00, 0x00, 0x00, 0x00, 0x00, 0x00, 0x00, 0x00, 0x00, 0x00, 0x00, 0x00, 0x00, 0x00, 0x00, 0x00, 0x00, 0x00, 0x00, 0x00, 0x00, 0x00, 0x00, 0x00,
    0x00, 0x00, 0x00, 0x00, 0x00, 0x00, 0x00, 0x00, 0x00, 0x00, 0x00, 0x00, 0x00, 0x00, 0x00, 0x00, 0x00, 0x00, 0x00, 0x00, 0x00, 0x00, 0x00, 0x00,
    0x00, 0x00, 0x00, 0x00, 0x00, 0x00, 0x00, 0x00, 0x00, 0x00, 0x00, 0x00, 0x00, 0x00, 0x00, 0x00, 0x00, 0x00, 0x00, 0x00, 0x00, 0x00, 0x00, 0x00,
    0x00, 0x00, 0x00, 0x00, 0x00, 0x00, 0xAA, 0x52, 0x03, 0xA8, 0x9A, 0x0F, 0xA9, 0x8A, 0x18, 0xAA, 0xAA, 0x03, 0xC9, 0x92, 0x0E, 0xC9, 0xA2, 0x0E,
    0xA9, 0xA2, 0x1B, 0xE9, 0xA2, 0x5D, 0x09, 0xB3, 0x4E, 0xE9, 0xB2, 0xA3, 0x4A, 0xCB, 0xDC, 0x87, 0xC2, 0xF4, 0xE4, 0xB9, 0xFE, 0xA3, 0xB1, 0xFF,
    0x83, 0xB1, 0xFF, 0xA3, 0xB1, 0xFF, 0x83, 0xB9, 0xFE, 0x83, 0xB9, 0xFF, 0xA3, 0xB9, 0xFF, 0xA3, 0xB1, 0xFE, 0x83, 0xB1, 0xFF, 0xC3, 0xB9, 0xFF,
    0xE4, 0xB9, 0xFF, 0xE4, 0xB9, 0xFF, 0x05, 0xBA, 0xFE, 0x05, 0xBA, 0xFC, 0x87, 0xC2, 0xFC, 0xE8, 0xC2, 0xEA, 0xE8, 0xC2, 0xCC, 0x87, 0xBA, 0xE1,
    0x25, 0xBA, 0xFF, 0xA3, 0xB9, 0xFF, 0xA3, 0xB9, 0xFF, 0xC4, 0xB9, 0xFC, 0xE4, 0xB1, 0xF6, 0x83, 0xB9, 0xFF, 0x67, 0xB2, 0xB3, 0x2A, 0xB3, 0x35,
    0x89, 0x9A, 0x35, 0xA8, 0x92, 0x29, 0x29, 0x9B, 0x0A, 0xE7, 0x79, 0x04, 0x00, 0x00, 0x00, 0x00, 0x00, 0x00, 0x00, 0x00, 0x01, 0x00, 0x00, 0x00,
    0x00, 0x00, 0x00, 0x00, 0x00, 0x00, 0xA7, 0x8A, 0x09, 0x00, 0x78, 0x02, 0x00, 0x00, 0x00, 0x00, 0x00, 0x00, 0x00, 0x00, 0x00, 0x00, 0x00, 0x00,
    0x00, 0x00, 0x00, 0x00, 0x00, 0x00, 0x00, 0x00, 0x00, 0x00, 0x00, 0x00, 0x00, 0x00, 0x00, 0x00, 0x00, 0x00, 0x00, 0x00, 0x00, 0x00, 0x00, 0x00,
    0x00, 0x00, 0x00, 0x00, 0x00, 0x00, 0x00, 0x00, 0x00, 0x4A, 0xA9, 0x06, 0x47, 0x9A, 0x15, 0x2A, 0xBB, 0x0F, 0x46, 0xAA, 0x79, 0xC3, 0xB9, 0xFF,
    0xE4, 0xA9, 0xE4, 0xE9, 0xB2, 0x2B, 0x44, 0x92, 0x07, 0x8A, 0xAB, 0x09, 0x00, 0x00, 0x00, 0x00, 0x00, 0x00, 0x00, 0xF8, 0x01, 0x00, 0xF8, 0x01,
    0x00, 0xF8, 0x01, 0xE0, 0xFB, 0x02, 0xE0, 0x7B, 0x02, 0xE0, 0xFB, 0x02, 0x00, 0xF8, 0x01, 0x00, 0x00, 0x00, 0x00, 0x00, 0x00, 0x00, 0x00, 0x00,
    0x00, 0x00, 0x00, 0xFF, 0xFF, 0x01, 0xEF, 0xBB, 0x04, 0x2B, 0xB3, 0x14, 0x2A, 0xBB, 0x1E, 0x09, 0xBB, 0x25, 0xC9, 0xBA, 0x38, 0xC8, 0xB2, 0x53,
    0xA8, 0xB2, 0x64, 0x46, 0xA2, 0x80, 0x67, 0xAA, 0x8A, 0x67, 0xAA, 0xA1, 0x67, 0xB2, 0xB3, 0x87, 0xBA, 0xC4, 0x67, 0xB2, 0xB6, 0x25, 0xB2, 0xDE,
    0xA3, 0xB1, 0xFF, 0xE4, 0xB9, 0xFC, 0x25, 0xBA, 0xF5, 0xE5, 0xB1, 0xFB, 0x05, 0xBA, 0xF7, 0xC4, 0xB1, 0xFB, 0xE4, 0xB1, 0xF7, 0xE4, 0xB1, 0xFF,
    0xC4, 0xB1, 0xFD, 0xC4, 0xB1, 0xFF, 0xE4, 0xB1, 0xFF, 0xC4, 0xB1, 0xFF, 0xE4, 0xB9, 0xFF, 0xE4, 0xB9, 0xFF, 0xE4, 0xB9, 0xFF, 0x25, 0xBA, 0xF2,
    0x67, 0xBA, 0xDC, 0xC8, 0xBA, 0xC6, 0x2A, 0xC3, 0x9B, 0xC9, 0xB2, 0x61, 0xA9, 0xA2, 0x40, 0xAA, 0xAA, 0x12, 0x48, 0x92, 0x25, 0x48, 0x8A, 0x1B,
    0x00, 0x00, 0x00, 0xE0, 0x7B, 0x02, 0x00, 0x00, 0x00, 0x73, 0x9E, 0x05, 0xA4, 0xA1, 0xC9, 0xA4, 0xB9, 0xFF, 0x26, 0xA2, 0x4E, 0x00, 0x00, 0x00,
    0xE0, 0xFB, 0x02, 0x00, 0x78, 0x02, 0xA7, 0x8A, 0x09, 0x89, 0x9A, 0x22, 0xAA, 0xA2, 0x29, 0x67, 0x92, 0x76, 0xA9, 0xA2, 0x9D, 0x0A, 0xBB, 0x79,
    0xA8, 0xBA, 0xB0, 0x05, 0xBA, 0xED, 0x05, 0xBA, 0xFF, 0x46, 0xC2, 0xFF, 0x25, 0xBA, 0xFE, 0x25, 0xBA, 0xFF, 0x05, 0xBA, 0xF9, 0x05, 0xB2, 0xFA,
    0x67, 0xBA, 0xEC, 0xC8, 0xBA, 0xA7, 0xE9, 0xAA, 0x6D, 0x88, 0x92, 0x33, 0xA8, 0x9A, 0x1E, 0x47, 0x8A, 0x1C, 0x68, 0x7A, 0x1E, 0x00, 0x78, 0x02,
    0x00, 0x00, 0x00, 0x00, 0x00, 0x00, 0x00, 0x00, 0x00, 0x00, 0x00, 0x00, 0x00, 0x00, 0x00, 0x00, 0x00, 0x00, 0xE5, 0x71, 0x89, 0xE5, 0x71, 0x36,
    0x00, 0x00, 0x00, 0x00, 0x78, 0x02, 0x00, 0x00, 0x00, 0x00, 0x00, 0x00, 0x00, 0x00, 0x00, 0x00, 0x00, 0x00, 0x00, 0x00, 0x00, 0x00, 0x00, 0x00,
    0x00, 0x00, 0x00, 0x00, 0x00, 0x00, 0x00, 0x00, 0x00, 0x00, 0x00, 0x00, 0x00, 0x00, 0x00, 0x00, 0x00, 0x00, 0x00, 0x00, 0x00, 0x00, 0x00, 0x00,
    0x00, 0x00, 0x00, 0x00, 0x00, 0x00, 0x00, 0x00, 0x00, 0x00, 0x00, 0x00, 0x00, 0x00, 0x00, 0x00, 0x00, 0x00, 0x00, 0x00, 0x00, 0x00, 0x00, 0x00,
    0x00, 0x00, 0x00, 0x00, 0x00, 0x00, 0x00, 0x00, 0x00, 0x00, 0x00, 0x00, 0x00, 0x00, 0x00, 0x00, 0x00, 0x00, 0x00, 0x00, 0x00, 0x00, 0x00, 0x00,
    0x00, 0x00, 0x00, 0x00, 0x00, 0x00, 0x00, 0x00, 0x00, 0x00, 0x00, 0x00, 0x00, 0x00, 0x00, 0x00, 0x00, 0x00, 0x00, 0x00, 0x00, 0x00, 0x00, 0x00,
    0x00, 0x00, 0x00, 0x00, 0x00, 0x00, 0x00, 0x00, 0x00, 0x00, 0x00, 0x00, 0x00, 0x00, 0x00, 0x00, 0x00, 0x00, 0x00, 0x00, 0x00, 0x00, 0x00, 0x00,
    0x00, 0x00, 0x00, 0x00, 0x00, 0x00, 0x00, 0x00, 0x00, 0x00, 0x00, 0x00, 0x00, 0x00, 0x00, 0x00, 0x00, 0x00, 0x00, 0x00, 0x00, 0x00, 0x00, 0x00,
    0x00, 0x00, 0x00, 0x00, 0x00, 0x00, 0x00, 0x00, 0x00, 0x00, 0x00, 0x00, 0x00, 0x00, 0x00, 0x00, 0x00, 0x00, 0x00, 0x00, 0x00, 0x00, 0x00, 0x00,
    0x00, 0x00, 0x00, 0x00, 0x00, 0x00, 0x00, 0x00, 0x00, 0x00, 0x00, 0x00, 0x00, 0x00, 0x00, 0x00, 0x00, 0x00, 0x00, 0x00, 0x00, 0x00, 0x00, 0x00,
    0x00, 0x00, 0x00, 0x00, 0x00, 0x00, 0x00, 0x00, 0x00, 0x00, 0x00, 0x00, 0x00, 0x00, 0x00, 0x00, 0x00, 0x00, 0x00, 0x00, 0x00, 0x00, 0x00, 0x00,
    0x00, 0x00, 0x00, 0x00, 0x00, 0x00, 0x00, 0x00, 0x00, 0x00, 0x00, 0x00, 0x00, 0x00, 0x00, 0x00, 0x00, 0x00, 0x00, 0x00, 0x00, 0x00, 0x00, 0x00,
    0x00, 0x00, 0x00, 0x00, 0x00, 0x00, 0x00, 0x00, 0x00, 0x00, 0x00, 0x00, 0x00, 0x00, 0x00, 0x00, 0x00, 0x00, 0x00, 0x00, 0x00, 0x00, 0x00, 0x00,
    0x00, 0x00, 0x00, 0x00, 0x00, 0x00, 0x00, 0x00, 0x00, 0x00, 0x00, 0x00, 0x00, 0x00, 0x00, 0x00, 0x00, 0x00, 0x00, 0x00, 0x00, 0x00, 0x00, 0x00,
    0x00, 0x00, 0x00, 0x00, 0x00, 0x00, 0x00, 0x00, 0x00, 0x00, 0x00, 0x00, 0x00, 0x00, 0x00, 0x00, 0x00, 0x00, 0x00, 0x00, 0x00, 0x00, 0x00, 0x00,
    0x00, 0x00, 0x00, 0x00, 0x00, 0x00, 0x00, 0x00, 0x00, 0x00, 0x00, 0x00, 0x00, 0x00, 0x00, 0x00, 0x00, 0x00, 0x00, 0x00, 0x00, 0x00, 0x00, 0x00,
    0x00, 0x00, 0x00, 0x00, 0x00, 0x00, 0x00, 0x00, 0x00, 0x00, 0x00, 0x00, 0x00, 0x00, 0x00, 0x00, 0x00, 0x00, 0x00, 0x00, 0x00, 0x00, 0x00, 0x00,
    0x00, 0x00, 0x00, 0x00, 0x00, 0x00, 0x00, 0x00, 0x00, 0x00, 0x00, 0x00, 0x00, 0x00, 0x00, 0x00, 0x00, 0x00, 0x00, 0x00, 0x00, 0x00, 0x00, 0x00,
    0x00, 0x00, 0x00, 0x00, 0x00, 0x00, 0x00, 0x00, 0x00, 0x00, 0x00, 0x00, 0x00, 0x00, 0x00, 0x00, 0x00, 0x00, 0x00, 0x00, 0x00, 0x00, 0x00, 0x00,
    0x00, 0x00, 0x00, 0x00, 0x00, 0x00, 0x00, 0x00, 0x00, 0x00, 0x00, 0x00, 0x00, 0x00, 0x00, 0x00, 0x00, 0x00, 0x00, 0x00, 0x00, 0x00, 0x00, 0x00,
    0x00, 0x00, 0x00, 0x00, 0x00, 0x00, 0x00, 0x00, 0x00, 0x00, 0x00, 0x00, 0x00, 0x00, 0x00, 0x00, 0x00, 0x00, 0x00, 0x00, 0x00, 0x00, 0x00, 0x00,
    0x00, 0x00, 0x00, 0x00, 0x00, 0x00, 0x00, 0x00, 0x00, 0x00, 0x00, 0x00, 0x00, 0x00, 0x00, 0x00, 0x00, 0x00, 0x00, 0x00, 0x00, 0x00, 0x00, 0x00,
    0x00, 0x00, 0x00, 0x00, 0x00, 0x00, 0x00, 0x00, 0x00, 0x00, 0x00, 0x00, 0x00, 0x00, 0x00, 0x00, 0x00, 0x00, 0x00, 0x00, 0x00, 0x00, 0x00, 0x00,
    0x00, 0x00, 0x00, 0x00, 0x00, 0x00, 0x00, 0x00, 0x00, 0x00, 0x00, 0x00, 0x00, 0x00, 0x00, 0x00, 0x00, 0x00, 0x00, 0x00, 0x00, 0x00, 0x00, 0x00,
    0x00, 0x00, 0x00, 0x00, 0x00, 0x00, 0x00, 0x00, 0x00, 0x00, 0x00, 0x00, 0x00, 0x00, 0x00, 0x00, 0x00, 0x00, 0x00, 0x00, 0x00, 0x00, 0x00, 0x00,
    0x00, 0x00, 0x00, 0x00, 0x00, 0x00, 0x00, 0x00, 0x00, 0x00, 0x00, 0x00, 0x00, 0x00, 0x00, 0x00, 0x00, 0x00, 0x00, 0x00, 0x00, 0x00, 0x00, 0x00,
    0x00, 0x00, 0x00, 0x00, 0x00, 0x00, 0x00, 0x00, 0x00, 0x00, 0x00, 0x00, 0x00, 0x00, 0x01, 0x00, 0x00, 0x00, 0x00, 0x00, 0x00, 0x00, 0x00, 0x00,
    0x00, 0x00, 0x00, 0x00, 0x00, 0x00, 0x00, 0x00, 0x00, 0x00, 0x00, 0x00, 0x00, 0x00, 0x00, 0x00, 0x00, 0x00, 0x00, 0x00, 0x00, 0x00, 0x00, 0x00,
    0x26, 0x9B, 0x05, 0x00, 0xF8, 0x01, 0x45, 0x79, 0x06, 0xAA, 0xAA, 0x03, 0xC9, 0x9A, 0x28, 0xC9, 0xA2, 0x2E, 0x09, 0xB3, 0x37, 0x09, 0xAB, 0x71,
    0x2A, 0xBB, 0x9C, 0x29, 0xCB, 0xD4, 0xC8, 0xC2, 0xEE, 0x05, 0xBA, 0xFA, 0x05, 0xBA, 0xFB, 0xE4, 0xB9, 0xFF, 0xE4, 0xB9, 0xFF, 0xE4, 0xB9, 0xFC,
    0xE4, 0xB1, 0xFF, 0x25, 0xC2, 0xFF, 0x25, 0xBA, 0xFE, 0x66, 0xC2, 0xFC, 0x66, 0xBA, 0xF8, 0xA8, 0xC2, 0xEB, 0x09, 0xC3, 0xDF, 0x2A, 0xCB, 0xCC,
    0x09, 0xC3, 0xD2, 0x2A, 0xC3, 0xC4, 0xC8, 0xAA, 0xC1, 0x2A, 0xBB, 0x7E, 0xE8, 0xBA, 0xA3, 0xE4, 0xB1, 0xF9, 0xA3, 0xB9, 0xFF, 0x05, 0xB2, 0xDE,
    0x25, 0xB2, 0xC5, 0x83, 0xB1, 0xFF, 0x26, 0xAA, 0x8D, 0x6D, 0xA3, 0x0E, 0x87, 0x92, 0x25, 0x68, 0x92, 0x1D, 0xAA, 0xAA, 0x03, 0x00, 0xF8, 0x01,
    0x67, 0x8A, 0x0D, 0x06, 0x7A, 0x3A, 0xAA, 0xAA, 0x03, 0x00, 0x00, 0x00, 0x00, 0x00, 0x00, 0x00, 0x00, 0x00, 0x00, 0x00, 0x00, 0x00, 0x00, 0x00,
    0x00, 0x00, 0x00, 0x00, 0x00, 0x00, 0x00, 0x00, 0x00, 0x00, 0x00, 0x00, 0x00, 0x00, 0x00, 0x00, 0x00, 0x00, 0x00, 0x00, 0x00, 0x00, 0x00, 0x00,
    0x00, 0x00, 0x00, 0x00, 0x00, 0x00, 0x00, 0x00, 0x00, 0x00, 0x00, 0x00, 0x00, 0x00, 0x00, 0x00, 0x00, 0x00, 0x00, 0x00, 0x00, 0x00, 0x00, 0x00,
    0x00, 0x00, 0x01, 0x00, 0x00, 0x00, 0x06, 0xAA, 0x48, 0xA3, 0xB9, 0xFF, 0xC4, 0xA9, 0xCB, 0xEF, 0xB3, 0x0A, 0xE7, 0x79, 0x04, 0x00, 0xF8, 0x02,
    0xE0, 0xB9, 0x04, 0x00, 0x78, 0x02, 0x00, 0x00, 0x00, 0x00, 0x00, 0x00, 0x00, 0x00, 0x00, 0x00, 0x00, 0x00, 0x00, 0x00, 0x00, 0x00, 0x00, 0x00,
    0x00, 0x00, 0x00, 0xEF, 0xDB, 0x08, 0xA8, 0xBA, 0x1D, 0x87, 0xAA, 0x3F, 0xA8, 0xB2, 0x63, 0x87, 0xB2, 0x7E, 0x47, 0xB2, 0x91, 0x46, 0xAA, 0xAA,
    0x25, 0xB2, 0xC5, 0xE5, 0xA9, 0xDF, 0x05, 0xB2, 0xE0, 0x05, 0xB2, 0xEB, 0xC4, 0xA9, 0xF5, 0xC4, 0xB1, 0xFF, 0xA4, 0xB1, 0xFF, 0xC4, 0xB1, 0xFF,
    0xA3, 0xB1, 0xFF, 0xA3, 0xB1, 0xFF, 0xA3, 0xB9, 0xFF, 0xA3, 0xB9, 0xFF, 0x83, 0xB1, 0xFF, 0xA3, 0xB1, 0xFF, 0x83, 0xB1, 0xFF, 0x83, 0xB1, 0xFF,
    0xA3, 0xB9, 0xFF, 0x83, 0xB1, 0xFF, 0xA3, 0xB9, 0xFF, 0x83, 0xB1, 0xFF, 0x83, 0xB1, 0xFF, 0x83, 0xB1, 0xFF, 0x83, 0xB1, 0xFE, 0x83, 0xB1, 0xFE,
    0x83, 0xB1, 0xFD, 0x83, 0xB1, 0xFE, 0x83, 0xB1, 0xFE, 0xA3, 0xB1, 0xFF, 0x83, 0xB1, 0xFF, 0x05, 0xBA, 0xFF, 0xC8, 0xC2, 0xED, 0xE9, 0xBA, 0xB8,
    0x09, 0xB3, 0x78, 0xC9, 0xA2, 0x2A, 0xC9, 0xA2, 0x11, 0x00, 0x00, 0x00, 0x00, 0x00, 0x00, 0x00, 0xF8, 0x01, 0x00, 0x00, 0x00, 0x4F, 0x7D, 0x06,
    0xA4, 0xA1, 0xC8, 0xA4, 0xB9, 0xFF, 0x06, 0xA2, 0x53, 0x00, 0x00, 0x00, 0xA0, 0xAA, 0x03, 0x49, 0xB2, 0x07, 0xAA, 0xAA, 0x09, 0x69, 0x9A, 0x14,
    0xA8, 0x92, 0x20, 0xC9, 0xA2, 0x1C, 0xA9, 0xA2, 0x38, 0xA9, 0xA2, 0x66, 0x0A, 0xB3, 0x62, 0x88, 0xB2, 0xCB, 0xA8, 0xBA, 0xD3, 0xA8, 0xBA, 0xCB,
    0xE9, 0xBA, 0xB8, 0xA8, 0xB2, 0xA9, 0xA8, 0xBA, 0xB1, 0x67, 0xAA, 0xD5, 0x2A, 0xC3, 0x83, 0xA8, 0xA2, 0x6C, 0xA8, 0x9A, 0x6C, 0x88, 0x92, 0x25,
    0xA8, 0x9A, 0x1E, 0x47, 0x7A, 0x22, 0x07, 0x7A, 0x26, 0x00, 0x00, 0x00, 0x00, 0x00, 0x01, 0x00, 0x00, 0x00, 0x00, 0x00, 0x00, 0x00, 0xF8, 0x01,
    0x00, 0x00, 0x00, 0x00, 0x00, 0x00, 0x06, 0x72, 0x27, 0x25, 0x7A, 0x12, 0x00, 0x00, 0x00, 0x00, 0x00, 0x01, 0x00, 0x00, 0x00, 0x00, 0x00, 0x00,
    0x00, 0x00, 0x00, 0x00, 0x00, 0x00, 0x00, 0x00, 0x00, 0x00, 0x00, 0x00, 0x00, 0x00, 0x00, 0x00, 0x00, 0x00, 0x00, 0x00, 0x00, 0x00, 0x00, 0x00,
    0x00, 0x00, 0x00, 0x00, 0x00, 0x00, 0x00, 0x00, 0x00, 0x00, 0x00, 0x00, 0x00, 0x00, 0x00, 0x00, 0x00, 0x00, 0x00, 0x00, 0x00, 0x00, 0x00, 0x00,
    0x00, 0x00, 0x00, 0x00, 0x00, 0x00, 0x00, 0x00, 0x00, 0x00, 0x00, 0x00, 0x00, 0x00, 0x00, 0x00, 0x00, 0x00, 0x00, 0x00, 0x00, 0x00, 0x00, 0x00,
    0x00, 0x00, 0x00, 0x00, 0x00, 0x00, 0x00, 0x00, 0x00, 0x00, 0x00, 0x00, 0x00, 0x00, 0x00, 0x00, 0x00, 0x00, 0x00, 0x00, 0x00, 0x00, 0x00, 0x00,
    0x00, 0x00, 0x00, 0x00, 0x00, 0x00, 0x00, 0x00, 0x00, 0x00, 0x00, 0x00, 0x00, 0x00, 0x00, 0x00, 0x00, 0x00, 0x00, 0x00, 0x00, 0x00, 0x00, 0x00,
    0x00, 0x00, 0x00, 0x00, 0x00, 0x00, 0x00, 0x00, 0x00, 0x00, 0x00, 0x00, 0x00, 0x00, 0x00, 0x00, 0x00, 0x00, 0x00, 0x00, 0x00, 0x00, 0x00, 0x00,
    0x00, 0x00, 0x00, 0x00, 0x00, 0x00, 0x00, 0x00, 0x00, 0x00, 0x00, 0x00, 0x00, 0x00, 0x00, 0x00, 0x00, 0x00, 0x00, 0x00, 0x00, 0x00, 0x00, 0x00,
    0x00, 0x00, 0x00, 0x00, 0x00, 0x00, 0x00, 0x00, 0x00, 0x00, 0x00, 0x00, 0x00, 0x00, 0x00, 0x00, 0x00, 0x00, 0x00, 0x00, 0x00, 0x00, 0x00, 0x00,
    0x00, 0x00, 0x00, 0x00, 0x00, 0x00, 0x00, 0x00, 0x00, 0x00, 0x00, 0x00, 0x00, 0x00, 0x00, 0x00, 0x00, 0x00, 0x00, 0x00, 0x00, 0x00, 0x00, 0x00,
    0x00, 0x00, 0x00, 0x00, 0x00, 0x00, 0x00, 0x00, 0x00, 0x00, 0x00, 0x00, 0x00, 0x00, 0x00, 0x00, 0x00, 0x00, 0x00, 0x00, 0x00, 0x00, 0x00, 0x00,
    0x00, 0x00, 0x00, 0x00, 0x00, 0x00, 0x00, 0x00, 0x00, 0x00, 0x00, 0x00, 0x00, 0x00, 0x00, 0x00, 0x00, 0x00, 0x00, 0x00, 0x00, 0x00, 0x00, 0x00,
    0x00, 0x00, 0x00, 0x00, 0x00, 0x00, 0x00, 0x00, 0x00, 0x00, 0x00, 0x00, 0x00, 0x00, 0x00, 0x00, 0x00, 0x00, 0x00, 0x00, 0x00, 0x00, 0x00, 0x00,
    0x00, 0x00, 0x00, 0x00, 0x00, 0x00, 0x00, 0x00, 0x00, 0x00, 0x00, 0x00, 0x00, 0x00, 0x00, 0x00, 0x00, 0x00, 0x00, 0x00, 0x00, 0x00, 0x00, 0x00,
    0x00, 0x00, 0x00, 0x00, 0x00, 0x00, 0x00, 0x00, 0x00, 0x00, 0x00, 0x00, 0x00, 0x00, 0x00, 0x00, 0x00, 0x00, 0x00, 0x00, 0x00, 0x00, 0x00, 0x00,
    0x00, 0x00, 0x00, 0x00, 0x00, 0x00, 0x00, 0x00, 0x00, 0x00, 0x00, 0x00, 0x00, 0x00, 0x00, 0x00, 0x00, 0x00, 0x00, 0x00, 0x00, 0x00, 0x00, 0x00,
    0x00, 0x00, 0x00, 0x00, 0x00, 0x00, 0x00, 0x00, 0x00, 0x00, 0x00, 0x00, 0x00, 0x00, 0x00, 0x00, 0x00, 0x00, 0x00, 0x00, 0x00, 0x00, 0x00, 0x00,
    0x00, 0x00, 0x00, 0x00, 0x00, 0x00, 0x00, 0x00, 0x00, 0x00, 0x00, 0x00, 0x00, 0x00, 0x00, 0x00, 0x00, 0x00, 0x00, 0x00, 0x00, 0x00, 0x00, 0x00,
    0x00, 0x00, 0x00, 0x00, 0x00, 0x00, 0x00, 0x00, 0x00, 0x00, 0x00, 0x00, 0x00, 0x00, 0x00, 0x00, 0x00, 0x00, 0x00, 0x00, 0x00, 0x00, 0x00, 0x00,
    0x00, 0x00, 0x00, 0x00, 0x00, 0x00, 0x00, 0x00, 0x00, 0x00, 0x00, 0x00, 0x00, 0x00, 0x00, 0x00, 0x00, 0x00, 0x00, 0x00, 0x00, 0x00, 0x00, 0x00,
    0x00, 0x00, 0x00, 0x00, 0x00, 0x00, 0x00, 0x00, 0x00, 0x00, 0x00, 0x00, 0x00, 0x00, 0x00, 0x00, 0x00, 0x00, 0x00, 0x00, 0x00, 0x00, 0x00, 0x00,
    0x00, 0x00, 0x00, 0x00, 0x00, 0x00, 0x00, 0x00, 0x00, 0x00, 0x00, 0x00, 0x00, 0x00, 0x00, 0x00, 0x00, 0x00, 0x00, 0x00, 0x00, 0x00, 0x00, 0x00,
    0x00, 0x00, 0x00, 0x00, 0x00, 0x00, 0x00, 0x00, 0x00, 0x00, 0x00, 0x00, 0x00, 0x00, 0x00, 0x00, 0x00, 0x00, 0x00, 0x00, 0x00, 0x00, 0x00, 0x00,
    0x00, 0x00, 0x00, 0x00, 0x00, 0x00, 0x00, 0x00, 0x00, 0x00, 0x00, 0x00, 0x00, 0x00, 0x00, 0x00, 0x00, 0x00, 0x00, 0x00, 0x00, 0x00, 0x00, 0x00,
    0x00, 0x00, 0x00, 0x00, 0x00, 0x00, 0x00, 0x00, 0x00, 0x00, 0x00, 0x00, 0x00, 0x00, 0x00, 0x00, 0x00, 0x00, 0x00, 0x00, 0x00, 0x00, 0x00, 0x00,
    0x00, 0x00, 0x00, 0x00, 0x00, 0x00, 0x00, 0x00, 0x00, 0x00, 0x00, 0x00, 0x00, 0x00, 0x00, 0x00, 0x00, 0x00, 0x00, 0x00, 0x00, 0x00, 0x00, 0x00,
    0x00, 0x00, 0x00, 0x00, 0x00, 0x00, 0x00, 0x00, 0x00, 0x00, 0x00, 0x00, 0x00, 0x00, 0x00, 0x00, 0x00, 0x00, 0x00, 0x00, 0x00, 0x00, 0x00, 0x00,
    0x00, 0x00, 0x00, 0x00, 0x00, 0x00, 0x00, 0x00, 0x00, 0x00, 0x00, 0x00, 0x00, 0x00, 0x00, 0x00, 0x00, 0x00, 0x00, 0x00, 0x00, 0x00, 0x00, 0x00,
    0xAA, 0xAA, 0x06, 0xC8, 0x9A, 0x17, 0x88, 0x92, 0x79, 0xE9, 0xAA, 0x2F, 0x09, 0xAB, 0x41, 0xE9, 0xB2, 0xA2, 0x29, 0xC3, 0xC8, 0x29, 0xCB, 0xE1,
    0x09, 0xC3, 0xDE, 0xC8, 0xC2, 0xE0, 0xE8, 0xC2, 0xD8, 0xC8, 0xC2, 0xFE, 0xE9, 0xC2, 0xE7, 0xE9, 0xC2, 0xCE, 0x2A, 0xC3, 0xB9, 0x4A, 0xC3, 0xB1,
    0x2A, 0xC3, 0x9B, 0x2A, 0xBB, 0x9E, 0x0A, 0xB3, 0x8A, 0xE9, 0xAA, 0x8D, 0x0A, 0xB3, 0x5D, 0x09, 0xB3, 0x73, 0x67, 0xA2, 0x9B, 0xC8, 0xAA, 0x75,
    0x2A, 0xB3, 0x4A, 0x05, 0xB2, 0xD7, 0xC3, 0xC1, 0xFF, 0x25, 0xB2, 0xC3, 0x05, 0xAA, 0x98, 0xC4, 0xC1, 0xFF, 0x26, 0xAA, 0x81, 0xEC, 0xB3, 0x0A,
    0x87, 0xA2, 0x16, 0xAA, 0x52, 0x03, 0x00, 0xF8, 0x01, 0x00, 0x00, 0x00, 0x47, 0x82, 0x11, 0xE6, 0x79, 0x48, 0xE0, 0xFF, 0x01, 0x00, 0x00, 0x00,
    0x00, 0x00, 0x00, 0x00, 0x00, 0x00, 0x00, 0x00, 0x00, 0x00, 0x00, 0x00, 0x00, 0x00, 0x00, 0x00, 0x00, 0x00, 0x00, 0x00, 0x00, 0x00, 0x00, 0x00,
    0x00, 0x00, 0x00, 0x00, 0x00, 0x00, 0x00, 0x00, 0x00, 0x00, 0x00, 0x00, 0x00, 0x00, 0x00, 0x00, 0x00, 0x00, 0x00, 0x00, 0x00, 0x00, 0x00, 0x00,
    0x00, 0x00, 0x00, 0x00, 0x00, 0x00, 0x00, 0x00, 0x00, 0x00, 0x00, 0x00, 0xA0, 0xAA, 0x03, 0xE0, 0x7B, 0x02, 0x46, 0xA2, 0x34, 0xA4, 0xB1, 0xFF,
    0xC4, 0xA9, 0xC4, 0x5F, 0xAD, 0x03, 0x00, 0x00, 0x00, 0x00, 0x00, 0x00, 0x00, 0x00, 0x00, 0x00, 0x00, 0x00, 0x4B, 0xB3, 0x11, 0x29, 0xBB, 0x21,
    0xE8, 0xC2, 0x36, 0x87, 0xB2, 0x5C, 0x66, 0xB2, 0x73, 0x05, 0xA2, 0x80, 0x25, 0xAA, 0xA0, 0x26, 0xAA, 0xC0, 0xE5, 0xA9, 0xE4, 0xC4, 0xB1, 0xFB,
    0xE4, 0xB1, 0xFF, 0xC4, 0xB1, 0xFF, 0xC4, 0xB1, 0xFF, 0xA3, 0xB9, 0xFF, 0xA3, 0xB9, 0xFF, 0xA3, 0xB9, 0xFF, 0xA3, 0xB9, 0xFF, 0xA3, 0xB9, 0xFF,
    0xA3, 0xB9, 0xFF, 0x83, 0xB1, 0xFE, 0xA3, 0xB9, 0xFE, 0x83, 0xB1, 0xFE, 0xA3, 0xB9, 0xFD, 0xA3, 0xB9, 0xFE, 0xA3, 0xB9, 0xFD, 0xA3, 0xB9, 0xFE,
    0xA3, 0xB9, 0xFF, 0xA3, 0xB9, 0xFF, 0xA3, 0xB9, 0xFF, 0xA3, 0xB9, 0xFF, 0xA3, 0xB1, 0xFF, 0xA4, 0xB9, 0xFF, 0xA3, 0xB9, 0xFF, 0xA3, 0xB9, 0xFF,
    0xA4, 0xB9, 0xFF, 0xA4, 0xB9, 0xFF, 0xA4, 0xB9, 0xFF, 0xA3, 0xB9, 0xFF, 0xA3, 0xB9, 0xFF, 0xA3, 0xB9, 0xFF, 0xA4, 0xB9, 0xFF, 0xA3, 0xB9, 0xFE,
    0xA3, 0xB9, 0xFD, 0x83, 0xB1, 0xFD, 0xE4, 0xB9, 0xFF, 0x09, 0xCB, 0xDD, 0x4A, 0xC3, 0x90, 0xC9, 0xA2, 0x33, 0xA9, 0x9A, 0x15, 0xEB, 0x9A, 0x08,
    0x00, 0x00, 0x00, 0x00, 0x00, 0x01, 0x00, 0x00, 0x00, 0x00, 0x00, 0x00, 0xA4, 0xA1, 0xC1, 0xA3, 0xB9, 0xFF, 0x26, 0xA2, 0x50, 0x00, 0x00, 0x00,
    0xA0, 0xAA, 0x03, 0x00, 0x00, 0x00, 0x00, 0xF8, 0x01, 0x00, 0x00, 0x00, 0xE7, 0x9A, 0x08, 0x49, 0x92, 0x0E, 0x68, 0x92, 0x1D, 0x89, 0x92, 0x2C,
    0xA8, 0xA2, 0x33, 0xE9, 0xAA, 0x97, 0x0A, 0xB3, 0x69, 0xA9, 0xA2, 0x63, 0xC8, 0xA2, 0x68, 0xC9, 0xA2, 0x6A, 0x46, 0xAA, 0x92, 0x26, 0xA2, 0xD5,
    0x29, 0xB3, 0x4D, 0x26, 0x8A, 0x8E, 0x27, 0x82, 0x4B, 0xC9, 0x92, 0x0E, 0xE7, 0x79, 0x08, 0xEF, 0x7B, 0x02, 0x00, 0x00, 0x00, 0x00, 0x00, 0x00,
    0x00, 0x00, 0x00, 0x00, 0x00, 0x00, 0x00, 0x00, 0x00, 0x00, 0x00, 0x00, 0x00, 0x00, 0x00, 0x00, 0x00, 0x00, 0x00, 0x00, 0x00, 0x00, 0x00, 0x00,
    0x00, 0x00, 0x00, 0x00, 0x00, 0x00, 0x00, 0x00, 0x00, 0x00, 0x00, 0x00, 0x00, 0x00, 0x00, 0x00, 0x00, 0x00, 0x00, 0x00, 0x00, 0x00, 0x00, 0x00,
    0x00, 0x00, 0x00, 0x00, 0x00, 0x00, 0x00, 0x00, 0x00, 0x00, 0x00, 0x00, 0x00, 0x00, 0x00, 0x00, 0x00, 0x00, 0x00, 0x00, 0x00, 0x00, 0x00, 0x00,
    0x00, 0x00, 0x00, 0x00, 0x00, 0x00, 0x00, 0x00, 0x00, 0x00, 0x00, 0x00, 0x00, 0x00, 0x00, 0x00, 0x00, 0x00, 0x00, 0x00, 0x00, 0x00, 0x00, 0x00,
    0x00, 0x00, 0x00, 0x00, 0x00, 0x00, 0x00, 0x00, 0x00, 0x00, 0x00, 0x00, 0x00, 0x00, 0x00, 0x00, 0x00, 0x00, 0x00, 0x00, 0x00, 0x00, 0x00, 0x00,
    0x00, 0x00, 0x00, 0x00, 0x00, 0x00, 0x00, 0x00, 0x00, 0x00, 0x00, 0x00, 0x00, 0x00, 0x00, 0x00, 0x00, 0x00, 0x00, 0x00, 0x00, 0x00, 0x00, 0x00,
    0x00, 0x00, 0x00, 0x00, 0x00, 0x00, 0x00, 0x00, 0x00, 0x00, 0x00, 0x00, 0x00, 0x00, 0x00, 0x00, 0x00, 0x00, 0x00, 0x00, 0x00, 0x00, 0x00, 0x00,
    0x00, 0x00, 0x00, 0x00, 0x00, 0x00, 0x00, 0x00, 0x00, 0x00, 0x00, 0x00, 0x00, 0x00, 0x00, 0x00, 0x00, 0x00, 0x00, 0x00, 0x00, 0x00, 0x00, 0x00,
    0x00, 0x00, 0x00, 0x00, 0x00, 0x00, 0x00, 0x00, 0x00, 0x00, 0x00, 0x00, 0x00, 0x00, 0x00, 0x00, 0x00, 0x00, 0x00, 0x00, 0x00, 0x00, 0x00, 0x00,
    0x00, 0x00, 0x00, 0x00, 0x00, 0x00, 0x00, 0x00, 0x00, 0x00, 0x00, 0x00, 0x00, 0x00, 0x00, 0x00, 0x00, 0x00, 0x00, 0x00, 0x00, 0x00, 0x00, 0x00,
    0x00, 0x00, 0x00, 0x00, 0x00, 0x00, 0x00, 0x00, 0x00, 0x00, 0x00, 0x00, 0x00, 0x00, 0x00, 0x00, 0x00, 0x00, 0x00, 0x00, 0x00, 0x00, 0x00, 0x00,
    0x00, 0x00, 0x00, 0x00, 0x00, 0x00, 0x00, 0x00, 0x00, 0x00, 0x00, 0x00, 0x00, 0x00, 0x00, 0x00, 0x00, 0x00, 0x00, 0x00, 0x00, 0x00, 0x00, 0x00,
    0x00, 0x00, 0x00, 0x00, 0x00, 0x00, 0x00, 0x00, 0x00, 0x00, 0x00, 0x00, 0x00, 0x00, 0x00, 0x00, 0x00, 0x00, 0x00, 0x00, 0x00, 0x00, 0x00, 0x00,
    0x00, 0x00, 0x00, 0x00, 0x00, 0x00, 0x00, 0x00, 0x00, 0x00, 0x00, 0x00, 0x00, 0x00, 0x00, 0x00, 0x00, 0x00, 0x00, 0x00, 0x00, 0x00, 0x00, 0x00,
    0x00, 0x00, 0x00, 0x00, 0x00, 0x00, 0x00, 0x00, 0x00, 0x00, 0x00, 0x00, 0x00, 0x00, 0x00, 0x00, 0x00, 0x00, 0x00, 0x00, 0x00, 0x00, 0x00, 0x00,
    0x00, 0x00, 0x00, 0x00, 0x00, 0x00, 0x00, 0x00, 0x00, 0x00, 0x00, 0x00, 0x00, 0x00, 0x00, 0x00, 0x00, 0x00, 0x00, 0x00, 0x00, 0x00, 0x00, 0x00,
    0x00, 0x00, 0x00, 0x00, 0x00, 0x00, 0x00, 0x00, 0x00, 0x00, 0x00, 0x00, 0x00, 0x00, 0x00, 0x00, 0x00, 0x00, 0x00, 0x00, 0x00, 0x00, 0x00, 0x00,
    0x00, 0x00, 0x00, 0x00, 0x00, 0x00, 0x00, 0x00, 0x00, 0x00, 0x00, 0x00, 0x00, 0x00, 0x00, 0x00, 0x00, 0x00, 0x00, 0x00, 0x00, 0x00, 0x00, 0x00,
    0x00, 0x00, 0x00, 0x00, 0x00, 0x00, 0x00, 0x00, 0x00, 0x00, 0x00, 0x00, 0x00, 0x00, 0x00, 0x00, 0x00, 0x00, 0x00, 0x00, 0x00, 0x00, 0x00, 0x00,
    0x00, 0x00, 0x00, 0x00, 0x00, 0x00, 0x00, 0x00, 0x00, 0x00, 0x00, 0x00, 0x00, 0x00, 0x00, 0x00, 0x00, 0x00, 0x00, 0x00, 0x00, 0x00, 0x00, 0x00,
    0x00, 0x00, 0x00, 0x00, 0x00, 0x00, 0x00, 0x00, 0x00, 0x00, 0x00, 0x00, 0x00, 0x00, 0x00, 0x00, 0x00, 0x00, 0x00, 0x00, 0x00, 0x00, 0x00, 0x00,
    0x00, 0x00, 0x00, 0x00, 0x00, 0x00, 0x00, 0x00, 0x00, 0x00, 0x00, 0x00, 0x00, 0x00, 0x00, 0x00, 0x00, 0x00, 0x00, 0x00, 0x00, 0x00, 0x00, 0x00,
    0x00, 0x00, 0x00, 0x00, 0x00, 0x00, 0x00, 0x00, 0x00, 0x00, 0x00, 0x00, 0x00, 0x00, 0x00, 0x00, 0x00, 0x00, 0x00, 0x00, 0x00, 0x00, 0x00, 0x00,
    0x00, 0x00, 0x00, 0x00, 0x00, 0x00, 0x00, 0x00, 0x00, 0x00, 0x00, 0x00, 0x00, 0x00, 0x00, 0x00, 0x00, 0x00, 0x00, 0x00, 0x00, 0x00, 0x00, 0x00,
    0x00, 0x00, 0x00, 0x00, 0x00, 0x00, 0x00, 0x00, 0x00, 0x00, 0x00, 0x00, 0x00, 0x00, 0x00, 0x00, 0x00, 0x00, 0x00, 0x00, 0x00, 0x00, 0x00, 0x00,
    0x00, 0x00, 0x00, 0x00, 0x00, 0x00, 0x00, 0x00, 0x00, 0x00, 0x00, 0x00, 0x00, 0x00, 0x00, 0x00, 0x00, 0x00, 0x00, 0x00, 0x00, 0x00, 0x00, 0x00,
    0x00, 0x00, 0x00, 0x00, 0x00, 0x01, 0x00, 0x00, 0x00, 0x86, 0x49, 0x0A, 0xA4, 0x51, 0x22, 0x00, 0x00, 0x00, 0x00, 0x00, 0x01, 0x00, 0x00, 0x00,
    0x00, 0x00, 0x00, 0x00, 0x00, 0x00, 0x00, 0x00, 0x00, 0x00, 0x00, 0x00, 0x00, 0x00, 0x00, 0x00, 0x00, 0x00, 0x00, 0x00, 0x00, 0x00, 0x00, 0x00,
    0x00, 0x00, 0x00, 0x00, 0x00, 0x00, 0x00, 0x00, 0x00, 0x00, 0x00, 0x00, 0x00, 0x00, 0x00, 0xE7, 0x99, 0x08, 0x87, 0x8A, 0x29, 0xA8, 0x9A, 0x2C,
    0xE9, 0xA2, 0x3A, 0x09, 0xA3, 0x45, 0x2A, 0xB3, 0x67, 0xE9, 0xB2, 0xA1, 0xE9, 0xB2, 0x8C, 0xE9, 0xBA, 0xB6, 0x29, 0xBB, 0x83, 0xC8, 0xB2, 0x9E,
    0xE9, 0xB2, 0xA2, 0x2A, 0xB3, 0x5D, 0xE9, 0xA2, 0x4C, 0xC9, 0xA2, 0x4C, 0xC9, 0xA2, 0x4A, 0xC9, 0xA2, 0x32, 0xE9, 0xA2, 0x31, 0xC9, 0x9A, 0x1F,
    0xA8, 0x9A, 0x12, 0xC9, 0xAA, 0x27, 0x8C, 0xC3, 0x12, 0xC9, 0xA2, 0x2E, 0x8B, 0xAB, 0x19, 0x05, 0xB2, 0xB8, 0xC3, 0xC1, 0xFF, 0x25, 0xB2, 0xB8,
    0x05, 0xAA, 0x8A, 0xC4, 0xC1, 0xFC, 0x06, 0xAA, 0x6F, 0x00, 0x00, 0x00, 0xE7, 0xB9, 0x04, 0x00, 0x00, 0x00, 0x00, 0x00, 0x00, 0x00, 0x00, 0x00,
    0x00, 0x00, 0x00, 0x00, 0x00, 0x00, 0x00, 0x00, 0x00, 0x00, 0x00, 0x00, 0x00, 0x00, 0x00, 0x00, 0x00, 0x00, 0x00, 0x00, 0x00, 0x00, 0x00, 0x00,
    0x00, 0x00, 0x00, 0x00, 0x00, 0x00, 0x00, 0x00, 0x00, 0x00, 0x00, 0x00, 0x00, 0x00, 0x00, 0x00, 0x00, 0x00, 0x00, 0x00, 0x00, 0x00, 0x00, 0x01,
    0x45, 0x79, 0x06, 0x00, 0x00, 0x00, 0x00, 0x00, 0x00, 0x00, 0x00, 0x00, 0x00, 0x00, 0x01, 0x00, 0x78, 0x02, 0x00, 0x78, 0x02, 0x00, 0xF8, 0x01,
    0x00, 0x00, 0x01, 0x00, 0x00, 0x00, 0x26, 0xA2, 0x40, 0xC4, 0xB9, 0xFF, 0xE4, 0xA9, 0xAD, 0xFF, 0xFF, 0x01, 0x29, 0xCB, 0x21, 0x67, 0xBA, 0x54,
    0x06, 0xAA, 0x73, 0x46, 0xB2, 0x8A, 0x46, 0xBA, 0xB0, 0x05, 0xAA, 0xE0, 0xE5, 0xB1, 0xE8, 0xE4, 0xB1, 0xFF, 0xE4, 0xB9, 0xFF, 0xC4, 0xB9, 0xFF,
    0xC4, 0xB9, 0xFF, 0xC4, 0xB9, 0xFF, 0xA3, 0xB9, 0xFF, 0x83, 0xB9, 0xFF, 0x83, 0xB1, 0xFE, 0x83, 0xB1, 0xFE, 0xA3, 0xB1, 0xFD, 0xA3, 0xB1, 0xFD,
    0xA3, 0xB1, 0xFD, 0xA3, 0xB1, 0xFD, 0xA3, 0xB1, 0xFD, 0xA3, 0xB1, 0xFE, 0xA3, 0xB1, 0xFE, 0xA3, 0xB1, 0xFF, 0xA3, 0xB1, 0xFF, 0xA3, 0xB1, 0xFF,
    0xA3, 0xB9, 0xFF, 0xA3, 0xB9, 0xFF, 0xA3, 0xB9, 0xFF, 0xA3, 0xB9, 0xFF, 0xA3, 0xB9, 0xFF, 0xA3, 0xB9, 0xFF, 0xA3, 0xB9, 0xFF, 0xA3, 0xB9, 0xFF,
    0xA3, 0xB9, 0xFF, 0xA3, 0xB9, 0xFF, 0xA3, 0xB9, 0xFF, 0xA3, 0xB9, 0xFF, 0xA3, 0xB9, 0xFF, 0xA3, 0xB9, 0xFF, 0xA3, 0xB9, 0xFF, 0xA3, 0xB9, 0xFF,
    0xA4, 0xB9, 0xFF, 0xA3, 0xB9, 0xFF, 0xA3, 0xB9, 0xFF, 0xA3, 0xB9, 0xFF, 0xA3, 0xB9, 0xFF, 0xA3, 0xB9, 0xFE, 0xC4, 0xB1, 0xFE, 0xC8, 0xCA, 0xEF,
    0x2A, 0xC3, 0xA2, 0xE9, 0xAA, 0x47, 0xC9, 0xA2, 0x30, 0xAA, 0xAA, 0x0C, 0x00, 0x00, 0x00, 0x00, 0x00, 0x01, 0x00, 0x00, 0x00, 0x00, 0x00, 0x00,
    0xA4, 0xA1, 0xBD, 0xC4, 0xB9, 0xFF, 0x06, 0xA2, 0x53, 0x00, 0x00, 0x00, 0xAA, 0xAA, 0x03, 0x00, 0x00, 0x00, 0x00, 0x00, 0x00, 0x00, 0x00, 0x00,
    0x00, 0xF8, 0x01, 0xAA, 0xAA, 0x06, 0x28, 0x9A, 0x0F, 0xC9, 0x92, 0x11, 0x88, 0x92, 0x31, 0xC8, 0x9A, 0x33, 0xA9, 0x9A, 0x38, 0xC8, 0x9A, 0x45,
    0xA8, 0x9A, 0x5F, 0x88, 0x9A, 0x68, 0x67, 0xB2, 0x86, 0x47, 0xA2, 0xD1, 0xC9, 0xA2, 0x49, 0x67, 0x92, 0x1D, 0x49, 0x92, 0x11, 0x27, 0x82, 0x24,
    0x26, 0x8A, 0x0F, 0x00, 0x00, 0x00, 0x00, 0x00, 0x02, 0x00, 0x00, 0x00, 0x00, 0x00, 0x00, 0x00, 0x00, 0x00, 0x00, 0x00, 0x00, 0x00, 0x00, 0x00,
    0x00, 0x00, 0x00, 0x00, 0x00, 0x00, 0x00, 0xF8, 0x01, 0x00, 0x00, 0x01, 0x00, 0x00, 0x00, 0x00, 0x00, 0x00, 0x00, 0x00, 0x00, 0x00, 0x00, 0x00,
    0x00, 0x00, 0x00, 0x00, 0x00, 0x00, 0x00, 0x00, 0x00, 0x00, 0x00, 0x00, 0x00, 0x00, 0x00, 0x00, 0x00, 0x00, 0x00, 0x00, 0x00, 0x00, 0x00, 0x00,
    0x00, 0x00, 0x00, 0x00, 0x00, 0x00, 0x00, 0x00, 0x00, 0x00, 0x00, 0x00, 0x00, 0x00, 0x00, 0x00, 0x00, 0x00, 0x00, 0x00, 0x00, 0x00, 0x00, 0x00,
    0x00, 0x00, 0x00, 0x00, 0x00, 0x00, 0x00, 0x00, 0x00, 0x00, 0x00, 0x00, 0x00, 0x00, 0x00, 0x00, 0x00, 0x00, 0x00, 0x00, 0x00, 0x00, 0x00, 0x00,
    0x00, 0x00, 0x00, 0x00, 0x00, 0x00, 0x00, 0x00, 0x00, 0x00, 0x00, 0x00, 0x00, 0x00, 0x00, 0x00, 0x00, 0x00, 0x00, 0x00, 0x00, 0x00, 0x00, 0x00,
    0x00, 0x00, 0x00, 0x00, 0x00, 0x00, 0x00, 0x00, 0x00, 0x00, 0x00, 0x00, 0x00, 0x00, 0x00, 0x00, 0x00, 0x00, 0x00, 0x00, 0x00, 0x00, 0x00, 0x00,
    0x00, 0x00, 0x00, 0x00, 0x00, 0x00, 0x00, 0x00, 0x00, 0x00, 0x00, 0x00, 0x00, 0x00, 0x00, 0x00, 0x00, 0x00, 0x00, 0x00, 0x00, 0x00, 0x00, 0x00,
    0x00, 0x00, 0x00, 0x00, 0x00, 0x00, 0x00, 0x00, 0x00, 0x00, 0x00, 0x00, 0x00, 0x00, 0x00, 0x00, 0x00, 0x00, 0x00, 0x00, 0x00, 0x00, 0x00, 0x00,
    0x00, 0x00, 0x00, 0x00, 0x00, 0x00, 0x00, 0x00, 0x00, 0x00, 0x00, 0x00, 0x00, 0x00, 0x00, 0x00, 0x00, 0x00, 0x00, 0x00, 0x00, 0x00, 0x00, 0x00,
    0x00, 0x00, 0x00, 0x00, 0x00, 0x00, 0x00, 0x00, 0x00, 0x00, 0x00, 0x00, 0x00, 0x00, 0x00, 0x00, 0x00, 0x00, 0x00, 0x00, 0x00, 0x00, 0x00, 0x00,
    0x00, 0x00, 0x00, 0x00, 0x00, 0x00, 0x00, 0x00, 0x00, 0x00, 0x00, 0x00, 0x00, 0x00, 0x00, 0x00, 0x00, 0x00, 0x00, 0x00, 0x00, 0x00, 0x00, 0x00,
    0x00, 0x00, 0x00, 0x00, 0x00, 0x00, 0x00, 0x00, 0x00, 0x00, 0x00, 0x00, 0x00, 0x00, 0x00, 0x00, 0x00, 0x00, 0x00, 0x00, 0x00, 0x00, 0x00, 0x00,
    0x00, 0x00, 0x00, 0x00, 0x00, 0x00, 0x00, 0x00, 0x00, 0x00, 0x00, 0x00, 0x00, 0x00, 0x00, 0x00, 0x00, 0x00, 0x00, 0x00, 0x00, 0x00, 0x00, 0x00,
    0x00, 0x00, 0x00, 0x00, 0x00, 0x00, 0x00, 0x00, 0x00, 0x00, 0x00, 0x00, 0x00, 0x00, 0x00, 0x00, 0x00, 0x00, 0x00, 0x00, 0x00, 0x00, 0x00, 0x00,
    0x00, 0x00, 0x00, 0x00, 0x00, 0x00, 0x00, 0x00, 0x00, 0x00, 0x00, 0x00, 0x00, 0x00, 0x00, 0x00, 0x00, 0x00, 0x00, 0x00, 0x00, 0x00, 0x00, 0x00,
    0x00, 0x00, 0x00, 0x00, 0x00, 0x00, 0x00, 0x00, 0x00, 0x00, 0x00, 0x00, 0x00, 0x00, 0x00, 0x00, 0x00, 0x00, 0x00, 0x00, 0x00, 0x00, 0x00, 0x00,
    0x00, 0x00, 0x00, 0x00, 0x00, 0x00, 0x00, 0x00, 0x00, 0x00, 0x00, 0x00, 0x00, 0x00, 0x00, 0x00, 0x00, 0x00, 0x00, 0x00, 0x00, 0x00, 0x00, 0x00,
    0x00, 0x00, 0x00, 0x00, 0x00, 0x00, 0x00, 0x00, 0x00, 0x00, 0x00, 0x00, 0x00, 0x00, 0x00, 0x00, 0x00, 0x00, 0x00, 0x00, 0x00, 0x00, 0x00, 0x00,
    0x00, 0x00, 0x00, 0x00, 0x00, 0x00, 0x00, 0x00, 0x00, 0x00, 0x00, 0x00, 0x00, 0x00, 0x00, 0x00, 0x00, 0x00, 0x00, 0x00, 0x00, 0x00, 0x00, 0x00,
    0x00, 0x00, 0x00, 0x00, 0x00, 0x00, 0x00, 0x00, 0x00, 0x00, 0x00, 0x00, 0x00, 0x00, 0x00, 0x00, 0x00, 0x00, 0x00, 0x00, 0x00, 0x00, 0x00, 0x00,
    0x00, 0x00, 0x00, 0x00, 0x00, 0x00, 0x00, 0x00, 0x00, 0x00, 0x00, 0x00, 0x00, 0x00, 0x00, 0x00, 0x00, 0x00, 0x00, 0x00, 0x00, 0x00, 0x00, 0x00,
    0x00, 0x00, 0x00, 0x00, 0x00, 0x00, 0x00, 0x00, 0x00, 0x00, 0x00, 0x00, 0x00, 0x00, 0x00, 0x00, 0x00, 0x00, 0x00, 0x00, 0x00, 0x00, 0x00, 0x00,
    0x00, 0x00, 0x00, 0x00, 0x00, 0x00, 0x00, 0x00, 0x00, 0x00, 0x00, 0x00, 0x00, 0x00, 0x00, 0x00, 0x00, 0x00, 0x00, 0x00, 0x00, 0x00, 0x00, 0x00,
    0x00, 0x00, 0x00, 0x00, 0x00, 0x00, 0x00, 0x00, 0x00, 0x00, 0x00, 0x00, 0x00, 0x00, 0x00, 0x00, 0x00, 0x00, 0x00, 0x00, 0x00, 0x00, 0x00, 0x00,
    0x00, 0x00, 0x00, 0x00, 0x00, 0x00, 0x00, 0x00, 0x00, 0x00, 0x00, 0x00, 0x00, 0x00, 0x00, 0x00, 0x00, 0x00, 0x00, 0x00, 0x00, 0x00, 0x00, 0x00,
    0x00, 0x00, 0x00, 0x00, 0x00, 0x00, 0x00, 0x00, 0x00, 0x00, 0x00, 0x00, 0x00, 0x00, 0x00, 0x00, 0x00, 0x01, 0x00, 0x00, 0x00, 0xC7, 0x51, 0x09,
    0xC5, 0x59, 0x1B, 0x00, 0x00, 0x00, 0x00, 0x00, 0x01, 0x00, 0x00, 0x00, 0x00, 0x00, 0x00, 0x00, 0x00, 0x00, 0x00, 0x00, 0x00, 0x00, 0x00, 0x00,
    0x00, 0x00, 0x00, 0x00, 0x00, 0x00, 0x00, 0x00, 0x00, 0x00, 0x00, 0x00, 0x00, 0x00, 0x00, 0x00, 0x00, 0x00, 0x00, 0x00, 0x00, 0x00, 0x00, 0x00,
    0x00, 0x00, 0x00, 0x00, 0x00, 0x00, 0x69, 0x7A, 0x0A, 0x87, 0x8A, 0x38, 0x09, 0x9B, 0x15, 0xEA, 0xA2, 0x13, 0xC9, 0x9A, 0x33, 0xE9, 0x9A, 0x26,
    0xE9, 0xA2, 0x3C, 0xC8, 0xA2, 0x64, 0xC8, 0x9A, 0x44, 0xE9, 0xA2, 0x29, 0x09, 0xA3, 0x3F, 0xE9, 0xA2, 0x31, 0x49, 0x92, 0x11, 0xC9, 0x9A, 0x34,
    0x88, 0x9A, 0x25, 0xAA, 0x92, 0x0C, 0xA8, 0xA2, 0x1B, 0x00, 0xF8, 0x01, 0xAA, 0xAA, 0x06, 0x28, 0xA2, 0x0B, 0x67, 0x9A, 0x0D, 0x67, 0x9A, 0x10,
    0xFF, 0xFF, 0x02, 0x05, 0xAA, 0xA7, 0xE4, 0xC1, 0xFF, 0x05, 0xB2, 0xAB, 0x25, 0xA2, 0x78, 0x04, 0xC2, 0xFF, 0x06, 0xA2, 0x73, 0x00, 0x00, 0x00,
    0xE7, 0xB9, 0x04, 0x00, 0x00, 0x00, 0x00, 0x00, 0x00, 0x00, 0x00, 0x00, 0x00, 0x00, 0x00, 0x00, 0x78, 0x02, 0x00, 0x00, 0x00, 0x00, 0x00, 0x00,
    0x00, 0x00, 0x00, 0x00, 0x00, 0x00, 0x00, 0x00, 0x00, 0x00, 0x00, 0x00, 0x00, 0x00, 0x00, 0x00, 0x00, 0x00, 0x00, 0x00, 0x00, 0x00, 0x00, 0x00,
    0x00, 0x00, 0x00, 0x00, 0x00, 0x00, 0x00, 0x00, 0x00, 0x00, 0x78, 0x02, 0xAA, 0xAA, 0x03, 0x00, 0xF8, 0x01, 0xE0, 0x7B, 0x02, 0x00, 0x78, 0x02,
    0x00, 0x00, 0x00, 0x00, 0x00, 0x00, 0x00, 0x00, 0x00, 0x00, 0x00, 0x00, 0xAC, 0xBB, 0x0F, 0x6A, 0xC3, 0x23, 0x87, 0xBA, 0x82, 0xA3, 0xB1, 0xFF,
    0xC4, 0xB1, 0xDE, 0x25, 0xB2, 0xB0, 0xE5, 0xB1, 0xD6, 0xA4, 0xA9, 0xF9, 0x63, 0xA9, 0xFF, 0x83, 0xB1, 0xFF, 0x83, 0xB1, 0xFF, 0x82, 0xB1, 0xFF,
    0x62, 0xB1, 0xFF, 0x62, 0xA9, 0xFF, 0x63, 0xB1, 0xFD, 0x83, 0xB1, 0xFC, 0x83, 0xB1, 0xFC, 0x83, 0xB1, 0xFD, 0x83, 0xB1, 0xFE, 0x83, 0xB1, 0xFE,
    0x83, 0xB1, 0xFF, 0x83, 0xB1, 0xFF, 0xA3, 0xB1, 0xFF, 0xA3, 0xB1, 0xFF, 0xA3, 0xB1, 0xFF, 0xA3, 0xB1, 0xFE, 0xA3, 0xB1, 0xFF, 0xA3, 0xB1, 0xFE,
    0xA3, 0xB1, 0xFE, 0xA3, 0xB1, 0xFE, 0xA3, 0xB9, 0xFE, 0xA3, 0xB9, 0xFE, 0xA3, 0xB9, 0xFF, 0xA3, 0xB9, 0xFF, 0xA3, 0xB9, 0xFF, 0xA3, 0xB9, 0xFF,
    0xA3, 0xB9, 0xFF, 0xA3, 0xB9, 0xFF, 0xA3, 0xB9, 0xFF, 0xA3, 0xB9, 0xFF, 0xA3, 0xB9, 0xFF, 0xA3, 0xB9, 0xFF, 0xA3, 0xB9, 0xFF, 0xA3, 0xB9, 0xFF,
    0xA3, 0xB1, 0xFF, 0xA3, 0xB9, 0xFF, 0xA3, 0xB9, 0xFF, 0xA3, 0xB9, 0xFF, 0xA3, 0xB9, 0xFF, 0xA3, 0xB9, 0xFF, 0xA3, 0xB9, 0xFF, 0xA3, 0xB9, 0xFF,
    0xA3, 0xB9, 0xFF, 0xA3, 0xB9, 0xFF, 0xA3, 0xB9, 0xFE, 0x87, 0xC2, 0xFA, 0x4A, 0xCB, 0xB0, 0x0A, 0xB3, 0x52, 0xC9, 0xA2, 0x51, 0xC9, 0x9A, 0x22,
    0x00, 0x00, 0x00, 0x00, 0x00, 0x01, 0x00, 0xF8, 0x01, 0x00, 0x00, 0x00, 0xA4, 0xA1, 0xB7, 0xC4, 0xB9, 0xFF, 0x26, 0xA2, 0x47, 0x00, 0x00, 0x00,
    0xA0, 0xAA, 0x03, 0x00, 0x00, 0x00, 0x00, 0x00, 0x00, 0x00, 0x00, 0x00, 0x00, 0x00, 0x00, 0x00, 0x78, 0x02, 0x00, 0x00, 0x00, 0xC9, 0x92, 0x0E,
    0xC8, 0x9A, 0x17, 0xC7, 0x9A, 0x14, 0x89, 0x9A, 0x1C, 0x88, 0x8A, 0x1F, 0xA8, 0x92, 0x3C, 0xE9, 0x92, 0x1B, 0x67, 0xA2, 0x6D, 0x26, 0x9A, 0xB0,
    0xC9, 0x9A, 0x22, 0x87, 0x92, 0x1C, 0x4A, 0x79, 0x06, 0xE7, 0x79, 0x04, 0x00, 0x78, 0x02, 0x00, 0x00, 0x00, 0x00, 0x00, 0x00, 0x00, 0x00, 0x00,
    0x00, 0x00, 0x00, 0x00, 0x00, 0x00, 0x00, 0x00, 0x00, 0x00, 0x00, 0x00, 0x00, 0x00, 0x00, 0x00, 0x00, 0x00, 0x00, 0x00, 0x00, 0x00, 0x00, 0x00,
    0x00, 0x00, 0x00, 0x00, 0x00, 0x00, 0x00, 0x00, 0x00, 0x00, 0x00, 0x00, 0x00, 0x00, 0x00, 0x00, 0x00, 0x00, 0x00, 0x00, 0x00, 0x00, 0x00, 0x00,
    0x00, 0x00, 0x00, 0x00, 0x00, 0x00, 0x00, 0x00, 0x00, 0x00, 0x00, 0x00, 0x00, 0x00, 0x00, 0x00, 0x00, 0x00, 0x00, 0x00, 0x00, 0x00, 0x00, 0x00,
    0x00, 0x00, 0x00, 0x00, 0x00, 0x00, 0x00, 0x00, 0x00, 0x00, 0x00, 0x00, 0x00, 0x00, 0x00, 0x00, 0x00, 0x00, 0x00, 0x00, 0x00, 0x00, 0x00, 0x00,
    0x00, 0x00, 0x00, 0x00, 0x00, 0x00, 0x00, 0x00, 0x00, 0x00, 0x00, 0x00, 0x00, 0x00, 0x00, 0x00, 0x00, 0x00, 0x00, 0x00, 0x00, 0x00, 0x00, 0x00,
    0x00, 0x00, 0x00, 0x00, 0x00, 0x00, 0x00, 0x00, 0x00, 0x00, 0x00, 0x00, 0x00, 0x00, 0x00, 0x00, 0x00, 0x00, 0x00, 0x00, 0x00, 0x00, 0x00, 0x00,
    0x00, 0x00, 0x00, 0x00, 0x00, 0x00, 0x00, 0x00, 0x00, 0x00, 0x00, 0x00, 0x00, 0x00, 0x00, 0x00, 0x00, 0x00, 0x00, 0x00, 0x00, 0x00, 0x00, 0x00,
    0x00, 0x00, 0x00, 0x00, 0x00, 0x00, 0x00, 0x00, 0x00, 0x00, 0x00, 0x00, 0x00, 0x00, 0x00, 0x00, 0x00, 0x00, 0x00, 0x00, 0x00, 0x00, 0x00, 0x00,
    0x00, 0x00, 0x00, 0x00, 0x00, 0x00, 0x00, 0x00, 0x00, 0x00, 0x00, 0x00, 0x00, 0x00, 0x00, 0x00, 0x00, 0x00, 0x00, 0x00, 0x00, 0x00, 0x00, 0x00,
    0x00, 0x00, 0x00, 0x00, 0x00, 0x00, 0x00, 0x00, 0x00, 0x00, 0x00, 0x00, 0x00, 0x00, 0x00, 0x00, 0x00, 0x00, 0x00, 0x00, 0x00, 0x00, 0x00, 0x00,
    0x00, 0x00, 0x00, 0x00, 0x00, 0x00, 0x00, 0x00, 0x00, 0x00, 0x00, 0x00, 0x00, 0x00, 0x00, 0x00, 0x00, 0x00, 0x00, 0x00, 0x00, 0x00, 0x00, 0x00,
    0x00, 0x00, 0x00, 0x00, 0x00, 0x00, 0x00, 0x00, 0x00, 0x00, 0x00, 0x00, 0x00, 0x00, 0x00, 0x00, 0x00, 0x00, 0x00, 0x00, 0x00, 0x00, 0x00, 0x00,
    0x00, 0x00, 0x00, 0x00, 0x00, 0x00, 0x00, 0x00, 0x00, 0x00, 0x00, 0x00, 0x00, 0x00, 0x00, 0x00, 0x00, 0x00, 0x00, 0x00, 0x00, 0x00, 0x00, 0x00,
    0x00, 0x00, 0x00, 0x00, 0x00, 0x00, 0x00, 0x00, 0x00, 0x00, 0x00, 0x00, 0x00, 0x00, 0x00, 0x00, 0x00, 0x00, 0x00, 0x00, 0x00, 0x00, 0x00, 0x00,
    0x00, 0x00, 0x00, 0x00, 0x00, 0x00, 0x00, 0x00, 0x00, 0x00, 0x00, 0x00, 0x00, 0x00, 0x00, 0x00, 0x00, 0x00, 0x00, 0x00, 0x00, 0x00, 0x00, 0x00,
    0x00, 0x00, 0x00, 0x00, 0x00, 0x00, 0x00, 0x00, 0x00, 0x00, 0x00, 0x00, 0x00, 0x00, 0x00, 0x00, 0x00, 0x00, 0x00, 0x00, 0x00, 0x00, 0x00, 0x00,
    0x00, 0x00, 0x00, 0x00, 0x00, 0x00, 0x00, 0x00, 0x00, 0x00, 0x00, 0x00, 0x00, 0x00, 0x00, 0x00, 0x00, 0x00, 0x00, 0x00, 0x00, 0x00, 0x00, 0x00,
    0x00, 0x00, 0x00, 0x00, 0x00, 0x00, 0x00, 0x00, 0x00, 0x00, 0x00, 0x00, 0x00, 0x00, 0x00, 0x00, 0x00, 0x00, 0x00, 0x00, 0x00, 0x00, 0x00, 0x00,
    0x00, 0x00, 0x00, 0x00, 0x00, 0x00, 0x00, 0x00, 0x00, 0x00, 0x00, 0x00, 0x00, 0x00, 0x00, 0x00, 0x00, 0x00, 0x00, 0x00, 0x00, 0x00, 0x00, 0x00,
    0x00, 0x00, 0x00, 0x00, 0x00, 0x00, 0x00, 0x00, 0x00, 0x00, 0x00, 0x00, 0x00, 0x00, 0x00, 0x00, 0x00, 0x00, 0x00, 0x00, 0x00, 0x00, 0x00, 0x00,
    0x00, 0x00, 0x00, 0x00, 0x00, 0x00, 0x00, 0x00, 0x00, 0x00, 0x00, 0x00, 0x00, 0x00, 0x00, 0x00, 0x00, 0x00, 0x00, 0x00, 0x00, 0x00, 0x00, 0x00,
    0x00, 0x00, 0x00, 0x00, 0x00, 0x00, 0x00, 0x00, 0x00, 0x00, 0x00, 0x00, 0x00, 0x00, 0x00, 0x00, 0x00, 0x00, 0x00, 0x00, 0x00, 0x00, 0x00, 0x00,
    0x00, 0x00, 0x00, 0x00, 0x00, 0x00, 0x00, 0x00, 0x00, 0x00, 0x00, 0x00, 0x00, 0x00, 0x00, 0x00, 0x00, 0x00, 0x00, 0x00, 0x00, 0x00, 0x00, 0x00,
    0x00, 0x00, 0x00, 0x00, 0x00, 0x00, 0x00, 0x00, 0x00, 0x00, 0x00, 0x00, 0x00, 0x00, 0x00, 0x00, 0x00, 0x00, 0x00, 0x00, 0x00, 0x00, 0x00, 0x00,
    0x00, 0x00, 0x00, 0x00, 0x00, 0x00, 0x00, 0x00, 0x00, 0x00, 0x00, 0x00, 0x00, 0x00, 0x00, 0x00, 0x00, 0x00, 0x00, 0x00, 0x00, 0x00, 0x00, 0x00,
    0x00, 0x00, 0x00, 0x00, 0x00, 0x00, 0x00, 0x00, 0x00, 0x00, 0x00, 0x00, 0x00, 0x00, 0x00, 0x00, 0x00, 0x00, 0x00, 0x00, 0x00, 0x00, 0x00, 0x00,
    0x00, 0x00, 0x00, 0x00, 0x00, 0x00, 0x00, 0x00, 0x00, 0x00, 0x00, 0x00, 0x00, 0x00, 0x00, 0x00, 0x00, 0x00, 0x00, 0x00, 0x00, 0x00, 0x00, 0x00,
    0x00, 0x00, 0x00, 0x00, 0x00, 0x00, 0x00, 0x00, 0x00, 0x00, 0x00, 0x00, 0x00, 0x00, 0x00, 0x00, 0x00, 0x00, 0x00, 0x00, 0x00, 0x00, 0x00, 0x00,
    0x00, 0x00, 0x00, 0x00, 0x00, 0x00, 0x00, 0x00, 0x00, 0x00, 0x00, 0x00, 0x00, 0x00, 0x00, 0x00, 0x00, 0x00, 0x00, 0xF8, 0x01, 0x00, 0x00, 0x00,
    0xE7, 0x7A, 0x08, 0xA9, 0x92, 0x15, 0xE8, 0x92, 0x16, 0xA8, 0x9A, 0x1E, 0x87, 0x9A, 0x19, 0xE8, 0x92, 0x2C, 0xE8, 0x9A, 0x21, 0xC8, 0x92, 0x25,
    0x89, 0x92, 0x2E, 0x49, 0x92, 0x07, 0x67, 0x9A, 0x0D, 0x69, 0x9A, 0x0D, 0xA9, 0x9A, 0x18, 0xE7, 0x99, 0x08, 0xAA, 0xAA, 0x06, 0x00, 0xF8, 0x01,
    0x00, 0x00, 0x00, 0xE0, 0x7B, 0x02, 0x26, 0x9B, 0x05, 0x88, 0xA2, 0x19, 0xED, 0xAB, 0x0C, 0x25, 0xAA, 0x92, 0xE4, 0xC1, 0xFF, 0xE5, 0xB1, 0xB2,
    0x88, 0xA2, 0x36, 0x06, 0xA2, 0xBD, 0x06, 0x92, 0x3A, 0x2C, 0x9B, 0x05, 0xC7, 0x89, 0x09, 0x00, 0x00, 0x00, 0x00, 0x00, 0x00, 0x00, 0x00, 0x00,
    0x00, 0x00, 0x00, 0x00, 0x00, 0x00, 0x00, 0x00, 0x00, 0x00, 0x00, 0x00, 0x00, 0x00, 0x00, 0x00, 0x00, 0x00, 0x00, 0x00, 0x00, 0x00, 0x00, 0x00,
    0x00, 0x00, 0x00, 0x00, 0x00, 0x00, 0x00, 0x00, 0x00, 0x00, 0x00, 0x00, 0x00, 0x00, 0x00, 0x00, 0xF8, 0x01, 0xE0, 0x7B, 0x02, 0xA0, 0xAA, 0x03,
    0x00, 0x78, 0x02, 0x00, 0x00, 0x00, 0x00, 0x00, 0x00, 0x00, 0x00, 0x00, 0xEF, 0xD3, 0x06, 0x87, 0xA2, 0x2E, 0x87, 0xAA, 0x56, 0x67, 0xAA, 0x8F,
    0x66, 0xBA, 0xBA, 0x05, 0xB2, 0xDE, 0xE4, 0xB1, 0xFA, 0xA3, 0xB1, 0xFF, 0xA3, 0xB9, 0xFF, 0xA3, 0xB9, 0xFF, 0x83, 0xB9, 0xFF, 0x83, 0xB1, 0xFF,
    0x83, 0xB1, 0xFC, 0x83, 0xB1, 0xFC, 0x83, 0xB1, 0xFD, 0x83, 0xB1, 0xFD, 0x83, 0xB1, 0xFE, 0x83, 0xB1, 0xFE, 0x83, 0xB1, 0xFE, 0x82, 0xA9, 0xFE,
    0x83, 0xB1, 0xFE, 0x83, 0xB1, 0xFE, 0x83, 0xB1, 0xFD, 0x83, 0xB1, 0xFD, 0x63, 0xB1, 0xFD, 0x63, 0xB1, 0xFD, 0x83, 0xB1, 0xFE, 0x83, 0xB1, 0xFE,
    0x83, 0xB1, 0xFF, 0x83, 0xB1, 0xFF, 0x83, 0xB1, 0xFF, 0x83, 0xB1, 0xFF, 0x83, 0xB1, 0xFF, 0x82, 0xB1, 0xFF, 0x83, 0xB1, 0xFF, 0x82, 0xB1, 0xFF,
    0x83, 0xB1, 0xFF, 0x83, 0xB1, 0xFF, 0x83, 0xB1, 0xFE, 0x83, 0xB1, 0xFF, 0x83, 0xB1, 0xFF, 0x83, 0xB1, 0xFE, 0x83, 0xB1, 0xFF, 0x83, 0xB9, 0xFD,
    0x83, 0xB1, 0xFE, 0xA3, 0xB9, 0xFD, 0xA3, 0xB9, 0xFD, 0xA3, 0xB9, 0xFE, 0xA3, 0xB9, 0xFE, 0xA3, 0xB9, 0xFE, 0xA3, 0xB9, 0xFF, 0xA3, 0xB9, 0xFF,
    0xA3, 0xB9, 0xFF, 0xA3, 0xB9, 0xFF, 0xA3, 0xB9, 0xFF, 0xA3, 0xB9, 0xFF, 0xA3, 0xB9, 0xFF, 0xA4, 0xB9, 0xFF, 0xA3, 0xB1, 0xFE, 0x66, 0xBA, 0xF9,
    0x29, 0xC3, 0xC3, 0x09, 0xAB, 0x6D, 0xE9, 0xA2, 0x4C, 0xC9, 0xA2, 0x11, 0xE0, 0x07, 0x01, 0x00, 0xF8, 0x01, 0x00, 0x78, 0x02, 0x00, 0x00, 0x00,
    0xA4, 0xA1, 0xA4, 0xA3, 0xB9, 0xFC, 0x05, 0xA2, 0x4C, 0x00, 0x00, 0x00, 0xA0, 0xAA, 0x03, 0x00, 0x00, 0x00, 0x00, 0x00, 0x00, 0x00, 0x00, 0x00,
    0x00, 0x00, 0x00, 0x00, 0x00, 0x00, 0x00, 0x00, 0x00, 0x00, 0x00, 0x00, 0xEF, 0xFB, 0x02, 0xC9, 0x92, 0x11, 0x67, 0x8A, 0x10, 0x27, 0x82, 0x20,
    0x68, 0x8A, 0x1A, 0xA8, 0x8A, 0x0F, 0x26, 0x9A, 0x4B, 0x26, 0x92, 0x9F, 0xE9, 0x9A, 0x10, 0x68, 0x92, 0x17, 0x00, 0x00, 0x01, 0x00, 0x00, 0x00,
    0x00, 0x00, 0x00, 0x00, 0x00, 0x00, 0x00, 0x00, 0x00, 0x00, 0x00, 0x00, 0x00, 0x00, 0x00, 0x00, 0x00, 0x00, 0x00, 0x00, 0x00, 0x00, 0x00, 0x00,
    0x00, 0x00, 0x00, 0x00, 0x00, 0x00, 0x00, 0x00, 0x00, 0x00, 0x00, 0x00, 0x00, 0x00, 0x00, 0x00, 0x00, 0x00, 0x00, 0x00, 0x00, 0x00, 0x00, 0x00,
    0x00, 0x00, 0x00, 0x00, 0x00, 0x00, 0x00, 0x00, 0x00, 0x00, 0x00, 0x00, 0x00, 0x00, 0x00, 0x00, 0x00, 0x00, 0x00, 0x00, 0x00, 0x00, 0x00, 0x00,
    0x00, 0x00, 0x00, 0x00, 0x00, 0x00, 0x00, 0x00, 0x00, 0x00, 0x00, 0x00, 0x00, 0x00, 0x00, 0x00, 0x00, 0x00, 0x00, 0x00, 0x00, 0x00, 0x00, 0x00,
    0x00, 0x00, 0x00, 0x00, 0x00, 0x00, 0x00, 0x00, 0x00, 0x00, 0x00, 0x00, 0x00, 0x00, 0x00, 0x00, 0x00, 0x00, 0x00, 0x00, 0x00, 0x00, 0x00, 0x00,
    0x00, 0x00, 0x00, 0x00, 0x00, 0x00, 0x00, 0x00, 0x00, 0x00, 0x00, 0x00, 0x00, 0x00, 0x00, 0x00, 0x00, 0x00, 0x00, 0x00, 0x00, 0x00, 0x00, 0x00,
    0x00, 0x00, 0x00, 0x00, 0x00, 0x00, 0x00, 0x00, 0x00, 0x00, 0x00, 0x00, 0x00, 0x00, 0x00, 0x00, 0x00, 0x00, 0x00, 0x00, 0x00, 0x00, 0x00, 0x00,
    0x00, 0x00, 0x00, 0x00, 0x00, 0x00, 0x00, 0x00, 0x00, 0x00, 0x00, 0x00, 0x00, 0x00, 0x00, 0x00, 0x00, 0x00, 0x00, 0x00, 0x00, 0x00, 0x00, 0x00,
    0x00, 0x00, 0x00, 0x00, 0x00, 0x00, 0x00, 0x00, 0x00, 0x00, 0x00, 0x00, 0x00, 0x00, 0x00, 0x00, 0x00, 0x00, 0x00, 0x00, 0x00, 0x00, 0x00, 0x00,
    0x00, 0x00, 0x00, 0x00, 0x00, 0x00, 0x00, 0x00, 0x00, 0x00, 0x00, 0x00, 0x00, 0x00, 0x00, 0x00, 0x00, 0x00, 0x00, 0x00, 0x00, 0x00, 0x00, 0x00,
    0x00, 0x00, 0x00, 0x00, 0x00, 0x00, 0x00, 0x00, 0x00, 0x00, 0x00, 0x00, 0x00, 0x00, 0x00, 0x00, 0x00, 0x00, 0x00, 0x00, 0x00, 0x00, 0x00, 0x00,
    0x00, 0x00, 0x00, 0x00, 0x00, 0x00, 0x00, 0x00, 0x00, 0x00, 0x00, 0x00, 0x00, 0x00, 0x00, 0x00, 0x00, 0x00, 0x00, 0x00, 0x00, 0x00, 0x00, 0x00,
    0x00, 0x00, 0x00, 0x00, 0x00, 0x00, 0x00, 0x00, 0x00, 0x00, 0x00, 0x00, 0x00, 0x00, 0x00, 0x00, 0x00, 0x00, 0x00, 0x00, 0x00, 0x00, 0x00, 0x00,
    0x00, 0x00, 0x00, 0x00, 0x00, 0x00, 0x00, 0x00, 0x00, 0x00, 0x00, 0x00, 0x00, 0x00, 0x00, 0x00, 0x00, 0x00, 0x00, 0x00, 0x00, 0x00, 0x00, 0x00,
    0x00, 0x00, 0x00, 0x00, 0x00, 0x00, 0x00, 0x00, 0x00, 0x00, 0x00, 0x00, 0x00, 0x00, 0x00, 0x00, 0x00, 0x00, 0x00, 0x00, 0x00, 0x00, 0x00, 0x00,
    0x00, 0x00, 0x00, 0x00, 0x00, 0x00, 0x00, 0x00, 0x00, 0x00, 0x00, 0x00, 0x00, 0x00, 0x00, 0x00, 0x00, 0x00, 0x00, 0x00, 0x00, 0x00, 0x00, 0x00,
    0x00, 0x00, 0x00, 0x00, 0x00, 0x00, 0x00, 0x00, 0x00, 0x00, 0x00, 0x00, 0x00, 0x00, 0x00, 0x00, 0x00, 0x00, 0x00, 0x00, 0x00, 0x00, 0x00, 0x00,
    0x00, 0x00, 0x00, 0x00, 0x00, 0x00, 0x00, 0x00, 0x00, 0x00, 0x00, 0x00, 0x00, 0x00, 0x00, 0x00, 0x00, 0x00, 0x00, 0x00, 0x00, 0x00, 0x00, 0x00,
    0x00, 0x00, 0x00, 0x00, 0x00, 0x00, 0x00, 0x00, 0x00, 0x00, 0x00, 0x00, 0x00, 0x00, 0x00, 0x00, 0x00, 0x00, 0x00, 0x00, 0x00, 0x00, 0x00, 0x00,
    0x00, 0x00, 0x00, 0x00, 0x00, 0x00, 0x00, 0x00, 0x00, 0x00, 0x00, 0x00, 0x00, 0x00, 0x00, 0x00, 0x00, 0x00, 0x00, 0x00, 0x00, 0x00, 0x00, 0x00,
    0x00, 0x00, 0x00, 0x00, 0x00, 0x00, 0x00, 0x00, 0x00, 0x00, 0x00, 0x00, 0x00, 0x00, 0x00, 0x00, 0x00, 0x00, 0x00, 0x00, 0x00, 0x00, 0x00, 0x00,
    0x00, 0x00, 0x00, 0x00, 0x00, 0x00, 0x00, 0x00, 0x00, 0x00, 0x00, 0x00, 0x00, 0x00, 0x00, 0x00, 0x00, 0x00, 0x00, 0x00, 0x00, 0x00, 0x00, 0x00,
    0x00, 0x00, 0x00, 0x00, 0x00, 0x00, 0x00, 0x00, 0x00, 0x00, 0x00, 0x00, 0x00, 0x00, 0x00, 0x00, 0x00, 0x00, 0x00, 0x00, 0x00, 0x00, 0x00, 0x00,
    0x00, 0x00, 0x00, 0x00, 0x00, 0x00, 0x00, 0x00, 0x00, 0x00, 0x00, 0x00, 0x00, 0x00, 0x00, 0x00, 0x00, 0x00, 0x00, 0x00, 0x00, 0x00, 0x00, 0x00,
    0x00, 0x00, 0x00, 0x00, 0x00, 0x00, 0x00, 0x00, 0x00, 0x00, 0x00, 0x00, 0x00, 0x00, 0x00, 0x00, 0x00, 0x00, 0x00, 0x00, 0x00, 0x00, 0x00, 0x00,
    0x00, 0x00, 0x00, 0x00, 0x00, 0x00, 0x00, 0x00, 0x00, 0x00, 0x00, 0x00, 0x00, 0x00, 0x00, 0x00, 0x00, 0x00, 0x00, 0x00, 0x00, 0x00, 0x00, 0x00,
    0x00, 0x00, 0x00, 0x00, 0x00, 0x00, 0x00, 0x00, 0x00, 0x00, 0x00, 0x00, 0x00, 0x00, 0x00, 0x00, 0x00, 0x00, 0x00, 0x00, 0x00, 0x00, 0x00, 0x00,
    0x00, 0x78, 0x02, 0x00, 0x00, 0x00, 0x00, 0x00, 0x00, 0x00, 0x00, 0x00, 0x00, 0x00, 0x00, 0x00, 0x00, 0x00, 0x00, 0x00, 0x00, 0x00, 0x00, 0x00,
    0x00, 0x00, 0x00, 0x00, 0x00, 0x00, 0x00, 0x00, 0x00, 0x00, 0x00, 0x00, 0x00, 0x00, 0x00, 0x00, 0x00, 0x00, 0x00, 0x00, 0x00, 0x00, 0x00, 0x00,
    0x00, 0x00, 0x00, 0x00, 0x00, 0x00, 0x00, 0x00, 0x00, 0x00, 0x00, 0x01, 0x86, 0x99, 0x05, 0xE7, 0x99, 0x08, 0xE7, 0x7B, 0x04, 0x67, 0x8A, 0x0D,
    0x88, 0x8A, 0x31, 0x88, 0x8A, 0x16, 0x2C, 0x9B, 0x05, 0xC7, 0x92, 0x11, 0x88, 0x92, 0x16, 0xC7, 0x92, 0x11, 0x27, 0x8A, 0x12, 0x08, 0x92, 0x13,
    0xEF, 0x7B, 0x02, 0x00, 0x00, 0x00, 0x00, 0x00, 0x00, 0x00, 0x00, 0x00, 0x00, 0x00, 0x00, 0x00, 0x00, 0x00, 0x00, 0x00, 0x00, 0xA7, 0xAA, 0x09,
    0xFF, 0xFB, 0x02, 0x25, 0xAA, 0x8E, 0xE4, 0xC1, 0xFF, 0xE5, 0xA9, 0xC0, 0xFF, 0xBD, 0x04, 0xEF, 0x7B, 0x02, 0x00, 0x00, 0x00, 0xE7, 0xBB, 0x04,
    0xAA, 0xAA, 0x03, 0x00, 0x00, 0x00, 0x00, 0x00, 0x00, 0x00, 0x00, 0x00, 0x00, 0x00, 0x00, 0x00, 0x00, 0x00, 0x00, 0x00, 0x00, 0x00, 0x00, 0x00,
    0x00, 0x00, 0x00, 0x00, 0x00, 0x00, 0x00, 0x00, 0x01, 0x00, 0x00, 0x00, 0x00, 0x00, 0x00, 0x00, 0x00, 0x01, 0x00, 0xF8, 0x01, 0xE0, 0xFB, 0x02,
    0x00, 0x78, 0x02, 0x00, 0x00, 0x00, 0x00, 0x00, 0x00, 0x00, 0x00, 0x00, 0xEF, 0xFB, 0x04, 0xC8, 0xBA, 0x1F, 0x46, 0xAA, 0x51, 0x25, 0xA2, 0x92,
    0x25, 0xB2, 0xBA, 0x05, 0xB2, 0xEB, 0x05, 0xB2, 0xFF, 0xE4, 0xB9, 0xFF, 0xC4, 0xB9, 0xFF, 0xA3, 0xB9, 0xFF, 0x83, 0xB9, 0xFF, 0xA3, 0xB9, 0xFF,
    0xA3, 0xB9, 0xFE, 0xA3, 0xB9, 0xFC, 0xA3, 0xB9, 0xFD, 0xA3, 0xB9, 0xFE, 0xA3, 0xB9, 0xFE, 0xA3, 0xB9, 0xFE, 0xA3, 0xB9, 0xFD, 0xA3, 0xB9, 0xFD,
    0xC4, 0xB9, 0xFD, 0xC4, 0xB9, 0xFE, 0xC3, 0xB9, 0xFE, 0xA3, 0xB9, 0xFF, 0x83, 0xB9, 0xFF, 0x83, 0xB9, 0xFF, 0x83, 0xB1, 0xFF, 0xA3, 0xB9, 0xFF,
    0xA3, 0xB1, 0xFF, 0xA3, 0xB1, 0xFF, 0xC4, 0xB1, 0xFF, 0xC4, 0xB1, 0xFF, 0xC4, 0xB1, 0xFF, 0xC4, 0xB1, 0xFF, 0xE4, 0xB1, 0xFF, 0x05, 0xB2, 0xFB,
    0xE4, 0xB1, 0xFA, 0x05, 0xBA, 0xF0, 0x05, 0xB2, 0xFD, 0xE5, 0xB1, 0xFD, 0xE4, 0xB1, 0xFF, 0xE5, 0xB9, 0xFF, 0xE5, 0xB9, 0xFF, 0xE4, 0xB1, 0xFF,
    0xE4, 0xB1, 0xFF, 0xE4, 0xB9, 0xFF, 0xE4, 0xB1, 0xFF, 0xE4, 0xB9, 0xFF, 0xE4, 0xB9, 0xFF, 0xC4, 0xB9, 0xFF, 0xC4, 0xB9, 0xFF, 0xC3, 0xB9, 0xFF,
    0xA3, 0xB9, 0xFF, 0xA3, 0xB9, 0xFF, 0xA3, 0xB1, 0xFE, 0xA3, 0xB9, 0xFE, 0xA3, 0xB9, 0xFE, 0xA3, 0xB9, 0xFE, 0xA3, 0xB9, 0xFF, 0xA3, 0xB9, 0xFF,
    0xC4, 0xB9, 0xFF, 0xA3, 0xB9, 0xFD, 0xE4, 0xB9, 0xFF, 0x87, 0xBA, 0xF1, 0x4A, 0xC3, 0xA6, 0xE9, 0xAA, 0x6C, 0x09, 0xA3, 0x4D, 0xC8, 0x92, 0x25,
    0xA8, 0x8A, 0x12, 0x48, 0x8A, 0x22, 0x00, 0x00, 0x00, 0x00, 0x00, 0x00, 0xA4, 0x99, 0xB8, 0xC4, 0xB9, 0xFF, 0x06, 0x9A, 0x45, 0x00, 0x00, 0x00,
    0xA0, 0xAA, 0x03, 0x00, 0x00, 0x00, 0x00, 0x00, 0x00, 0x00, 0x00, 0x00, 0x00, 0x00, 0x00, 0x00, 0x00, 0x00, 0x00, 0x00, 0x00, 0x00, 0x00, 0x00,
    0x00, 0x00, 0x00, 0x00, 0x00, 0x01, 0x00, 0x00, 0x00, 0xE6, 0x79, 0x65, 0xE6, 0x79, 0x34, 0x27, 0x8A, 0x16, 0x26, 0x92, 0x78, 0xE5, 0x81, 0x98,
    0x4A, 0xAB, 0x0C, 0xA7, 0x8A, 0x09, 0x00, 0x00, 0x00, 0x00, 0x00, 0x00, 0x00, 0x00, 0x00, 0x00, 0x00, 0x00, 0x00, 0x00, 0x00, 0x00, 0x00, 0x00,
    0x00, 0x00, 0x00, 0x00, 0x00, 0x00, 0x00, 0x00, 0x00, 0x00, 0x00, 0x00, 0x00, 0x00, 0x00, 0x00, 0x00, 0x00, 0x00, 0x00, 0x00, 0x00, 0x00, 0x00,
    0x00, 0x00, 0x00, 0x00, 0x00, 0x00, 0x00, 0x00, 0x00, 0x00, 0x00, 0x00, 0x00, 0x00, 0x00, 0x00, 0x00, 0x00, 0x00, 0x00, 0x00, 0x00, 0x00, 0x00,
    0x00, 0x00, 0x00, 0x00, 0x00, 0x00, 0x00, 0x00, 0x00, 0x00, 0x00, 0x00, 0x00, 0x00, 0x00, 0x00, 0x00, 0x00, 0x00, 0x00, 0x00, 0x00, 0x00, 0x00,
    0x00, 0x00, 0x00, 0x00, 0x00, 0x00, 0x00, 0x00, 0x00, 0x00, 0x00, 0x00, 0x00, 0x00, 0x00, 0x00, 0x00, 0x00, 0x00, 0x00, 0x00, 0x00, 0x00, 0x00,
    0x00, 0x00, 0x00, 0x00, 0x00, 0x00, 0x00, 0x00, 0x00, 0x00, 0x00, 0x00, 0x00, 0x00, 0x00, 0x00, 0x00, 0x00, 0x00, 0x00, 0x00, 0x00, 0x00, 0x00,
    0x00, 0x00, 0x00, 0x00, 0x00, 0x00, 0x00, 0x00, 0x00, 0x00, 0x00, 0x00, 0x00, 0x00, 0x00, 0x00, 0x00, 0x00, 0x00, 0x00, 0x00, 0x00, 0x00, 0x00,
    0x00, 0x00, 0x00, 0x00, 0x00, 0x00, 0x00, 0x00, 0x00, 0x00, 0x00, 0x00, 0x00, 0x00, 0x00, 0x00, 0x00, 0x00, 0x00, 0x00, 0x00, 0x00, 0x00, 0x00,
    0x00, 0x00, 0x00, 0x00, 0x00, 0x00, 0x00, 0x00, 0x00, 0x00, 0x00, 0x00, 0x00, 0x00, 0x00, 0x00, 0x00, 0x00, 0x00, 0x00, 0x00, 0x00, 0x00, 0x00,
    0x00, 0x00, 0x00, 0x00, 0x00, 0x00, 0x00, 0x00, 0x00, 0x00, 0x00, 0x00, 0x00, 0x00, 0x00, 0x00, 0x00, 0x00, 0x00, 0x00, 0x00, 0x00, 0x00, 0x00,
    0x00, 0x00, 0x00, 0x00, 0x00, 0x00, 0x00, 0x00, 0x00, 0x00, 0x00, 0x00, 0x00, 0x00, 0x00, 0x00, 0x00, 0x00, 0x00, 0x00, 0x00, 0x00, 0x00, 0x00,
    0x00, 0x00, 0x00, 0x00, 0x00, 0x00, 0x00, 0x00, 0x00, 0x00, 0x00, 0x00, 0x00, 0x00, 0x00, 0x00, 0x00, 0x00, 0x00, 0x00, 0x00, 0x00, 0x00, 0x00,
    0x00, 0x00, 0x00, 0x00, 0x00, 0x00, 0x00, 0x00, 0x00, 0x00, 0x00, 0x00, 0x00, 0x00, 0x00, 0x00, 0x00, 0x00, 0x00, 0x00, 0x00, 0x00, 0x00, 0x00,
    0x00, 0x00, 0x00, 0x00, 0x00, 0x00, 0x00, 0x00, 0x00, 0x00, 0x00, 0x00, 0x00, 0x00, 0x00, 0x00, 0x00, 0x00, 0x00, 0x00, 0x00, 0x00, 0x00, 0x00,
    0x00, 0x00, 0x00, 0x00, 0x00, 0x00, 0x00, 0x00, 0x00, 0x00, 0x00, 0x00, 0x00, 0x00, 0x00, 0x00, 0x00, 0x00, 0x00, 0x00, 0x00, 0x00, 0x00, 0x00,
    0x00, 0x00, 0x00, 0x00, 0x00, 0x00, 0x00, 0x00, 0x00, 0x00, 0x00, 0x00, 0x00, 0x00, 0x00, 0x00, 0x00, 0x00, 0x00, 0x00, 0x00, 0x00, 0x00, 0x00,
    0x00, 0x00, 0x00, 0x00, 0x00, 0x00, 0x00, 0x00, 0x00, 0x00, 0x00, 0x00, 0x00, 0x00, 0x00, 0x00, 0x00, 0x00, 0x00, 0x00, 0x00, 0x00, 0x00, 0x00,
    0x00, 0x00, 0x00, 0x00, 0x00, 0x00, 0x00, 0x00, 0x00, 0x00, 0x00, 0x00, 0x00, 0x00, 0x00, 0x00, 0x00, 0x00, 0x00, 0x00, 0x00, 0x00, 0x00, 0x00,
    0x00, 0x00, 0x00, 0x00, 0x00, 0x00, 0x00, 0x00, 0x00, 0x00, 0x00, 0x00, 0x00, 0x00, 0x00, 0x00, 0x00, 0x00, 0x00, 0x00, 0x00, 0x00, 0x00, 0x00,
    0x00, 0x00, 0x00, 0x00, 0x00, 0x00, 0x00, 0x00, 0x00, 0x00, 0x00, 0x00, 0x00, 0x00, 0x00, 0x00, 0x00, 0x00, 0x00, 0x00, 0x00, 0x00, 0x00, 0x00,
    0x00, 0x00, 0x00, 0x00, 0x00, 0x00, 0x00, 0x00, 0x00, 0x00, 0x00, 0x00, 0x00, 0x00, 0x00, 0x00, 0x00, 0x00, 0x00, 0x00, 0x00, 0x00, 0x00, 0x00,
    0x00, 0x00, 0x00, 0x00, 0x00, 0x00, 0x00, 0x00, 0x00, 0x00, 0x00, 0x00, 0x00, 0x00, 0x00, 0x00, 0x00, 0x00, 0x00, 0x00, 0x00, 0x00, 0x00, 0x00,
    0x00, 0x00, 0x00, 0x00, 0x00, 0x00, 0x00, 0x00, 0x00, 0x00, 0x00, 0x00, 0x00, 0x00, 0x00, 0x00, 0x00, 0x00, 0x00, 0x00, 0x00, 0x00, 0x00, 0x00,
    0x00, 0x00, 0x00, 0x00, 0x00, 0x00, 0x00, 0x00, 0x00, 0x00, 0x00, 0x00, 0x00, 0x00, 0x00, 0x00, 0x00, 0x00, 0x00, 0x00, 0x00, 0x00, 0x00, 0x00,
    0x00, 0x00, 0x00, 0x00, 0x00, 0x00, 0x00, 0x00, 0x00, 0x00, 0x00, 0x00, 0x00, 0x00, 0x00, 0x00, 0x00, 0x00, 0x00, 0x00, 0x00, 0x00, 0x00, 0x00,
    0x00, 0x00, 0x00, 0x00, 0x00, 0x00, 0x00, 0x00, 0x00, 0x00, 0x00, 0x00, 0x00, 0x00, 0x00, 0x00, 0x00, 0x00, 0x00, 0x00, 0x00, 0x00, 0x00, 0x00,
    0x00, 0x00, 0x00, 0x00, 0x00, 0x00, 0x00, 0x00, 0x00, 0x00, 0x00, 0x00, 0x00, 0x00, 0x00, 0x00, 0x00, 0x00, 0x00, 0x00, 0x00, 0x00, 0x00, 0x00,
    0x00, 0x00, 0x00, 0x00, 0x00, 0x00, 0x00, 0x00, 0x00, 0x00, 0x00, 0x00, 0x00, 0x00, 0x00, 0x00, 0x00, 0x00, 0x00, 0x00, 0x00, 0x00, 0x00, 0x00,
    0x00, 0x00, 0x00, 0x00, 0x00, 0x00, 0x00, 0x00, 0x00, 0x00, 0x00, 0x00, 0x00, 0x00, 0x00, 0x00, 0x00, 0x00, 0x00, 0x00, 0x00, 0x00, 0x00, 0x00,
    0x00, 0x00, 0x00, 0x00, 0x00, 0x00, 0x00, 0x00, 0x00, 0x00, 0x00, 0x00, 0x00, 0x00, 0x00, 0x00, 0x00, 0x00, 0x00, 0x00, 0x00, 0x00, 0x00, 0x00,
    0x49, 0x92, 0x07, 0xE7, 0x79, 0x08, 0x66, 0x7A, 0x17, 0x49, 0x6A, 0x07, 0x47, 0x7A, 0x2A, 0x1F, 0xF8, 0x01, 0xA5, 0xAA, 0x06, 0xE0, 0x7B, 0x02,
    0x00, 0x00, 0x00, 0x47, 0x82, 0x11, 0x27, 0x8A, 0x12, 0x46, 0x92, 0x0E, 0x00, 0x00, 0x00, 0x00, 0x00, 0x01, 0x00, 0x00, 0x00, 0x00, 0x00, 0x00,
    0x00, 0x00, 0x00, 0x00, 0x00, 0x00, 0x00, 0x00, 0x00, 0x00, 0x78, 0x02, 0x00, 0x00, 0x00, 0x06, 0xA2, 0x81, 0xE4, 0xC1, 0xFF, 0xE5, 0xA9, 0xCC,
    0xEB, 0x7A, 0x08, 0xE7, 0xB9, 0x04, 0x00, 0x78, 0x02, 0x00, 0x00, 0x00, 0x00, 0x00, 0x00, 0x00, 0x00, 0x00, 0x00, 0x00, 0x00, 0x00, 0x00, 0x00,
    0x00, 0x00, 0x00, 0x00, 0x00, 0x00, 0x00, 0x00, 0x00, 0x00, 0x00, 0x00, 0x00, 0x00, 0x00, 0x00, 0x00, 0x01, 0x00, 0x00, 0x00, 0x00, 0x00, 0x00,
    0x00, 0x78, 0x02, 0x00, 0x00, 0x00, 0x00, 0x00, 0x00, 0x00, 0x00, 0x00, 0x00, 0x00, 0x00, 0x29, 0xBB, 0x14, 0x47, 0xAA, 0x36, 0x25, 0xA2, 0x70,
    0xE5, 0xA1, 0xB0, 0xA4, 0xA9, 0xE6, 0xA3, 0xA9, 0xFF, 0xA3, 0xB1, 0xFF, 0xC4, 0xB9, 0xFF, 0xC3, 0xB9, 0xFF, 0xA3, 0xB9, 0xFF, 0xA3, 0xB9, 0xFD,
    0xA3, 0xB9, 0xFD, 0xA3, 0xB9, 0xFD, 0xA3, 0xB9, 0xFE, 0xA3, 0xB9, 0xFF, 0xA3, 0xB9, 0xFF, 0xA3, 0xB9, 0xFD, 0xA3, 0xB9, 0xFD, 0xA3, 0xB9, 0xFE,
    0xA3, 0xB9, 0xFF, 0xA3, 0xB9, 0xFF, 0xC3, 0xB9, 0xFF, 0xE4, 0xB9, 0xFF, 0x04, 0xBA, 0xFF, 0x05, 0xBA, 0xFF, 0x05, 0xBA, 0xFF, 0xE4, 0xB1, 0xFB,
    0xE5, 0xB1, 0xF8, 0x46, 0xBA, 0xEC, 0x66, 0xBA, 0xDA, 0x46, 0xB2, 0xDA, 0x87, 0xBA, 0xD3, 0x87, 0xB2, 0xBA, 0xA8, 0xBA, 0x91, 0xC8, 0xB2, 0x79,
    0xA8, 0xB2, 0x5C, 0xA8, 0xB2, 0x5D, 0xA8, 0xB2, 0x5F, 0x09, 0xBB, 0x6C, 0xE9, 0xBA, 0x5B, 0x09, 0xBB, 0x67, 0x09, 0xBB, 0x5A, 0xE9, 0xBA, 0x5E,
    0xE9, 0xBA, 0x74, 0xE9, 0xBA, 0x93, 0xE9, 0xBA, 0x7D, 0x09, 0xBB, 0x7C, 0xE9, 0xBA, 0x78, 0xC8, 0xBA, 0x82, 0xC8, 0xBA, 0x7B, 0xA7, 0xB2, 0x8D,
    0xC8, 0xBA, 0xA6, 0x87, 0xB2, 0x9E, 0xC8, 0xBA, 0xAD, 0xC8, 0xC2, 0xCA, 0x46, 0xB2, 0xE8, 0x66, 0xBA, 0xF0, 0x46, 0xC2, 0xFF, 0x05, 0xBA, 0xFF,
    0xE4, 0xB9, 0xFF, 0xA3, 0xB9, 0xFF, 0xA3, 0xB9, 0xFF, 0xC3, 0xB9, 0xFE, 0xA3, 0xB9, 0xFE, 0x05, 0xC2, 0xFF, 0x66, 0xBA, 0xF3, 0x2A, 0xC3, 0xAA,
    0x2A, 0xB3, 0x6F, 0xC9, 0xA2, 0x51, 0xE9, 0x9A, 0x2C, 0x89, 0x92, 0x31, 0x26, 0x9B, 0x05, 0xE7, 0x79, 0x04, 0x00, 0xF8, 0x01, 0x00, 0x00, 0x00,
    0xE5, 0x91, 0x5B, 0x05, 0x9A, 0x95, 0x69, 0xB2, 0x0A, 0x00, 0x00, 0x00, 0x00, 0x00, 0x01, 0x00, 0x00, 0x00, 0x00, 0x00, 0x00, 0x00, 0x00, 0x00,
    0x00, 0x00, 0x00, 0x00, 0x00, 0x00, 0x00, 0x00, 0x00, 0x00, 0x00, 0x00, 0x00, 0x00, 0x00, 0x00, 0x00, 0x00, 0xE0, 0x7B, 0x02, 0xA7, 0x8A, 0x09,
    0x44, 0x6A, 0x07, 0x86, 0x61, 0x05, 0x27, 0x8A, 0x12, 0x07, 0x82, 0x1B, 0x27, 0x82, 0x4B, 0xE5, 0x8A, 0x0B, 0x00, 0x00, 0x01, 0x00, 0x00, 0x00,
    0x00, 0x00, 0x00, 0x00, 0x00, 0x00, 0x00, 0x00, 0x00, 0x00, 0x00, 0x00, 0x00, 0x00, 0x00, 0x00, 0x00, 0x00, 0x00, 0x00, 0x00, 0x00, 0x00, 0x00,
    0x00, 0x00, 0x00, 0x00, 0x00, 0x00, 0x00, 0x00, 0x00, 0x00, 0x00, 0x00, 0x00, 0x00, 0x00, 0x00, 0x00, 0x00, 0x00, 0x00, 0x00, 0x00, 0x00, 0x00,
    0x00, 0x00, 0x00, 0x00, 0x00, 0x00, 0x00, 0x00, 0x00, 0x00, 0x00, 0x00, 0x00, 0x00, 0x00, 0x00, 0x00, 0x00, 0x00, 0x00, 0x00, 0x00, 0x00, 0x00,
    0x00, 0x00, 0x00, 0x00, 0x00, 0x00, 0x00, 0x00, 0x00, 0x00, 0x00, 0x00, 0x00, 0x00, 0x00, 0x00, 0x00, 0x00, 0x00, 0x00, 0x00, 0x00, 0x00, 0x00,
    0x00, 0x00, 0x00, 0x00, 0x00, 0x00, 0x00, 0x00, 0x00, 0x00, 0x00, 0x00, 0x00, 0x00, 0x00, 0x00, 0x00, 0x00, 0x00, 0x00, 0x00, 0x00, 0x00, 0x00,
    0x00, 0x00, 0x00, 0x00, 0x00, 0x00, 0x00, 0x00, 0x00, 0x00, 0x00, 0x00, 0x00, 0x00, 0x00, 0x00, 0x00, 0x00, 0x00, 0x00, 0x00, 0x00, 0x00, 0x00,
    0x00, 0x00, 0x00, 0x00, 0x00, 0x00, 0x00, 0x00, 0x00, 0x00, 0x00, 0x00, 0x00, 0x00, 0x00, 0x00, 0x00, 0x00, 0x00, 0x00, 0x00, 0x00, 0x00, 0x00,
    0x00, 0x00, 0x00, 0x00, 0x00, 0x00, 0x00, 0x00, 0x00, 0x00, 0x00, 0x00, 0x00, 0x00, 0x00, 0x00, 0x00, 0x00, 0x00, 0x00, 0x00, 0x00, 0x00, 0x00,
    0x00, 0x00, 0x00, 0x00, 0x00, 0x00, 0x00, 0x00, 0x00, 0x00, 0x00, 0x00, 0x00, 0x00, 0x00, 0x00, 0x00, 0x00, 0x00, 0x00, 0x00, 0x00, 0x00, 0x00,
    0x00, 0x00, 0x00, 0x00, 0x00, 0x00, 0x00, 0x00, 0x00, 0x00, 0x00, 0x00, 0x00, 0x00, 0x00, 0x00, 0x00, 0x00, 0x00, 0x00, 0x00, 0x00, 0x00, 0x00,
    0x00, 0x00, 0x00, 0x00, 0x00, 0x00, 0x00, 0x00, 0x00, 0x00, 0x00, 0x00, 0x00, 0x00, 0x00, 0x00, 0x00, 0x00, 0x00, 0x00, 0x00, 0x00, 0x00, 0x00,
    0x00, 0x00, 0x00, 0x00, 0x00, 0x00, 0x00, 0x00, 0x00, 0x00, 0x00, 0x00, 0x00, 0x00, 0x00, 0x00, 0x00, 0x00, 0x00, 0x00, 0x00, 0x00, 0x00, 0x00,
    0x00, 0x00, 0x00, 0x00, 0x00, 0x00, 0x00, 0x00, 0x00, 0x00, 0x00, 0x00, 0x00, 0x00, 0x00, 0x00, 0x00, 0x00, 0x00, 0x00, 0x00, 0x00, 0x00, 0x00,
    0x00, 0x00, 0x00, 0x00, 0x00, 0x00, 0x00, 0x00, 0x00, 0x00, 0x00, 0x00, 0x00, 0x00, 0x00, 0x00, 0x00, 0x00, 0x00, 0x00, 0x00, 0x00, 0x00, 0x00,
    0x00, 0x00, 0x00, 0x00, 0x00, 0x00, 0x00, 0x00, 0x00, 0x00, 0x00, 0x00, 0x00, 0x00, 0x00, 0x00, 0x00, 0x00, 0x00, 0x00, 0x00, 0x00, 0x00, 0x00,
    0x00, 0x00, 0x00, 0x00, 0x00, 0x00, 0x00, 0x00, 0x00, 0x00, 0x00, 0x00, 0x00, 0x00, 0x00, 0x00, 0x00, 0x00, 0x00, 0x00, 0x00, 0x00, 0x00, 0x00,
    0x00, 0x00, 0x00, 0x00, 0x00, 0x00, 0x00, 0x00, 0x00, 0x00, 0x00, 0x00, 0x00, 0x00, 0x00, 0x00, 0x00, 0x00, 0x00, 0x00, 0x00, 0x00, 0x00, 0x00,
    0x00, 0x00, 0x00, 0x00, 0x00, 0x00, 0x00, 0x00, 0x00, 0x00, 0x00, 0x00, 0x00, 0x00, 0x00, 0x00, 0x00, 0x00, 0x00, 0x00, 0x00, 0x00, 0x00, 0x00,
    0x00, 0x00, 0x00, 0x00, 0x00, 0x00, 0x00, 0x00, 0x00, 0x00, 0x00, 0x00, 0x00, 0x00, 0x00, 0x00, 0x00, 0x00, 0x00, 0x00, 0x00, 0x00, 0x00, 0x00,
    0x00, 0x00, 0x00, 0x00, 0x00, 0x00, 0x00, 0x00, 0x00, 0x00, 0x00, 0x00, 0x00, 0x00, 0x00, 0x00, 0x00, 0x00, 0x00, 0x00, 0x00, 0x00, 0x00, 0x00,
    0x00, 0x00, 0x00, 0x00, 0x00, 0x00, 0x00, 0x00, 0x00, 0x00, 0x00, 0x00, 0x00, 0x00, 0x00, 0x00, 0x00, 0x00, 0x00, 0x00, 0x00, 0x00, 0x00, 0x00,
    0x00, 0x00, 0x00, 0x00, 0x00, 0x00, 0x00, 0x00, 0x00, 0x00, 0x00, 0x00, 0x00, 0x00, 0x00, 0x00, 0x00, 0x00, 0x00, 0x00, 0x00, 0x00, 0x00, 0x00,
    0x00, 0x00, 0x00, 0x00, 0x00, 0x00, 0x00, 0x00, 0x00, 0x00, 0x00, 0x00, 0x00, 0x00, 0x00, 0x00, 0x00, 0x00, 0x00, 0x00, 0x00, 0x00, 0x00, 0x00,
    0x00, 0x00, 0x00, 0x00, 0x00, 0x00, 0x00, 0x00, 0x00, 0x00, 0x00, 0x00, 0x00, 0x00, 0x00, 0x00, 0x00, 0x00, 0x00, 0x00, 0x00, 0x00, 0x00, 0x00,
    0x00, 0x00, 0x00, 0x00, 0x00, 0x00, 0x00, 0x00, 0x00, 0x00, 0x00, 0x00, 0x00, 0x00, 0x00, 0x00, 0x00, 0x00, 0x00, 0x00, 0x00, 0x00, 0x00, 0x00,
    0x00, 0x00, 0x00, 0x00, 0x00, 0x00, 0x00, 0x00, 0x00, 0x00, 0x00, 0x00, 0x00, 0x00, 0x00, 0x00, 0x00, 0x00, 0x00, 0x00, 0x00, 0x00, 0x00, 0x00,
    0x00, 0x00, 0x00, 0x00, 0x00, 0x00, 0x00, 0x00, 0x00, 0x00, 0x00, 0x00, 0x00, 0x00, 0x00, 0x00, 0x00, 0x00, 0x00, 0x00, 0x00, 0x26, 0x63, 0x05,
    0xE4, 0x61, 0x14, 0x00, 0x00, 0x00, 0x00, 0x00, 0x00, 0x00, 0x00, 0x00, 0x00, 0x00, 0x00, 0x00, 0x00, 0x00, 0x00, 0x00, 0x00, 0x00, 0x00, 0x00,
    0x00, 0x00, 0x00, 0x00, 0x00, 0x00, 0x00, 0x00, 0x00, 0x00, 0x00, 0x00, 0x00, 0x00, 0x00, 0x00, 0x00, 0x00, 0x00, 0x00, 0x00, 0x00, 0x00, 0x00,
    0x00, 0x00, 0x00, 0x00, 0x00, 0x00, 0x00, 0x00, 0x00, 0x00, 0x00, 0x00, 0x00, 0x00, 0x01, 0xE7, 0x79, 0x04, 0x25, 0x7A, 0x12, 0x00, 0x78, 0x02,
    0x67, 0x7A, 0x14, 0x06, 0x7A, 0x2E, 0xE7, 0x79, 0x08, 0x00, 0xF8, 0x01, 0x00, 0xF8, 0x01, 0x00, 0x00, 0x00, 0x00, 0x00, 0x00, 0x00, 0x00, 0x00,
    0x00, 0x00, 0x00, 0x00, 0x00, 0x00, 0x00, 0x00, 0x00, 0x00, 0x00, 0x00, 0x00, 0x00, 0x00, 0x00, 0x00, 0x00, 0x00, 0x00, 0x00, 0xA0, 0xAA, 0x03,
    0x00, 0x00, 0x00, 0x05, 0x9A, 0x77, 0xE5, 0xC1, 0xFF, 0xE5, 0xB1, 0xD6, 0x2C, 0x9B, 0x0A, 0x00, 0x00, 0x00, 0x00, 0xF8, 0x01, 0x00, 0x00, 0x00,
    0x00, 0x00, 0x00, 0x00, 0x00, 0x00, 0x00, 0x00, 0x00, 0x00, 0x00, 0x00, 0x00, 0x00, 0x00, 0x00, 0x00, 0x00, 0x00, 0x00, 0x01, 0x00, 0xF8, 0x01,
    0x00, 0xF8, 0x01, 0x00, 0x00, 0x00, 0x67, 0x9A, 0x10, 0x09, 0xB3, 0x0D, 0x00, 0x00, 0x00, 0x55, 0xAD, 0x03, 0xE9, 0xB2, 0x23, 0x87, 0xB2, 0x4F,
    0x06, 0xAA, 0x88, 0xE5, 0xA9, 0xD4, 0xC4, 0xA9, 0xF6, 0xA3, 0xB1, 0xFF, 0x83, 0xB1, 0xFF, 0x82, 0xB1, 0xFF, 0x62, 0xA9, 0xFF, 0x42, 0xA9, 0xFC,
    0x62, 0xB1, 0xFC, 0x83, 0xB1, 0xFE, 0x83, 0xB1, 0xFE, 0x83, 0xB1, 0xFE, 0x83, 0xB1, 0xFD, 0xA3, 0xB9, 0xFC, 0xA3, 0xB9, 0xFD, 0xA3, 0xB9, 0xFF,
    0xA3, 0xB9, 0xFF, 0xA3, 0xB9, 0xFF, 0xC4, 0xB9, 0xFF, 0xE4, 0xB1, 0xFF, 0xE4, 0xB1, 0xFB, 0xE4, 0xA9, 0xF2, 0x05, 0xB2, 0xDE, 0x46, 0xB2, 0xB9,
    0xA8, 0xBA, 0xA9, 0xA8, 0xBA, 0x8B, 0xC8, 0xB2, 0x7A, 0xC8, 0xBA, 0x5A, 0xC9, 0xB2, 0x58, 0xE9, 0xB2, 0x49, 0x4A, 0xBB, 0x2C, 0xCA, 0xB2, 0x22,
    0xEA, 0xAA, 0x26, 0x09, 0xA3, 0x1A, 0x49, 0x92, 0x07, 0x86, 0x99, 0x05, 0x00, 0x00, 0x00, 0x00, 0x00, 0x00, 0x00, 0x00, 0x00, 0x00, 0x00, 0x01,
    0x00, 0x00, 0x00, 0xE5, 0x81, 0x11, 0x00, 0x00, 0x00, 0x00, 0x00, 0x00, 0xC7, 0x71, 0x09, 0x68, 0x92, 0x1D, 0x88, 0xA2, 0x19, 0xC7, 0x9A, 0x14,
    0xA8, 0x9A, 0x26, 0x29, 0xB3, 0x0A, 0xEF, 0x79, 0x04, 0xE9, 0x9A, 0x10, 0xC7, 0xA2, 0x1C, 0x09, 0xA3, 0x1F, 0x09, 0xAB, 0x32, 0x2A, 0xB3, 0x39,
    0x2A, 0xB3, 0x4B, 0x4A, 0xC3, 0x55, 0xC9, 0xB2, 0x91, 0x09, 0xC3, 0xB1, 0xE8, 0xC2, 0xCB, 0x25, 0xB2, 0xF0, 0xE4, 0xB1, 0xFA, 0x46, 0xC2, 0xFF,
    0x67, 0xBA, 0xFE, 0xC8, 0xC2, 0xED, 0x0A, 0xC3, 0xB0, 0x0A, 0xAB, 0x76, 0xEA, 0xA2, 0x49, 0xE9, 0x9A, 0x21, 0xC9, 0x9A, 0x28, 0x69, 0x9A, 0x0A,
    0x00, 0xF8, 0x01, 0x00, 0x00, 0x00, 0x00, 0x00, 0x00, 0x00, 0x00, 0x00, 0x00, 0x00, 0x00, 0x00, 0x00, 0x00, 0x27, 0x7A, 0x12, 0x00, 0x78, 0x02,
    0x00, 0x00, 0x00, 0x00, 0x00, 0x00, 0x00, 0x00, 0x00, 0x00, 0x00, 0x00, 0x00, 0x00, 0x00, 0x00, 0x00, 0x00, 0x00, 0x00, 0x00, 0x00, 0x00, 0x00,
    0x00, 0x00, 0x00, 0x00, 0x00, 0x00, 0x00, 0x00, 0x00, 0x00, 0x00, 0x00, 0x00, 0x00, 0x00, 0x00, 0x00, 0x00, 0x00, 0x00, 0x00, 0xE0, 0x7B, 0x02,
    0x26, 0x7A, 0x3D, 0x67, 0x8A, 0x14, 0x00, 0x00, 0x00, 0x00, 0x00, 0x00, 0x00, 0x00, 0x00, 0x00, 0x00, 0x00, 0x00, 0x00, 0x00, 0x00, 0x00, 0x00,
    0x00, 0x00, 0x00, 0x00, 0x00, 0x00, 0x00, 0x00, 0x00, 0x00, 0x00, 0x00, 0x00, 0x00, 0x00, 0x00, 0x00, 0x00, 0x00, 0x00, 0x00, 0x00, 0x00, 0x00,
    0x00, 0x00, 0x00, 0x00, 0x00, 0x00, 0x00, 0x00, 0x00, 0x00, 0x00, 0x00, 0x00, 0x00, 0x00, 0x00, 0x00, 0x00, 0x00, 0x00, 0x00, 0x00, 0x00, 0x00,
    0x00, 0x00, 0x00, 0x00, 0x00, 0x00, 0x00, 0x00, 0x00, 0x00, 0x00, 0x00, 0x00, 0x00, 0x00, 0x00, 0x00, 0x00, 0x00, 0x00, 0x00, 0x00, 0x00, 0x00,
    0x00, 0x00, 0x00, 0x00, 0x00, 0x00, 0x00, 0x00, 0x00, 0x00, 0x00, 0x00, 0x00, 0x00, 0x00, 0x00, 0x00, 0x00, 0x00, 0x00, 0x00, 0x00, 0x00, 0x00,
    0x00, 0x00, 0x00, 0x00, 0x00, 0x00, 0x00, 0x00, 0x00, 0x00, 0x00, 0x00, 0x00, 0x00, 0x00, 0x00, 0x00, 0x00, 0x00, 0x00, 0x00, 0x00, 0x00, 0x00,
    0x00, 0x00, 0x00, 0x00, 0x00, 0x00, 0x00, 0x00, 0x00, 0x00, 0x00, 0x00, 0x00, 0x00, 0x00, 0x00, 0x00, 0x00, 0x00, 0x00, 0x00, 0x00, 0x00, 0x00,
    0x00, 0x00, 0x00, 0x00, 0x00, 0x00, 0x00, 0x00, 0x00, 0x00, 0x00, 0x00, 0x00, 0x00, 0x00, 0x00, 0x00, 0x00, 0x00, 0x00, 0x00, 0x00, 0x00, 0x00,
    0x00, 0x00, 0x00, 0x00, 0x00, 0x00, 0x00, 0x00, 0x00, 0x00, 0x00, 0x00, 0x00, 0x00, 0x00, 0x00, 0x00, 0x00, 0x00, 0x00, 0x00, 0x00, 0x00, 0x00,
    0x00, 0x00, 0x00, 0x00, 0x00, 0x00, 0x00, 0x00, 0x00, 0x00, 0x00, 0x00, 0x00, 0x00, 0x00, 0x00, 0x00, 0x00, 0x00, 0x00, 0x00, 0x00, 0x00, 0x00,
    0x00, 0x00, 0x00, 0x00, 0x00, 0x00, 0x00, 0x00, 0x00, 0x00, 0x00, 0x00, 0x00, 0x00, 0x00, 0x00, 0x00, 0x00, 0x00, 0x00, 0x00, 0x00, 0x00, 0x00,
    0x00, 0x00, 0x00, 0x00, 0x00, 0x00, 0x00, 0x00, 0x00, 0x00, 0x00, 0x00, 0x00, 0x00, 0x00, 0x00, 0x00, 0x00, 0x00, 0x00, 0x00, 0x00, 0x00, 0x00,
    0x00, 0x00, 0x00, 0x00, 0x00, 0x00, 0x00, 0x00, 0x00, 0x00, 0x00, 0x00, 0x00, 0x00, 0x00, 0x00, 0x00, 0x00, 0x00, 0x00, 0x00, 0x00, 0x00, 0x00,
    0x00, 0x00, 0x00, 0x00, 0x00, 0x00, 0x00, 0x00, 0x00, 0x00, 0x00, 0x00, 0x00, 0x00, 0x00, 0x00, 0x00, 0x00, 0x00, 0x00, 0x00, 0x00, 0x00, 0x00,
    0x00, 0x00, 0x00, 0x00, 0x00, 0x00, 0x00, 0x00, 0x00, 0x00, 0x00, 0x00, 0x00, 0x00, 0x00, 0x00, 0x00, 0x00, 0x00, 0x00, 0x00, 0x00, 0x00, 0x00,
    0x00, 0x00, 0x00, 0x00, 0x00, 0x00, 0x00, 0x00, 0x00, 0x00, 0x00, 0x00, 0x00, 0x00, 0x00, 0x00, 0x00, 0x00, 0x00, 0x00, 0x00, 0x00, 0x00, 0x00,
    0x00, 0x00, 0x00, 0x00, 0x00, 0x00, 0x00, 0x00, 0x00, 0x00, 0x00, 0x00, 0x00, 0x00, 0x00, 0x00, 0x00, 0x00, 0x00, 0x00, 0x00, 0x00, 0x00, 0x00,
    0x00, 0x00, 0x00, 0x00, 0x00, 0x00, 0x00, 0x00, 0x00, 0x00, 0x00, 0x00, 0x00, 0x00, 0x00, 0x00, 0x00, 0x00, 0x00, 0x00, 0x00, 0x00, 0x00, 0x00,
    0x00, 0x00, 0x00, 0x00, 0x00, 0x00, 0x00, 0x00, 0x00, 0x00, 0x00, 0x00, 0x00, 0x00, 0x00, 0x00, 0x00, 0x00, 0x00, 0x00, 0x00, 0x00, 0x00, 0x00,
    0x00, 0x00, 0x00, 0x00, 0x00, 0x00, 0x00, 0x00, 0x00, 0x00, 0x00, 0x00, 0x00, 0x00, 0x00, 0x00, 0x00, 0x00, 0x00, 0x00, 0x00, 0x00, 0x00, 0x00,
    0x00, 0x00, 0x00, 0x00, 0x00, 0x00, 0x00, 0x00, 0x00, 0x00, 0x00, 0x00, 0x00, 0x00, 0x00, 0x00, 0x00, 0x00, 0x00, 0x00, 0x00, 0x00, 0x00, 0x00,
    0x00, 0x00, 0x00, 0x00, 0x00, 0x00, 0x00, 0x00, 0x00, 0x00, 0x00, 0x00, 0x00, 0x00, 0x00, 0x00, 0x00, 0x00, 0x00, 0x00, 0x00, 0x00, 0x00, 0x00,
    0x00, 0x00, 0x00, 0x00, 0x00, 0x00, 0x00, 0x00, 0x00, 0x00, 0x00, 0x00, 0x00, 0x00, 0x00, 0x00, 0x00, 0x00, 0x00, 0x00, 0x00, 0x00, 0x00, 0x00,
    0x00, 0x00, 0x00, 0x00, 0x00, 0x00, 0x00, 0x00, 0x00, 0x00, 0x00, 0x00, 0x00, 0x00, 0x00, 0x00, 0x00, 0x00, 0x00, 0x00, 0x00, 0x00, 0x00, 0x00,
    0x00, 0x00, 0x00, 0x00, 0x00, 0x00, 0x00, 0x00, 0x00, 0x00, 0x00, 0x00, 0x00, 0x00, 0x00, 0x00, 0x00, 0x00, 0x00, 0x00, 0x00, 0x00, 0x00, 0x00,
    0x00, 0x00, 0x00, 0x00, 0x00, 0x00, 0x00, 0x00, 0x00, 0x00, 0x00, 0x00, 0x00, 0x00, 0x00, 0x00, 0x00, 0x00, 0x00, 0x00, 0x00, 0x00, 0x00, 0x00,
    0x00, 0x00, 0x00, 0x00, 0x00, 0x00, 0x00, 0x00, 0x00, 0x00, 0x00, 0x00, 0x00, 0x00, 0x00, 0x00, 0x00, 0x00, 0x00, 0x00, 0x00, 0x00, 0x00, 0x00,
    0x00, 0x00, 0x00, 0x00, 0x00, 0x00, 0x00, 0x00, 0x00, 0xE5, 0x69, 0x0C, 0xE4, 0x59, 0x2E, 0x00, 0x00, 0x00, 0x00, 0x00, 0x01, 0x00, 0x00, 0x00,
    0x00, 0x00, 0x00, 0x00, 0x00, 0x00, 0x00, 0x00, 0x00, 0x00, 0x00, 0x00, 0x00, 0x00, 0x00, 0x00, 0x00, 0x00, 0x00, 0x00, 0x00, 0x00, 0x00, 0x00,
    0x00, 0x00, 0x00, 0x00, 0x00, 0x00, 0x00, 0x00, 0x00, 0x00, 0x00, 0x00, 0x00, 0x00, 0x00, 0x00, 0x00, 0x00, 0x00, 0x00, 0x00, 0x00, 0x00, 0x00,
    0x00, 0x00, 0x00, 0x00, 0x00, 0x00, 0x00, 0x00, 0x00, 0x00, 0x00, 0x00, 0x00, 0x00, 0x00, 0x46, 0x72, 0x23, 0xE7, 0x7A, 0x08, 0x00, 0x00, 0x00,
    0x00, 0xF8, 0x01, 0x00, 0x00, 0x00, 0x00, 0x00, 0x00, 0x00, 0x00, 0x00, 0x00, 0x00, 0x00, 0x00, 0x00, 0x00, 0x00, 0x00, 0x00, 0x00, 0x00, 0x00,
    0x00, 0x00, 0x00, 0x00, 0x00, 0x00, 0x00, 0x00, 0x00, 0xA0, 0xAA, 0x03, 0x00, 0x00, 0x00, 0x06, 0x9A, 0x84, 0xE5, 0xC1, 0xFF, 0xC4, 0xA9, 0xD7,
    0x69, 0x9A, 0x0A, 0x00, 0x00, 0x00, 0x00, 0xF8, 0x01, 0x00, 0x00, 0x00, 0x00, 0x00, 0x01, 0x00, 0x00, 0x00, 0x00, 0x00, 0x00, 0x00, 0x00, 0x00,
    0x00, 0xF8, 0x01, 0x26, 0x9B, 0x05, 0x00, 0x00, 0x00, 0x00, 0x00, 0x00, 0x00, 0x00, 0x00, 0xFF, 0xFF, 0x01, 0xE9, 0xB2, 0x50, 0x87, 0xB2, 0x9A,
    0x26, 0xAA, 0x8A, 0x05, 0xAA, 0xB2, 0xE5, 0xA9, 0xE8, 0xE4, 0xB1, 0xFF, 0xC4, 0xB9, 0xFF, 0xA3, 0xB9, 0xFF, 0xA3, 0xB9, 0xFF, 0xA3, 0xB9, 0xFD,
    0xA3, 0xB9, 0xFD, 0xA3, 0xB9, 0xFD, 0xA3, 0xB1, 0xFE, 0xA3, 0xB9, 0xFD, 0xA3, 0xB9, 0xFD, 0x83, 0xB1, 0xFE, 0x83, 0xB1, 0xFE, 0x82, 0xB1, 0xFF,
    0x83, 0xB1, 0xFF, 0xA3, 0xB9, 0xFF, 0xA3, 0xB1, 0xFF, 0x83, 0xB1, 0xFF, 0xC3, 0xB1, 0xF9, 0x05, 0xB2, 0xD8, 0x26, 0xAA, 0xC4, 0xA8, 0xBA, 0x8D,
    0xC8, 0xB2, 0x56, 0xA8, 0xAA, 0x3D, 0xE9, 0xAA, 0x20, 0x6E, 0xC4, 0x09, 0xE9, 0xAA, 0x10, 0x2C, 0x9B, 0x05, 0x00, 0x00, 0x00, 0x00, 0x78, 0x02,
    0x00, 0x00, 0x00, 0x00, 0x00, 0x00, 0x00, 0x00, 0x00, 0x00, 0x00, 0x00, 0x00, 0x00, 0x00, 0x00, 0x00, 0x00, 0x00, 0x00, 0x00, 0x00, 0x00, 0x00,
    0xEF, 0x7F, 0x02, 0x4F, 0xD5, 0x06, 0xED, 0xBB, 0x0C, 0x2B, 0xBB, 0x1C, 0x0A, 0xBB, 0x29, 0x0A, 0xB3, 0x2C, 0x09, 0xB3, 0x3D, 0xE9, 0xB2, 0x3E,
    0x09, 0xBB, 0x24, 0x2A, 0xAB, 0x19, 0xA8, 0xA2, 0x32, 0xA7, 0x9A, 0x18, 0xA8, 0x9A, 0x12, 0xAA, 0xAA, 0x06, 0xE0, 0x7B, 0x02, 0xE7, 0xB9, 0x04,
    0xE0, 0xFB, 0x02, 0x87, 0x9A, 0x1C, 0x65, 0x9A, 0x10, 0x00, 0x00, 0x00, 0xA8, 0x9A, 0x0F, 0x47, 0x92, 0x11, 0x69, 0x9A, 0x10, 0xE9, 0xA2, 0x37,
    0x09, 0xB3, 0x44, 0x6A, 0xC3, 0x8F, 0x09, 0xC3, 0xDD, 0xC8, 0xC2, 0xDC, 0x09, 0xC3, 0xBD, 0x2A, 0xBB, 0xA9, 0xE9, 0xA2, 0x6F, 0xA9, 0x9A, 0x5A,
    0xE9, 0x92, 0x33, 0xA9, 0x92, 0x21, 0xC9, 0x92, 0x11, 0x4A, 0x79, 0x06, 0x00, 0x00, 0x00, 0x00, 0x00, 0x00, 0x00, 0x00, 0x00, 0x00, 0x00, 0x00,
    0x00, 0x78, 0x02, 0x86, 0x99, 0x05, 0x26, 0x82, 0x25, 0xAA, 0xAA, 0x03, 0x00, 0x00, 0x00, 0x00, 0x00, 0x00, 0x00, 0x00, 0x00, 0x00, 0x00, 0x00,
    0x00, 0x00, 0x00, 0x00, 0x00, 0x00, 0x00, 0x00, 0x00, 0x00, 0x00, 0x00, 0x00, 0x00, 0x00, 0x00, 0x00, 0x00, 0x00, 0x00, 0x00, 0x00, 0x00, 0x00,
    0x00, 0x00, 0x00, 0x00, 0x00, 0x00, 0x00, 0x00, 0x00, 0xAA, 0x52, 0x03, 0x06, 0x7A, 0x17, 0xEB, 0x9A, 0x08, 0xA4, 0x69, 0x73, 0xE4, 0x71, 0x1D,
    0x00, 0x00, 0x00, 0x00, 0xF8, 0x01, 0x00, 0x00, 0x00, 0x00, 0x00, 0x00, 0x00, 0x00, 0x00, 0x00, 0x00, 0x00, 0x00, 0x00, 0x00, 0x00, 0x00, 0x00,
    0x00, 0x00, 0x00, 0x00, 0x00, 0x00, 0x00, 0x00, 0x00, 0x00, 0x00, 0x00, 0x00, 0x00, 0x00, 0x00, 0x00, 0x00, 0x00, 0x00, 0x00, 0x00, 0x00, 0x00,
    0x00, 0x00, 0x00, 0x00, 0x00, 0x00, 0x00, 0x00, 0x00, 0x00, 0x00, 0x00, 0x00, 0x00, 0x00, 0x00, 0x00, 0x00, 0x00, 0x00, 0x00, 0x00, 0x00, 0x00,
    0x00, 0x00, 0x00, 0x00, 0x00, 0x00, 0x00, 0x00, 0x00, 0x00, 0x00, 0x00, 0x00, 0x00, 0x00, 0x00, 0x00, 0x00, 0x00, 0x00, 0x00, 0x00, 0x00, 0x00,
    0x00, 0x00, 0x00, 0x00, 0x00, 0x00, 0x00, 0x00, 0x00, 0x00, 0x00, 0x00, 0x00, 0x00, 0x00, 0x00, 0x00, 0x00, 0x00, 0x00, 0x00, 0x00, 0x00, 0x00,
    0x00, 0x00, 0x00, 0x00, 0x00, 0x00, 0x00, 0x00, 0x00, 0x00, 0x00, 0x00, 0x00, 0x00, 0x00, 0x00, 0x00, 0x00, 0x00, 0x00, 0x00, 0x00, 0x00, 0x00,
    0x00, 0x00, 0x00, 0x00, 0x00, 0x00, 0x00, 0x00, 0x00, 0x00, 0x00, 0x00, 0x00, 0x00, 0x00, 0x00, 0x00, 0x00, 0x00, 0x00, 0x00, 0x00, 0x00, 0x00,
    0x00, 0x00, 0x00, 0x00, 0x00, 0x00, 0x00, 0x00, 0x00, 0x00, 0x00, 0x00, 0x00, 0x00, 0x00, 0x00, 0x00, 0x00, 0x00, 0x00, 0x00, 0x00, 0x00, 0x00,
    0x00, 0x00, 0x00, 0x00, 0x00, 0x00, 0x00, 0x00, 0x00, 0x00, 0x00, 0x00, 0x00, 0x00, 0x00, 0x00, 0x00, 0x00, 0x00, 0x00, 0x00, 0x00, 0x00, 0x00,
    0x00, 0x00, 0x00, 0x00, 0x00, 0x00, 0x00, 0x00, 0x00, 0x00, 0x00, 0x00, 0x00, 0x00, 0x00, 0x00, 0x00, 0x00, 0x00, 0x00, 0x00, 0x00, 0x00, 0x00,
    0x00, 0x00, 0x00, 0x00, 0x00, 0x00, 0x00, 0x00, 0x00, 0x00, 0x00, 0x00, 0x00, 0x00, 0x00, 0x00, 0x00, 0x00, 0x00, 0x00, 0x00, 0x00, 0x00, 0x00,
    0x00, 0x00, 0x00, 0x00, 0x00, 0x00, 0x00, 0x00, 0x00, 0x00, 0x00, 0x00, 0x00, 0x00, 0x00, 0x00, 0x00, 0x00, 0x00, 0x00, 0x00, 0x00, 0x00, 0x00,
    0x00, 0x00, 0x00, 0x00, 0x00, 0x00, 0x00, 0x00, 0x00, 0x00, 0x00, 0x00, 0x00, 0x00, 0x00, 0x00, 0x00, 0x00, 0x00, 0x00, 0x00, 0x00, 0x00, 0x00,
    0x00, 0x00, 0x00, 0x00, 0x00, 0x00, 0x00, 0x00, 0x00, 0x00, 0x00, 0x00, 0x00, 0x00, 0x00, 0x00, 0x00, 0x00, 0x00, 0x00, 0x00, 0x00, 0x00, 0x00,
    0x00, 0x00, 0x00, 0x00, 0x00, 0x00, 0x00, 0x00, 0x00, 0x00, 0x00, 0x00, 0x00, 0x00, 0x00, 0x00, 0x00, 0x00, 0x00, 0x00, 0x00, 0x00, 0x00, 0x00,
    0x00, 0x00, 0x00, 0x00, 0x00, 0x00, 0x00, 0x00, 0x00, 0x00, 0x00, 0x00, 0x00, 0x00, 0x00, 0x00, 0x00, 0x00, 0x00, 0x00, 0x00, 0x00, 0x00, 0x00,
    0x00, 0x00, 0x00, 0x00, 0x00, 0x00, 0x00, 0x00, 0x00, 0x00, 0x00, 0x00, 0x00, 0x00, 0x00, 0x00, 0x00, 0x00, 0x00, 0x00, 0x00, 0x00, 0x00, 0x00,
    0x00, 0x00, 0x00, 0x00, 0x00, 0x00, 0x00, 0x00, 0x00, 0x00, 0x00, 0x00, 0x00, 0x00, 0x00, 0x00, 0x00, 0x00, 0x00, 0x00, 0x00, 0x00, 0x00, 0x00,
    0x00, 0x00, 0x00, 0x00, 0x00, 0x00, 0x00, 0x00, 0x00, 0x00, 0x00, 0x00, 0x00, 0x00, 0x00, 0x00, 0x00, 0x00, 0x00, 0x00, 0x00, 0x00, 0x00, 0x00,
    0x00, 0x00, 0x00, 0x00, 0x00, 0x00, 0x00, 0x00, 0x00, 0x00, 0x00, 0x00, 0x00, 0x00, 0x00, 0x00, 0x00, 0x00, 0x00, 0x00, 0x00, 0x00, 0x00, 0x00,
    0x00, 0x00, 0x00, 0x00, 0x00, 0x00, 0x00, 0x00, 0x00, 0x00, 0x00, 0x00, 0x00, 0x00, 0x00, 0x00, 0x00, 0x00, 0x00, 0x00, 0x00, 0x00, 0x00, 0x00,
    0x00, 0x00, 0x00, 0x00, 0x00, 0x00, 0x00, 0x00, 0x00, 0x00, 0x00, 0x00, 0x00, 0x00, 0x00, 0x00, 0x00, 0x00, 0x00, 0x00, 0x00, 0x00, 0x00, 0x00,
    0x00, 0x00, 0x00, 0x00, 0x00, 0x00, 0x00, 0x00, 0x00, 0x00, 0x00, 0x00, 0x00, 0x00, 0x00, 0x00, 0x00, 0x00, 0x00, 0x00, 0x00, 0x00, 0x00, 0x00,
    0x00, 0x00, 0x00, 0x00, 0x00, 0x00, 0x00, 0x00, 0x00, 0x00, 0x00, 0x00, 0x00, 0x00, 0x00, 0x00, 0x00, 0x00, 0x00, 0x00, 0x00, 0x00, 0x00, 0x00,
    0x00, 0x00, 0x00, 0x00, 0x00, 0x00, 0x00, 0x00, 0x00, 0x00, 0x00, 0x00, 0x00, 0x00, 0x00, 0x00, 0x00, 0x00, 0x00, 0x00, 0x00, 0x00, 0x00, 0x00,
    0x00, 0x00, 0x00, 0x00, 0x00, 0x00, 0x00, 0x00, 0x00, 0x00, 0x00, 0x00, 0x00, 0x00, 0x00, 0x00, 0x00, 0x00, 0x00, 0x00, 0x00, 0x00, 0x00, 0x00,
    0x00, 0x00, 0x00, 0x00, 0x00, 0x00, 0x00, 0x00, 0x00, 0x00, 0x00, 0x00, 0x00, 0x00, 0x00, 0x00, 0x00, 0x00, 0x00, 0x00, 0x00, 0x00, 0x00, 0x00,
    0x00, 0x00, 0x00, 0x00, 0x00, 0x00, 0x00, 0x00, 0x00, 0x00, 0x00, 0x00, 0x00, 0x00, 0x00, 0x00, 0x00, 0x00, 0x00, 0x00, 0x00, 0x00, 0x00, 0x00,
    0x00, 0x00, 0x00, 0x00, 0x00, 0x00, 0x00, 0x00, 0x00, 0x00, 0x00, 0x00, 0x00, 0x00, 0x00, 0x00, 0x00, 0x00, 0x00, 0x00, 0x00, 0x00, 0x00, 0x00,
    0x00, 0x00, 0x00, 0x00, 0x00, 0x00, 0x00, 0x00, 0x00, 0x00, 0x00, 0x00, 0x00, 0x00, 0x00, 0x00, 0x00, 0x00, 0x00, 0x00, 0x01, 0x00, 0x00, 0x01,
    0x00, 0x00, 0x00, 0xE6, 0x69, 0x1C, 0x45, 0x6A, 0x11, 0xE5, 0x59, 0x10, 0x00, 0x78, 0x02, 0x00, 0x00, 0x00, 0x00, 0x00, 0x00, 0x00, 0x00, 0x00,
    0x00, 0x00, 0x00, 0x00, 0x00, 0x00, 0x00, 0x00, 0x00, 0x00, 0x00, 0x00, 0x00, 0x00, 0x00, 0x00, 0x00, 0x00, 0x00, 0x00, 0x00, 0xA0, 0xAA, 0x03,
    0x00, 0x00, 0x00, 0xE6, 0x99, 0x64, 0xC4, 0xB9, 0xFF, 0xA4, 0xA9, 0xDD, 0x49, 0x92, 0x0E, 0x00, 0x00, 0x00, 0x00, 0xF8, 0x01, 0x00, 0x00, 0x00,
    0x00, 0x00, 0x00, 0xEF, 0x7B, 0x02, 0x00, 0x00, 0x00, 0xE7, 0x79, 0x04, 0x49, 0xA2, 0x0E, 0x88, 0xA2, 0x16, 0xEB, 0xBA, 0x10, 0x49, 0xBB, 0x1D,
    0x46, 0xAA, 0x5E, 0xC4, 0xA9, 0xB9, 0xE4, 0xA9, 0xDC, 0xE4, 0xB1, 0xFF, 0xC4, 0xB9, 0xFF, 0xC4, 0xB9, 0xFF, 0xA3, 0xB9, 0xFF, 0xA3, 0xB1, 0xFF,
    0xA3, 0xB9, 0xFC, 0xA3, 0xB9, 0xFD, 0xA3, 0xB1, 0xFE, 0xA3, 0xB1, 0xFE, 0xA3, 0xB9, 0xFC, 0xA3, 0xB9, 0xFD, 0xA3, 0xB9, 0xFF, 0xC3, 0xB9, 0xFF,
    0xE4, 0xB9, 0xFF, 0xE4, 0xB9, 0xFF, 0xE4, 0xB1, 0xFF, 0x25, 0xB2, 0xEC, 0x05, 0xAA, 0xD1, 0x46, 0xB2, 0xA8, 0x46, 0xB2, 0x8C, 0xC4, 0xB1, 0xF7,
    0xC4, 0xA9, 0xE4, 0x4A, 0xBB, 0x2D, 0x4B, 0xA3, 0x11, 0x29, 0xB3, 0x0A, 0x00, 0x00, 0x00, 0x00, 0x00, 0x00, 0x00, 0x00, 0x00, 0x00, 0x78, 0x04,
    0x00, 0x78, 0x02, 0x00, 0x00, 0x00, 0x00, 0x00, 0x00, 0x00, 0x00, 0x00, 0x00, 0x00, 0x00, 0xD3, 0xCC, 0x05, 0x0A, 0xBB, 0x12, 0xE9, 0xB2, 0x21,
    0x88, 0xAA, 0x3E, 0x87, 0xAA, 0x46, 0x67, 0xB2, 0x59, 0x47, 0xB2, 0x88, 0x46, 0xB2, 0xA4, 0x26, 0xB2, 0xB8, 0x05, 0xAA, 0xC4, 0x05, 0xAA, 0xD4,
    0x05, 0xB2, 0xD7, 0xE5, 0xA9, 0xDE, 0x05, 0xB2, 0xE9, 0x05, 0xAA, 0xE8, 0x46, 0xB2, 0xD2, 0x67, 0xB2, 0xB5, 0xE9, 0xBA, 0x7B, 0xC8, 0xA2, 0x27,
    0x00, 0x00, 0x00, 0xEF, 0x7B, 0x02, 0x00, 0x00, 0x00, 0x00, 0x00, 0x00, 0x00, 0x00, 0x00, 0xAA, 0xAA, 0x03, 0x00, 0xF8, 0x01, 0x00, 0xF8, 0x01,
    0x00, 0x00, 0x00, 0x00, 0x78, 0x02, 0x44, 0x92, 0x07, 0xC9, 0xA2, 0x0E, 0xA8, 0x9A, 0x35, 0xC8, 0xA2, 0x6A, 0xC9, 0xB2, 0xBD, 0xA8, 0xAA, 0xB8,
    0xE9, 0xA2, 0x36, 0xC9, 0x9A, 0x5F, 0xC9, 0x9A, 0x2D, 0xC9, 0x92, 0x41, 0xC9, 0x92, 0x1F, 0xA7, 0x7A, 0x0C, 0x88, 0x92, 0x13, 0x49, 0x92, 0x07,
    0x00, 0x00, 0x00, 0x00, 0x00, 0x00, 0x00, 0x00, 0x00, 0x00, 0x00, 0x00, 0x00, 0x00, 0x00, 0x00, 0x00, 0x00, 0x00, 0x00, 0x00, 0x00, 0x00, 0x00,
    0x00, 0x00, 0x00, 0x00, 0x00, 0x00, 0x00, 0x00, 0x00, 0x00, 0x00, 0x00, 0x00, 0x00, 0x00, 0x00, 0x00, 0x00, 0x00, 0x00, 0x00, 0x00, 0x00, 0x00,
    0x00, 0x00, 0x00, 0x00, 0x00, 0x00, 0x00, 0x00, 0x00, 0x00, 0x00, 0x00, 0x00, 0x00, 0x00, 0x00, 0x00, 0x00, 0x00, 0x00, 0x00, 0x00, 0x00, 0x01,
    0x00, 0x00, 0x00, 0x00, 0x00, 0x00, 0xC5, 0x71, 0x39, 0xE6, 0x79, 0x15, 0x00, 0x00, 0x00, 0x00, 0xF8, 0x01, 0x00, 0x00, 0x00, 0x00, 0x00, 0x00,
    0x00, 0x00, 0x00, 0x00, 0x00, 0x00, 0x00, 0x00, 0x00, 0x00, 0x00, 0x00, 0x00, 0x00, 0x00, 0x00, 0x00, 0x00, 0x00, 0x00, 0x00, 0x00, 0x00, 0x00,
    0x00, 0x00, 0x00, 0x00, 0x00, 0x00, 0x00, 0x00, 0x00, 0x00, 0x00, 0x00, 0x00, 0x00, 0x00, 0x00, 0x00, 0x00, 0x00, 0x00, 0x00, 0x00, 0x00, 0x00,
    0x00, 0x00, 0x00, 0x00, 0x00, 0x00, 0x00, 0x00, 0x00, 0x00, 0x00, 0x00, 0x00, 0x00, 0x00, 0x00, 0x00, 0x00, 0x00, 0x00, 0x00, 0x00, 0x00, 0x00,
    0x00, 0x00, 0x00, 0x00, 0x00, 0x00, 0x00, 0x00, 0x00, 0x00, 0x00, 0x00, 0x00, 0x00, 0x00, 0x00, 0x00, 0x00, 0x00, 0x00, 0x00, 0x00, 0x00, 0x00,
    0x00, 0x00, 0x00, 0x00, 0x00, 0x00, 0x00, 0x00, 0x00, 0x00, 0x00, 0x00, 0x00, 0x00, 0x00, 0x00, 0x00, 0x00, 0x00, 0x00, 0x00, 0x00, 0x00, 0x00,
    0x00, 0x00, 0x00, 0x00, 0x00, 0x00, 0x00, 0x00, 0x00, 0x00, 0x00, 0x00, 0x00, 0x00, 0x00, 0x00, 0x00, 0x00, 0x00, 0x00, 0x00, 0x00, 0x00, 0x00,
    0x00, 0x00, 0x00, 0x00, 0x00, 0x00, 0x00, 0x00, 0x00, 0x00, 0x00, 0x00, 0x00, 0x00, 0x00, 0x00, 0x00, 0x00, 0x00, 0x00, 0x00, 0x00, 0x00, 0x00,
    0x00, 0x00, 0x00, 0x00, 0x00, 0x00, 0x00, 0x00, 0x00, 0x00, 0x00, 0x00, 0x00, 0x00, 0x00, 0x00, 0x00, 0x00, 0x00, 0x00, 0x00, 0x00, 0x00, 0x00,
    0x00, 0x00, 0x00, 0x00, 0x00, 0x00, 0x00, 0x00, 0x00, 0x00, 0x00, 0x00, 0x00, 0x00, 0x00, 0x00, 0x00, 0x00, 0x00, 0x00, 0x00, 0x00, 0x00, 0x00,
    0x00, 0x00, 0x00, 0x00, 0x00, 0x00, 0x00, 0x00, 0x00, 0x00, 0x00, 0x00, 0x00, 0x00, 0x00, 0x00, 0x00, 0x00, 0x00, 0x00, 0x00, 0x00, 0x00, 0x00,
    0x00, 0x00, 0x00, 0x00, 0x00, 0x00, 0x00, 0x00, 0x00, 0x00, 0x00, 0x00, 0x00, 0x00, 0x00, 0x00, 0x00, 0x00, 0x00, 0x00, 0x00, 0x00, 0x00, 0x00,
    0x00, 0x00, 0x00, 0x00, 0x00, 0x00, 0x00, 0x00, 0x00, 0x00, 0x00, 0x00, 0x00, 0x00, 0x00, 0x00, 0x00, 0x00, 0x00, 0x00, 0x00, 0x00, 0x00, 0x00,
    0x00, 0x00, 0x00, 0x00, 0x00, 0x00, 0x00, 0x00, 0x00, 0x00, 0x00, 0x00, 0x00, 0x00, 0x00, 0x00, 0x00, 0x00, 0x00, 0x00, 0x00, 0x00, 0x00, 0x00,
    0x00, 0x00, 0x00, 0x00, 0x00, 0x00, 0x00, 0x00, 0x00, 0x00, 0x00, 0x00, 0x00, 0x00, 0x00, 0x00, 0x00, 0x00, 0x00, 0x00, 0x00, 0x00, 0x00, 0x00,
    0x00, 0x00, 0x00, 0x00, 0x00, 0x00, 0x00, 0x00, 0x00, 0x00, 0x00, 0x00, 0x00, 0x00, 0x00, 0x00, 0x00, 0x00, 0x00, 0x00, 0x00, 0x00, 0x00, 0x00,
    0x00, 0x00, 0x00, 0x00, 0x00, 0x00, 0x00, 0x00, 0x00, 0x00, 0x00, 0x00, 0x00, 0x00, 0x00, 0x00, 0x00, 0x00, 0x00, 0x00, 0x00, 0x00, 0x00, 0x00,
    0x00, 0x00, 0x00, 0x00, 0x00, 0x00, 0x00, 0x00, 0x00, 0x00, 0x00, 0x00, 0x00, 0x00, 0x00, 0x00, 0x00, 0x00, 0x00, 0x00, 0x00, 0x00, 0x00, 0x00,
    0x00, 0x00, 0x00, 0x00, 0x00, 0x00, 0x00, 0x00, 0x00, 0x00, 0x00, 0x00, 0x00, 0x00, 0x00, 0x00, 0x00, 0x00, 0x00, 0x00, 0x00, 0x00, 0x00, 0x00,
    0x00, 0x00, 0x00, 0x00, 0x00, 0x00, 0x00, 0x00, 0x00, 0x00, 0x00, 0x00, 0x00, 0x00, 0x00, 0x00, 0x00, 0x00, 0x00, 0x00, 0x00, 0x00, 0x00, 0x00,
    0x00, 0x00, 0x00, 0x00, 0x00, 0x00, 0x00, 0x00, 0x00, 0x00, 0x00, 0x00, 0x00, 0x00, 0x00, 0x00, 0x00, 0x00, 0x00, 0x00, 0x00, 0x00, 0x00, 0x00,
    0x00, 0x00, 0x00, 0x00, 0x00, 0x00, 0x00, 0x00, 0x00, 0x00, 0x00, 0x00, 0x00, 0x00, 0x00, 0x00, 0x00, 0x00, 0x00, 0x00, 0x00, 0x00, 0x00, 0x00,
    0x00, 0x00, 0x00, 0x00, 0x00, 0x00, 0x00, 0x00, 0x00, 0x00, 0x00, 0x00, 0x00, 0x00, 0x00, 0x00, 0x00, 0x00, 0x00, 0x00, 0x00, 0x00, 0x00, 0x00,
    0x00, 0x00, 0x00, 0x00, 0x00, 0x00, 0x00, 0x00, 0x00, 0x00, 0x00, 0x00, 0x00, 0x00, 0x00, 0x00, 0x00, 0x00, 0x00, 0x00, 0x00, 0x00, 0x00, 0x00,
    0x00, 0x00, 0x00, 0x00, 0x00, 0x00, 0x00, 0x00, 0x00, 0x00, 0x00, 0x00, 0x00, 0x00, 0x00, 0x00, 0x00, 0x00, 0x00, 0x00, 0x00, 0x00, 0x00, 0x00,
    0x00, 0x00, 0x00, 0x00, 0x00, 0x00, 0x00, 0x00, 0x00, 0x00, 0x00, 0x00, 0x00, 0x00, 0x00, 0x00, 0x00, 0x00, 0x00, 0x00, 0x00, 0x00, 0x00, 0x00,
    0x00, 0x00, 0x00, 0x00, 0x00, 0x00, 0x00, 0x00, 0x00, 0x00, 0x00, 0x00, 0x00, 0x00, 0x00, 0x00, 0x00, 0x00, 0x00, 0x00, 0x00, 0x00, 0x00, 0x00,
    0x00, 0x00, 0x00, 0x00, 0x00, 0x00, 0x00, 0x00, 0x00, 0x00, 0x00, 0x00, 0x00, 0x00, 0x01, 0x00, 0x00, 0x00, 0x00, 0x00, 0x00, 0x00, 0x00, 0x00,
    0x00, 0x00, 0x00, 0x00, 0x00, 0x00, 0x00, 0x00, 0x00, 0x00, 0x00, 0x00, 0x00, 0x00, 0x00, 0x00, 0x00, 0x00, 0x00, 0x00, 0x00, 0x00, 0x00, 0x00,
    0x00, 0x00, 0x00, 0x00, 0x00, 0x00, 0x00, 0x00, 0x00, 0x00, 0x00, 0x00, 0x00, 0x00, 0x00, 0x00, 0x00, 0x00, 0x00, 0x00, 0x00, 0x00, 0x00, 0x00,
    0x00, 0x00, 0x00, 0x00, 0x00, 0x00, 0x00, 0x00, 0x00, 0x00, 0x00, 0x00, 0x00, 0x00, 0x00, 0x00, 0x00, 0x00, 0x45, 0x51, 0x06, 0xE5, 0x61, 0x31,
    0x00, 0xF8, 0x01, 0x00, 0x00, 0x00, 0x00, 0x00, 0x00, 0x00, 0x00, 0x00, 0x00, 0x00, 0x00, 0x00, 0x00, 0x00, 0x00, 0x00, 0x00, 0x00, 0x00, 0x00,
    0x00, 0x00, 0x00, 0x00, 0x00, 0x00, 0x00, 0x00, 0x00, 0xA0, 0xAA, 0x03, 0x00, 0x00, 0x00, 0xC5, 0x89, 0x4E, 0xC4, 0xB1, 0xFD, 0xA4, 0xA9, 0xDF,
    0x88, 0x92, 0x13, 0x00, 0x00, 0x00, 0x00, 0xF8, 0x01, 0x00, 0x00, 0x00, 0x88, 0xA2, 0x19, 0xC9, 0xA2, 0x11, 0xA8, 0xA2, 0x2D, 0xA8, 0xAA, 0x4C,
    0xC8, 0xBA, 0x5E, 0xC8, 0xBA, 0x71, 0x26, 0xB2, 0xA7, 0xE5, 0xA9, 0xD8, 0x83, 0xA1, 0xFF, 0x42, 0xA9, 0xFF, 0x62, 0xB1, 0xFF, 0x83, 0xB1, 0xFE,
    0x82, 0xB1, 0xFC, 0x83, 0xB1, 0xFC, 0x83, 0xB1, 0xFE, 0x83, 0xB1, 0xFE, 0x83, 0xB1, 0xFD, 0xA3, 0xB9, 0xFC, 0xA3, 0xB9, 0xFD, 0xA3, 0xB9, 0xFF,
    0xC4, 0xB9, 0xFF, 0xE4, 0xB9, 0xFF, 0xE5, 0xB1, 0xF4, 0x05, 0xAA, 0xC6, 0x66, 0xB2, 0xA0, 0x87, 0xB2, 0x7E, 0x87, 0xB2, 0x57, 0x09, 0xBB, 0x35,
    0x8D, 0xBB, 0x16, 0xEF, 0xAB, 0x06, 0xAF, 0xD4, 0x0C, 0xE4, 0xA9, 0xEC, 0xC4, 0xA1, 0xD9, 0xFF, 0x07, 0x01, 0x00, 0x00, 0x00, 0x00, 0x78, 0x02,
    0x00, 0x78, 0x02, 0x00, 0x00, 0x00, 0x00, 0x00, 0x00, 0x00, 0x00, 0x00, 0x00, 0x00, 0x00, 0xCB, 0xB2, 0x14, 0x67, 0xA2, 0x32, 0x47, 0xAA, 0x59,
    0x26, 0xAA, 0xA1, 0x05, 0xB2, 0xB2, 0xA4, 0xA1, 0xD2, 0x84, 0xA1, 0xE3, 0x83, 0xA1, 0xF2, 0x83, 0xA1, 0xFE, 0x63, 0xA1, 0xFF, 0x83, 0xA9, 0xFF,
    0x63, 0xA9, 0xFF, 0x42, 0xA9, 0xFF, 0x42, 0xA9, 0xFF, 0x42, 0xA9, 0xFF, 0x42, 0xA9, 0xFF, 0x42, 0xA9, 0xFF, 0x62, 0xA9, 0xFF, 0x42, 0xA9, 0xFF,
    0x63, 0xB1, 0xFF, 0x83, 0xB1, 0xFF, 0x46, 0xB2, 0xF7, 0xC8, 0xB2, 0x7C, 0xA8, 0x92, 0x1B, 0x49, 0x92, 0x07, 0x00, 0x00, 0x00, 0x00, 0x00, 0x00,
    0x00, 0x00, 0x00, 0x00, 0x00, 0x00, 0x00, 0x00, 0x00, 0x00, 0x00, 0x00, 0x00, 0x00, 0x00, 0x00, 0x00, 0x00, 0x00, 0x00, 0x00, 0x00, 0x00, 0x00,
    0x88, 0x92, 0x29, 0x88, 0x92, 0x31, 0xA8, 0xA2, 0x39, 0x47, 0x92, 0x74, 0x2A, 0xAB, 0x0F, 0xC7, 0x8A, 0x14, 0xE8, 0x8A, 0x0B, 0xA9, 0x92, 0x15,
    0xA8, 0x8A, 0x0F, 0xA5, 0x7A, 0x06, 0xA8, 0x8A, 0x12, 0x00, 0x00, 0x01, 0x00, 0x00, 0x00, 0x00, 0x00, 0x00, 0x00, 0x00, 0x00, 0x00, 0x00, 0x00,
    0x00, 0x00, 0x00, 0x00, 0x00, 0x00, 0x00, 0xF8, 0x01, 0x00, 0x00, 0x00, 0x00, 0x00, 0x00, 0x00, 0x00, 0x00, 0x00, 0x00, 0x00, 0x00, 0x00, 0x00,
    0x00, 0x00, 0x00, 0x00, 0x00, 0x00, 0x00, 0x00, 0x00, 0x00, 0x00, 0x00, 0x00, 0x00, 0x00, 0x00, 0x00, 0x00, 0x00, 0x00, 0x00, 0x00, 0x00, 0x00,
    0x00, 0x00, 0x00, 0x00, 0x00, 0x00, 0x00, 0x00, 0x00, 0x00, 0x00, 0x00, 0x00, 0x00, 0x01, 0x00, 0x00, 0x00, 0x00, 0x00, 0x00, 0x00, 0x00, 0x00,
    0x00, 0x00, 0x00, 0x00, 0x00, 0x00, 0x00, 0x00, 0x00, 0x00, 0x00, 0x00, 0x00, 0x00, 0x00, 0x00, 0x00, 0x00, 0x00, 0x00, 0x00, 0x00, 0x00, 0x00,
    0x00, 0x00, 0x00, 0x00, 0x00, 0x00, 0x00, 0x00, 0x00, 0x00, 0x00, 0x00, 0x00, 0x00, 0x00, 0x00, 0x00, 0x00, 0x00, 0x00, 0x00, 0x00, 0x00, 0x00,
    0x00, 0x00, 0x00, 0x00, 0x00, 0x00, 0x00, 0x00, 0x00, 0x00, 0x00, 0x00, 0x00, 0x00, 0x00, 0x00, 0x00, 0x00, 0x00, 0x00, 0x00, 0x00, 0x00, 0x00,
    0x00, 0x00, 0x00, 0x00, 0x00, 0x00, 0x00, 0x00, 0x00, 0x00, 0x00, 0x00, 0x00, 0x00, 0x00, 0x00, 0x00, 0x00, 0x00, 0x00, 0x00, 0x00, 0x00, 0x00,
    0x00, 0x00, 0x00, 0x00, 0x00, 0x00, 0x00, 0x00, 0x00, 0x00, 0x00, 0x00, 0x00, 0x00, 0x00, 0x00, 0x00, 0x00, 0x00, 0x00, 0x00, 0x00, 0x00, 0x00,
    0x00, 0x00, 0x00, 0x00, 0x00, 0x00, 0x00, 0x00, 0x00, 0x00, 0x00, 0x00, 0x00, 0x00, 0x00, 0x00, 0x00, 0x00, 0x00, 0x00, 0x00, 0x00, 0x00, 0x00,
    0x00, 0x00, 0x00, 0x00, 0x00, 0x00, 0x00, 0x00, 0x00, 0x00, 0x00, 0x00, 0x00, 0x00, 0x00, 0x00, 0x00, 0x00, 0x00, 0x00, 0x00, 0x00, 0x00, 0x00,
    0x00, 0x00, 0x00, 0x00, 0x00, 0x00, 0x00, 0x00, 0x00, 0x00, 0x00, 0x00, 0x00, 0x00, 0x00, 0x00, 0x00, 0x00, 0x00, 0x00, 0x00, 0x00, 0x00, 0x00,
    0x00, 0x00, 0x00, 0x00, 0x00, 0x00, 0x00, 0x00, 0x00, 0x00, 0x00, 0x00, 0x00, 0x00, 0x00, 0x00, 0x00, 0x00, 0x00, 0x00, 0x00, 0x00, 0x00, 0x00,
    0x00, 0x00, 0x00, 0x00, 0x00, 0x00, 0x00, 0x00, 0x00, 0x00, 0x00, 0x00, 0x00, 0x00, 0x00, 0x00, 0x00, 0x00, 0x00, 0x00, 0x00, 0x00, 0x00, 0x00,
    0x00, 0x00, 0x00, 0x00, 0x00, 0x00, 0x00, 0x00, 0x00, 0x00, 0x00, 0x00, 0x00, 0x00, 0x00, 0x00, 0x00, 0x00, 0x00, 0x00, 0x00, 0x00, 0x00, 0x00,
    0x00, 0x00, 0x00, 0x00, 0x00, 0x00, 0x00, 0x00, 0x00, 0x00, 0x00, 0x00, 0x00, 0x00, 0x00, 0x00, 0x00, 0x00, 0x00, 0x00, 0x00, 0x00, 0x00, 0x00,
    0x00, 0x00, 0x00, 0x00, 0x00, 0x00, 0x00, 0x00, 0x00, 0x00, 0x00, 0x00, 0x00, 0x00, 0x00, 0x00, 0x00, 0x00, 0x00, 0x00, 0x00, 0x00, 0x00, 0x00,
    0x00, 0x00, 0x00, 0x00, 0x00, 0x00, 0x00, 0x00, 0x00, 0x00, 0x00, 0x00, 0x00, 0x00, 0x00, 0x00, 0x00, 0x00, 0x00, 0x00, 0x00, 0x00, 0x00, 0x00,
    0x00, 0x00, 0x00, 0x00, 0x00, 0x00, 0x00, 0x00, 0x00, 0x00, 0x00, 0x00, 0x00, 0x00, 0x00, 0x00, 0x00, 0x00, 0x00, 0x00, 0x00, 0x00, 0x00, 0x00,
    0x00, 0x00, 0x00, 0x00, 0x00, 0x00, 0x00, 0x00, 0x00, 0x00, 0x00, 0x00, 0x00, 0x00, 0x00, 0x00, 0x00, 0x00, 0x00, 0x00, 0x00, 0x00, 0x00, 0x00,
    0x00, 0x00, 0x00, 0x00, 0x00, 0x00, 0x00, 0x00, 0x00, 0x00, 0x00, 0x00, 0x00, 0x00, 0x00, 0x00, 0x00, 0x00, 0x00, 0x00, 0x00, 0x00, 0x00, 0x00,
    0x00, 0x00, 0x00, 0x00, 0x00, 0x00, 0x00, 0x00, 0x00, 0x00, 0x00, 0x00, 0x00, 0x00, 0x00, 0x00, 0x00, 0x00, 0x00, 0x00, 0x00, 0x00, 0x00, 0x00,
    0x00, 0x00, 0x00, 0x00, 0x00, 0x00, 0x00, 0x00, 0x00, 0x00, 0x00, 0x00, 0x00, 0x00, 0x00, 0x00, 0x00, 0x00, 0x00, 0x00, 0x00, 0x00, 0x00, 0x00,
    0x00, 0x00, 0x00, 0x00, 0x00, 0x00, 0x00, 0x00, 0x00, 0x00, 0x00, 0x00, 0x00, 0x00, 0x00, 0x00, 0x00, 0x00, 0x00, 0x00, 0x00, 0x00, 0x00, 0x00,
    0x00, 0x00, 0x00, 0x00, 0x00, 0x00, 0x00, 0x00, 0x00, 0x00, 0x00, 0x00, 0x00, 0x00, 0x00, 0x00, 0x00, 0x00, 0x00, 0x00, 0x00, 0x00, 0x00, 0x00,
    0x00, 0x00, 0x00, 0x00, 0x00, 0x00, 0x00, 0x00, 0x00, 0x00, 0x00, 0x00, 0x00, 0x00, 0x00, 0x00, 0x00, 0x00, 0x00, 0x00, 0x00, 0x00, 0x00, 0x00,
    0x00, 0x00, 0x00, 0x00, 0x00, 0x00, 0x00, 0x00, 0x00, 0x00, 0x00, 0x00, 0x00, 0x00, 0x00, 0x00, 0x00, 0x00, 0x00, 0x00, 0x00, 0x00, 0x00, 0x00,
    0x00, 0x00, 0x00, 0x00, 0x00, 0x00, 0x00, 0x00, 0x00, 0x00, 0x00, 0x00, 0x00, 0x00, 0x00, 0x00, 0x00, 0x00, 0x00, 0x00, 0x00, 0x00, 0x00, 0x00,
    0x00, 0x00, 0x00, 0x00, 0x00, 0x00, 0x00, 0x00, 0x00, 0x00, 0x00, 0x00, 0x00, 0x00, 0x00, 0x00, 0x00, 0x00, 0x00, 0x00, 0x00, 0x00, 0x00, 0x00,
    0x00, 0x00, 0x00, 0x00, 0x00, 0x00, 0x00, 0x00, 0x00, 0x00, 0x00, 0x00, 0x00, 0x00, 0x00, 0x00, 0x00, 0x00, 0x00, 0x00, 0x00, 0x00, 0x00, 0x00,
    0x00, 0x00, 0x00, 0x00, 0x00, 0x00, 0x00, 0x00, 0x00, 0x00, 0x00, 0x00, 0x00, 0x00, 0x00, 0x00, 0x00, 0x00, 0x00, 0x00, 0x00, 0x00, 0x00, 0x00,
    0x00, 0x00, 0x00, 0x00, 0x00, 0x00, 0x00, 0x00, 0x00, 0x00, 0x00, 0x00, 0x00, 0x00, 0x00, 0x00, 0x00, 0x00, 0x00, 0x00, 0x00, 0x00, 0x00, 0x00,
    0x00, 0x00, 0x00, 0x00, 0x00, 0x00, 0x00, 0x00, 0x00, 0x00, 0x00, 0x00, 0x00, 0x00, 0x00, 0x00, 0x00, 0x00, 0x00, 0x00, 0x00, 0x00, 0x00, 0x00,
    0x00, 0x00, 0x00, 0x00, 0x00, 0x00, 0x00, 0x00, 0x00, 0x00, 0x00, 0x00, 0x00, 0x00, 0x00, 0x00, 0x00, 0x00, 0x00, 0x00, 0x00, 0x00, 0x00, 0x00,
    0x00, 0x00, 0x00, 0x00, 0x00, 0x00, 0x00, 0x00, 0x00, 0x00, 0x00, 0x00, 0x00, 0x00, 0x00, 0x00, 0x00, 0x00, 0x00, 0x00, 0x00, 0x00, 0x00, 0x00,
    0x00, 0x00, 0x00, 0x00, 0x00, 0x00, 0x00, 0x00, 0x00, 0x00, 0x00, 0x00, 0x00, 0x00, 0x00, 0x00, 0x00, 0x00, 0x00, 0x00, 0x00, 0xE0, 0xFB, 0x02,
    0xE0, 0x7B, 0x02, 0xE5, 0x89, 0x39, 0xE4, 0xA9, 0xFF, 0xC4, 0xA1, 0xF9, 0xE6, 0x89, 0x1D, 0x00, 0x00, 0x00, 0x00, 0x78, 0x02, 0xA5, 0x7A, 0x06,
    0xA9, 0xAA, 0x18, 0x88, 0xA2, 0x2B, 0xC8, 0xB2, 0x75, 0x87, 0xBA, 0xC0, 0x05, 0xB2, 0xE6, 0xE4, 0xB1, 0xFE, 0xC4, 0xB9, 0xFF, 0xA3, 0xB9, 0xFF,
    0x83, 0xB1, 0xFF, 0x83, 0xB1, 0xFC, 0x83, 0xB1, 0xFD, 0xA3, 0xB1, 0xFF, 0x83, 0xB1, 0xFE, 0x62, 0xA9, 0xFD, 0x62, 0xA9, 0xFC, 0x62, 0xB1, 0xFF,
    0x62, 0xB1, 0xFF, 0x62, 0xB1, 0xFF, 0xA3, 0xB1, 0xFF, 0xE5, 0xB1, 0xE9, 0x26, 0xAA, 0xA3, 0x67, 0xB2, 0x78, 0xC8, 0xB2, 0x3F, 0xEC, 0xCB, 0x0A,
    0x8B, 0xBB, 0x0B, 0xAA, 0xAA, 0x09, 0x00, 0x00, 0x00, 0x00, 0x00, 0x00, 0x00, 0x00, 0x00, 0x00, 0x00, 0x00, 0xEA, 0xD3, 0x06, 0x05, 0xA2, 0xBF,
    0xC5, 0x99, 0xA2, 0x00, 0x00, 0x00, 0x00, 0x00, 0x00, 0x00, 0x00, 0x00, 0x00, 0x00, 0x00, 0xC9, 0xB2, 0x11, 0xA8, 0xB2, 0x35, 0x26, 0xA2, 0x72,
    0x26, 0xAA, 0xA6, 0x05, 0xAA, 0xDA, 0xE4, 0xA9, 0xF4, 0xE4, 0xB1, 0xFF, 0xE4, 0xB9, 0xFF, 0xA3, 0xB9, 0xFF, 0xA3, 0xB9, 0xFF, 0x83, 0xB1, 0xFF,
    0x83, 0xB1, 0xFF, 0x83, 0xB1, 0xFF, 0x62, 0xB1, 0xFD, 0x63, 0xA9, 0xFB, 0x63, 0xB1, 0xFB, 0x83, 0xB1, 0xFC, 0x83, 0xB1, 0xFC, 0x83, 0xB1, 0xFC,
    0x83, 0xB1, 0xFD, 0x83, 0xB1, 0xFD, 0x83, 0xB1, 0xFE, 0x83, 0xB1, 0xFE, 0x83, 0xB1, 0xFD, 0x83, 0xB1, 0xFB, 0xA3, 0xB1, 0xFF, 0x67, 0xB2, 0xB2,
    0x09, 0xA3, 0x2A, 0x49, 0x92, 0x07, 0x00, 0xF8, 0x01, 0x00, 0x00, 0x00, 0x00, 0x00, 0x00, 0x00, 0x00, 0x00, 0x00, 0x00, 0x00, 0x00, 0x00, 0x00,
    0x00, 0x00, 0x00, 0x00, 0x00, 0x00, 0x00, 0x00, 0x00, 0x00, 0xF8, 0x01, 0x67, 0x9A, 0x10, 0x49, 0xB2, 0x07, 0xE8, 0xBA, 0x0B, 0x68, 0x8A, 0x6D,
    0x68, 0x8A, 0x3B, 0x00, 0x00, 0x00, 0xAA, 0xAA, 0x06, 0x0F, 0xF8, 0x02, 0x00, 0xF8, 0x01, 0xAA, 0xAA, 0x03, 0x00, 0x00, 0x00, 0x00, 0x00, 0x00,
    0x00, 0x00, 0x00, 0x00, 0x00, 0x00, 0x00, 0x00, 0x00, 0x00, 0x00, 0x00, 0x00, 0x00, 0x00, 0x00, 0x00, 0x00, 0x00, 0x00, 0x00, 0x00, 0x00, 0x00,
    0x00, 0x00, 0x00, 0x00, 0x00, 0x00, 0x00, 0x00, 0x00, 0x00, 0x00, 0x00, 0x00, 0x00, 0x00, 0x00, 0x00, 0x00, 0x00, 0x00, 0x00, 0x00, 0x00, 0x00,
    0x00, 0x00, 0x00, 0x00, 0x00, 0x00, 0x00, 0x00, 0x00, 0x00, 0x00, 0x00, 0x00, 0x00, 0x00, 0x00, 0x00, 0x00, 0x00, 0x00, 0x00, 0x00, 0x00, 0x00,
    0x00, 0x00, 0x00, 0x00, 0x00, 0x00, 0x00, 0x78, 0x02, 0x00, 0x00, 0x00, 0x00, 0x00, 0x00, 0x00, 0x00, 0x00, 0x00, 0x00, 0x00, 0x00, 0x00, 0x00,
    0x00, 0x00, 0x00, 0x00, 0x00, 0x00, 0x00, 0x00, 0x00, 0x00, 0x00, 0x00, 0x00, 0x00, 0x00, 0x00, 0x00, 0x00, 0x00, 0x00, 0x00, 0x00, 0x00, 0x00,
    0x00, 0x00, 0x00, 0x00, 0x00, 0x00, 0x00, 0x00, 0x00, 0x00, 0x00, 0x00, 0x00, 0x00, 0x00, 0x00, 0x00, 0x00, 0x00, 0x00, 0x00, 0x00, 0x00, 0x00,
    0x00, 0x00, 0x00, 0x00, 0x00, 0x00, 0x00, 0x00, 0x00, 0x00, 0x00, 0x00, 0x00, 0x00, 0x00, 0x00, 0x00, 0x00, 0x00, 0x00, 0x00, 0x00, 0x00, 0x00,
    0x00, 0x00, 0x00, 0x00, 0x00, 0x00, 0x00, 0x00, 0x00, 0x00, 0x00, 0x00, 0x00, 0x00, 0x00, 0x00, 0x00, 0x00, 0x00, 0x00, 0x00, 0x00, 0x00, 0x00,
    0x00, 0x00, 0x00, 0x00, 0x00, 0x00, 0x00, 0x00, 0x00, 0x00, 0x00, 0x00, 0x00, 0x00, 0x00, 0x00, 0x00, 0x00, 0x00, 0x00, 0x00, 0x00, 0x00, 0x00,
    0x00, 0x00, 0x00, 0x00, 0x00, 0x00, 0x00, 0x00, 0x00, 0x00, 0x00, 0x00, 0x00, 0x00, 0x00, 0x00, 0x00, 0x00, 0x00, 0x00, 0x00, 0x00, 0x00, 0x00,
    0x00, 0x00, 0x00, 0x00, 0x00, 0x00, 0x00, 0x00, 0x00, 0x00, 0x00, 0x00, 0x00, 0x00, 0x00, 0x00, 0x00, 0x00, 0x00, 0x00, 0x00, 0x00, 0x00, 0x00,
    0x00, 0x00, 0x00, 0x00, 0x00, 0x00, 0x00, 0x00, 0x00, 0x00, 0x00, 0x00, 0x00, 0x00, 0x00, 0x00, 0x00, 0x00, 0x00, 0x00, 0x00, 0x00, 0x00, 0x00,
    0x00, 0x00, 0x00, 0x00, 0x00, 0x00, 0x00, 0x00, 0x00, 0x00, 0x00, 0x00, 0x00, 0x00, 0x00, 0x00, 0x00, 0x00, 0x00, 0x00, 0x00, 0x00, 0x00, 0x00,
    0x00, 0x00, 0x00, 0x00, 0x00, 0x00, 0x00, 0x00, 0x00, 0x00, 0x00, 0x00, 0x00, 0x00, 0x00, 0x00, 0x00, 0x00, 0x00, 0x00, 0x00, 0x00, 0x00, 0x00,
    0x00, 0x00, 0x00, 0x00, 0x00, 0x00, 0x00, 0x00, 0x00, 0x00, 0x00, 0x00, 0x00, 0x00, 0x00, 0x00, 0x00, 0x00, 0x00, 0x00, 0x00, 0x00, 0x00, 0x00,
    0x00, 0x00, 0x00, 0x00, 0x00, 0x00, 0x00, 0x00, 0x00, 0x00, 0x00, 0x00, 0x00, 0x00, 0x00, 0x00, 0x00, 0x00, 0x00, 0x00, 0x00, 0x00, 0x00, 0x00,
    0x00, 0x00, 0x00, 0x00, 0x00, 0x00, 0x00, 0x00, 0x00, 0x00, 0x00, 0x00, 0x00, 0x00, 0x00, 0x00, 0x00, 0x00, 0x00, 0x00, 0x00, 0x00, 0x00, 0x00,
    0x00, 0x00, 0x00, 0x00, 0x00, 0x00, 0x00, 0x00, 0x00, 0x00, 0x00, 0x00, 0x00, 0x00, 0x00, 0x00, 0x00, 0x00, 0x00, 0x00, 0x00, 0x00, 0x00, 0x00,
    0x00, 0x00, 0x00, 0x00, 0x00, 0x00, 0x00, 0x00, 0x00, 0x00, 0x00, 0x00, 0x00, 0x00, 0x00, 0x00, 0x00, 0x00, 0x00, 0x00, 0x00, 0x00, 0x00, 0x00,
    0x00, 0x00, 0x00, 0x00, 0x00, 0x00, 0x00, 0x00, 0x00, 0x00, 0x00, 0x00, 0x00, 0x00, 0x00, 0x00, 0x00, 0x00, 0x00, 0x00, 0x00, 0x00, 0x00, 0x00,
    0x00, 0x00, 0x00, 0x00, 0x00, 0x00, 0x00, 0x00, 0x00, 0x00, 0x00, 0x00, 0x00, 0x00, 0x00, 0x00, 0x00, 0x00, 0x00, 0x00, 0x00, 0x00, 0x00, 0x00,
    0x00, 0x00, 0x00, 0x00, 0x00, 0x00, 0x00, 0x00, 0x00, 0x00, 0x00, 0x00, 0x00, 0x00, 0x00, 0x00, 0x00, 0x00, 0x00, 0x00, 0x00, 0x00, 0x00, 0x00,
    0x00, 0x00, 0x00, 0x00, 0x00, 0x00, 0x00, 0x00, 0x00, 0x00, 0x00, 0x00, 0x00, 0x00, 0x00, 0x00, 0x00, 0x00, 0x00, 0x00, 0x00, 0x00, 0x00, 0x00,
    0x00, 0x00, 0x00, 0x00, 0x00, 0x00, 0x00, 0x00, 0x00, 0x00, 0x00, 0x00, 0x00, 0x00, 0x00, 0x00, 0x00, 0x00, 0x00, 0x00, 0x00, 0x00, 0x00, 0x00,
    0x00, 0x00, 0x00, 0x00, 0x00, 0x00, 0x00, 0x00, 0x00, 0x00, 0x00, 0x00, 0x00, 0x00, 0x00, 0x00, 0x00, 0x00, 0x00, 0x00, 0x00, 0x00, 0x00, 0x00,
    0x00, 0x00, 0x00, 0x00, 0x00, 0x00, 0x00, 0x00, 0x00, 0x00, 0x00, 0x00, 0x00, 0x00, 0x00, 0x00, 0x00, 0x00, 0x00, 0x00, 0x00, 0x00, 0x00, 0x00,
    0x00, 0x00, 0x00, 0x00, 0x00, 0x00, 0x00, 0x00, 0x00, 0x00, 0x00, 0x00, 0x00, 0x00, 0x00, 0x00, 0x00, 0x00, 0x00, 0x00, 0x00, 0x00, 0x00, 0x00,
    0x00, 0x00, 0x00, 0x00, 0x00, 0x00, 0x00, 0x00, 0x00, 0x00, 0x00, 0x00, 0x00, 0x00, 0x00, 0x00, 0x00, 0x00, 0x00, 0x00, 0x00, 0x00, 0x00, 0x00,
    0x00, 0x00, 0x00, 0x00, 0x00, 0x00, 0x00, 0x00, 0x00, 0x00, 0x00, 0x00, 0x00, 0x00, 0x00, 0x00, 0x00, 0x00, 0x00, 0x00, 0x00, 0x00, 0x00, 0x00,
    0x00, 0x00, 0x00, 0x00, 0x00, 0x00, 0x00, 0x00, 0x00, 0x00, 0x00, 0x00, 0x00, 0x00, 0x00, 0x00, 0x00, 0x00, 0x00, 0x00, 0x00, 0x00, 0x00, 0x00,
    0x00, 0x00, 0x00, 0x00, 0x00, 0x00, 0x00, 0x00, 0x00, 0x00, 0x00, 0x00, 0x00, 0x00, 0x00, 0x00, 0x00, 0x00, 0x00, 0x00, 0x00, 0x00, 0x00, 0x00,
    0x00, 0x00, 0x00, 0x00, 0x00, 0x00, 0x00, 0x00, 0x00, 0x00, 0x00, 0x00, 0x00, 0x00, 0x00, 0x00, 0x00, 0x00, 0x00, 0x00, 0x00, 0x00, 0x00, 0x00,
    0x00, 0x00, 0x00, 0x00, 0x00, 0x00, 0x00, 0x00, 0x00, 0x00, 0x00, 0x00, 0x00, 0x00, 0x00, 0x00, 0x00, 0x00, 0x00, 0x00, 0x00, 0x00, 0x00, 0x00,
    0x00, 0x00, 0x00, 0x00, 0x00, 0x00, 0x00, 0x00, 0x00, 0x00, 0x00, 0x00, 0x00, 0x00, 0x00, 0x00, 0x00, 0x00, 0x00, 0x00, 0x00, 0x00, 0x00, 0x01,
    0x00, 0x00, 0x00, 0x00, 0x00, 0x00, 0x00, 0x00, 0x00, 0x00, 0x00, 0x00, 0x00, 0x00, 0x00, 0x00, 0x00, 0x00, 0x00, 0x00, 0x00, 0x00, 0x00, 0x00,
    0x00, 0x00, 0x00, 0x00, 0x00, 0x00, 0x00, 0x00, 0x00, 0x00, 0x00, 0x00, 0xE5, 0x91, 0x0C, 0x66, 0x9A, 0x0A, 0xE5, 0x91, 0x85, 0xE5, 0x91, 0x89,
    0xE7, 0xB9, 0x04, 0x00, 0x00, 0x01, 0xAA, 0xAA, 0x03, 0x8A, 0x92, 0x16, 0x88, 0x9A, 0x22, 0xA8, 0xB2, 0x57, 0x67, 0xBA, 0xDC, 0xE5, 0xB9, 0xFF,
    0xA3, 0xB9, 0xFF, 0xA3, 0xB9, 0xFF, 0xA3, 0xB9, 0xFD, 0xA3, 0xB9, 0xFD, 0xA3, 0xB1, 0xFE, 0xA3, 0xB9, 0xFE, 0xA3, 0xB9, 0xFD, 0xC4, 0xB9, 0xFC,
    0xC4, 0xB9, 0xFF, 0xC4, 0xB9, 0xFF, 0xC4, 0xB9, 0xFF, 0xC4, 0xB1, 0xFF, 0xE5, 0xB1, 0xDB, 0xE5, 0xA1, 0xB5, 0x26, 0xAA, 0x6E, 0xC8, 0xB2, 0x32,
    0x4F, 0xD5, 0x06, 0x00, 0x00, 0x00, 0x00, 0x00, 0x00, 0x00, 0x00, 0x00, 0x00, 0x00, 0x00, 0x00, 0x00, 0x00, 0xE0, 0x7B, 0x02, 0xE0, 0xFF, 0x01,
    0x00, 0xF8, 0x01, 0xEF, 0xFB, 0x02, 0x00, 0x00, 0x00, 0xE7, 0x7B, 0x04, 0x00, 0x00, 0x00, 0x8A, 0xC3, 0x09, 0x87, 0xB2, 0x2E, 0x06, 0xAA, 0x6D,
    0xE5, 0xA1, 0xB6, 0xC4, 0xA9, 0xDC, 0xE4, 0xA9, 0xF4, 0xC4, 0xB1, 0xFF, 0xC4, 0xB9, 0xFF, 0xC3, 0xB9, 0xFF, 0xC3, 0xB9, 0xFF, 0xA3, 0xB9, 0xFC,
    0xC4, 0xB9, 0xFA, 0xC4, 0xB9, 0xFA, 0xC4, 0xB9, 0xFB, 0xC4, 0xB9, 0xFC, 0xC4, 0xB9, 0xFE, 0xC4, 0xB9, 0xFE, 0xC4, 0xB9, 0xFF, 0xC4, 0xB9, 0xFF,
    0xC4, 0xB9, 0xFF, 0xC4, 0xB9, 0xFF, 0xC4, 0xB9, 0xFF, 0xC4, 0xB9, 0xFF, 0xC4, 0xB9, 0xFF, 0xA4, 0xB9, 0xFE, 0xC4, 0xB9, 0xFE, 0xC4, 0xB9, 0xFE,
    0xA4, 0xB9, 0xFF, 0xA4, 0xB9, 0xFC, 0xC4, 0xB9, 0xFF, 0x46, 0xAA, 0xCB, 0x6A, 0xAB, 0x21, 0x67, 0x8A, 0x10, 0x00, 0xF8, 0x01, 0x00, 0x00, 0x00,
    0x00, 0x00, 0x00, 0x00, 0x00, 0x00, 0x00, 0x00, 0x00, 0x00, 0x00, 0x00, 0x00, 0x00, 0x00, 0x00, 0x00, 0x00, 0x00, 0x00, 0x00, 0x00, 0x00, 0x00,
    0xA5, 0xAA, 0x06, 0xAA, 0xAA, 0x06, 0x69, 0xB3, 0x07, 0x47, 0x7A, 0x2C, 0x48, 0x82, 0x1B, 0xEF, 0x7B, 0x02, 0xAA, 0xAA, 0x03, 0x00, 0xF8, 0x01,
    0xEF, 0x7B, 0x02, 0xEF, 0x7B, 0x02, 0x00, 0x00, 0x01, 0x00, 0x00, 0x00, 0x00, 0x00, 0x00, 0x00, 0x00, 0x00, 0x00, 0x00, 0x00, 0x00, 0x00, 0x00,
    0x00, 0x00, 0x00, 0x00, 0x00, 0x00, 0x00, 0x00, 0x00, 0x00, 0x00, 0x00, 0x00, 0x00, 0x00, 0x00, 0x00, 0x00, 0x00, 0x00, 0x00, 0x00, 0x00, 0x00,
    0x00, 0x00, 0x00, 0x00, 0x00, 0x00, 0x00, 0x00, 0x00, 0x00, 0x00, 0x00, 0x00, 0x00, 0x00, 0x00, 0x00, 0x00, 0x00, 0x00, 0x00, 0x00, 0x00, 0x00,
    0x00, 0x00, 0x00, 0x00, 0x00, 0x00, 0x00, 0x00, 0x00, 0x00, 0x00, 0x00, 0x00, 0x00, 0x00, 0x00, 0x00, 0x00, 0x00, 0x00, 0x00, 0x00, 0x00, 0x00,
    0x00, 0x00, 0x00, 0x00, 0x00, 0x00, 0x00, 0x00, 0x00, 0x00, 0x00, 0x00, 0x00, 0x00, 0x00, 0x00, 0x00, 0x00, 0x00, 0x00, 0x00, 0x00, 0x00, 0x00,
    0x00, 0x00, 0x00, 0x00, 0x00, 0x00, 0x00, 0x00, 0x00, 0x00, 0x00, 0x00, 0x00, 0x00, 0x00, 0x00, 0x00, 0x00, 0x00, 0x00, 0x00, 0x00, 0x00, 0x00,
    0x00, 0x00, 0x00, 0x00, 0x00, 0x00, 0x00, 0x00, 0x00, 0x00, 0x00, 0x00, 0x00, 0x00, 0x00, 0x00, 0x00, 0x00, 0x00, 0x00, 0x00, 0x00, 0x00, 0x00,
    0x00, 0x00, 0x00, 0x00, 0x00, 0x00, 0x00, 0x00, 0x00, 0x00, 0x00, 0x00, 0x00, 0x00, 0x00, 0x00, 0x00, 0x00, 0x00, 0x00, 0x00, 0x00, 0x00, 0x00,
    0x00, 0x00, 0x00, 0x00, 0x00, 0x00, 0x00, 0x00, 0x00, 0x00, 0x00, 0x00, 0x00, 0x00, 0x00, 0x00, 0x00, 0x00, 0x00, 0x00, 0x00, 0x00, 0x00, 0x00,
    0x00, 0x00, 0x00, 0x00, 0x00, 0x00, 0x00, 0x00, 0x00, 0x00, 0x00, 0x00, 0x00, 0x00, 0x00, 0x00, 0x00, 0x00, 0x00, 0x00, 0x00, 0x00, 0x00, 0x00,
    0x00, 0x00, 0x00, 0x00, 0x00, 0x00, 0x00, 0x00, 0x00, 0x00, 0x00, 0x00, 0x00, 0x00, 0x00, 0x00, 0x00, 0x00, 0x00, 0x00, 0x00, 0x00, 0x00, 0x00,
    0x00, 0x00, 0x00, 0x00, 0x00, 0x00, 0x00, 0x00, 0x00, 0x00, 0x00, 0x00, 0x00, 0x00, 0x00, 0x00, 0x00, 0x00, 0x00, 0x00, 0x00, 0x00, 0x00, 0x00,
    0x00, 0x00, 0x00, 0x00, 0x00, 0x00, 0x00, 0x00, 0x00, 0x00, 0x00, 0x00, 0x00, 0x00, 0x00, 0x00, 0x00, 0x00, 0x00, 0x00, 0x00, 0x00, 0x00, 0x00,
    0x00, 0x00, 0x00, 0x00, 0x00, 0x00, 0x00, 0x00, 0x00, 0x00, 0x00, 0x00, 0x00, 0x00, 0x00, 0x00, 0x00, 0x00, 0x00, 0x00, 0x00, 0x00, 0x00, 0x00,
    0x00, 0x00, 0x00, 0x00, 0x00, 0x00, 0x00, 0x00, 0x00, 0x00, 0x00, 0x00, 0x00, 0x00, 0x00, 0x00, 0x00, 0x00, 0x00, 0x00, 0x00, 0x00, 0x00, 0x00,
    0x00, 0x00, 0x00, 0x00, 0x00, 0x00, 0x00, 0x00, 0x00, 0x00, 0x00, 0x00, 0x00, 0x00, 0x00, 0x00, 0x00, 0x00, 0x00, 0x00, 0x00, 0x00, 0x00, 0x00,
    0x00, 0x00, 0x00, 0x00, 0x00, 0x00, 0x00, 0x00, 0x00, 0x00, 0x00, 0x00, 0x00, 0x00, 0x00, 0x00, 0x00, 0x00, 0x00, 0x00, 0x00, 0x00, 0x00, 0x00,
    0x00, 0x00, 0x00, 0x00, 0x00, 0x00, 0x00, 0x00, 0x00, 0x00, 0x00, 0x00, 0x00, 0x00, 0x00, 0x00, 0x00, 0x00, 0x00, 0x00, 0x00, 0x00, 0x00, 0x00,
    0x00, 0x00, 0x00, 0x00, 0x00, 0x00, 0x00, 0x00, 0x00, 0x00, 0x00, 0x00, 0x00, 0x00, 0x00, 0x00, 0x00, 0x00, 0x00, 0x00, 0x00, 0x00, 0x00, 0x00,
    0x00, 0x00, 0x00, 0x00, 0x00, 0x00, 0x00, 0x00, 0x00, 0x00, 0x00, 0x00, 0x00, 0x00, 0x00, 0x00, 0x00, 0x00, 0x00, 0x00, 0x00, 0x00, 0x00, 0x00,
    0x00, 0x00, 0x00, 0x00, 0x00, 0x00, 0x00, 0x00, 0x00, 0x00, 0x00, 0x00, 0x00, 0x00, 0x00, 0x00, 0x00, 0x00, 0x00, 0x00, 0x00, 0x00, 0x00, 0x00,
    0x00, 0x00, 0x00, 0x00, 0x00, 0x00, 0x00, 0x00, 0x00, 0x00, 0x00, 0x00, 0x00, 0x00, 0x00, 0x00, 0x00, 0x00, 0x00, 0x00, 0x00, 0x00, 0x00, 0x00,
    0x00, 0x00, 0x00, 0x00, 0x00, 0x00, 0x00, 0x00, 0x00, 0x00, 0x00, 0x00, 0x00, 0x00, 0x00, 0x00, 0x00, 0x00, 0x00, 0x00, 0x00, 0x00, 0x00, 0x00,
    0x00, 0x00, 0x00, 0x00, 0x00, 0x00, 0x00, 0x00, 0x00, 0x00, 0x00, 0x00, 0x00, 0x00, 0x00, 0x00, 0x00, 0x00, 0x00, 0x00, 0x00, 0x00, 0x00, 0x00,
    0x00, 0x00, 0x00, 0x00, 0x00, 0x00, 0x00, 0x00, 0x00, 0x00, 0x00, 0x00, 0x00, 0x00, 0x00, 0x00, 0x00, 0x00, 0x00, 0x00, 0x00, 0x00, 0x00, 0x00,
    0x00, 0x00, 0x00, 0x00, 0x00, 0x00, 0x00, 0x00, 0x00, 0x00, 0x00, 0x00, 0x00, 0x00, 0x00, 0x00, 0x00, 0x00, 0x00, 0x00, 0x00, 0x00, 0x00, 0x00,
    0x00, 0x00, 0x00, 0x00, 0x00, 0x00, 0x00, 0x00, 0x00, 0x00, 0x00, 0x00, 0x00, 0x00, 0x00, 0x00, 0x00, 0x00, 0x00, 0x00, 0x00, 0x00, 0x00, 0x00,
    0x00, 0x00, 0x00, 0x00, 0x00, 0x00, 0x00, 0x00, 0x00, 0x00, 0x00, 0x00, 0x00, 0x00, 0x00, 0x00, 0x00, 0x00, 0x00, 0x00, 0x00, 0x00, 0x00, 0x00,
    0x00, 0x00, 0x00, 0x00, 0x00, 0x00, 0x00, 0x00, 0x00, 0x00, 0x00, 0x00, 0x00, 0x00, 0x00, 0x00, 0x00, 0x00, 0x00, 0x00, 0x00, 0x00, 0x00, 0x00,
    0x00, 0x00, 0x00, 0x00, 0x00, 0x00, 0x00, 0x00, 0x00, 0x00, 0x00, 0x00, 0x00, 0x00, 0x00, 0x00, 0x00, 0x00, 0x00, 0x00, 0x00, 0x00, 0x00, 0x00,
    0x00, 0x00, 0x00, 0x00, 0x00, 0x00, 0x00, 0x00, 0x00, 0x00, 0x00, 0x00, 0x00, 0x00, 0x00, 0x00, 0x00, 0x00, 0x00, 0x00, 0x00, 0x00, 0x00, 0x00,
    0x00, 0x00, 0x00, 0x00, 0x00, 0x00, 0x00, 0x00, 0x00, 0x00, 0x00, 0x00, 0x00, 0x00, 0x00, 0x00, 0x00, 0x00, 0x00, 0x00, 0x00, 0x00, 0x00, 0x00,
    0x00, 0x00, 0x00, 0x00, 0x00, 0x00, 0x00, 0x00, 0x00, 0x00, 0x00, 0x00, 0x00, 0x00, 0x00, 0x00, 0x00, 0x00, 0x00, 0x00, 0x00, 0x00, 0x00, 0x00,
    0x00, 0x00, 0x00, 0x00, 0x00, 0x00, 0x00, 0x00, 0x00, 0x00, 0x00, 0x00, 0x00, 0x00, 0x00, 0x00, 0x00, 0x00, 0x00, 0x00, 0x00, 0x00, 0x00, 0x00,
    0x00, 0x00, 0x00, 0x00, 0x00, 0x00, 0x00, 0x00, 0x00, 0x00, 0x00, 0x00, 0x00, 0x00, 0x00, 0x00, 0x00, 0x00, 0x00, 0x00, 0x00, 0x00, 0x00, 0x00,
    0x00, 0x00, 0x00, 0x00, 0x00, 0x00, 0x00, 0x00, 0x00, 0x00, 0x00, 0x00, 0x00, 0x00, 0x00, 0x00, 0x00, 0x00, 0x00, 0x00, 0x00, 0x00, 0x00, 0x00,
    0x00, 0x00, 0x00, 0x00, 0x00, 0x00, 0x00, 0x00, 0x00, 0x00, 0x00, 0x00, 0x00, 0x00, 0x00, 0x00, 0x00, 0x00, 0x67, 0x9A, 0x14, 0x68, 0x92, 0x17,
    0xA9, 0xAA, 0x3F, 0xC8, 0xBA, 0xC1, 0xE4, 0xB9, 0xFF, 0x83, 0xB1, 0xFE, 0xA3, 0xB9, 0xFE, 0xA3, 0xB1, 0xFE, 0xA3, 0xB1, 0xFE, 0xA3, 0xB9, 0xFD,
    0xA3, 0xB1, 0xFE, 0xA3, 0xB9, 0xFF, 0xC3, 0xB9, 0xFF, 0xE4, 0xB9, 0xFF, 0xE4, 0xA9, 0xFC, 0x05, 0xB2, 0xD3, 0x46, 0xB2, 0xA6, 0x87, 0xB2, 0x75,
    0xE9, 0xB2, 0x20, 0xFF, 0xFF, 0x01, 0x00, 0x00, 0x00, 0x00, 0x00, 0x00, 0x00, 0x00, 0x01, 0xE0, 0xFB, 0x02, 0xEF, 0xFB, 0x02, 0x00, 0x00, 0x01,
    0x00, 0x00, 0x01, 0x00, 0x00, 0x01, 0x00, 0x00, 0x00, 0x00, 0x00, 0x00, 0x00, 0x00, 0x00, 0x00, 0x00, 0x00, 0x6E, 0xAC, 0x09, 0xA7, 0xB2, 0x2D,
    0xE5, 0xA1, 0x83, 0xC4, 0xA1, 0xCA, 0xA4, 0xA9, 0xF3, 0xA4, 0xB1, 0xFF, 0x83, 0xB1, 0xFF, 0xA3, 0xB1, 0xFF, 0xA3, 0xB1, 0xFF, 0xA3, 0xB9, 0xFA,
    0xA3, 0xB9, 0xFC, 0xC3, 0xB9, 0xFF, 0xC3, 0xB9, 0xFF, 0xC4, 0xC1, 0xFF, 0xE4, 0xC1, 0xFF, 0xE4, 0xB9, 0xFF, 0xE4, 0xB9, 0xFF, 0xE4, 0xB1, 0xFF,
    0x05, 0xB2, 0xFF, 0x05, 0xB2, 0xFF, 0xE4, 0xA9, 0xF6, 0xE4, 0xA9, 0xF3, 0x05, 0xB2, 0xF2, 0x05, 0xB2, 0xF3, 0xE5, 0xA9, 0xF5, 0xE5, 0xA9, 0xF8,
    0xE4, 0xB1, 0xFF, 0xC4, 0xB9, 0xFF, 0xC4, 0xB9, 0xFF, 0xC4, 0xB9, 0xFF, 0xA3, 0xB9, 0xFE, 0xC4, 0xB9, 0xFF, 0x26, 0xB2, 0xF2, 0xE9, 0xBA, 0x6C,
    0xC9, 0x9A, 0x1F, 0x07, 0x9B, 0x0D, 0xEF, 0xFB, 0x02, 0x00, 0x00, 0x00, 0x00, 0x00, 0x00, 0x00, 0x00, 0x00, 0x00, 0x00, 0x00, 0x00, 0x00, 0x00,
    0x00, 0x00, 0x00, 0x00, 0x00, 0x00, 0x00, 0x00, 0x00, 0x00, 0x00, 0x00, 0x00, 0x00, 0x00, 0x00, 0x00, 0x00, 0x00, 0x78, 0x02, 0x00, 0x00, 0x00,
    0x00, 0x00, 0x00, 0xEF, 0xFB, 0x02, 0xE0, 0xFF, 0x01, 0x00, 0x00, 0x00, 0x00, 0x00, 0x00, 0x00, 0x00, 0x00, 0x00, 0x00, 0x00, 0x00, 0x00, 0x00,
    0x00, 0x00, 0x00, 0x00, 0x00, 0x00, 0x00, 0x00, 0x00, 0x00, 0x00, 0x00, 0x00, 0x00, 0x00, 0x00, 0x00, 0x00, 0x00, 0x00, 0x00, 0x00, 0x00, 0x00,
    0x00, 0x00, 0x00, 0x00, 0x00, 0x00, 0x00, 0x00, 0x00, 0x00, 0x00, 0x00, 0x00, 0x00, 0x00, 0x00, 0x00, 0x00, 0x00, 0x00, 0x00, 0x00, 0x00, 0x00,
    0x00, 0x00, 0x00, 0x00, 0x00, 0x00, 0x00, 0x00, 0x00, 0x00, 0x00, 0x00, 0x00, 0x00, 0x00, 0x00, 0x00, 0x00, 0x00, 0x00, 0x00, 0x00, 0x00, 0x00,
    0x00, 0x00, 0x00, 0x00, 0x00, 0x00, 0x00, 0x00, 0x00, 0x00, 0xF8, 0x01, 0x00, 0x00, 0x00, 0x00, 0x00, 0x00, 0x00, 0x00, 0x00, 0x00, 0x00, 0x00,
    0x00, 0x00, 0x00, 0x00, 0x00, 0x00, 0x00, 0x00, 0x00, 0x00, 0x00, 0x00, 0x00, 0x00, 0x00, 0x00, 0x00, 0x00, 0x00, 0x00, 0x00, 0x00, 0x00, 0x00,
    0x00, 0x00, 0x00, 0x00, 0x00, 0x00, 0x00, 0x00, 0x00, 0x00, 0x00, 0x00, 0x00, 0x00, 0x00, 0x00, 0x00, 0x00, 0x00, 0x00, 0x00, 0x00, 0x00, 0x00,
    0x00, 0x00, 0x00, 0x00, 0x00, 0x00, 0x00, 0x00, 0x00, 0x00, 0x00, 0x00, 0x00, 0x00, 0x00, 0x00, 0x00, 0x00, 0x00, 0x00, 0x00, 0x00, 0x00, 0x00,
    0x00, 0x00, 0x00, 0x00, 0x00, 0x00, 0x00, 0x00, 0x00, 0x00, 0x00, 0x00, 0x00, 0x00, 0x00, 0x00, 0x00, 0x00, 0x00, 0x00, 0x00, 0x00, 0x00, 0x00,
    0x00, 0x00, 0x00, 0x00, 0x00, 0x00, 0x00, 0x00, 0x00, 0x00, 0x00, 0x00, 0x00, 0x00, 0x00, 0x00, 0x00, 0x00, 0x00, 0x00, 0x00, 0x00, 0x00, 0x00,
    0x00, 0x00, 0x00, 0x00, 0x00, 0x00, 0x00, 0x00, 0x00, 0x00, 0x00, 0x00, 0x00, 0x00, 0x00, 0x00, 0x00, 0x00, 0x00, 0x00, 0x00, 0x00, 0x00, 0x00,
    0x00, 0x00, 0x00, 0x00, 0x00, 0x00, 0x00, 0x00, 0x00, 0x00, 0x00, 0x00, 0x00, 0x00, 0x00, 0x00, 0x00, 0x00, 0x00, 0x00, 0x00, 0x00, 0x00, 0x00,
    0x00, 0x00, 0x00, 0x00, 0x00, 0x00, 0x00, 0x00, 0x00, 0x00, 0x00, 0x00, 0x00, 0x00, 0x00, 0x00, 0x00, 0x00, 0x00, 0x00, 0x00, 0x00, 0x00, 0x00,
    0x00, 0x00, 0x00, 0x00, 0x00, 0x00, 0x00, 0x00, 0x00, 0x00, 0x00, 0x00, 0x00, 0x00, 0x00, 0x00, 0x00, 0x00, 0x00, 0x00, 0x00, 0x00, 0x00, 0x00,
    0x00, 0x00, 0x00, 0x00, 0x00, 0x00, 0x00, 0x00, 0x00, 0x00, 0x00, 0x00, 0x00, 0x00, 0x00, 0x00, 0x00, 0x00, 0x00, 0x00, 0x00, 0x00, 0x00, 0x00,
    0x00, 0x00, 0x00, 0x00, 0x00, 0x00, 0x00, 0x00, 0x00, 0x00, 0x00, 0x00, 0x00, 0x00, 0x00, 0x00, 0x00, 0x00, 0x00, 0x00, 0x00, 0x00, 0x00, 0x00,
    0x00, 0x00, 0x00, 0x00, 0x00, 0x00, 0x00, 0x00, 0x00, 0x00, 0x00, 0x00, 0x00, 0x00, 0x00, 0x00, 0x00, 0x00, 0x00, 0x00, 0x00, 0x00, 0x00, 0x00,
    0x00, 0x00, 0x00, 0x00, 0x00, 0x00, 0x00, 0x00, 0x00, 0x00, 0x00, 0x00, 0x00, 0x00, 0x00, 0x00, 0x00, 0x00, 0x00, 0x00, 0x00, 0x00, 0x00, 0x00,
    0x00, 0x00, 0x00, 0x00, 0x00, 0x00, 0x00, 0x00, 0x00, 0x00, 0x00, 0x00, 0x00, 0x00, 0x00, 0x00, 0x00, 0x00, 0x00, 0x00, 0x00, 0x00, 0x00, 0x00,
    0x00, 0x00, 0x00, 0x00, 0x00, 0x00, 0x00, 0x00, 0x00, 0x00, 0x00, 0x00, 0x00, 0x00, 0x00, 0x00, 0x00, 0x00, 0x00, 0x00, 0x00, 0x00, 0x00, 0x00,
    0x00, 0x00, 0x00, 0x00, 0x00, 0x00, 0x00, 0x00, 0x00, 0x00, 0x00, 0x00, 0x00, 0x00, 0x00, 0x00, 0x00, 0x00, 0x00, 0x00, 0x00, 0x00, 0x00, 0x00,
    0x00, 0x00, 0x00, 0x00, 0x00, 0x00, 0x00, 0x00, 0x00, 0x00, 0x00, 0x00, 0x00, 0x00, 0x00, 0x00, 0x00, 0x00, 0x00, 0x00, 0x00, 0x00, 0x00, 0x00,
    0x00, 0x00, 0x00, 0x00, 0x00, 0x00, 0x00, 0x00, 0x00, 0x00, 0x00, 0x00, 0x00, 0x00, 0x00, 0x00, 0x00, 0x00, 0x00, 0x00, 0x00, 0x00, 0x00, 0x00,
    0x00, 0x00, 0x00, 0x00, 0x00, 0x00, 0x00, 0x00, 0x00, 0x00, 0x00, 0x00, 0x00, 0x00, 0x00, 0x00, 0x00, 0x00, 0x00, 0x00, 0x00, 0x00, 0x00, 0x00,
    0x00, 0x00, 0x00, 0x00, 0x00, 0x00, 0x00, 0x00, 0x00, 0x00, 0x00, 0x00, 0x00, 0x00, 0x00, 0x00, 0x00, 0x00, 0x00, 0x00, 0x00, 0x00, 0x00, 0x00,
    0x00, 0x00, 0x00, 0x00, 0x00, 0x00, 0x00, 0x00, 0x00, 0x00, 0x00, 0x00, 0x00, 0x00, 0x00, 0x00, 0x00, 0x00, 0x00, 0x00, 0x00, 0x00, 0x00, 0x00,
    0x00, 0x00, 0x00, 0x00, 0x00, 0x00, 0x00, 0x00, 0x00, 0x00, 0x00, 0x00, 0x00, 0x00, 0x00, 0x00, 0x00, 0x00, 0x00, 0x00, 0x00, 0x00, 0x00, 0x00,
    0x00, 0x00, 0x00, 0x00, 0x00, 0x00, 0x00, 0x00, 0x00, 0x00, 0x00, 0x00, 0x00, 0x00, 0x00, 0x00, 0x00, 0x00, 0x00, 0x00, 0x00, 0x00, 0x00, 0x00,
    0x00, 0x00, 0x00, 0x00, 0x00, 0x00, 0x00, 0x00, 0x00, 0x00, 0x00, 0x00, 0x00, 0x00, 0x00, 0x00, 0x00, 0x00, 0x00, 0x00, 0x00, 0x00, 0x00, 0x00,
    0x00, 0x00, 0x00, 0x00, 0x00, 0x00, 0x00, 0x00, 0x00, 0x00, 0x00, 0x00, 0x00, 0x00, 0x00, 0x00, 0x00, 0x00, 0x00, 0x00, 0x00, 0x00, 0x00, 0x00,
    0x00, 0x00, 0x00, 0x00, 0x00, 0x00, 0x00, 0x00, 0x00, 0x00, 0x00, 0x00, 0x00, 0x00, 0x00, 0x00, 0x00, 0x00, 0x00, 0x00, 0x00, 0x00, 0x00, 0x00,
    0x00, 0x00, 0x00, 0x00, 0x00, 0x00, 0x00, 0x00, 0x00, 0x00, 0x00, 0x00, 0x00, 0x00, 0x00, 0x00, 0x00, 0x00, 0x00, 0x00, 0x00, 0x00, 0x00, 0x00,
    0x00, 0x00, 0x00, 0x00, 0x00, 0x00, 0x00, 0x00, 0x00, 0x00, 0x00, 0x00, 0x00, 0x00, 0x00, 0x00, 0x00, 0x00, 0x00, 0x00, 0x00, 0x00, 0x00, 0x00,
    0x00, 0x00, 0x00, 0x00, 0x00, 0x00, 0x00, 0x00, 0x00, 0x00, 0x00, 0x00, 0x00, 0x00, 0x00, 0x00, 0x00, 0x00, 0x00, 0x00, 0x00, 0x00, 0x00, 0x00,
    0x00, 0x00, 0x00, 0x00, 0x00, 0x00, 0x00, 0x00, 0x00, 0x00, 0x00, 0x00, 0x00, 0x00, 0x00, 0x00, 0x00, 0x00, 0x00, 0x00, 0x00, 0x00, 0x00, 0x00,
    0x00, 0x00, 0x00, 0x00, 0x00, 0x00, 0x00, 0x00, 0x00, 0x00, 0x00, 0x00, 0x00, 0x00, 0x00, 0x00, 0x00, 0x00, 0x00, 0x00, 0x00, 0x00, 0x00, 0x00,
    0x00, 0x00, 0x00, 0x00, 0x00, 0x00, 0x00, 0x00, 0x00, 0x00, 0x00, 0x00, 0x00, 0x00, 0x00, 0x00, 0x00, 0x00, 0x00, 0x78, 0x02, 0x00, 0x78, 0x02,
    0x00, 0x00, 0x00, 0x00, 0x00, 0x00, 0x2C, 0x9B, 0x05, 0x68, 0x92, 0x20, 0xE9, 0xAA, 0x55, 0xE9, 0xC2, 0xD4, 0xE5, 0xB9, 0xFF, 0x63, 0xB1, 0xFD,
    0x83, 0xB1, 0xFE, 0x83, 0xB1, 0xFE, 0xA3, 0xB1, 0xFF, 0xA3, 0xB9, 0xFF, 0xE4, 0xB1, 0xFF, 0x05, 0xB2, 0xEB, 0x05, 0xAA, 0xCD, 0x67, 0xB2, 0x8C,
    0x88, 0xB2, 0x52, 0x6A, 0xB3, 0x15, 0x00, 0x00, 0x00, 0x00, 0x00, 0x00, 0x00, 0x00, 0x00, 0x00, 0x00, 0x00, 0x00, 0x78, 0x02, 0x00, 0xF8, 0x01,
    0x00, 0x00, 0x00, 0x00, 0x00, 0x00, 0x00, 0x00, 0x00, 0x00, 0x00, 0x00, 0x00, 0x00, 0x00, 0x00, 0x00, 0x00, 0x00, 0x00, 0x00, 0x00, 0x00, 0x00,
    0xEF, 0x7B, 0x02, 0x66, 0xAA, 0x42, 0xC4, 0xA1, 0xC2, 0xC4, 0xA9, 0xF2, 0xA3, 0xB1, 0xFF, 0x83, 0xB1, 0xFF, 0x62, 0xB1, 0xFF, 0x62, 0xB1, 0xFA,
    0x62, 0xB1, 0xFB, 0x83, 0xB1, 0xFF, 0xA3, 0xB9, 0xFF, 0xC4, 0xB9, 0xFF, 0xC4, 0xA9, 0xFF, 0xC4, 0xA9, 0xF1, 0xC4, 0xA9, 0xDD, 0xE4, 0xA9, 0xBF,
    0x05, 0xAA, 0xA3, 0x26, 0xAA, 0x83, 0x46, 0xB2, 0x73, 0x46, 0xAA, 0x5F, 0x67, 0xAA, 0x57, 0x87, 0xAA, 0x5A, 0x87, 0xA2, 0x36, 0x67, 0xA2, 0x32,
    0x87, 0xAA, 0x46, 0x88, 0xA2, 0x46, 0x67, 0xA2, 0x40, 0x88, 0xAA, 0x4B, 0xC8, 0xBA, 0x63, 0x25, 0xB2, 0xD6, 0x46, 0xB2, 0xE2, 0x46, 0xBA, 0xE7,
    0xC4, 0xB1, 0xFE, 0x26, 0xB2, 0xE0, 0xE9, 0xBA, 0x7E, 0x09, 0xAB, 0x2F, 0xC9, 0x9A, 0x14, 0xC8, 0x9A, 0x17, 0x69, 0x9A, 0x0A, 0x00, 0x00, 0x00,
    0x00, 0x00, 0x00, 0x00, 0x00, 0x00, 0x00, 0x00, 0x00, 0x00, 0x00, 0x00, 0x00, 0x00, 0x00, 0x00, 0x00, 0x00, 0x00, 0x00, 0x00, 0x00, 0x00, 0x00,
    0x00, 0x00, 0x01, 0x00, 0x00, 0x00, 0x67, 0x9A, 0x0D, 0xE6, 0x71, 0x8A, 0xC5, 0x79, 0x16, 0x00, 0x00, 0x00, 0x00, 0x00, 0x01, 0x00, 0x00, 0x00,
    0x00, 0x00, 0x00, 0x00, 0x00, 0x00, 0x00, 0x00, 0x00, 0x00, 0x00, 0x00, 0x00, 0x00, 0x00, 0x00, 0x00, 0x00, 0x00, 0x00, 0x00, 0x00, 0x00, 0x00,
    0x00, 0x00, 0x00, 0x00, 0x00, 0x00, 0x00, 0x00, 0x00, 0x00, 0x00, 0x00, 0x00, 0x00, 0x00, 0x00, 0x00, 0x00, 0x00, 0x00, 0x00, 0x00, 0x00, 0x00,
    0x00, 0x00, 0x00, 0x00, 0x00, 0x00, 0x00, 0x00, 0x00, 0x00, 0x00, 0x00, 0x00, 0x00, 0x00, 0x00, 0x00, 0x00, 0x00, 0x00, 0x00, 0x00, 0x00, 0x00,
    0x00, 0x00, 0x00, 0x00, 0x00, 0x00, 0x00, 0x00, 0x00, 0x00, 0x00, 0x00, 0x00, 0x00, 0x00, 0x00, 0x00, 0x00, 0x00, 0x00, 0x00, 0x00, 0x00, 0x00,
    0x00, 0x00, 0x00, 0x00, 0x00, 0x00, 0x00, 0x00, 0x00, 0x00, 0x00, 0x00, 0x00, 0x00, 0x00, 0x00, 0x00, 0x00, 0x00, 0x00, 0x00, 0x00, 0x00, 0x00,
    0x00, 0x00, 0x00, 0x00, 0x00, 0x00, 0x00, 0x00, 0x00, 0x00, 0x00, 0x00, 0x00, 0x00, 0x00, 0x00, 0x00, 0x00, 0x00, 0x00, 0x00, 0x00, 0x00, 0x00,
    0x00, 0x00, 0x00, 0x00, 0x00, 0x00, 0x00, 0x00, 0x00, 0x00, 0x00, 0x00, 0x00, 0x00, 0x00, 0x00, 0x00, 0x00, 0x00, 0x00, 0x00, 0x00, 0x00, 0x00,
    0x00, 0x00, 0x00, 0x00, 0x00, 0x00, 0x00, 0x00, 0x00, 0x00, 0x00, 0x00, 0x00, 0x00, 0x00, 0x00, 0x00, 0x00, 0x00, 0x00, 0x00, 0x00, 0x00, 0x00,
    0x00, 0x00, 0x00, 0x00, 0x00, 0x00, 0x00, 0x00, 0x00, 0x00, 0x00, 0x00, 0x00, 0x00, 0x00, 0x00, 0x00, 0x00, 0x00, 0x00, 0x00, 0x00, 0x00, 0x00,
    0x00, 0x00, 0x00, 0x00, 0x00, 0x00, 0x00, 0x00, 0x00, 0x00, 0x00, 0x00, 0x00, 0x00, 0x00, 0x00, 0x00, 0x00, 0x00, 0x00, 0x00, 0x00, 0x00, 0x00,
    0x00, 0x00, 0x00, 0x00, 0x00, 0x00, 0x00, 0x00, 0x00, 0x00, 0x00, 0x00, 0x00, 0x00, 0x00, 0x00, 0x00, 0x00, 0x00, 0x00, 0x00, 0x00, 0x00, 0x00,
    0x00, 0x00, 0x00, 0x00, 0x00, 0x00, 0x00, 0x00, 0x00, 0x00, 0x00, 0x00, 0x00, 0x00, 0x00, 0x00, 0x00, 0x00, 0x00, 0x00, 0x00, 0x00, 0x00, 0x00,
    0x00, 0x00, 0x00, 0x00, 0x00, 0x00, 0x00, 0x00, 0x00, 0x00, 0x00, 0x00, 0x00, 0x00, 0x00, 0x00, 0x00, 0x00, 0x00, 0x00, 0x00, 0x00, 0x00, 0x00,
    0x00, 0x00, 0x00, 0x00, 0x00, 0x00, 0x00, 0x00, 0x00, 0x00, 0x00, 0x00, 0x00, 0x00, 0x00, 0x00, 0x00, 0x00, 0x00, 0x00, 0x00, 0x00, 0x00, 0x00,
    0x00, 0x00, 0x00, 0x00, 0x00, 0x00, 0x00, 0x00, 0x00, 0x00, 0x00, 0x00, 0x00, 0x00, 0x00, 0x00, 0x00, 0x00, 0x00, 0x00, 0x00, 0x00, 0x00, 0x00,
    0x00, 0x00, 0x00, 0x00, 0x00, 0x00, 0x00, 0x00, 0x00, 0x00, 0x00, 0x00, 0x00, 0x00, 0x00, 0x00, 0x00, 0x00, 0x00, 0x00, 0x00, 0x00, 0x00, 0x00,
    0x00, 0x00, 0x00, 0x00, 0x00, 0x00, 0x00, 0x00, 0x00, 0x00, 0x00, 0x00, 0x00, 0x00, 0x00, 0x00, 0x00, 0x00, 0x00, 0x00, 0x00, 0x00, 0x00, 0x00,
    0x00, 0x00, 0x00, 0x00, 0x00, 0x00, 0x00, 0x00, 0x00, 0x00, 0x00, 0x00, 0x00, 0x00, 0x00, 0x00, 0x00, 0x00, 0x00, 0x00, 0x00, 0x00, 0x00, 0x00,
    0x00, 0x00, 0x00, 0x00, 0x00, 0x00, 0x00, 0x00, 0x00, 0x00, 0x00, 0x00, 0x00, 0x00, 0x00, 0x00, 0x00, 0x00, 0x00, 0x00, 0x00, 0x00, 0x00, 0x00,
    0x00, 0x00, 0x00, 0x00, 0x00, 0x00, 0x00, 0x00, 0x00, 0x00, 0x00, 0x00, 0x00, 0x00, 0x00, 0x00, 0x00, 0x00, 0x00, 0x00, 0x00, 0x00, 0x00, 0x00,
    0x00, 0x00, 0x00, 0x00, 0x00, 0x00, 0x00, 0x00, 0x00, 0x00, 0x00, 0x00, 0x00, 0x00, 0x00, 0x00, 0x00, 0x00, 0x00, 0x00, 0x00, 0x00, 0x00, 0x00,
    0x00, 0x00, 0x00, 0x00, 0x00, 0x00, 0x00, 0x00, 0x00, 0x00, 0x00, 0x00, 0x00, 0x00, 0x00, 0x00, 0x00, 0x00, 0x00, 0x00, 0x00, 0x00, 0x00, 0x00,
    0x00, 0x00, 0x00, 0x00, 0x00, 0x00, 0x00, 0x00, 0x00, 0x00, 0x00, 0x00, 0x00, 0x00, 0x00, 0x00, 0x00, 0x00, 0x00, 0x00, 0x00, 0x00, 0x00, 0x00,
    0x00, 0x00, 0x00, 0x00, 0x00, 0x00, 0x00, 0x00, 0x00, 0x00, 0x00, 0x00, 0x00, 0x00, 0x00, 0x00, 0x00, 0x00, 0x00, 0x00, 0x00, 0x00, 0x00, 0x00,
    0x00, 0x00, 0x00, 0x00, 0x00, 0x00, 0x00, 0x00, 0x00, 0x00, 0x00, 0x00, 0x00, 0x00, 0x00, 0x00, 0x00, 0x00, 0x00, 0x00, 0x00, 0x00, 0x00, 0x00,
    0x00, 0x00, 0x00, 0x00, 0x00, 0x00, 0x00, 0x00, 0x00, 0x00, 0x00, 0x00, 0x00, 0x00, 0x00, 0x00, 0x00, 0x00, 0x00, 0x00, 0x00, 0x00, 0x00, 0x00,
    0x00, 0x00, 0x00, 0x00, 0x00, 0x00, 0x00, 0x00, 0x00, 0x00, 0x00, 0x00, 0x00, 0x00, 0x00, 0x00, 0x00, 0x00, 0x00, 0x00, 0x00, 0x00, 0x00, 0x00,
    0x00, 0x00, 0x00, 0x00, 0x00, 0x00, 0x00, 0x00, 0x00, 0x00, 0x00, 0x00, 0x00, 0x00, 0x00, 0x00, 0x00, 0x00, 0x00, 0x00, 0x00, 0x00, 0x00, 0x00,
    0x00, 0x00, 0x00, 0x00, 0x00, 0x00, 0x00, 0x00, 0x00, 0x00, 0x00, 0x00, 0x00, 0x00, 0x00, 0x00, 0x00, 0x00, 0x00, 0x00, 0x00, 0x00, 0x00, 0x00,
    0x00, 0x00, 0x00, 0x00, 0x00, 0x00, 0x00, 0x00, 0x00, 0x00, 0x00, 0x00, 0x00, 0x00, 0x00, 0x00, 0x00, 0x00, 0x00, 0x00, 0x00, 0x00, 0x00, 0x00,
    0x00, 0x00, 0x00, 0x00, 0x00, 0x00, 0x00, 0x00, 0x00, 0x00, 0x00, 0x00, 0x00, 0x00, 0x00, 0x00, 0x00, 0x00, 0x00, 0x00, 0x00, 0x00, 0x00, 0x00,
    0x00, 0x00, 0x00, 0x00, 0x00, 0x00, 0x00, 0x00, 0x00, 0x00, 0x00, 0x00, 0x00, 0x00, 0x00, 0x00, 0x00, 0x00, 0x00, 0x00, 0x00, 0x00, 0x00, 0x00,
    0x00, 0x00, 0x00, 0x00, 0x00, 0x00, 0x00, 0x00, 0x00, 0x00, 0x00, 0x00, 0x00, 0x00, 0x00, 0x00, 0x00, 0x00, 0x00, 0x00, 0x00, 0x00, 0x00, 0x00,
    0x00, 0x00, 0x00, 0x00, 0x00, 0x00, 0x00, 0x00, 0x00, 0x00, 0x00, 0x00, 0x00, 0x00, 0x00, 0x00, 0x00, 0x00, 0x00, 0x00, 0x00, 0x00, 0x00, 0x00,
    0x00, 0x00, 0x00, 0x00, 0x00, 0x00, 0x00, 0x00, 0x00, 0x00, 0x00, 0x00, 0x00, 0x00, 0x00, 0x00, 0x00, 0x00, 0x00, 0x00, 0x00, 0x00, 0x00, 0x00,
    0x00, 0x00, 0x00, 0x00, 0x00, 0x00, 0x00, 0x00, 0x00, 0x00, 0x00, 0x00, 0x00, 0x00, 0x00, 0x00, 0x00, 0x00, 0x00, 0x00, 0x00, 0x00, 0x00, 0x00,
    0x00, 0x00, 0x00, 0x00, 0x00, 0x00, 0x00, 0x00, 0x00, 0x00, 0x00, 0x00, 0x00, 0x00, 0x00, 0xC7, 0x89, 0x09, 0x00, 0x78, 0x02, 0xAA, 0x9A, 0x12,
    0x89, 0xA2, 0x37, 0xE9, 0xBA, 0x9C, 0x87, 0xBA, 0xEB, 0x05, 0xBA, 0xFF, 0xC4, 0xB1, 0xFF, 0xE4, 0xB9, 0xFF, 0x25, 0xB2, 0xFA, 0x67, 0xBA, 0xC6,
    0xC9, 0xBA, 0x85, 0x0A, 0xBB, 0x49, 0xCD, 0xAB, 0x13, 0x00, 0x00, 0x00, 0x00, 0x00, 0x00, 0x00, 0x00, 0x00, 0x00, 0xF8, 0x01, 0x00, 0x78, 0x02,
    0x00, 0xF8, 0x01, 0x00, 0x00, 0x00, 0x00, 0x00, 0x00, 0x00, 0x00, 0x00, 0x00, 0x00, 0x00, 0x00, 0x00, 0x00, 0x00, 0x00, 0x00, 0x00, 0x00, 0x00,
    0x00, 0x00, 0x00, 0x00, 0x00, 0x00, 0x00, 0xF8, 0x01, 0x00, 0x00, 0x00, 0x29, 0xBB, 0x2D, 0x05, 0xAA, 0xE0, 0x83, 0xB1, 0xFF, 0x83, 0xB1, 0xFF,
    0x83, 0xB1, 0xFA, 0x82, 0xB1, 0xFF, 0xA3, 0xB9, 0xFF, 0x83, 0xB1, 0xFF, 0xA3, 0xB1, 0xFF, 0xA4, 0xA1, 0xE6, 0xC4, 0x99, 0xC9, 0xE4, 0xA1, 0x88,
    0x66, 0xAA, 0x4D, 0x67, 0xA2, 0x32, 0xC8, 0xA2, 0x17, 0xEF, 0x7B, 0x04, 0x00, 0x00, 0x00, 0x00, 0x00, 0x00, 0x00, 0x00, 0x00, 0x00, 0x00, 0x00,
    0x00, 0x00, 0x00, 0x00, 0x00, 0x00, 0x00, 0x00, 0x00, 0x00, 0x00, 0x00, 0x00, 0x00, 0x00, 0x00, 0x00, 0x00, 0xAA, 0xAA, 0x03, 0x26, 0x9B, 0x05,
    0xFF, 0xFF, 0x02, 0x46, 0xA2, 0xAA, 0x67, 0xA2, 0x8A, 0x47, 0xB2, 0x8D, 0xC4, 0xA1, 0xFF, 0x0A, 0xBB, 0x66, 0xE9, 0xA2, 0x34, 0xC8, 0xA2, 0x28,
    0xE7, 0xAA, 0x10, 0x00, 0x00, 0x00, 0xE0, 0x7B, 0x02, 0x00, 0x00, 0x00, 0x00, 0x00, 0x00, 0x00, 0x00, 0x00, 0x00, 0x00, 0x00, 0x00, 0x00, 0x00,
    0x00, 0x00, 0x00, 0x00, 0x00, 0x00, 0x00, 0x00, 0x00, 0x00, 0x00, 0x00, 0x00, 0x00, 0x01, 0x00, 0x00, 0x00, 0xE7, 0x79, 0x08, 0xE5, 0x79, 0x50,
    0xE5, 0x79, 0x0C, 0x00, 0x00, 0x00, 0x00, 0x00, 0x00, 0x00, 0x00, 0x00, 0x00, 0x00, 0x00, 0x00, 0x00, 0x00, 0x00, 0x00, 0x00, 0x00, 0x00, 0x00,
    0x00, 0x00, 0x00, 0x00, 0x00, 0x00, 0x00, 0x00, 0x00, 0x00, 0x00, 0x00, 0x00, 0x00, 0x00, 0x00, 0x00, 0x00, 0x00, 0x00, 0x00, 0x00, 0x00, 0x00,
    0x00, 0x00, 0x00, 0x00, 0x00, 0x00, 0x00, 0x00, 0x00, 0x00, 0x00, 0x00, 0x00, 0x00, 0x00, 0x00, 0x00, 0x00, 0x00, 0x00, 0x00, 0x00, 0x00, 0x00,
    0x00, 0x00, 0x00, 0x00, 0x00, 0x00, 0x00, 0x00, 0x00, 0x00, 0x00, 0x00, 0x00, 0x00, 0x00, 0x00, 0x00, 0x00, 0x00, 0x00, 0x00, 0x00, 0x00, 0x00,
    0x00, 0x78, 0x02, 0x00, 0x00, 0x00, 0xC6, 0x81, 0x2F, 0xE5, 0x81, 0x8B, 0xFF, 0xFF, 0x01, 0x00, 0x00, 0x00, 0x00, 0x00, 0x01, 0x00, 0x00, 0x00,
    0x00, 0x00, 0x00, 0x00, 0x00, 0x00, 0x00, 0x00, 0x00, 0x00, 0x00, 0x00, 0x00, 0x00, 0x00, 0x00, 0x00, 0x00, 0x00, 0x00, 0x00, 0x00, 0x00, 0x00,
    0x00, 0x00, 0x00, 0x00, 0x00, 0x00, 0x00, 0x00, 0x00, 0x00, 0x00, 0x00, 0x00, 0x00, 0x00, 0x00, 0x00, 0x00, 0x00, 0x00, 0x00, 0x00, 0x00, 0x00,
    0x00, 0x00, 0x00, 0x00, 0x00, 0x00, 0x00, 0x00, 0x00, 0x00, 0x00, 0x00, 0x00, 0x00, 0x00, 0x00, 0x00, 0x00, 0x00, 0x00, 0x00, 0x00, 0x00, 0x00,
    0x00, 0x00, 0x00, 0x00, 0x00, 0x00, 0x00, 0x00, 0x00, 0x00, 0x00, 0x00, 0x00, 0x00, 0x00, 0x00, 0x00, 0x00, 0x00, 0x00, 0x00, 0x00, 0x00, 0x00,
    0x00, 0x00, 0x00, 0x00, 0x00, 0x00, 0x00, 0x00, 0x00, 0x00, 0x00, 0x00, 0x00, 0x00, 0x00, 0x00, 0x00, 0x00, 0x00, 0x00, 0x00, 0x00, 0x00, 0x00,
    0x00, 0x00, 0x00, 0x00, 0x00, 0x00, 0x00, 0x00, 0x00, 0x00, 0x00, 0x00, 0x00, 0x00, 0x00, 0x00, 0x00, 0x00, 0x00, 0x00, 0x00, 0x00, 0x00, 0x00,
    0x00, 0x00, 0x00, 0x00, 0x00, 0x00, 0x00, 0x00, 0x00, 0x00, 0x00, 0x00, 0x00, 0x00, 0x00, 0x00, 0x00, 0x00, 0x00, 0x00, 0x00, 0x00, 0x00, 0x00,
    0x00, 0x00, 0x00, 0x00, 0x00, 0x00, 0x00, 0x00, 0x00, 0x00, 0x00, 0x00, 0x00, 0x00, 0x00, 0x00, 0x00, 0x00, 0x00, 0x00, 0x00, 0x00, 0x00, 0x00,
    0x00, 0x00, 0x00, 0x00, 0x00, 0x00, 0x00, 0x00, 0x00, 0x00, 0x00, 0x00, 0x00, 0x00, 0x00, 0x00, 0x00, 0x00, 0x00, 0x00, 0x00, 0x00, 0x00, 0x00,
    0x00, 0x00, 0x00, 0x00, 0x00, 0x00, 0x00, 0x00, 0x00, 0x00, 0x00, 0x00, 0x00, 0x00, 0x00, 0x00, 0x00, 0x00, 0x00, 0x00, 0x00, 0x00, 0x00, 0x00,
    0x00, 0x00, 0x00, 0x00, 0x00, 0x00, 0x00, 0x00, 0x00, 0x00, 0x00, 0x00, 0x00, 0x00, 0x00, 0x00, 0x00, 0x00, 0x00, 0x00, 0x00, 0x00, 0x00, 0x00,
    0x00, 0x00, 0x00, 0x00, 0x00, 0x00, 0x00, 0x00, 0x00, 0x00, 0x00, 0x00, 0x00, 0x00, 0x00, 0x00, 0x00, 0x00, 0x00, 0x00, 0x00, 0x00, 0x00, 0x00,
    0x00, 0x00, 0x00, 0x00, 0x00, 0x00, 0x00, 0x00, 0x00, 0x00, 0x00, 0x00, 0x00, 0x00, 0x00, 0x00, 0x00, 0x00, 0x00, 0x00, 0x00, 0x00, 0x00, 0x00,
    0x00, 0x00, 0x00, 0x00, 0x00, 0x00, 0x00, 0x00, 0x00, 0x00, 0x00, 0x00, 0x00, 0x00, 0x00, 0x00, 0x00, 0x00, 0x00, 0x00, 0x00, 0x00, 0x00, 0x00,
    0x00, 0x00, 0x00, 0x00, 0x00, 0x00, 0x00, 0x00, 0x00, 0x00, 0x00, 0x00, 0x00, 0x00, 0x00, 0x00, 0x00, 0x00, 0x00, 0x00, 0x00, 0x00, 0x00, 0x00,
    0x00, 0x00, 0x00, 0x00, 0x00, 0x00, 0x00, 0x00, 0x00, 0x00, 0x00, 0x00, 0x00, 0x00, 0x00, 0x00, 0x00, 0x00, 0x00, 0x00, 0x00, 0x00, 0x00, 0x00,
    0x00, 0x00, 0x00, 0x00, 0x00, 0x00, 0x00, 0x00, 0x00, 0x00, 0x00, 0x00, 0x00, 0x00, 0x00, 0x00, 0x00, 0x00, 0x00, 0x00, 0x00, 0x00, 0x00, 0x00,
    0x00, 0x00, 0x00, 0x00, 0x00, 0x00, 0x00, 0x00, 0x00, 0x00, 0x00, 0x00, 0x00, 0x00, 0x00, 0x00, 0x00, 0x00, 0x00, 0x00, 0x00, 0x00, 0x00, 0x00,
    0x00, 0x00, 0x00, 0x00, 0x00, 0x00, 0x00, 0x00, 0x00, 0x00, 0x00, 0x00, 0x00, 0x00, 0x00, 0x00, 0x00, 0x00, 0x00, 0x00, 0x00, 0x00, 0x00, 0x00,
    0x00, 0x00, 0x00, 0x00, 0x00, 0x00, 0x00, 0x00, 0x00, 0x00, 0x00, 0x00, 0x00, 0x00, 0x00, 0x00, 0x00, 0x00, 0x00, 0x00, 0x00, 0x00, 0x00, 0x00,
    0x00, 0x00, 0x00, 0x00, 0x00, 0x00, 0x00, 0x00, 0x00, 0x00, 0x00, 0x00, 0x00, 0x00, 0x00, 0x00, 0x00, 0x00, 0x00, 0x00, 0x00, 0x00, 0x00, 0x00,
    0x00, 0x00, 0x00, 0x00, 0x00, 0x00, 0x00, 0x00, 0x00, 0x00, 0x00, 0x00, 0x00, 0x00, 0x00, 0x00, 0x00, 0x00, 0x00, 0x00, 0x00, 0x00, 0x00, 0x00,
    0x00, 0x00, 0x00, 0x00, 0x00, 0x00, 0x00, 0x00, 0x00, 0x00, 0x00, 0x00, 0x00, 0x00, 0x00, 0x00, 0x00, 0x00, 0x00, 0x00, 0x00, 0x00, 0x00, 0x00,
    0x00, 0x00, 0x00, 0x00, 0x00, 0x00, 0x00, 0x00, 0x00, 0x00, 0x00, 0x00, 0x00, 0x00, 0x00, 0x00, 0x00, 0x00, 0x00, 0x00, 0x00, 0x00, 0x00, 0x00,
    0x00, 0x00, 0x00, 0x00, 0x00, 0x00, 0x00, 0x00, 0x00, 0x00, 0x00, 0x00, 0x00, 0x00, 0x00, 0x00, 0x00, 0x00, 0x00, 0x00, 0x00, 0x00, 0x00, 0x00,
    0x00, 0x00, 0x00, 0x00, 0x00, 0x00, 0x00, 0x00, 0x00, 0x00, 0x00, 0x00, 0x00, 0x00, 0x00, 0x00, 0x00, 0x00, 0x00, 0x00, 0x00, 0x00, 0x00, 0x00,
    0x00, 0x00, 0x00, 0x00, 0x00, 0x00, 0x00, 0x00, 0x00, 0x00, 0x00, 0x00, 0x00, 0x00, 0x00, 0x00, 0x00, 0x00, 0x00, 0x00, 0x00, 0x00, 0x00, 0x00,
    0x00, 0x00, 0x00, 0x00, 0x00, 0x00, 0x00, 0x00, 0x00, 0x00, 0x00, 0x00, 0x00, 0x00, 0x00, 0x00, 0x00, 0x00, 0x00, 0x00, 0x00, 0x00, 0x00, 0x00,
    0x00, 0x00, 0x00, 0x00, 0x00, 0x00, 0x00, 0x00, 0x00, 0x00, 0x00, 0x00, 0x00, 0x00, 0x00, 0x00, 0x00, 0x00, 0x00, 0x00, 0x00, 0x00, 0x00, 0x00,
    0x00, 0x00, 0x00, 0x00, 0x00, 0x00, 0x00, 0x00, 0x00, 0x00, 0x00, 0x00, 0x00, 0x00, 0x00, 0x00, 0x00, 0x00, 0x00, 0x00, 0x00, 0x00, 0x00, 0x00,
    0x00, 0x00, 0x00, 0x00, 0x00, 0x00, 0x00, 0x00, 0x00, 0x00, 0x00, 0x00, 0x00, 0x00, 0x00, 0x00, 0x00, 0x00, 0x00, 0x00, 0x00, 0x00, 0x00, 0x00,
    0x00, 0x00, 0x00, 0x00, 0x00, 0x00, 0x00, 0x00, 0x00, 0x00, 0x00, 0x00, 0x00, 0x00, 0x00, 0x00, 0x00, 0x00, 0x00, 0x00, 0x00, 0x00, 0x00, 0x00,
    0x00, 0x00, 0x00, 0xAA, 0xAA, 0x09, 0xFF, 0xFF, 0x01, 0xAA, 0xAA, 0x03, 0x69, 0x9A, 0x0D, 0xC9, 0xAA, 0x36, 0xE9, 0xBA, 0x89, 0xE9, 0xC2, 0xB2,
    0xC8, 0xBA, 0xC0, 0x09, 0xC3, 0xC1, 0x0A, 0xBB, 0x8E, 0x2A, 0xB3, 0x51, 0xEA, 0xA2, 0x13, 0x00, 0x00, 0x00, 0x00, 0x00, 0x00, 0x00, 0xF8, 0x01,
    0xE0, 0x7B, 0x02, 0x00, 0xF8, 0x01, 0x00, 0x00, 0x00, 0x00, 0x00, 0x00, 0x00, 0x00, 0x00, 0x00, 0x00, 0x00, 0x00, 0x00, 0x00, 0x00, 0x00, 0x00,
    0x00, 0x00, 0x00, 0x00, 0x00, 0x00, 0x00, 0x00, 0x00, 0x00, 0x00, 0x00, 0x00, 0x00, 0x00, 0x00, 0x00, 0x00, 0xE0, 0x7B, 0x02, 0x00, 0x00, 0x00,
    0x09, 0xB3, 0x5B, 0x05, 0xB2, 0xFB, 0x62, 0xA9, 0xFF, 0xA3, 0xB1, 0xFF, 0xC4, 0xB9, 0xFF, 0xE4, 0xA9, 0xF0, 0xE5, 0xA9, 0xBD, 0xE5, 0xA1, 0x94,
    0x05, 0xA2, 0x57, 0xE8, 0xB2, 0x21, 0x8E, 0xAB, 0x09, 0x00, 0x00, 0x00, 0x00, 0x00, 0x00, 0x00, 0x00, 0x00, 0x00, 0x00, 0x00, 0x00, 0x00, 0x00,
    0x00, 0xF8, 0x01, 0x00, 0xF8, 0x02, 0x00, 0x78, 0x02, 0xA0, 0xAA, 0x03, 0x00, 0x78, 0x02, 0x00, 0x78, 0x02, 0xE0, 0x7B, 0x02, 0x00, 0x78, 0x02,
    0x00, 0xF8, 0x01, 0x00, 0xF8, 0x01, 0x00, 0xF8, 0x01, 0x67, 0xB2, 0x0D, 0xAA, 0xFA, 0x03, 0x47, 0x92, 0x63, 0x47, 0x8A, 0x41, 0x05, 0xA2, 0x5F,
    0xC4, 0xA1, 0xFC, 0xA8, 0xB2, 0x2A, 0x86, 0x99, 0x05, 0x86, 0x99, 0x05, 0x00, 0x00, 0x00, 0x00, 0x00, 0x00, 0x00, 0x00, 0x00, 0x00, 0x00, 0x00,
    0x00, 0x00, 0x00, 0x00, 0x00, 0x00, 0x00, 0x00, 0x00, 0x00, 0x00, 0x00, 0x00, 0x00, 0x00, 0x00, 0x00, 0x00, 0x00, 0x00, 0x00, 0x00, 0x00, 0x00,
    0x00, 0x00, 0x00, 0x00, 0x00, 0x00, 0x00, 0x00, 0x00, 0x00, 0x00, 0x00, 0x00, 0x00, 0x00, 0x00, 0x00, 0x00, 0x00, 0x00, 0x00, 0x00, 0x00, 0x00,
    0x00, 0x00, 0x00, 0x00, 0x00, 0x00, 0x00, 0x00, 0x00, 0x00, 0x00, 0x00, 0x00, 0x00, 0x00, 0x00, 0x00, 0x00, 0x00, 0x00, 0x00, 0x00, 0x00, 0x00,
    0x00, 0x00, 0x00, 0x00, 0x00, 0x00, 0x00, 0x00, 0x00, 0x00, 0x00, 0x00, 0x00, 0x00, 0x00, 0x00, 0x00, 0x00, 0x00, 0x00, 0x00, 0x00, 0x00, 0x00,
    0x00, 0x00, 0x00, 0x00, 0x00, 0x00, 0x00, 0x00, 0x00, 0x00, 0x00, 0x00, 0x00, 0x00, 0x00, 0x00, 0x00, 0x00, 0x00, 0x00, 0x00, 0x00, 0x00, 0x00,
    0x00, 0x00, 0x00, 0x00, 0x00, 0x00, 0x00, 0x00, 0x00, 0x00, 0x00, 0x00, 0x00, 0x00, 0x01, 0x00, 0x00, 0x00, 0xC5, 0x89, 0x16, 0xC5, 0x79, 0x4E,
    0xFF, 0xFF, 0x01, 0x00, 0x00, 0x00, 0x00, 0x00, 0x00, 0x00, 0x00, 0x00, 0x00, 0x00, 0x00, 0x00, 0x00, 0x00, 0x00, 0x00, 0x00, 0x00, 0x00, 0x00,
    0x00, 0x00, 0x00, 0x00, 0x00, 0x00, 0x00, 0x00, 0x00, 0x00, 0x00, 0x00, 0x00, 0x00, 0x00, 0x00, 0x00, 0x00, 0x00, 0x00, 0x00, 0x00, 0x00, 0x00,
    0x00, 0x00, 0x00, 0x00, 0x00, 0x00, 0x00, 0x00, 0x00, 0x00, 0x00, 0x00, 0x00, 0x00, 0x00, 0x00, 0x00, 0x00, 0x00, 0x00, 0x00, 0x00, 0x00, 0x00,
    0x00, 0x00, 0x00, 0x00, 0x00, 0x00, 0x00, 0x00, 0x00, 0x00, 0x00, 0x00, 0x00, 0x00, 0x00, 0x00, 0x00, 0x00, 0x00, 0x00, 0x00, 0x00, 0x00, 0x00,
    0x00, 0x00, 0x00, 0x00, 0x00, 0x00, 0x00, 0x00, 0x00, 0x00, 0x00, 0x00, 0x00, 0x00, 0x00, 0x00, 0x00, 0x00, 0x00, 0x00, 0x00, 0x00, 0x00, 0x00,
    0x00, 0x00, 0x00, 0x00, 0x00, 0x00, 0x00, 0x00, 0x00, 0x00, 0x00, 0x00, 0x00, 0x00, 0x00, 0x00, 0x00, 0x00, 0x00, 0x00, 0x00, 0x00, 0x00, 0x00,
    0x00, 0x00, 0x00, 0x00, 0x00, 0x00, 0x00, 0x00, 0x00, 0x00, 0x00, 0x00, 0x00, 0x00, 0x00, 0x00, 0x00, 0x00, 0x00, 0x00, 0x00, 0x00, 0x00, 0x00,
    0x00, 0x00, 0x00, 0x00, 0x00, 0x00, 0x00, 0x00, 0x00, 0x00, 0x00, 0x00, 0x00, 0x00, 0x00, 0x00, 0x00, 0x00, 0x00, 0x00, 0x00, 0x00, 0x00, 0x00,
    0x00, 0x00, 0x00, 0x00, 0x00, 0x00, 0x00, 0x00, 0x00, 0x00, 0x00, 0x00, 0x00, 0x00, 0x00, 0x00, 0x00, 0x00, 0x00, 0x00, 0x00, 0x00, 0x00, 0x00,
    0x00, 0x00, 0x00, 0x00, 0x00, 0x00, 0x00, 0x00, 0x00, 0x00, 0x00, 0x00, 0x00, 0x00, 0x00, 0x00, 0x00, 0x00, 0x00, 0x00, 0x00, 0x00, 0x00, 0x00,
    0x00, 0x00, 0x00, 0x00, 0x00, 0x00, 0x00, 0x00, 0x00, 0x00, 0x00, 0x00, 0x00, 0x00, 0x00, 0x00, 0x00, 0x00, 0x00, 0x00, 0x00, 0x00, 0x00, 0x00,
    0x00, 0x00, 0x00, 0x00, 0x00, 0x00, 0x00, 0x00, 0x00, 0x00, 0x00, 0x00, 0x00, 0x00, 0x00, 0x00, 0x00, 0x00, 0x00, 0x00, 0x00, 0x00, 0x00, 0x00,
    0x00, 0x00, 0x00, 0x00, 0x00, 0x00, 0x00, 0x00, 0x00, 0x00, 0x00, 0x00, 0x00, 0x00, 0x00, 0x00, 0x00, 0x00, 0x00, 0x00, 0x00, 0x00, 0x00, 0x00,
    0x00, 0x00, 0x00, 0x00, 0x00, 0x00, 0x00, 0x00, 0x00, 0x00, 0x00, 0x00, 0x00, 0x00, 0x00, 0x00, 0x00, 0x00, 0x00, 0x00, 0x00, 0x00, 0x00, 0x00,
    0x00, 0x00, 0x00, 0x00, 0x00, 0x00, 0x00, 0x00, 0x00, 0x00, 0x00, 0x00, 0x00, 0x00, 0x00, 0x00, 0x00, 0x00, 0x00, 0x00, 0x00, 0x00, 0x00, 0x00,
    0x00, 0x00, 0x00, 0x00, 0x00, 0x00, 0x00, 0x00, 0x00, 0x00, 0x00, 0x00, 0x00, 0x00, 0x00, 0x00, 0x00, 0x00, 0x00, 0x00, 0x00, 0x00, 0x00, 0x00,
    0x00, 0x00, 0x00, 0x00, 0x00, 0x00, 0x00, 0x00, 0x00, 0x00, 0x00, 0x00, 0x00, 0x00, 0x00, 0x00, 0x00, 0x00, 0x00, 0x00, 0x00, 0x00, 0x00, 0x00,
    0x00, 0x00, 0x00, 0x00, 0x00, 0x00, 0x00, 0x00, 0x00, 0x00, 0x00, 0x00, 0x00, 0x00, 0x00, 0x00, 0x00, 0x00, 0x00, 0x00, 0x00, 0x00, 0x00, 0x00,
    0x00, 0x00, 0x00, 0x00, 0x00, 0x00, 0x00, 0x00, 0x00, 0x00, 0x00, 0x00, 0x00, 0x00, 0x00, 0x00, 0x00, 0x00, 0x00, 0x00, 0x00, 0x00, 0x00, 0x00,
    0x00, 0x00, 0x00, 0x00, 0x00, 0x00, 0x00, 0x00, 0x00, 0x00, 0x00, 0x00, 0x00, 0x00, 0x00, 0x00, 0x00, 0x00, 0x00, 0x00, 0x00, 0x00, 0x00, 0x00,
    0x00, 0x00, 0x00, 0x00, 0x00, 0x00, 0x00, 0x00, 0x00, 0x00, 0x00, 0x00, 0x00, 0x00, 0x00, 0x00, 0x00, 0x00, 0x00, 0x00, 0x00, 0x00, 0x00, 0x00,
    0x00, 0x00, 0x00, 0x00, 0x00, 0x00, 0x00, 0x00, 0x00, 0x00, 0x00, 0x00, 0x00, 0x00, 0x00, 0x00, 0x00, 0x00, 0x00, 0x00, 0x00, 0x00, 0x00, 0x00,
    0x00, 0x00, 0x00, 0x00, 0x00, 0x00, 0x00, 0x00, 0x00, 0x00, 0x00, 0x00, 0x00, 0x00, 0x00, 0x00, 0x00, 0x00, 0x00, 0x00, 0x00, 0x00, 0x00, 0x00,
    0x00, 0x00, 0x00, 0x00, 0x00, 0x00, 0x00, 0x00, 0x00, 0x00, 0x00, 0x00, 0x00, 0x00, 0x00, 0x00, 0x00, 0x00, 0x00, 0x00, 0x00, 0x00, 0x00, 0x00,
    0x00, 0x00, 0x00, 0x00, 0x00, 0x00, 0x00, 0x00, 0x00, 0x00, 0x00, 0x00, 0x00, 0x00, 0x00, 0x00, 0x00, 0x00, 0x00, 0x00, 0x00, 0x00, 0x00, 0x00,
    0x00, 0x00, 0x00, 0x00, 0x00, 0x00, 0x00, 0x00, 0x00, 0x00, 0x00, 0x00, 0x00, 0x00, 0x00, 0x00, 0x00, 0x00, 0x00, 0x00, 0x00, 0x00, 0x00, 0x00,
    0x00, 0x00, 0x00, 0x00, 0x00, 0x00, 0x00, 0x00, 0x00, 0x00, 0x00, 0x00, 0x00, 0x00, 0x00, 0x00, 0x00, 0x00, 0x00, 0x00, 0x00, 0x00, 0x00, 0x00,
    0x00, 0x00, 0x00, 0x00, 0x00, 0x00, 0x00, 0x00, 0x00, 0x00, 0x00, 0x00, 0x00, 0x00, 0x00, 0x00, 0x00, 0x00, 0x00, 0x00, 0x00, 0x00, 0x00, 0x00,
    0x00, 0x00, 0x00, 0x00, 0x00, 0x00, 0x00, 0x00, 0x00, 0x00, 0x00, 0x00, 0x00, 0x00, 0x00, 0x00, 0x00, 0x00, 0x00, 0x00, 0x00, 0x00, 0x00, 0x00,
    0x00, 0x00, 0x00, 0x00, 0x00, 0x00, 0x00, 0x00, 0x00, 0x00, 0x00, 0x00, 0x00, 0x00, 0x00, 0x00, 0x00, 0x00, 0x00, 0x00, 0x00, 0x00, 0x00, 0x00,
    0x00, 0x00, 0x00, 0x00, 0x00, 0x00, 0x00, 0x00, 0x00, 0x00, 0x00, 0x00, 0x00, 0x00, 0x00, 0x00, 0x00, 0x00, 0x00, 0x00, 0x00, 0x00, 0x00, 0x00,
    0x00, 0x00, 0x00, 0x00, 0x00, 0x00, 0x00, 0x00, 0x00, 0x00, 0x00, 0x00, 0x00, 0x00, 0x00, 0x00, 0x00, 0x00, 0x00, 0x00, 0x00, 0x00, 0x00, 0x00,
    0x00, 0x00, 0x00, 0x00, 0x00, 0x00, 0x00, 0x00, 0x00, 0x00, 0x00, 0x00, 0x00, 0x00, 0x00, 0x00, 0x00, 0x00, 0x00, 0x00, 0x00, 0x00, 0xF8, 0x01,
    0xAA, 0xAA, 0x03, 0xE7, 0x91, 0x0C, 0x88, 0xA2, 0x1F, 0xA9, 0xA2, 0x33, 0xE9, 0xAA, 0x34, 0xC9, 0xAA, 0x3E, 0xCA, 0xAA, 0x1F, 0xC7, 0xA9, 0x09,
    0xE7, 0xB9, 0x04, 0x00, 0x00, 0x00, 0x00, 0xF8, 0x01, 0x00, 0x00, 0x00, 0x00, 0x00, 0x00, 0x00, 0x00, 0x00, 0x00, 0x00, 0x00, 0x00, 0x00, 0x00,
    0x00, 0x00, 0x00, 0x00, 0x00, 0x00, 0x00, 0x00, 0x00, 0x00, 0x00, 0x00, 0x00, 0x00, 0x00, 0x00, 0x00, 0x00, 0x00, 0x00, 0x00, 0x00, 0x00, 0x00,
    0x00, 0x78, 0x02, 0x00, 0x00, 0x01, 0x00, 0xF8, 0x01, 0x00, 0x00, 0x00, 0x2A, 0xAB, 0x23, 0xA8, 0xB2, 0xAA, 0xE5, 0xA9, 0xED, 0x46, 0xB2, 0xDB,
    0x26, 0xA2, 0x8F, 0x88, 0xB2, 0x2F, 0x79, 0xFE, 0x05, 0x00, 0x00, 0x00, 0x00, 0x00, 0x00, 0x00, 0x00, 0x00, 0x00, 0x00, 0x00, 0x00, 0x78, 0x02,
    0xE0, 0xFB, 0x02, 0x00, 0x78, 0x02, 0x00, 0xF8, 0x01, 0x00, 0x00, 0x01, 0x00, 0x00, 0x01, 0x00, 0x00, 0x00, 0x00, 0x00, 0x00, 0x00, 0x00, 0x00,
    0x00, 0x00, 0x00, 0x00, 0x00, 0x00, 0x00, 0x00, 0x00, 0x00, 0x00, 0x00, 0x00, 0x00, 0x00, 0x00, 0x00, 0x00, 0x00, 0x00, 0x00, 0x00, 0x00, 0x00,
    0x00, 0x50, 0x03, 0xAA, 0xAA, 0x06, 0x00, 0x00, 0x00, 0x06, 0x9A, 0x5E, 0xC4, 0x99, 0xF2, 0xA8, 0xB2, 0x1B, 0x00, 0x00, 0x00, 0x00, 0xF8, 0x01,
    0x00, 0x00, 0x00, 0x00, 0x00, 0x00, 0x00, 0x00, 0x00, 0x00, 0x00, 0x00, 0x00, 0x00, 0x00, 0x00, 0x00, 0x00, 0x00, 0x00, 0x00, 0x00, 0x00, 0x00,
    0x00, 0x00, 0x00, 0x00, 0x00, 0x00, 0x00, 0x00, 0x00, 0x00, 0x00, 0x00, 0x00, 0x00, 0x00, 0x00, 0x00, 0x00, 0x00, 0x00, 0x00, 0xA0, 0x52, 0x03,
    0x00, 0x00, 0x00, 0x00, 0x00, 0x00, 0x00, 0x00, 0x00, 0x00, 0x00, 0x00, 0x00, 0x00, 0x00, 0x00, 0x00, 0x00, 0x00, 0x00, 0x00, 0x00, 0x00, 0x00,
    0x00, 0x00, 0x00, 0x00, 0x00, 0x00, 0x00, 0x00, 0x00, 0x00, 0x00, 0x00, 0x00, 0x00, 0x00, 0x00, 0x00, 0x00, 0x00, 0x00, 0x00, 0x00, 0x00, 0x00,
    0x00, 0x00, 0x00, 0x00, 0x00, 0x00, 0x00, 0x00, 0x00, 0x00, 0x00, 0x00, 0x00, 0x00, 0x00, 0x00, 0x00, 0x00, 0x00, 0x00, 0x00, 0x00, 0x00, 0x00,
    0x00, 0x00, 0x00, 0x00, 0x00, 0x00, 0x00, 0x00, 0x00, 0x00, 0x00, 0x00, 0x00, 0x00, 0x00, 0x00, 0x00, 0x00, 0x00, 0x00, 0x00, 0x00, 0x00, 0x00,
    0x00, 0x00, 0x00, 0x00, 0x00, 0x00, 0x00, 0x00, 0x00, 0x00, 0x00, 0x00, 0x00, 0x00, 0x00, 0x00, 0x00, 0x00, 0x00, 0x00, 0x00, 0x00, 0x00, 0x00,
    0x00, 0x00, 0x00, 0x00, 0x00, 0x00, 0x00, 0x00, 0x00, 0x00, 0x00, 0x00, 0x00, 0x00, 0x00, 0x00, 0x00, 0x00, 0x00, 0x00, 0x00, 0x00, 0x00, 0x00,
    0x00, 0x00, 0x00, 0x00, 0x00, 0x00, 0x00, 0x00, 0x00, 0x00, 0x00, 0x00, 0x00, 0x00, 0x00, 0x00, 0x00, 0x00, 0x00, 0x00, 0x00, 0x00, 0x00, 0x00,
    0x00, 0x00, 0x00, 0x00, 0x00, 0x00, 0x00, 0x00, 0x00, 0x00, 0x00, 0x00, 0x00, 0x00, 0x00, 0x00, 0x00, 0x00, 0x00, 0x00, 0x00, 0x00, 0x00, 0x00,
    0x00, 0x00, 0x00, 0x00, 0x00, 0x00, 0x00, 0x00, 0x00, 0x00, 0x00, 0x00, 0x00, 0x00, 0x00, 0x00, 0x00, 0x00, 0x00, 0x00, 0x00, 0x00, 0x00, 0x00,
    0x00, 0x00, 0x00, 0x00, 0x00, 0x00, 0x00, 0x00, 0x00, 0x00, 0x00, 0x00, 0x00, 0x00, 0x00, 0x00, 0x00, 0x00, 0x00, 0x00, 0x00, 0x00, 0x00, 0x00,
    0x00, 0x00, 0x00, 0x00, 0x00, 0x00, 0x00, 0x00, 0x00, 0x00, 0x00, 0x00, 0x00, 0x00, 0x00, 0x00, 0x00, 0x00, 0x00, 0x00, 0x00, 0x00, 0x00, 0x00,
    0x00, 0x00, 0x00, 0x00, 0x00, 0x00, 0x00, 0x00, 0x00, 0x00, 0x00, 0x00, 0x00, 0x00, 0x00, 0x00, 0x00, 0x00, 0x00, 0x00, 0x00, 0x00, 0x00, 0x00,
    0x00, 0x00, 0x00, 0x00, 0x00, 0x00, 0x00, 0x00, 0x00, 0x00, 0x00, 0x00, 0x00, 0x00, 0x00, 0x00, 0x00, 0x00, 0x00, 0x00, 0x00, 0x00, 0x00, 0x00,
    0x00, 0x00, 0x00, 0x00, 0x00, 0x00, 0x00, 0x00, 0x00, 0x00, 0x00, 0x00, 0x00, 0x00, 0x00, 0x00, 0x00, 0x00, 0x00, 0x00, 0x00, 0x00, 0x00, 0x00,
    0x00, 0x00, 0x00, 0x00, 0x00, 0x00, 0x00, 0x00, 0x00, 0x00, 0x00, 0x00, 0x00, 0x00, 0x00, 0x00, 0x00, 0x00, 0x00, 0x00, 0x00, 0x00, 0x00, 0x00,
    0x00, 0x00, 0x00, 0x00, 0x00, 0x00, 0x00, 0x00, 0x00, 0x00, 0x00, 0x00, 0x00, 0x00, 0x00, 0x00, 0x00, 0x00, 0x00, 0x00, 0x00, 0x00, 0x00, 0x00,
    0x00, 0x00, 0x00, 0x00, 0x00, 0x00, 0x00, 0x00, 0x00, 0x00, 0x00, 0x00, 0x00, 0x00, 0x00, 0x00, 0x00, 0x00, 0x00, 0x00, 0x00, 0x00, 0x00, 0x00,
    0x00, 0x00, 0x00, 0x00, 0x00, 0x00, 0x00, 0x00, 0x00, 0x00, 0x00, 0x00, 0x00, 0x00, 0x00, 0x00, 0x00, 0x00, 0x00, 0x00, 0x00, 0x00, 0x00, 0x00,
    0x00, 0x00, 0x00, 0x00, 0x00, 0x00, 0x00, 0x00, 0x00, 0x00, 0x00, 0x00, 0x00, 0x00, 0x00, 0x00, 0x00, 0x00, 0x00, 0x00, 0x00, 0x00, 0x00, 0x00,
    0x00, 0x00, 0x00, 0x00, 0x00, 0x00, 0x00, 0x00, 0x00, 0x00, 0x00, 0x00, 0x00, 0x00, 0x00, 0x00, 0x00, 0x00, 0x00, 0x00, 0x00, 0x00, 0x00, 0x00,
    0x00, 0x00, 0x00, 0x00, 0x00, 0x00, 0x00, 0x00, 0x00, 0x00, 0x00, 0x00, 0x00, 0x00, 0x00, 0x00, 0x00, 0x00, 0x00, 0x00, 0x00, 0x00, 0x00, 0x00,
    0x00, 0x00, 0x00, 0x00, 0x00, 0x00, 0x00, 0x00, 0x00, 0x00, 0x00, 0x00, 0x00, 0x00, 0x00, 0x00, 0x00, 0x00, 0x00, 0x00, 0x00, 0x00, 0x00, 0x00,
    0x00, 0x00, 0x00, 0x00, 0x00, 0x00, 0x00, 0x00, 0x00, 0x00, 0x00, 0x00, 0x00, 0x00, 0x00, 0x00, 0x00, 0x00, 0x00, 0x00, 0x00, 0x00, 0x00, 0x00,
    0x00, 0x00, 0x00, 0x00, 0x00, 0x00, 0x00, 0x00, 0x00, 0x00, 0x00, 0x00, 0x00, 0x00, 0x00, 0x00, 0x00, 0x00, 0x00, 0x00, 0x00, 0x00, 0x00, 0x00,
    0x00, 0x00, 0x00, 0x00, 0x00, 0x00, 0x00, 0x00, 0x00, 0x00, 0x00, 0x00, 0x00, 0x00, 0x00, 0x00, 0x00, 0x00, 0x00, 0x00, 0x00, 0x00, 0x00, 0x00,
    0x00, 0x00, 0x00, 0x00, 0x00, 0x00, 0x00, 0x00, 0x00, 0x00, 0x00, 0x00, 0x00, 0x00, 0x00, 0x00, 0x00, 0x00, 0x00, 0x00, 0x00, 0x00, 0x00, 0x00,
    0x00, 0x00, 0x00, 0x00, 0x00, 0x00, 0x00, 0x00, 0x00, 0x00, 0x00, 0x00, 0x00, 0x00, 0x00, 0x00, 0x00, 0x00, 0x00, 0x00, 0x00, 0x00, 0x00, 0x00,
    0x00, 0x00, 0x00, 0x00, 0x00, 0x00, 0x00, 0x00, 0x00, 0x00, 0x00, 0x00, 0x00, 0x00, 0x00, 0x00, 0x00, 0x00, 0x00, 0x00, 0x00, 0x00, 0x00, 0x00,
    0x00, 0x00, 0x00, 0x00, 0x00, 0x00, 0x00, 0x00, 0x00, 0x00, 0x00, 0x00, 0x00, 0x00, 0x00, 0x00, 0x00, 0x00, 0x00, 0x00, 0x00, 0x00, 0x00, 0x00,
    0x00, 0x00, 0x00, 0x00, 0x00, 0x00, 0x00, 0x00, 0x00, 0x00, 0x00, 0x00, 0x00, 0x00, 0x00, 0x00, 0x00, 0x00, 0x00, 0x00, 0x00, 0x00, 0x00, 0x00,
    0x00, 0x00, 0x00, 0x00, 0x00, 0x00, 0x00, 0x00, 0x00, 0x00, 0x00, 0x00, 0x00, 0x00, 0x00, 0x00, 0x00, 0x00, 0x00, 0x00, 0x00, 0x00, 0x00, 0x00,
    0x00, 0x00, 0x00, 0x00, 0x00, 0x00, 0x00, 0x00, 0x00, 0x00, 0x00, 0x00, 0x00, 0x00, 0x00, 0x00, 0x00, 0x00, 0x00, 0x00, 0x00, 0x00, 0x00, 0x00,
    0x00, 0x00, 0x00, 0x00, 0x00, 0x00, 0x00, 0x00, 0x00, 0x00, 0x00, 0x00, 0x00, 0x00, 0x00, 0x00, 0x00, 0x00, 0x00, 0x00, 0x00, 0x00, 0x00, 0x00,
    0x00, 0x00, 0x00, 0x00, 0x00, 0x00, 0x00, 0x00, 0x00, 0x00, 0x00, 0x00, 0x00, 0x00, 0x00, 0x00, 0x00, 0x00, 0x00, 0x00, 0x00, 0x00, 0x00, 0x00,
    0x00, 0x00, 0x00, 0x00, 0x00, 0x00, 0x00, 0x00, 0x00, 0x00, 0x00, 0x00, 0x00, 0x00, 0x00, 0x00, 0x00, 0x00, 0x00, 0x00, 0x00, 0x00, 0x00, 0x00,
    0x00, 0x00, 0x00, 0x00, 0x00, 0x00, 0x00, 0x00, 0x00, 0x00, 0x00, 0x00, 0x00, 0x00, 0x00, 0x00, 0x00, 0x00, 0x00, 0x00, 0x00, 0x00, 0x00, 0x00,
    0x00, 0x00, 0x00, 0x00, 0x00, 0x00, 0x00, 0x00, 0x00, 0x00, 0x00, 0x00, 0x00, 0x00, 0x00, 0x00, 0x00, 0x00, 0x00, 0x00, 0x00, 0x00, 0x00, 0x00,
    0x00, 0x00, 0x00, 0x00, 0x00, 0x00, 0x00, 0x00, 0x00, 0x00, 0xF8, 0x01, 0xAA, 0xAA, 0x03, 0x00, 0xF8, 0x01, 0xE8, 0xA2, 0x0B, 0xE7, 0x89, 0x10,
    0x08, 0xA2, 0x13, 0xC7, 0x89, 0x09, 0x00, 0x00, 0x00, 0x00, 0x00, 0x00, 0x00, 0x00, 0x00, 0x00, 0x00, 0x00, 0x00, 0x00, 0x00, 0x00, 0x00, 0x00,
    0x00, 0x00, 0x00, 0x00, 0x00, 0x00, 0x00, 0x00, 0x00, 0x00, 0x00, 0x00, 0x00, 0x00, 0x00, 0x00, 0x00, 0x00, 0x00, 0x00, 0x00, 0x00, 0x00, 0x00,
    0x00, 0x00, 0x00, 0x00, 0x00, 0x00, 0x00, 0x00, 0x01, 0x00, 0x00, 0x00, 0x00, 0x00, 0x00, 0x00, 0x00, 0x00, 0x00, 0x00, 0x00, 0x00, 0x00, 0x00,
    0x00, 0x00, 0x00, 0xE9, 0xAA, 0x10, 0xA8, 0xAA, 0x2F, 0xC8, 0xB2, 0x28, 0x00, 0x00, 0x00, 0x00, 0x00, 0x00, 0x00, 0x00, 0x00, 0x00, 0x78, 0x02,
    0xE0, 0xFB, 0x02, 0x00, 0xF8, 0x01, 0x00, 0xF8, 0x01, 0x00, 0x00, 0x00, 0x00, 0x00, 0x00, 0x00, 0x00, 0x00, 0x00, 0x00, 0x00, 0x00, 0x00, 0x00,
    0x00, 0x00, 0x00, 0x00, 0x00, 0x00, 0x00, 0x00, 0x00, 0x00, 0x00, 0x00, 0x00, 0x00, 0x00, 0x00, 0x00, 0x00, 0x00, 0x00, 0x00, 0x00, 0x00, 0x00,
    0x00, 0x00, 0x00, 0x00, 0x00, 0x00, 0x00, 0x00, 0x00, 0x00, 0x00, 0x00, 0x00, 0x00, 0x00, 0xA5, 0xAA, 0x06, 0xFF, 0xFF, 0x01, 0xE5, 0x99, 0x56,
    0xC5, 0x99, 0xED, 0x09, 0xB3, 0x15, 0x00, 0x00, 0x00, 0x00, 0xF8, 0x01, 0x00, 0x00, 0x00, 0x00, 0x00, 0x00, 0x00, 0x00, 0x00, 0x00, 0x00, 0x00,
    0x00, 0x00, 0x00, 0x00, 0x00, 0x00, 0x00, 0x00, 0x00, 0x00, 0x00, 0x00, 0x00, 0x00, 0x00, 0x00, 0x00, 0x00, 0x00, 0x00, 0x00, 0x00, 0x00, 0x00,
    0x00, 0x00, 0x00, 0x00, 0x00, 0x00, 0x00, 0x00, 0x00, 0x00, 0x00, 0x00, 0x00, 0x00, 0x00, 0x00, 0x00, 0x00, 0x00, 0x00, 0x00, 0x00, 0x00, 0x00,
    0x00, 0x00, 0x00, 0x00, 0x00, 0x00, 0x00, 0x00, 0x00, 0x00, 0x00, 0x00, 0x00, 0x00, 0x00, 0x00, 0x00, 0x00, 0x00, 0x00, 0x00, 0x00, 0x00, 0x00,
    0x00, 0x00, 0x00, 0x00, 0x00, 0x00, 0x00, 0x00, 0x00, 0x00, 0x00, 0x00, 0x00, 0x00, 0x00, 0x00, 0x00, 0x00, 0x00, 0x00, 0x00, 0x00, 0x00, 0x00,
    0x00, 0x00, 0x00, 0x00, 0x00, 0x00, 0x00, 0x00, 0x00, 0x00, 0x00, 0x00, 0x00, 0x00, 0x00, 0x00, 0x00, 0x00, 0x00, 0x00, 0x00, 0x00, 0x00, 0x00,
    0x00, 0x00, 0x00, 0x00, 0x00, 0x00, 0x00, 0x00, 0x00, 0x00, 0x00, 0x00, 0x00, 0x00, 0x00, 0x00, 0x00, 0x00, 0x00, 0x00, 0x01, 0x00, 0x78, 0x02,
    0x00, 0x00, 0x00, 0x00, 0x00, 0x00, 0x00, 0x00, 0x00, 0x00, 0x00, 0x00, 0x00, 0x00, 0x00, 0x00, 0x00, 0x00, 0x00, 0x00, 0x00, 0x00, 0x00, 0x00,
    0x00, 0x00, 0x00, 0x00, 0x00, 0x00, 0x00, 0x00, 0x00, 0x00, 0x00, 0x00, 0x00, 0x00, 0x00, 0x00, 0x00, 0x00, 0x00, 0x00, 0x00, 0x00, 0x00, 0x00,
    0x00, 0x00, 0x00, 0x00, 0x00, 0x00, 0x00, 0x00, 0x00, 0x00, 0x00, 0x00, 0x00, 0x00, 0x00, 0x00, 0x00, 0x00, 0x00, 0x00, 0x00, 0x00, 0x00, 0x00,
    0x00, 0x00, 0x00, 0x00, 0x00, 0x00, 0x00, 0x00, 0x00, 0x00, 0x00, 0x00, 0x00, 0x00, 0x00, 0x00, 0x00, 0x00, 0x00, 0x00, 0x00, 0x00, 0x00, 0x00,
    0x00, 0x00, 0x00, 0x00, 0x00, 0x00, 0x00, 0x00, 0x00, 0x00, 0x00, 0x00, 0x00, 0x00, 0x00, 0x00, 0x00, 0x00, 0x00, 0x00, 0x00, 0x00, 0x00, 0x00,
    0x00, 0x00, 0x00, 0x00, 0x00, 0x00, 0x00, 0x00, 0x00, 0x00, 0x00, 0x00, 0x00, 0x00, 0x00, 0x00, 0x00, 0x00, 0x00, 0x00, 0x00, 0x00, 0x00, 0x00,
    0x00, 0x00, 0x00, 0x00, 0x00, 0x00, 0x00, 0x00, 0x00, 0x00, 0x00, 0x00, 0x00, 0x00, 0x00, 0x00, 0x00, 0x00, 0x00, 0x00, 0x00, 0x00, 0x00, 0x00,
    0x00, 0x00, 0x00, 0x00, 0x00, 0x00, 0x00, 0x00, 0x00, 0x00, 0x00, 0x00, 0x00, 0x00, 0x00, 0x00, 0x00, 0x00, 0x00, 0x00, 0x00, 0x00, 0x00, 0x00,
    0x00, 0x00, 0x00, 0x00, 0x00, 0x00, 0x00, 0x00, 0x00, 0x00, 0x00, 0x00, 0x00, 0x00, 0x00, 0x00, 0x00, 0x00, 0x00, 0x00, 0x00, 0x00, 0x00, 0x00,
    0x00, 0x00, 0x00, 0x00, 0x00, 0x00, 0x00, 0x00, 0x00, 0x00, 0x00, 0x00, 0x00, 0x00, 0x00, 0x00, 0x00, 0x00, 0x00, 0x00, 0x00, 0x00, 0x00, 0x00,
    0x00, 0x00, 0x00, 0x00, 0x00, 0x00, 0x00, 0x00, 0x00, 0x00, 0x00, 0x00, 0x00, 0x00, 0x00, 0x00, 0x00, 0x00, 0x00, 0x00, 0x00, 0x00, 0x00, 0x00,
    0x00, 0x00, 0x00, 0x00, 0x00, 0x00, 0x00, 0x00, 0x00, 0x00, 0x00, 0x00, 0x00, 0x00, 0x00, 0x00, 0x00, 0x00, 0x00, 0x00, 0x00, 0x00, 0x00, 0x00,
    0x00, 0x00, 0x00, 0x00, 0x00, 0x00, 0x00, 0x00, 0x00, 0x00, 0x00, 0x00, 0x00, 0x00, 0x00, 0x00, 0x00, 0x00, 0x00, 0x00, 0x00, 0x00, 0x00, 0x00,
    0x00, 0x00, 0x00, 0x00, 0x00, 0x00, 0x00, 0x00, 0x00, 0x00, 0x00, 0x00, 0x00, 0x00, 0x00, 0x00, 0x00, 0x00, 0x00, 0x00, 0x00, 0x00, 0x00, 0x00,
    0x00, 0x00, 0x00, 0x00, 0x00, 0x00, 0x00, 0x00, 0x00, 0x00, 0x00, 0x00, 0x00, 0x00, 0x00, 0x00, 0x00, 0x00, 0x00, 0x00, 0x00, 0x00, 0x00, 0x00,
    0x00, 0x00, 0x00, 0x00, 0x00, 0x00, 0x00, 0x00, 0x00, 0x00, 0x00, 0x00, 0x00, 0x00, 0x00, 0x00, 0x00, 0x00, 0x00, 0x00, 0x00, 0x00, 0x00, 0x00,
    0x00, 0x00, 0x00, 0x00, 0x00, 0x00, 0x00, 0x00, 0x00, 0x00, 0x00, 0x00, 0x00, 0x00, 0x00, 0x00, 0x00, 0x00, 0x00, 0x00, 0x00, 0x00, 0x00, 0x00,
    0x00, 0x00, 0x00, 0x00, 0x00, 0x00, 0x00, 0x00, 0x00, 0x00, 0x00, 0x00, 0x00, 0x00, 0x00, 0x00, 0x00, 0x00, 0x00, 0x00, 0x00, 0x00, 0x00, 0x00,
    0x00, 0x00, 0x00, 0x00, 0x00, 0x00, 0x00, 0x00, 0x00, 0x00, 0x00, 0x00, 0x00, 0x00, 0x00, 0x00, 0x00, 0x00, 0x00, 0x00, 0x00, 0x00, 0x00, 0x00,
    0x00, 0x00, 0x00, 0x00, 0x00, 0x00, 0x00, 0x00, 0x00, 0x00, 0x00, 0x00, 0x00, 0x00, 0x00, 0x00, 0x00, 0x00, 0x00, 0x00, 0x00, 0x00, 0x00, 0x00,
    0x00, 0x00, 0x00, 0x00, 0x00, 0x00, 0x00, 0x00, 0x00, 0x00, 0x00, 0x00, 0x00, 0x00, 0x00, 0x00, 0x00, 0x00, 0x00, 0x00, 0x00, 0x00, 0x00, 0x00,
    0x00, 0x00, 0x00, 0x00, 0x00, 0x00, 0x00, 0x00, 0x00, 0x00, 0x00, 0x00, 0x00, 0x00, 0x00, 0x00, 0x00, 0x00, 0x00, 0x00, 0x00, 0x00, 0x00, 0x00,
    0x00, 0x00, 0x00, 0x00, 0x00, 0x00, 0x00, 0x00, 0x00, 0x00, 0x00, 0x00, 0x00, 0x00, 0x00, 0x00, 0x00, 0x00, 0x00, 0x00, 0x00, 0x00, 0x00, 0x00,
    0x00, 0x00, 0x00, 0x00, 0x00, 0x00, 0x00, 0x00, 0x00, 0x00, 0x00, 0x00, 0x00, 0x00, 0x00, 0x00, 0x00, 0x00, 0x00, 0x00, 0x00, 0x00, 0x00, 0x00,
    0x00, 0x00, 0x00, 0x00, 0x00, 0x00, 0x00, 0x00, 0x00, 0x00, 0x00, 0x00, 0x00, 0x00, 0x00, 0x00, 0x00, 0x00, 0x00, 0x00, 0x00, 0x00, 0x00, 0x00,
    0x00, 0x00, 0x00, 0x00, 0x00, 0x00, 0x00, 0x00, 0x00, 0x00, 0x00, 0x00, 0x00, 0x00, 0x00, 0x00, 0x00, 0x00, 0x00, 0x00, 0x00, 0x00, 0x00, 0x00,
    0x00, 0x00, 0x00, 0x00, 0x00, 0x00, 0x00, 0x00, 0x00, 0x00, 0x00, 0x00, 0x00, 0x00, 0x00, 0x00, 0x00, 0x00, 0x00, 0x00, 0x00, 0x00, 0x00, 0x00,
    0x00, 0x00, 0x00, 0x00, 0x00, 0x00, 0x00, 0x00, 0x00, 0x00, 0x00, 0x00, 0x00, 0x00, 0x00, 0x00, 0x00, 0x00, 0x00, 0x00, 0x00, 0x00, 0x00, 0x00,
    0x00, 0x00, 0x00, 0x00, 0x00, 0x00, 0x00, 0x00, 0x00, 0x00, 0x00, 0x00, 0x00, 0x00, 0x00, 0x00, 0x00, 0x00, 0x00, 0x00, 0x00, 0x00, 0x00, 0x00,
    0x00, 0x00, 0x00, 0x00, 0x00, 0x00, 0x00, 0x00, 0x00, 0x00, 0x00, 0x00, 0x00, 0x00, 0x00, 0x00, 0x00, 0x00, 0x00, 0x00, 0x00, 0x00, 0x00, 0x00,
    0x00, 0x00, 0x00, 0x00, 0x00, 0x00, 0x00, 0x00, 0x00, 0x00, 0x00, 0x00, 0x00, 0x00, 0x00, 0x00, 0x00, 0x00, 0x00, 0x00, 0x00, 0x00, 0x00, 0x00,
    0x00, 0x00, 0x00, 0x00, 0x00, 0x00, 0x00, 0x00, 0x00, 0x00, 0x00, 0x00, 0x00, 0x00, 0x00, 0x00, 0x00, 0x00, 0x00, 0x00, 0x00, 0x00, 0x00, 0x00,
    0x00, 0x00, 0x00, 0x00, 0x00, 0x00, 0x00, 0x00, 0x00, 0x00, 0x00, 0x00, 0x00, 0x00, 0x00, 0x00, 0x00, 0x00, 0x00, 0x00, 0x00, 0x00, 0x00, 0x00,
    0x00, 0x00, 0x00, 0x00, 0x00, 0x00, 0x00, 0xF8, 0x01, 0x00, 0x00, 0x00, 0x00, 0x00, 0x00, 0x00, 0x00, 0x00, 0x00, 0x00, 0x01, 0x00, 0x00, 0x01,
    0x00, 0x00, 0x00, 0x00, 0x00, 0x00, 0x00, 0x00, 0x00, 0x00, 0x00, 0x00, 0x00, 0x00, 0x00, 0x00, 0x00, 0x00, 0x00, 0x00, 0x00, 0x00, 0x00, 0x00,
    0x00, 0x00, 0x00, 0x00, 0x00, 0x00, 0x00, 0x00, 0x00, 0x00, 0x00, 0x00, 0x00, 0x00, 0x01, 0x00, 0x00, 0x00, 0x00, 0x00, 0x00, 0x25, 0x8A, 0x0B,
    0x05, 0x7A, 0x92, 0xE5, 0x79, 0x24, 0x00, 0x00, 0x00, 0x00, 0xF8, 0x01, 0x00, 0x00, 0x01, 0x00, 0x00, 0x00, 0x00, 0x00, 0x00, 0x00, 0x00, 0x00,
    0x00, 0x00, 0x01, 0xE0, 0x7B, 0x02, 0x00, 0xF8, 0x01, 0x00, 0x00, 0x00, 0x00, 0x00, 0x00, 0x00, 0x00, 0x00, 0x00, 0x00, 0x00, 0x00, 0x00, 0x00,
    0x00, 0x00, 0x00, 0x00, 0x00, 0x00, 0x00, 0x00, 0x00, 0x00, 0x00, 0x00, 0x00, 0x00, 0x00, 0x00, 0x00, 0x00, 0x00, 0x00, 0x00, 0x00, 0x00, 0x00,
    0x00, 0x00, 0x00, 0x00, 0x00, 0x00, 0x00, 0x00, 0x00, 0x00, 0x00, 0x00, 0x00, 0x00, 0x00, 0x00, 0x00, 0x00, 0x00, 0x00, 0x00, 0x00, 0x00, 0x00,
    0x00, 0x00, 0x00, 0xA0, 0x52, 0x03, 0x00, 0x00, 0x00, 0x06, 0xA2, 0x4B, 0xC5, 0x99, 0xE8, 0x88, 0xAA, 0x13, 0x00, 0x00, 0x00, 0x00, 0xF8, 0x01,
    0x00, 0x00, 0x00, 0x00, 0x00, 0x00, 0x00, 0x00, 0x00, 0x00, 0x00, 0x00, 0x00, 0x00, 0x00, 0x00, 0x00, 0x00, 0x00, 0x00, 0x00, 0x00, 0x00, 0x00,
    0x00, 0x00, 0x00, 0x00, 0x00, 0x00, 0x00, 0x00, 0x00, 0x00, 0x00, 0x00, 0x00, 0x00, 0x00, 0x00, 0x00, 0x00, 0x00, 0x00, 0x00, 0x00, 0x00, 0x00,
    0x00, 0x00, 0x00, 0x00, 0x00, 0x00, 0x00, 0x00, 0x00, 0x00, 0x00, 0x00, 0x00, 0x00, 0x00, 0x00, 0x00, 0x00, 0x00, 0x00, 0x00, 0x00, 0x00, 0x00,
    0x00, 0x00, 0x00, 0x00, 0x00, 0x00, 0x00, 0x00, 0x00, 0x00, 0x00, 0x00, 0x00, 0x00, 0x00, 0x00, 0x00, 0x00, 0x00, 0x00, 0x00, 0x00, 0x00, 0x00,
    0x00, 0x00, 0x00, 0x00, 0x00, 0x00, 0x00, 0x00, 0x00, 0x00, 0x00, 0x00, 0x00, 0x00, 0x00, 0x00, 0x00, 0x00, 0x00, 0x00, 0x00, 0x00, 0x00, 0x00,
    0x00, 0x00, 0x00, 0x00, 0x00, 0x00, 0x00, 0x00, 0x00, 0x00, 0x00, 0x00, 0x00, 0x00, 0x00, 0x00, 0x00, 0x00, 0x00, 0x00, 0x00, 0x00, 0x00, 0x00,
    0x00, 0x00, 0x00, 0x00, 0x00, 0x00, 0x00, 0x00, 0x00, 0x00, 0x00, 0x00, 0x00, 0x00, 0x00, 0x00, 0x00, 0x00, 0x00, 0x00, 0x00, 0x00, 0x00, 0x00,
    0x00, 0x00, 0x00, 0x00, 0x00, 0x00, 0x00, 0x00, 0x00, 0x00, 0x00, 0x00, 0x00, 0x00, 0x00, 0x00, 0x00, 0x00, 0x00, 0x00, 0x00, 0x00, 0x00, 0x00,
    0x00, 0x00, 0x00, 0x00, 0x00, 0x00, 0x00, 0x00, 0x00, 0x00, 0x00, 0x00, 0x00, 0x00, 0x00, 0x00, 0x00, 0x00, 0x00, 0x00, 0x00, 0x00, 0x00, 0x00,
    0x00, 0x00, 0x00, 0x00, 0x00, 0x00, 0x00, 0x00, 0x00, 0x00, 0x00, 0x00, 0x00, 0x00, 0x00, 0x00, 0x00, 0x00, 0x00, 0x00, 0x00, 0x00, 0x00, 0x00,
    0x00, 0x00, 0x00, 0x00, 0x00, 0x00, 0x00, 0x00, 0x00, 0x00, 0x00, 0x00, 0x00, 0x00, 0x00, 0x00, 0x00, 0x00, 0x00, 0x00, 0x00, 0x00, 0x00, 0x00,
    0x00, 0x00, 0x00, 0x00, 0x00, 0x00, 0x00, 0x00, 0x00, 0x00, 0x00, 0x00, 0x00, 0x00, 0x00, 0x00, 0x00, 0x00, 0x00, 0x00, 0x00, 0x00, 0x00, 0x00,
    0x00, 0x00, 0x00, 0x00, 0x00, 0x00, 0x00, 0x00, 0x00, 0x00, 0x00, 0x00, 0x00, 0x00, 0x00, 0x00, 0x00, 0x00, 0x00, 0x00, 0x00, 0x00, 0x00, 0x00,
    0x00, 0x00, 0x00, 0x00, 0x00, 0x00, 0x00, 0x00, 0x00, 0x00, 0x00, 0x00, 0x00, 0x00, 0x00, 0x00, 0x00, 0x00, 0x00, 0x00, 0x00, 0x00, 0x00, 0x00,
    0x00, 0x00, 0x00, 0x00, 0x00, 0x00, 0x00, 0x00, 0x00, 0x00, 0x00, 0x00, 0x00, 0x00, 0x00, 0x00, 0x00, 0x00, 0x00, 0x00, 0x00, 0x00, 0x00, 0x00,
    0x00, 0x00, 0x00, 0x00, 0x00, 0x00, 0x00, 0x00, 0x00, 0x00, 0x00, 0x00, 0x00, 0x00, 0x00, 0x00, 0x00, 0x00, 0x00, 0x00, 0x00, 0x00, 0x00, 0x00,
    0x00, 0x00, 0x00, 0x00, 0x00, 0x00, 0x00, 0x00, 0x00, 0x00, 0x00, 0x00, 0x00, 0x00, 0x00, 0x00, 0x00, 0x00, 0x00, 0x00, 0x00, 0x00, 0x00, 0x00,
    0x00, 0x00, 0x00, 0x00, 0x00, 0x00, 0x00, 0x00, 0x00, 0x00, 0x00, 0x00, 0x00, 0x00, 0x00, 0x00, 0x00, 0x00, 0x00, 0x00, 0x00, 0x00, 0x00, 0x00,
    0x00, 0x00, 0x00, 0x00, 0x00, 0x00, 0x00, 0x00, 0x00, 0x00, 0x00, 0x00, 0x00, 0x00, 0x00, 0x00, 0x00, 0x00, 0x00, 0x00, 0x00, 0x00, 0x00, 0x00,
    0x00, 0x00, 0x00, 0x00, 0x00, 0x00, 0x00, 0x00, 0x00, 0x00, 0x00, 0x00, 0x00, 0x00, 0x00, 0x00, 0x00, 0x00, 0x00, 0x00, 0x00, 0x00, 0x00, 0x00,
    0x00, 0x00, 0x00, 0x00, 0x00, 0x00, 0x00, 0x00, 0x00, 0x00, 0x00, 0x00, 0x00, 0x00, 0x00, 0x00, 0x00, 0x00, 0x00, 0x00, 0x00, 0x00, 0x00, 0x00,
    0x00, 0x00, 0x00, 0x00, 0x00, 0x00, 0x00, 0x00, 0x00, 0x00, 0x00, 0x00, 0x00, 0x00, 0x00, 0x00, 0x00, 0x00, 0x00, 0x00, 0x00, 0x00, 0x00, 0x00,
    0x00, 0x00, 0x00, 0x00, 0x00, 0x00, 0x00, 0x00, 0x00, 0x00, 0x00, 0x00, 0x00, 0x00, 0x00, 0x00, 0x00, 0x00, 0x00, 0x00, 0x00, 0x00, 0x00, 0x00,
    0x00, 0x00, 0x00, 0x00, 0x00, 0x00, 0x00, 0x00, 0x00, 0x00, 0x00, 0x00, 0x00, 0x00, 0x00, 0x00, 0x00, 0x00, 0x00, 0x00, 0x00, 0x00, 0x00, 0x00,
    0x00, 0x00, 0x00, 0x00, 0x00, 0x00, 0x00, 0x00, 0x00, 0x00, 0x00, 0x00, 0x00, 0x00, 0x00, 0x00, 0x00, 0x00, 0x00, 0x00, 0x00, 0x00, 0x00, 0x00,
    0x00, 0x00, 0x00, 0x00, 0x00, 0x00, 0x00, 0x00, 0x00, 0x00, 0x00, 0x00, 0x00, 0x00, 0x00, 0x00, 0x00, 0x00, 0x00, 0x00, 0x00, 0x00, 0x00, 0x00,
    0x00, 0x00, 0x00, 0x00, 0x00, 0x00, 0x00, 0x00, 0x00, 0x00, 0x00, 0x00, 0x00, 0x00, 0x00, 0x00, 0x00, 0x00, 0x00, 0x00, 0x00, 0x00, 0x00, 0x00,
    0x00, 0x00, 0x00, 0x00, 0x00, 0x00, 0x00, 0x00, 0x00, 0x00, 0x00, 0x00, 0x00, 0x00, 0x00, 0x00, 0x00, 0x00, 0x00, 0x00, 0x00, 0x00, 0x00, 0x00,
    0x00, 0x00, 0x00, 0x00, 0x00, 0x00, 0x00, 0x00, 0x00, 0x00, 0x00, 0x00, 0x00, 0x00, 0x00, 0x00, 0x00, 0x00, 0x00, 0x00, 0x00, 0x00, 0x00, 0x00,
    0x00, 0x00, 0x00, 0x00, 0x00, 0x00, 0x00, 0x00, 0x00, 0x00, 0x00, 0x00, 0x00, 0x00, 0x00, 0x00, 0x00, 0x00, 0x00, 0x00, 0x00, 0x00, 0x00, 0x00,
    0x00, 0x00, 0x00, 0x00, 0x00, 0x00, 0x00, 0x00, 0x00, 0x00, 0x00, 0x00, 0x00, 0x00, 0x00, 0x00, 0x00, 0x00, 0x00, 0x00, 0x00, 0x00, 0x00, 0x00,
    0x00, 0x00, 0x00, 0x00, 0x00, 0x00, 0x00, 0x00, 0x00, 0x00, 0x00, 0x00, 0x00, 0x00, 0x00, 0x00, 0x00, 0x00, 0x00, 0x00, 0x00, 0x00, 0x00, 0x00,
    0x00, 0x00, 0x00, 0x00, 0x00, 0x00, 0x00, 0x00, 0x00, 0x00, 0x00, 0x00, 0x00, 0x00, 0x00, 0x00, 0x00, 0x00, 0x00, 0x00, 0x00, 0x00, 0x00, 0x00,
    0x00, 0x00, 0x00, 0x00, 0x00, 0x00, 0x00, 0x00, 0x00, 0x00, 0x00, 0x00, 0x00, 0x00, 0x00, 0x00, 0x00, 0x00, 0x00, 0x00, 0x00, 0x00, 0x00, 0x00,
    0x00, 0x00, 0x00, 0x00, 0x00, 0x00, 0x00, 0x00, 0x00, 0x00, 0x00, 0x00, 0x00, 0x00, 0x00, 0x00, 0x00, 0x00, 0x00, 0x00, 0x00, 0x00, 0x00, 0x00,
    0x00, 0x00, 0x00, 0x00, 0x00, 0x00, 0x00, 0x00, 0x00, 0x00, 0x00, 0x00, 0x00, 0x00, 0x00, 0x00, 0x00, 0x00, 0x00, 0x00, 0x00, 0x00, 0x00, 0x00,
    0x00, 0x00, 0x00, 0x00, 0x00, 0x00, 0x00, 0x00, 0x00, 0x00, 0x00, 0x00, 0x00, 0x00, 0x00, 0x00, 0x00, 0x00, 0x00, 0x00, 0x00, 0x00, 0x00, 0x00,
    0x00, 0x00, 0x00, 0x00, 0x00, 0x00, 0x00, 0x00, 0x00, 0x00, 0x00, 0x00, 0x00, 0x00, 0x00, 0x00, 0x00, 0x00, 0x00, 0x00, 0x00, 0x00, 0x00, 0x00,
    0x00, 0x00, 0x00, 0x00, 0x00, 0x00, 0x00, 0x00, 0x00, 0x00, 0x00, 0x00, 0x00, 0x00, 0x00, 0x00, 0x00, 0x00, 0x00, 0x00, 0x00, 0x00, 0x00, 0x00,
    0x00, 0x00, 0x00, 0x00, 0x00, 0x00, 0x00, 0x00, 0x00, 0x00, 0x00, 0x00, 0x00, 0x00, 0x00, 0x00, 0x00, 0x00, 0x00, 0x00, 0x00, 0x00, 0x00, 0x00,
    0x00, 0x00, 0x00, 0x00, 0x00, 0x00, 0x00, 0x00, 0x00, 0x00, 0x00, 0x00, 0x00, 0x00, 0x00, 0x00, 0x00, 0x00, 0x00, 0x00, 0x00, 0x00, 0x00, 0x00,
    0x00, 0x00, 0x00, 0x00, 0x00, 0x00, 0x00, 0x00, 0x00, 0x00, 0x00, 0x00, 0x00, 0x00, 0x00, 0x00, 0x00, 0x00, 0x00, 0x00, 0x00, 0x00, 0x00, 0x01,
    0x00, 0x00, 0x00, 0x84, 0x61, 0x14, 0xA5, 0x61, 0x49, 0xA5, 0x7A, 0x06, 0xE5, 0x79, 0x7C, 0xE4, 0x79, 0x20, 0x00, 0x00, 0x00, 0x00, 0xF8, 0x01,
    0x00, 0x00, 0x00, 0x00, 0xF8, 0x01, 0xE0, 0x7B, 0x02, 0xE0, 0x7B, 0x02, 0x00, 0x00, 0x01, 0x00, 0x00, 0x00, 0x00, 0x00, 0x00, 0x00, 0x00, 0x00,
    0x00, 0x00, 0x00, 0x00, 0x00, 0x00, 0x00, 0x00, 0x00, 0x00, 0x00, 0x00, 0x00, 0x00, 0x00, 0x00, 0x00, 0x00, 0x00, 0x00, 0x00, 0x00, 0x00, 0x00,
    0x00, 0x00, 0x00, 0x00, 0x00, 0x00, 0x00, 0x00, 0x00, 0x00, 0x00, 0x00, 0x00, 0x00, 0x00, 0x00, 0x00, 0x00, 0x00, 0x00, 0x00, 0x00, 0x00, 0x00,
    0x00, 0x00, 0x00, 0x00, 0x00, 0x00, 0x00, 0x00, 0x00, 0x00, 0x00, 0x00, 0x00, 0x00, 0x00, 0xAA, 0xAA, 0x03, 0x00, 0x00, 0x00, 0xE6, 0x99, 0x48,
    0xE5, 0x99, 0xE1, 0x09, 0xC3, 0x0D, 0x00, 0x00, 0x00, 0x00, 0xF8, 0x01, 0x00, 0x00, 0x00, 0x00, 0x00, 0x00, 0x00, 0x00, 0x00, 0x00, 0x00, 0x00,
    0x00, 0x00, 0x00, 0x00, 0x00, 0x00, 0x00, 0x00, 0x00, 0x00, 0x00, 0x00, 0x00, 0x00, 0x00, 0x00, 0x00, 0x00, 0x00, 0x00, 0x00, 0x00, 0x00, 0x00,
    0x00, 0x00, 0x00, 0x00, 0x00, 0x00, 0x00, 0x00, 0x00, 0x00, 0x00, 0x00, 0x00, 0x00, 0x00, 0x00, 0x00, 0x00, 0x00, 0x00, 0x00, 0x00, 0x00, 0x00,
    0x00, 0x00, 0x00, 0x00, 0x00, 0x00, 0x00, 0x00, 0x00, 0x00, 0x00, 0x00, 0x00, 0x00, 0x00, 0x00, 0x00, 0x00, 0x00, 0x00, 0x00, 0x00, 0x00, 0x00,
    0x00, 0x00, 0x00, 0x00, 0x00, 0x00, 0x00, 0x00, 0x00, 0x00, 0x00, 0x00, 0x00, 0x00, 0x00, 0x00, 0x00, 0x00, 0x00, 0x00, 0x00, 0x00, 0x00, 0x00,
    0x00, 0x00, 0x00, 0x00, 0x00, 0x00, 0x00, 0x00, 0x00, 0x00, 0x00, 0x00, 0x00, 0x00, 0x00, 0x00, 0x00, 0x00, 0x00, 0x00, 0x00, 0x00, 0x00, 0x00,
    0x00, 0x00, 0x00, 0x00, 0x00, 0x00, 0x00, 0x00, 0x00, 0x00, 0x00, 0x00, 0x00, 0x00, 0x00, 0x00, 0x00, 0x00, 0x00, 0x00, 0x00, 0x00, 0x00, 0x00,
    0x00, 0x00, 0x00, 0x00, 0x00, 0x00, 0x00, 0x00, 0x00, 0x00, 0x00, 0x00, 0x00, 0x00, 0x00, 0x00, 0x00, 0x00, 0x00, 0x00, 0x00, 0x00, 0x00, 0x00,
    0x00, 0x00, 0x00, 0x00, 0x00, 0x00, 0x00, 0x00, 0x00, 0x00, 0x00, 0x00, 0x00, 0x00, 0x00, 0x00, 0x00, 0x00, 0x00, 0x00, 0x00, 0x00, 0x00, 0x00,
    0x00, 0x00, 0x00, 0x00, 0x00, 0x00, 0x00, 0x00, 0x00, 0x00, 0x00, 0x00, 0x00, 0x00, 0x00, 0x00, 0x00, 0x00, 0x00, 0x00, 0x00, 0x00, 0x00, 0x00,
    0x00, 0x00, 0x00, 0x00, 0x00, 0x00, 0x00, 0x00, 0x00, 0x00, 0x00, 0x00, 0x00, 0x00, 0x00, 0x00, 0x00, 0x00, 0x00, 0x00, 0x00, 0x00, 0x00, 0x00,
    0x00, 0x00, 0x00, 0x00, 0x00, 0x00, 0x00, 0x00, 0x00, 0x00, 0x00, 0x00, 0x00, 0x00, 0x00, 0x00, 0x00, 0x00, 0x00, 0x00, 0x00, 0x00, 0x00, 0x00,
    0x00, 0x00, 0x00, 0x00, 0x00, 0x00, 0x00, 0x00, 0x00, 0x00, 0x00, 0x00, 0x00, 0x00, 0x00, 0x00, 0x00, 0x00, 0x00, 0x00, 0x00, 0x00, 0x00, 0x00,
    0x00, 0x00, 0x00, 0x00, 0x00, 0x00, 0x00, 0x00, 0x00, 0x00, 0x00, 0x00, 0x00, 0x00, 0x00, 0x00, 0x00, 0x00, 0x00, 0x00, 0x00, 0x00, 0x00, 0x00,
    0x00, 0x00, 0x00, 0x00, 0x00, 0x00, 0x00, 0x00, 0x00, 0x00, 0x00, 0x00, 0x00, 0x00, 0x00, 0x00, 0x00, 0x00, 0x00, 0x00, 0x00, 0x00, 0x00, 0x00,
    0x00, 0x00, 0x00, 0x00, 0x00, 0x00, 0x00, 0x00, 0x00, 0x00, 0x00, 0x00, 0x00, 0x00, 0x00, 0x00, 0x00, 0x00, 0x00, 0x00, 0x00, 0x00, 0x00, 0x00,
    0x00, 0x00, 0x00, 0x00, 0x00, 0x00, 0x00, 0x00, 0x00, 0x00, 0x00, 0x00, 0x00, 0x00, 0x00, 0x00, 0x00, 0x00, 0x00, 0x00, 0x00, 0x00, 0x00, 0x00,
    0x00, 0x00, 0x00, 0x00, 0x00, 0x00, 0x00, 0x00, 0x00, 0x00, 0x00, 0x00, 0x00, 0x00, 0x00, 0x00, 0x00, 0x00, 0x00, 0x00, 0x00, 0x00, 0x00, 0x00,
    0x00, 0x00, 0x00, 0x00, 0x00, 0x00, 0x00, 0x00, 0x00, 0x00, 0x00, 0x00, 0x00, 0x00, 0x00, 0x00, 0x00, 0x00, 0x00, 0x00, 0x00, 0x00, 0x00, 0x00,
    0x00, 0x00, 0x00, 0x00, 0x00, 0x00, 0x00, 0x00, 0x00, 0x00, 0x00, 0x00, 0x00, 0x00, 0x00, 0x00, 0x00, 0x00, 0x00, 0x00, 0x00, 0x00, 0x00, 0x00,
    0x00, 0x00, 0x00, 0x00, 0x00, 0x00, 0x00, 0x00, 0x00, 0x00, 0x00, 0x00, 0x00, 0x00, 0x00, 0x00, 0x00, 0x00, 0x00, 0x00, 0x00, 0x00, 0x00, 0x00,
    0x00, 0x00, 0x00, 0x00, 0x00, 0x00, 0x00, 0x00, 0x00, 0x00, 0x00, 0x00, 0x00, 0x00, 0x00, 0x00, 0x00, 0x00, 0x00, 0x00, 0x00, 0x00, 0x00, 0x00,
    0x00, 0x00, 0x00, 0x00, 0x00, 0x00, 0x00, 0x00, 0x00, 0x00, 0x00, 0x00, 0x00, 0x00, 0x00, 0x00, 0x00, 0x00, 0x00, 0x00, 0x00, 0x00, 0x00, 0x00,
    0x00, 0x00, 0x00, 0x00, 0x00, 0x00, 0x00, 0x00, 0x00, 0x00, 0x00, 0x00, 0x00, 0x00, 0x00, 0x00, 0x00, 0x00, 0x00, 0x00, 0x00, 0x00, 0x00, 0x00,
    0x00, 0x00, 0x00, 0x00, 0x00, 0x00, 0x00, 0x00, 0x00, 0x00, 0x00, 0x00, 0x00, 0x00, 0x00, 0x00, 0x00, 0x00, 0x00, 0x00, 0x00, 0x00, 0x00, 0x00,
    0x00, 0x00, 0x00, 0x00, 0x00, 0x00, 0x00, 0x00, 0x00, 0x00, 0x00, 0x00, 0x00, 0x00, 0x00, 0x00, 0x00, 0x00, 0x00, 0x00, 0x00, 0x00, 0x00, 0x00,
    0x00, 0x00, 0x00, 0x00, 0x00, 0x00, 0x00, 0x00, 0x00, 0x00, 0x00, 0x00, 0x00, 0x00, 0x00, 0x00, 0x00, 0x00, 0x00, 0x00, 0x00, 0x00, 0x00, 0x00,
    0x00, 0x00, 0x00, 0x00, 0x00, 0x00, 0x00, 0x00, 0x00, 0x00, 0x00, 0x00, 0x00, 0x00, 0x00, 0x00, 0x00, 0x00, 0x00, 0x00, 0x00, 0x00, 0x00, 0x00,
    0x00, 0x00, 0x00, 0x00, 0x00, 0x00, 0x00, 0x00, 0x00, 0x00, 0x00, 0x00, 0x00, 0x00, 0x00, 0x00, 0x00, 0x00, 0x00, 0x00, 0x00, 0x00, 0x00, 0x00,
    0x00, 0x00, 0x00, 0x00, 0x00, 0x00, 0x00, 0x00, 0x00, 0x00, 0x00, 0x00, 0x00, 0x00, 0x00, 0x00, 0x00, 0x00, 0x00, 0x00, 0x00, 0x00, 0x00, 0x00,
    0x00, 0x00, 0x00, 0x00, 0x00, 0x00, 0x00, 0x00, 0x00, 0x00, 0x00, 0x00, 0x00, 0x00, 0x00, 0x00, 0x00, 0x00, 0x00, 0x00, 0x00, 0x00, 0x00, 0x00,
    0x00, 0x00, 0x00, 0x00, 0x00, 0x00, 0x00, 0x00, 0x00, 0x00, 0x00, 0x00, 0x00, 0x00, 0x00, 0x00, 0x00, 0x00, 0x00, 0x00, 0x00, 0x00, 0x00, 0x00,
    0x00, 0x00, 0x00, 0x00, 0x00, 0x00, 0x00, 0x00, 0x00, 0x00, 0x00, 0x00, 0x00, 0x00, 0x00, 0x00, 0x00, 0x00, 0x00, 0x00, 0x00, 0x00, 0x00, 0x00,
    0x00, 0x00, 0x00, 0x00, 0x00, 0x00, 0x00, 0x00, 0x00, 0x00, 0x00, 0x00, 0x00, 0x00, 0x00, 0x00, 0x00, 0x00, 0x00, 0x00, 0x00, 0x00, 0x00, 0x00,
    0x00, 0x00, 0x00, 0x00, 0x00, 0x00, 0x00, 0x00, 0x00, 0x00, 0x00, 0x00, 0x00, 0x00, 0x00, 0x00, 0x00, 0x00, 0x00, 0x00, 0x00, 0x00, 0x00, 0x00,
    0x00, 0x00, 0x00, 0x00, 0x00, 0x00, 0x00, 0x00, 0x00, 0x00, 0x00, 0x00, 0x00, 0x00, 0x00, 0x00, 0x00, 0x00, 0x00, 0x00, 0x00, 0x00, 0x00, 0x00,
    0x00, 0x00, 0x00, 0x00, 0x00, 0x00, 0x00, 0x00, 0x00, 0x00, 0x00, 0x00, 0x00, 0x00, 0x00, 0x00, 0x00, 0x00, 0x00, 0x00, 0x00, 0x00, 0x00, 0x00,
    0x00, 0x00, 0x00, 0x00, 0x00, 0x00, 0x00, 0x00, 0x00, 0x00, 0x00, 0x00, 0x00, 0x00, 0x00, 0x00, 0x00, 0x00, 0x00, 0x00, 0x00, 0x00, 0x00, 0x00,
    0x00, 0x00, 0x00, 0x00, 0x00, 0x00, 0x00, 0x00, 0x00, 0x00, 0x00, 0x00, 0x00, 0x00, 0x00, 0x00, 0x00, 0x00, 0x00, 0x00, 0x00, 0x00, 0x00, 0x00,
    0x00, 0x00, 0x00, 0x00, 0x00, 0x00, 0x00, 0x00, 0x00, 0x00, 0x00, 0x00, 0x00, 0x00, 0x00, 0x00, 0x00, 0x00, 0x00, 0x00, 0x00, 0x00, 0x00, 0x00,
    0x00, 0x00, 0x00, 0x00, 0x00, 0x00, 0x00, 0x00, 0x00, 0x00, 0x00, 0x00, 0x00, 0x00, 0x00, 0x00, 0x00, 0x00, 0x00, 0x00, 0x00, 0x00, 0x00, 0x00,
    0x00, 0x00, 0x00, 0x00, 0x00, 0x00, 0x00, 0x00, 0x00, 0x00, 0x00, 0x00, 0x00, 0x00, 0x00, 0x00, 0x00, 0x00, 0x00, 0x00, 0x00, 0x00, 0x00, 0x00,
    0x00, 0x00, 0x00, 0x00, 0x00, 0x00, 0x00, 0x00, 0x00, 0x00, 0x00, 0x00, 0xA4, 0x59, 0x0E, 0xE5, 0x69, 0x18, 0xC5, 0x59, 0x1B, 0x00, 0x00, 0x00,
    0x00, 0x00, 0x00, 0x00, 0x00, 0x00, 0x00, 0x00, 0x00, 0x00, 0x00, 0x00, 0x00, 0x00, 0x00, 0x00, 0x00, 0x00, 0x00, 0x00, 0x00, 0x00, 0x00, 0x00,
    0x00, 0x00, 0x00, 0x00, 0x00, 0x00, 0x00, 0x00, 0x00, 0x00, 0x00, 0x00, 0x00, 0x00, 0x00, 0x00, 0x00, 0x00, 0x00, 0x00, 0x00, 0x00, 0x00, 0x00,
    0x00, 0x00, 0x00, 0x00, 0x00, 0x00, 0x00, 0x00, 0x00, 0x00, 0x00, 0x00, 0x00, 0x00, 0x00, 0x00, 0x00, 0x00, 0x00, 0x00, 0x00, 0x00, 0x00, 0x00,
    0x00, 0x00, 0x00, 0x00, 0x00, 0x00, 0x00, 0x00, 0x00, 0x00, 0x00, 0x00, 0x00, 0x00, 0x00, 0x00, 0x00, 0x00, 0x00, 0x00, 0x00, 0x00, 0x00, 0x00,
    0x00, 0x00, 0x00, 0xAA, 0xAA, 0x03, 0x00, 0x00, 0x00, 0x06, 0x9A, 0x4F, 0x06, 0xA2, 0xDE, 0x8E, 0xE3, 0x09, 0x00, 0x00, 0x00, 0x00, 0xF8, 0x01,
    0x00, 0x00, 0x00, 0x00, 0x00, 0x00, 0x00, 0x00, 0x00, 0x00, 0x00, 0x00, 0x00, 0x00, 0x00, 0x00, 0x00, 0x00, 0x00, 0x00, 0x00, 0x00, 0x00, 0x00,
    0x00, 0x00, 0x00, 0x00, 0x00, 0x00, 0x00, 0x00, 0x00, 0x00, 0x00, 0x00, 0x00, 0x00, 0x00, 0x00, 0x00, 0x00, 0x00, 0x00, 0x00, 0x00, 0x00, 0x00,
    0x00, 0x00, 0x00, 0x00, 0x00, 0x00, 0x00, 0x00, 0x00, 0x00, 0x00, 0x00, 0x00, 0x00, 0x00, 0x00, 0x00, 0x00, 0x00, 0x00, 0x00, 0x00, 0x00, 0x00,
    0x00, 0x00, 0x00, 0x00, 0x00, 0x00, 0x00, 0x00, 0x00, 0x00, 0x00, 0x00, 0x00, 0x00, 0x00, 0x00, 0x00, 0x00, 0x00, 0x00, 0x00, 0x00, 0x00, 0x00,
    0x00, 0x00, 0x00, 0x00, 0x00, 0x00, 0x00, 0x00, 0x00, 0x00, 0x00, 0x00, 0x00, 0x00, 0x00, 0x00, 0x00, 0x00, 0x00, 0x00, 0x00, 0x00, 0x00, 0x00,
    0x00, 0x00, 0x00, 0x00, 0x00, 0x00, 0x00, 0x00, 0x00, 0x00, 0x00, 0x00, 0x00, 0x00, 0x00, 0x00, 0x00, 0x00, 0x00, 0x00, 0x00, 0x00, 0x00, 0x00,
    0x00, 0x00, 0x00, 0x00, 0x00, 0x00, 0x00, 0x00, 0x00, 0x00, 0x00, 0x00, 0x00, 0x00, 0x00, 0x00, 0x00, 0x00, 0x00, 0x00, 0x00, 0x00, 0x00, 0x00,
    0x00, 0x00, 0x00, 0x00, 0x00, 0x00, 0x00, 0x00, 0x00, 0x00, 0x00, 0x00, 0x00, 0x00, 0x00, 0x00, 0x00, 0x00, 0x00, 0x00, 0x00, 0x00, 0x00, 0x00,
    0x00, 0x00, 0x00, 0x00, 0x00, 0x00, 0x00, 0x00, 0x00, 0x00, 0x00, 0x00, 0x00, 0x00, 0x00, 0x00, 0x00, 0x00, 0x00, 0x00, 0x00, 0x00, 0x00, 0x00,
    0x00, 0x00, 0x00, 0x00, 0x00, 0x00, 0x00, 0x00, 0x00, 0x00, 0x00, 0x00, 0x00, 0x00, 0x00, 0x00, 0x00, 0x00, 0x00, 0x00, 0x00, 0x00, 0x00, 0x00,
    0x00, 0x00, 0x00, 0x00, 0x00, 0x00, 0x00, 0x00, 0x00, 0x00, 0x00, 0x00, 0x00, 0x00, 0x00, 0x00, 0x00, 0x00, 0x00, 0x00, 0x00, 0x00, 0x00, 0x00,
    0x00, 0x00, 0x00, 0x00, 0x00, 0x00, 0x00, 0x00, 0x00, 0x00, 0x00, 0x00, 0x00, 0x00, 0x00, 0x00, 0x00, 0x00, 0x00, 0x00, 0x00, 0x00, 0x00, 0x00,
    0x00, 0x00, 0x00, 0x00, 0x00, 0x00, 0x00, 0x00, 0x00, 0x00, 0x00, 0x00, 0x00, 0x00, 0x00, 0x00, 0x00, 0x00, 0x00, 0x00, 0x00, 0x00, 0x00, 0x00,
    0x00, 0x00, 0x00, 0x00, 0x00, 0x00, 0x00, 0x00, 0x00, 0x00, 0x00, 0x00, 0x00, 0x00, 0x00, 0x00, 0x00, 0x00, 0x00, 0x00, 0x00, 0x00, 0x00, 0x00,
    0x00, 0x00, 0x00, 0x00, 0x00, 0x00, 0x00, 0x00, 0x00, 0x00, 0x00, 0x00, 0x00, 0x00, 0x00, 0x00, 0x00, 0x00, 0x00, 0x00, 0x00, 0x00, 0x00, 0x00,
    0x00, 0x00, 0x00, 0x00, 0x00, 0x00, 0x00, 0x00, 0x00, 0x00, 0x00, 0x00, 0x00, 0x00, 0x00, 0x00, 0x00, 0x00, 0x00, 0x00, 0x00, 0x00, 0x00, 0x00,
    0x00, 0x00, 0x00, 0x00, 0x00, 0x00, 0x00, 0x00, 0x00, 0x00, 0x00, 0x00, 0x00, 0x00, 0x00, 0x00, 0x00, 0x00, 0x00, 0x00, 0x00, 0x00, 0x00, 0x00,
    0x00, 0x00, 0x00, 0x00, 0x00, 0x00, 0x00, 0x00, 0x00, 0x00, 0x00, 0x00, 0x00, 0x00, 0x00, 0x00, 0x00, 0x00, 0x00, 0x00, 0x00, 0x00, 0x00, 0x00,
    0x00, 0x00, 0x00, 0x00, 0x00, 0x00, 0x00, 0x00, 0x00, 0x00, 0x00, 0x00, 0x00, 0x00, 0x00, 0x00, 0x00, 0x00, 0x00, 0x00, 0x00, 0x00, 0x00, 0x00,
    0x00, 0x00, 0x00, 0x00, 0x00, 0x00, 0x00, 0x00, 0x00, 0x00, 0x00, 0x00, 0x00, 0x00, 0x00, 0x00, 0x00, 0x00, 0x00, 0x00, 0x00, 0x00, 0x00, 0x00,
    0x00, 0x00, 0x00, 0x00, 0x00, 0x00, 0x00, 0x00, 0x00, 0x00, 0x00, 0x00, 0x00, 0x00, 0x00, 0x00, 0x00, 0x00, 0x00, 0x00, 0x00, 0x00, 0x00, 0x00,
    0x00, 0x00, 0x00, 0x00, 0x00, 0x00, 0x00, 0x00, 0x00, 0x00, 0x00, 0x00, 0x00, 0x00, 0x00, 0x00, 0x00, 0x00, 0x00, 0x00, 0x00, 0x00, 0x00, 0x00,
    0x00, 0x00, 0x00, 0x00, 0x00, 0x00, 0x00, 0x00, 0x00, 0x00, 0x00, 0x00, 0x00, 0x00, 0x00, 0x00, 0x00, 0x00, 0x00, 0x00, 0x00, 0x00, 0x00, 0x00,
    0x00, 0x00, 0x00, 0x00, 0x00, 0x00, 0x00, 0x00, 0x00, 0x00, 0x00, 0x00, 0x00, 0x00, 0x00, 0x00, 0x00, 0x00, 0x00, 0x00, 0x00, 0x00, 0x00, 0x00,
    0x00, 0x00, 0x00, 0x00, 0x00, 0x00, 0x00, 0x00, 0x00, 0x00, 0x00, 0x00, 0x00, 0x00, 0x00, 0x00, 0x00, 0x00, 0x00, 0x00, 0x00, 0x00, 0x00, 0x00,
    0x00, 0x00, 0x00, 0x00, 0x00, 0x00, 0x00, 0x00, 0x00, 0x00, 0x00, 0x00, 0x00, 0x00, 0x00, 0x00, 0x00, 0x00, 0x00, 0x00, 0x00, 0x00, 0x00, 0x00,
    0x00, 0x00, 0x00, 0x00, 0x00, 0x00, 0x00, 0x00, 0x00, 0x00, 0x00, 0x00, 0x00, 0x00, 0x00, 0x00, 0x00, 0x00, 0x00, 0x00, 0x00, 0x00, 0x00, 0x00,
    0x00, 0x00, 0x00, 0x00, 0x00, 0x00, 0x00, 0x00, 0x00, 0x00, 0x00, 0x00, 0x00, 0x00, 0x00, 0x00, 0x00, 0x00, 0x00, 0x00, 0x00, 0x00, 0x00, 0x00,
    0x00, 0x00, 0x00, 0x00, 0x00, 0x00, 0x00, 0x00, 0x00, 0x00, 0x00, 0x00, 0x00, 0x00, 0x00, 0x00, 0x00, 0x00, 0x00, 0x00, 0x00, 0x00, 0x00, 0x00,
    0x00, 0x00, 0x00, 0x00, 0x00, 0x00, 0x00, 0x00, 0x00, 0x00, 0x00, 0x00, 0x00, 0x00, 0x00, 0x00, 0x00, 0x00, 0x00, 0x00, 0x00, 0x00, 0x00, 0x00,
    0x00, 0x00, 0x00, 0x00, 0x00, 0x00, 0x00, 0x00, 0x00, 0x00, 0x00, 0x00, 0x00, 0x00, 0x00, 0x00, 0x00, 0x00, 0x00, 0x00, 0x00, 0x00, 0x00, 0x00,
    0x00, 0x00, 0x00, 0x00, 0x00, 0x00, 0x00, 0x00, 0x00, 0x00, 0x00, 0x00, 0x00, 0x00, 0x00, 0x00, 0x00, 0x00, 0x00, 0x00, 0x00, 0x00, 0x00, 0x00,
    0x00, 0x00, 0x00, 0x00, 0x00, 0x00, 0x00, 0x00, 0x00, 0x00, 0x00, 0x00, 0x00, 0x00, 0x00, 0x00, 0x00, 0x00, 0x00, 0x00, 0x00, 0x00, 0x00, 0x00,
    0x00, 0x00, 0x00, 0x00, 0x00, 0x00, 0x00, 0x00, 0x00, 0x00, 0x00, 0x00, 0x00, 0x00, 0x00, 0x00, 0x00, 0x00, 0x00, 0x00, 0x00, 0x00, 0x00, 0x00,
    0x00, 0x00, 0x00, 0x00, 0x00, 0x00, 0x00, 0x00, 0x00, 0x00, 0x00, 0x00, 0x00, 0x00, 0x00, 0x00, 0x00, 0x00, 0x00, 0x00, 0x00, 0x00, 0x00, 0x00,
    0x00, 0x00, 0x00, 0x00, 0x00, 0x00, 0x00, 0x00, 0x00, 0x00, 0x00, 0x00, 0x00, 0x00, 0x00, 0x00, 0x00, 0x00, 0x00, 0x00, 0x00, 0x00, 0x00, 0x00,
    0x00, 0x00, 0x00, 0x00, 0x00, 0x00, 0x00, 0x00, 0x00, 0x00, 0x00, 0x00, 0x00, 0x00, 0x00, 0x00, 0x00, 0x00, 0x00, 0x00, 0x00, 0x00, 0x00, 0x00,
    0x00, 0x00, 0x00, 0x00, 0x00, 0x00, 0x00, 0x00, 0x00, 0x00, 0x00, 0x00, 0x00, 0x00, 0x00, 0x00, 0x00, 0x00, 0x00, 0x00, 0x00, 0x00, 0x00, 0x00,
    0x00, 0x00, 0x00, 0x00, 0x00, 0x00, 0x00, 0x00, 0x00, 0x00, 0x00, 0x00, 0x00, 0x00, 0x00, 0x00, 0x00, 0x00, 0x00, 0x00, 0x00, 0x00, 0x00, 0x00,
    0x00, 0x00, 0x00, 0x00, 0x00, 0x00, 0x00, 0x00, 0x00, 0x00, 0x00, 0x00, 0x00, 0x00, 0x00, 0x00, 0x00, 0x00, 0x00, 0x00, 0x00, 0x00, 0x00, 0x00,
    0x00, 0x00, 0x00, 0x00, 0x00, 0x00, 0x00, 0x00, 0x00, 0x00, 0x00, 0x00, 0x00, 0x00, 0x00, 0x00, 0x00, 0x00, 0x00, 0x00, 0x00, 0x00, 0x00, 0x00,
    0x00, 0x00, 0x00, 0x00, 0x00, 0x00, 0x00, 0x00, 0x00, 0x00, 0x00, 0x00, 0x00, 0x00, 0x00, 0x00, 0x00, 0x00, 0x00, 0xF8, 0x01, 0x00, 0x00, 0x00,
    0xC5, 0x61, 0x24, 0xE5, 0x69, 0x21, 0x00, 0x00, 0x00, 0x00, 0xF8, 0x01, 0xA0, 0x52, 0x03, 0x00, 0x00, 0x01, 0x00, 0x00, 0x00, 0x00, 0x00, 0x00,
    0x00, 0x00, 0x00, 0x00, 0x00, 0x00, 0x00, 0x00, 0x00, 0x00, 0x00, 0x00, 0x00, 0x00, 0x00, 0x00, 0x00, 0x00, 0x00, 0x00, 0x00, 0x00, 0x00, 0x00,
    0x00, 0x00, 0x00, 0x00, 0x00, 0x00, 0x00, 0x00, 0x00, 0x00, 0x00, 0x00, 0x00, 0x00, 0x00, 0x00, 0x00, 0x00, 0x00, 0x00, 0x00, 0x00, 0x00, 0x00,
    0x00, 0x00, 0x00, 0x00, 0x00, 0x00, 0x00, 0x00, 0x00, 0x00, 0x00, 0x00, 0x00, 0x00, 0x00, 0x00, 0x00, 0x00, 0x00, 0x00, 0x00, 0x00, 0x00, 0x00,
    0x00, 0x00, 0x00, 0x00, 0x00, 0x00, 0x00, 0x00, 0x00, 0x00, 0x00, 0x00, 0x00, 0x00, 0x00, 0xAA, 0xAA, 0x03, 0x00, 0x00, 0x00, 0xE6, 0x99, 0x55,
    0x26, 0xA2, 0xD1, 0xFF, 0xFF, 0x02, 0x00, 0x00, 0x00, 0x00, 0x00, 0x01, 0x00, 0x00, 0x00, 0x00, 0x00, 0x00, 0x00, 0x00, 0x00, 0x00, 0x00, 0x00,
    0x00, 0x00, 0x00, 0x00, 0x00, 0x00, 0x00, 0x00, 0x00, 0x00, 0x00, 0x00, 0x00, 0x00, 0x00, 0x00, 0x00, 0x00, 0x00, 0x00, 0x00, 0x00, 0x00, 0x00,
    0x00, 0x00, 0x00, 0x00, 0x00, 0x00, 0x00, 0x00, 0x00, 0x00, 0x00, 0x00, 0x00, 0x00, 0x00, 0x00, 0x00, 0x00, 0x00, 0x00, 0x00, 0x00, 0x00, 0x00,
    0x00, 0x00, 0x00, 0x00, 0x00, 0x00, 0x00, 0x00, 0x00, 0x00, 0x00, 0x00, 0x00, 0x00, 0x00, 0x00, 0x00, 0x00, 0x00, 0x00, 0x00, 0x00, 0x00, 0x00,
    0x00, 0x00, 0x00, 0x00, 0x00, 0x00, 0x00, 0x00, 0x00, 0x00, 0x00, 0x00, 0x00, 0x00, 0x00, 0x00, 0x00, 0x00, 0x00, 0x00, 0x00, 0x00, 0x00, 0x00,
    0x00, 0x00, 0x00, 0x00, 0x00, 0x00, 0x00, 0x00, 0x00, 0x00, 0x00, 0x00, 0x00, 0x00, 0x00, 0x00, 0x00, 0x00, 0x00, 0x00, 0x00, 0x00, 0x00, 0x00,
    0x00, 0x00, 0x00, 0x00, 0x00, 0x00, 0x00, 0x00, 0x00, 0x00, 0x00, 0x00, 0x00, 0x00, 0x00, 0x00, 0x00, 0x00, 0x00, 0x00, 0x00, 0x00, 0x00, 0x00,
    0x00, 0x00, 0x00, 0x00, 0x00, 0x00, 0x00, 0x00, 0x00, 0x00, 0x00, 0x00, 0x00, 0x00, 0x00, 0x00, 0x00, 0x00, 0x00, 0x00, 0x00, 0x00, 0x00, 0x00,
    0x00, 0x00, 0x00, 0x00, 0x00, 0x00, 0x00, 0x00, 0x00, 0x00, 0x00, 0x00, 0x00, 0x00, 0x00, 0x00, 0x00, 0x00, 0x00, 0x00, 0x00, 0x00, 0x00, 0x00,
    0x00, 0x00, 0x00, 0x00, 0x00, 0x00, 0x00, 0x00, 0x00, 0x00, 0x00, 0x00, 0x00, 0x00, 0x00, 0x00, 0x00, 0x00, 0x00, 0x00, 0x00, 0x00, 0x00, 0x00,
    0x00, 0x00, 0x00, 0x00, 0x00, 0x00, 0x00, 0x00, 0x00, 0x00, 0x00, 0x00, 0x00, 0x00, 0x00, 0x00, 0x00, 0x00, 0x00, 0x00, 0x00, 0x00, 0x00, 0x00,
    0x00, 0x00, 0x00, 0x00, 0x00, 0x00, 0x00, 0x00, 0x00, 0x00, 0x00, 0x00, 0x00, 0x00, 0x00, 0x00, 0x00, 0x00, 0x00, 0x00, 0x00, 0x00, 0x00, 0x00,
    0x00, 0x00, 0x00, 0x00, 0x00, 0x00, 0x00, 0x00, 0x00, 0x00, 0x00, 0x00, 0x00, 0x00, 0x00, 0x00, 0x00, 0x00, 0x00, 0x00, 0x00, 0x00, 0x00, 0x00,
    0x00, 0x00, 0x00, 0x00, 0x00, 0x00, 0x00, 0x00, 0x00, 0x00, 0x00, 0x00, 0x00, 0x00, 0x00, 0x00, 0x00, 0x00, 0x00, 0x00, 0x00, 0x00, 0x00, 0x00,
    0x00, 0x00, 0x00, 0x00, 0x00, 0x00, 0x00, 0x00, 0x00, 0x00, 0x00, 0x00, 0x00, 0x00, 0x00, 0x00, 0x00, 0x00, 0x00, 0x00, 0x00, 0x00, 0x00, 0x00,
    0x00, 0x00, 0x00, 0x00, 0x00, 0x00, 0x00, 0x00, 0x00, 0x00, 0x00, 0x00, 0x00, 0x00, 0x00, 0x00, 0x00, 0x00, 0x00, 0x00, 0x00, 0x00, 0x00, 0x00,
    0x00, 0x00, 0x00, 0x00, 0x00, 0x00, 0x00, 0x00, 0x00, 0x00, 0x00, 0x00, 0x00, 0x00, 0x00, 0x00, 0x00, 0x00, 0x00, 0x00, 0x00, 0x00, 0x00, 0x00,
    0x00, 0x00, 0x00, 0x00, 0x00, 0x00, 0x00, 0x00, 0x00, 0x00, 0x00, 0x00, 0x00, 0x00, 0x00, 0x00, 0x00, 0x00, 0x00, 0x00, 0x00, 0x00, 0x00, 0x00,
    0x00, 0x00, 0x00, 0x00, 0x00, 0x00, 0x00, 0x00, 0x00, 0x00, 0x00, 0x00, 0x00, 0x00, 0x00, 0x00, 0x00, 0x00, 0x00, 0x00, 0x00, 0x00, 0x00, 0x00,
    0x00, 0x00, 0x00, 0x00, 0x00, 0x00, 0x00, 0x00, 0x00, 0x00, 0x00, 0x00, 0x00, 0x00, 0x00, 0x00, 0x00, 0x00, 0x00, 0x00, 0x00, 0x00, 0x00, 0x00,
    0x00, 0x00, 0x00, 0x00, 0x00, 0x00, 0x00, 0x00, 0x00, 0x00, 0x00, 0x00, 0x00, 0x00, 0x00, 0x00, 0x00, 0x00, 0x00, 0x00, 0x00, 0x00, 0x00, 0x00,
    0x00, 0x00, 0x00, 0x00, 0x00, 0x00, 0x00, 0x00, 0x00, 0x00, 0x00, 0x00, 0x00, 0x00, 0x00, 0x00, 0x00, 0x00, 0x00, 0x00, 0x00, 0x00, 0x00, 0x00,
    0x00, 0x00, 0x00, 0x00, 0x00, 0x00, 0x00, 0x00, 0x00, 0x00, 0x00, 0x00, 0x00, 0x00, 0x00, 0x00, 0x00, 0x00, 0x00, 0x00, 0x00, 0x00, 0x00, 0x00,
    0x00, 0x00, 0x00, 0x00, 0x00, 0x00, 0x00, 0x00, 0x00, 0x00, 0x00, 0x00, 0x00, 0x00, 0x00, 0x00, 0x00, 0x00, 0x00, 0x00, 0x00, 0x00, 0x00, 0x00,
    0x00, 0x00, 0x00, 0x00, 0x00, 0x00, 0x00, 0x00, 0x00, 0x00, 0x00, 0x00, 0x00, 0x00, 0x00, 0x00, 0x00, 0x00, 0x00, 0x00, 0x00, 0x00, 0x00, 0x00,
    0x00, 0x00, 0x00, 0x00, 0x00, 0x00, 0x00, 0x00, 0x00, 0x00, 0x00, 0x00, 0x00, 0x00, 0x00, 0x00, 0x00, 0x00, 0x00, 0x00, 0x00, 0x00, 0x00, 0x00,
    0x00, 0x00, 0x00, 0x00, 0x00, 0x00, 0x00, 0x00, 0x00, 0x00, 0x00, 0x00, 0x00, 0x00, 0x00, 0x00, 0x00, 0x00, 0x00, 0x00, 0x00, 0x00, 0x00, 0x00,
    0x00, 0x00, 0x00, 0x00, 0x00, 0x00, 0x00, 0x00, 0x00, 0x00, 0x00, 0x00, 0x00, 0x00, 0x00, 0x00, 0x00, 0x00, 0x00, 0x00, 0x00, 0x00, 0x00, 0x00,
    0x00, 0x00, 0x00, 0x00, 0x00, 0x00, 0x00, 0x00, 0x00, 0x00, 0x00, 0x00, 0x00, 0x00, 0x00, 0x00, 0x00, 0x00, 0x00, 0x00, 0x00, 0x00, 0x00, 0x00,
    0x00, 0x00, 0x00, 0x00, 0x00, 0x00, 0x00, 0x00, 0x00, 0x00, 0x00, 0x00, 0x00, 0x00, 0x00, 0x00, 0x00, 0x00, 0x00, 0x00, 0x00, 0x00, 0x00, 0x00,
    0x00, 0x00, 0x00, 0x00, 0x00, 0x00, 0x00, 0x00, 0x00, 0x00, 0x00, 0x00, 0x00, 0x00, 0x00, 0x00, 0x00, 0x00, 0x00, 0x00, 0x00, 0x00, 0x00, 0x00,
    0x00, 0x00, 0x00, 0x00, 0x00, 0x00, 0x00, 0x00, 0x00, 0x00, 0x00, 0x00, 0x00, 0x00, 0x00, 0x00, 0x00, 0x00, 0x00, 0x00, 0x00, 0x00, 0x00, 0x00,
    0x00, 0x00, 0x00, 0x00, 0x00, 0x00, 0x00, 0x00, 0x00, 0x00, 0x00, 0x00, 0x00, 0x00, 0x00, 0x00, 0x00, 0x00, 0x00, 0x00, 0x00, 0x00, 0x00, 0x00,
    0x00, 0x00, 0x00, 0x00, 0x00, 0x00, 0x00, 0x00, 0x00, 0x00, 0x00, 0x00, 0x00, 0x00, 0x00, 0x00, 0x00, 0x00, 0x00, 0x00, 0x00, 0x00, 0x00, 0x00,
    0x00, 0x00, 0x00, 0x00, 0x00, 0x00, 0x00, 0x00, 0x00, 0x00, 0x00, 0x00, 0x00, 0x00, 0x00, 0x00, 0x00, 0x00, 0x00, 0x00, 0x00, 0x00, 0x00, 0x00,
    0x00, 0x00, 0x00, 0x00, 0x00, 0x00, 0x00, 0x00, 0x00, 0x00, 0x00, 0x00, 0x00, 0x00, 0x00, 0x00, 0x00, 0x00, 0x00, 0x00, 0x00, 0x00, 0x00, 0x00,
    0x00, 0x00, 0x00, 0x00, 0x00, 0x00, 0x00, 0x00, 0x00, 0x00, 0x00, 0x00, 0x00, 0x00, 0x00, 0x00, 0x00, 0x00, 0x00, 0x00, 0x00, 0x00, 0x00, 0x00,
    0x00, 0x00, 0x00, 0x00, 0x00, 0x00, 0x00, 0x00, 0x00, 0x00, 0x00, 0x00, 0x00, 0x00, 0x00, 0x00, 0x00, 0x00, 0x00, 0x00, 0x00, 0x00, 0x00, 0x00,
    0x00, 0x00, 0x00, 0x00, 0x00, 0x00, 0x00, 0x00, 0x00, 0x00, 0xF8, 0x01, 0x00, 0x00, 0x00, 0x00, 0x00, 0x00, 0x00, 0x00, 0x00, 0x00, 0x00, 0x00,
    0x00, 0x00, 0x00, 0x00, 0x00, 0x00, 0x00, 0x00, 0x00, 0x00, 0x00, 0x00, 0x00, 0x00, 0x00, 0x00, 0x00, 0x00, 0x00, 0x00, 0x00, 0x00, 0x00, 0x00,
    0x00, 0x00, 0x00, 0x00, 0x00, 0x00, 0x00, 0x00, 0x00, 0x00, 0x00, 0x00, 0x00, 0x00, 0x00, 0x00, 0x00, 0x00, 0x00, 0x00, 0x00, 0x00, 0x00, 0x00,
    0x00, 0x00, 0x00, 0x00, 0x00, 0x01, 0x00, 0x00, 0x00, 0x00, 0x00, 0x00, 0x00, 0x00, 0x00, 0x00, 0x00, 0x00, 0x00, 0x00, 0x00, 0x00, 0x00, 0x00,
    0x00, 0x00, 0x00, 0x00, 0x00, 0x00, 0x00, 0x00, 0x00, 0x00, 0x00, 0x00, 0x00, 0x00, 0x00, 0x00, 0x00, 0x00, 0x00, 0x00, 0x01, 0x00, 0x00, 0x00,
    0x00, 0x00, 0x00, 0x00, 0x00, 0x00, 0x00, 0x00, 0x00, 0x00, 0x00, 0x00, 0x00, 0x00, 0x00, 0x00, 0x00, 0x00, 0x00, 0x00, 0x00, 0x00, 0x00, 0x00,
    0x00, 0x00, 0x00, 0x00, 0x00, 0x00, 0x00, 0x00, 0x00, 0x00, 0x00, 0x00, 0x00, 0x00, 0x00, 0x00, 0x00, 0x00, 0x00, 0x00, 0x00, 0x00, 0x00, 0x00,
    0x00, 0x00, 0x00, 0x00, 0x00, 0x00, 0x00, 0x00, 0x00, 0x00, 0x00, 0x00, 0x00, 0x00, 0x00, 0x00, 0x00, 0x00, 0x00, 0x00, 0x00, 0x00, 0x00, 0x00,
    0x00, 0x00, 0x00, 0x00, 0x00, 0x00, 0x00, 0x00, 0x00, 0x00, 0x00, 0x00, 0x00, 0x00, 0x00, 0x00, 0x00, 0x00, 0x00, 0x00, 0x00, 0x00, 0x00, 0x00,
    0x00, 0x00, 0x00, 0xAA, 0xAA, 0x03, 0x00, 0x00, 0x00, 0x26, 0x9A, 0x56, 0x26, 0x9A, 0xD1, 0xEF, 0xFB, 0x02, 0x00, 0x00, 0x00, 0x00, 0x00, 0x01,
    0x00, 0x00, 0x00, 0x00, 0x00, 0x00, 0x00, 0x00, 0x00, 0x00, 0x00, 0x00, 0x00, 0x00, 0x00, 0x00, 0x00, 0x00, 0x00, 0x00, 0x00, 0x00, 0x00, 0x00,
    0x00, 0x00, 0x00, 0x00, 0x00, 0x00, 0x00, 0x00, 0x00, 0x00, 0x00, 0x00, 0x00, 0x00, 0x00, 0x00, 0x00, 0x00, 0x00, 0x00, 0x00, 0x00, 0x00, 0x00,
    0x00, 0x00, 0x00, 0x00, 0x00, 0x00, 0x00, 0x00, 0x00, 0x00, 0x00, 0x00, 0x00, 0x00, 0x00, 0x00, 0x00, 0x00, 0x00, 0x00, 0x00, 0x00, 0x00, 0x00,
    0x00, 0x00, 0x00, 0x00, 0x00, 0x00, 0x00, 0x00, 0x00, 0x00, 0x00, 0x00, 0x00, 0x00, 0x00, 0x00, 0x00, 0x00, 0x00, 0x00, 0x00, 0x00, 0x00, 0x00,
    0x00, 0x00, 0x00, 0x00, 0x00, 0x00, 0x00, 0x00, 0x00, 0x00, 0x00, 0x00, 0x00, 0x00, 0x00, 0x00, 0x00, 0x00, 0x00, 0x00, 0x00, 0x00, 0x00, 0x00,
    0x00, 0x00, 0x00, 0x00, 0x00, 0x00, 0x00, 0x00, 0x00, 0x00, 0x00, 0x00, 0x00, 0x00, 0x00, 0x00, 0x00, 0x00, 0x00, 0x00, 0x00, 0x00, 0x00, 0x00,
    0x00, 0x00, 0x00, 0x00, 0x00, 0x00, 0x00, 0x00, 0x00, 0x00, 0x00, 0x00, 0x00, 0x00, 0x00, 0x00, 0x00, 0x00, 0x00, 0x00, 0x00, 0x00, 0x00, 0x00,
    0x00, 0x00, 0x00, 0x00, 0x00, 0x00, 0x00, 0x00, 0x00, 0x00, 0x00, 0x00, 0x00, 0x00, 0x00, 0x00, 0x00, 0x00, 0x00, 0x00, 0x00, 0x00, 0x00, 0x00,
    0x00, 0x00, 0x00, 0x00, 0x00, 0x00, 0x00, 0x00, 0x00, 0x00, 0x00, 0x00, 0x00, 0x00, 0x00, 0x00, 0x00, 0x00, 0x00, 0x00, 0x00, 0x00, 0x00, 0x00,
    0x00, 0x00, 0x00, 0x00, 0x00, 0x00, 0x00, 0x00, 0x00, 0x00, 0x00, 0x00, 0x00, 0x00, 0x00, 0x00, 0x00, 0x00, 0x00, 0x00, 0x00, 0x00, 0x00, 0x00,
    0x00, 0x00, 0x00, 0x00, 0x00, 0x00, 0x00, 0x00, 0x00, 0x00, 0x00, 0x00, 0x00, 0x00, 0x00, 0x00, 0x00, 0x00, 0x00, 0x00, 0x00, 0x00, 0x00, 0x00,
    0x00, 0x00, 0x00, 0x00, 0x00, 0x00, 0x00, 0x00, 0x00, 0x00, 0x00, 0x00, 0x00, 0x00, 0x00, 0x00, 0x00, 0x00, 0x00, 0x00, 0x00, 0x00, 0x00, 0x00,
    0x00, 0x00, 0x00, 0x00, 0x00, 0x00, 0x00, 0x00, 0x00, 0x00, 0x00, 0x00, 0x00, 0x00, 0x00, 0x00, 0x00, 0x00, 0x00, 0x00, 0x00, 0x00, 0x00, 0x00,
    0x00, 0x00, 0x00, 0x00, 0x00, 0x00, 0x00, 0x00, 0x00, 0x00, 0x00, 0x00, 0x00, 0x00, 0x00, 0x00, 0x00, 0x00, 0x00, 0x00, 0x00, 0x00, 0x00, 0x00,
    0x00, 0x00, 0x00, 0x00, 0x00, 0x00, 0x00, 0x00, 0x00, 0x00, 0x00, 0x00, 0x00, 0x00, 0x00, 0x00, 0x00, 0x00, 0x00, 0x00, 0x00, 0x00, 0x00, 0x00,
    0x00, 0x00, 0x00, 0x00, 0x00, 0x00, 0x00, 0x00, 0x00, 0x00, 0x00, 0x00, 0x00, 0x00, 0x00, 0x00, 0x00, 0x00, 0x00, 0x00, 0x00, 0x00, 0x00, 0x00,
    0x00, 0x00, 0x00, 0x00, 0x00, 0x00, 0x00, 0x00, 0x00, 0x00, 0x00, 0x00, 0x00, 0x00, 0x00, 0x00, 0x00, 0x00, 0x00, 0x00, 0x00, 0x00, 0x00, 0x00,
    0x00, 0x00, 0x00, 0x00, 0x00, 0x00, 0x00, 0x00, 0x00, 0x00, 0x00, 0x00, 0x00, 0x00, 0x00, 0x00, 0x00, 0x00, 0x00, 0x00, 0x00, 0x00, 0x00, 0x00,
    0x00, 0x00, 0x00, 0x00, 0x00, 0x00, 0x00, 0x00, 0x00, 0x00, 0x00, 0x00, 0x00, 0x00, 0x00, 0x00, 0x00, 0x00, 0x00, 0x00, 0x00, 0x00, 0x00, 0x00,
    0x00, 0x00, 0x00, 0x00, 0x00, 0x00, 0x00, 0x00, 0x00, 0x00, 0x00, 0x00, 0x00, 0x00, 0x00, 0x00, 0x00, 0x00, 0x00, 0x00, 0x00, 0x00, 0x00, 0x00,
    0x00, 0x00, 0x00, 0x00, 0x00, 0x00, 0x00, 0x00, 0x00, 0x00, 0x00, 0x00, 0x00, 0x00, 0x00, 0x00, 0x00, 0x00, 0x00, 0x00, 0x00, 0x00, 0x00, 0x00,
    0x00, 0x00, 0x00, 0x00, 0x00, 0x00, 0x00, 0x00, 0x00, 0x00, 0x00, 0x00, 0x00, 0x00, 0x00, 0x00, 0x00, 0x00, 0x00, 0x00, 0x00, 0x00, 0x00, 0x00,
    0x00, 0x00, 0x00, 0x00, 0x00, 0x00, 0x00, 0x00, 0x00, 0x00, 0x00, 0x00, 0x00, 0x00, 0x00, 0x00, 0x00, 0x00, 0x00, 0x00, 0x00, 0x00, 0x00, 0x00,
    0x00, 0x00, 0x00, 0x00, 0x00, 0x00, 0x00, 0x00, 0x00, 0x00, 0x00, 0x00, 0x00, 0x00, 0x00, 0x00, 0x00, 0x00, 0x00, 0x00, 0x00, 0x00, 0x00, 0x00,
    0x00, 0x00, 0x00, 0x00, 0x00, 0x00, 0x00, 0x00, 0x00, 0x00, 0x00, 0x00, 0x00, 0x00, 0x00, 0x00, 0x00, 0x00, 0x00, 0x00, 0x00, 0x00, 0x00, 0x00,
    0x00, 0x00, 0x00, 0x00, 0x00, 0x00, 0x00, 0x00, 0x00, 0x00, 0x00, 0x00, 0x00, 0x00, 0x00, 0x00, 0x00, 0x00, 0x00, 0x00, 0x00, 0x00, 0x00, 0x00,
    0x00, 0x00, 0x00, 0x00, 0x00, 0x00, 0x00, 0x00, 0x00, 0x00, 0x00, 0x00, 0x00, 0x00, 0x00, 0x00, 0x00, 0x00, 0x00, 0x00, 0x00, 0x00, 0x00, 0x00,
    0x00, 0x00, 0x00, 0x00, 0x00, 0x00, 0x00, 0x00, 0x00, 0x00, 0x00, 0x00, 0x00, 0x00, 0x00, 0x00, 0x00, 0x00, 0x00, 0x00, 0x00, 0x00, 0x00, 0x00,
    0x00, 0x00, 0x00, 0x00, 0x00, 0x00, 0x00, 0x00, 0x00, 0x00, 0x00, 0x00, 0x00, 0x00, 0x00, 0x00, 0x00, 0x00, 0x00, 0x00, 0x00, 0x00, 0x00, 0x00,
    0x00, 0x00, 0x00, 0x00, 0x00, 0x00, 0x00, 0x00, 0x00, 0x00, 0x00, 0x00, 0x00, 0x00, 0x00, 0x00, 0x00, 0x00, 0x00, 0x00, 0x00, 0x00, 0x00, 0x00,
    0x00, 0x00, 0x00, 0x00, 0x00, 0x00, 0x00, 0x00, 0x00, 0x00, 0x00, 0x00, 0x00, 0x00, 0x00, 0x00, 0x00, 0x00, 0x00, 0x00, 0x00, 0x00, 0x00, 0x00,
    0x00, 0x00, 0x00, 0x00, 0x00, 0x00, 0x00, 0x00, 0x00, 0x00, 0x00, 0x00, 0x00, 0x00, 0x00, 0x00, 0x00, 0x00, 0x00, 0x00, 0x00, 0x00, 0x00, 0x00,
    0x00, 0x00, 0x00, 0x00, 0x00, 0x00, 0x00, 0x00, 0x00, 0x00, 0x00, 0x00, 0x00, 0x00, 0x00, 0x00, 0x00, 0x00, 0x00, 0x00, 0x00, 0x00, 0x00, 0x00,
    0x00, 0x00, 0x00, 0x00, 0x00, 0x00, 0x00, 0x00, 0x00, 0x00, 0x00, 0x00, 0x00, 0x00, 0x00, 0x00, 0x00, 0x00, 0x00, 0x00, 0x00, 0x00, 0x00, 0x00,
    0x00, 0x00, 0x00, 0x00, 0x00, 0x00, 0x00, 0x00, 0x00, 0x00, 0x00, 0x00, 0x00, 0x00, 0x00, 0x00, 0x00, 0x00, 0x00, 0x00, 0x00, 0x00, 0x00, 0x00,
    0x00, 0x00, 0x00, 0x00, 0x00, 0x00, 0x00, 0x00, 0x00, 0x00, 0x00, 0x00, 0x00, 0x00, 0x00, 0x00, 0x00, 0x00, 0x00, 0x00, 0x00, 0x00, 0x00, 0x00,
    0x00, 0x00, 0x00, 0x00, 0x00, 0x00, 0x00, 0x00, 0x00, 0x00, 0x00, 0x00, 0x00, 0x00, 0x00, 0x00, 0x00, 0x00, 0x00, 0x00, 0x00, 0x00, 0x00, 0x00,
    0x00, 0x00, 0x00, 0x00, 0x00, 0x00, 0x00, 0x00, 0x00, 0x00, 0x00, 0x00, 0x00, 0x00, 0x00, 0x00, 0x00, 0x00, 0x00, 0x00, 0x00, 0x00, 0x00, 0x00,
    0x00, 0x00, 0x00, 0x00, 0x00, 0x00, 0x00, 0x00, 0x00, 0x00, 0x00, 0x00, 0x00, 0x00, 0x00, 0x00, 0x00, 0x00, 0x00, 0x00, 0x00, 0x00, 0x00, 0x00,
    0x00, 0x00, 0x00, 0x00, 0x00, 0x00, 0x00, 0x00, 0x00, 0x00, 0x00, 0x00, 0x00, 0x00, 0x00, 0x00, 0x00, 0x00, 0x00, 0x00, 0x00, 0x00, 0x00, 0x00,
    0x00, 0x00, 0x00, 0x00, 0x00, 0x00, 0x00, 0x00, 0x00, 0x00, 0x00, 0x00, 0x00, 0x00, 0x00, 0x00, 0x00, 0x00, 0x00, 0x00, 0x00, 0x00, 0x00, 0x00,
    0x00, 0x00, 0x00, 0x00, 0x00, 0x00, 0x00, 0x00, 0x00, 0x00, 0x00, 0x00, 0x00, 0x00, 0x00, 0x00, 0x00, 0x00, 0x00, 0x00, 0x00, 0x00, 0x00, 0x00,
    0x00, 0x00, 0x01, 0x00, 0x00, 0x01, 0x00, 0x00, 0x00, 0x00, 0x00, 0x00, 0x00, 0x00, 0x00, 0x00, 0x00, 0x00, 0x00, 0x00, 0x00, 0x00, 0x00, 0x00,
    0x00, 0x00, 0x00, 0x00, 0x00, 0x00, 0x00, 0x00, 0x00, 0x00, 0x00, 0x00, 0x00, 0x00, 0x00, 0x00, 0x00, 0x00, 0x00, 0x00, 0x00, 0x00, 0x00, 0x00,
    0x00, 0x00, 0x00, 0x00, 0x00, 0x00, 0x00, 0x00, 0x00, 0x00, 0x00, 0x00, 0x00, 0x00, 0x00, 0x00, 0x00, 0x00, 0x00, 0x00, 0x00, 0x00, 0x00, 0x00,
    0x00, 0x00, 0x00, 0x00, 0x00, 0x00, 0x00, 0x00, 0x00, 0x00, 0x00, 0x00, 0x00, 0x00, 0x00, 0x00, 0x00, 0x00, 0x00, 0x00, 0x00, 0x00, 0x00, 0x00,
    0x00, 0x00, 0x00, 0x00, 0x00, 0x00, 0x00, 0x00, 0x00, 0x00, 0x00, 0x00, 0x00, 0x00, 0x00, 0xAA, 0xAA, 0x03, 0x00, 0x00, 0x00, 0x06, 0x92, 0x54,
    0x27, 0xA2, 0xC8, 0xEF, 0xFB, 0x02, 0x00, 0x00, 0x00, 0x00, 0x00, 0x00, 0x00, 0x00, 0x00, 0x00, 0x00, 0x00, 0x00, 0x00, 0x00, 0x00, 0x00, 0x00,
    0x00, 0x00, 0x00, 0x00, 0x00, 0x00, 0x00, 0x00, 0x00, 0x00, 0x00, 0x00, 0x00, 0x00, 0x00, 0x00, 0x00, 0x00, 0x00, 0x00, 0x00, 0x00, 0x00, 0x00,
    0x00, 0x00, 0x00, 0x00, 0x00, 0x00, 0x00, 0x00, 0x00, 0x00, 0x00, 0x00, 0x00, 0x00, 0x00, 0x00, 0x00, 0x00, 0x00, 0x00, 0x00, 0x00, 0x00, 0x00,
    0x00, 0x00, 0x00, 0x00, 0x00, 0x00, 0x00, 0x00, 0x00, 0x00, 0x00, 0x00, 0x00, 0x00, 0x00, 0x00, 0x00, 0x00, 0x00, 0x00, 0x00, 0x00, 0x00, 0x00,
    0x00, 0x00, 0x00, 0x00, 0x00, 0x00, 0x00, 0x00, 0x00, 0x00, 0x00, 0x00, 0x00, 0x00, 0x00, 0x00, 0x00, 0x00, 0x00, 0x00, 0x00, 0x00, 0x00, 0x00,
    0x00, 0x00, 0x00, 0x00, 0x00, 0x00, 0x00, 0x00, 0x00, 0x00, 0x00, 0x00, 0x00, 0x00, 0x00, 0x00, 0x00, 0x00, 0x00, 0x00, 0x00, 0x00, 0x00, 0x00,
    0x00, 0x00, 0x00, 0x00, 0x00, 0x00, 0x00, 0x00, 0x00, 0x00, 0x00, 0x00, 0x00, 0x00, 0x00, 0x00, 0x00, 0x00, 0x00, 0x00, 0x00, 0x00, 0x00, 0x00,
    0x00, 0x00, 0x00, 0x00, 0x00, 0x00, 0x00, 0x00, 0x00, 0x00, 0x00, 0x00, 0x00, 0x00, 0x00, 0x00, 0x00, 0x00, 0x00, 0x00, 0x00, 0x00, 0x00, 0x00,
    0x00, 0x00, 0x00, 0x00, 0x00, 0x00, 0x00, 0x00, 0x00, 0x00, 0x00, 0x00, 0x00, 0x00, 0x00, 0x00, 0x00, 0x00, 0x00, 0x00, 0x00, 0x00, 0x00, 0x00,
    0x00, 0x00, 0x00, 0x00, 0x00, 0x00, 0x00, 0x00, 0x00, 0x00, 0x00, 0x00, 0x00, 0x00, 0x00, 0x00, 0x00, 0x00, 0x00, 0x00, 0x00, 0x00, 0x00, 0x00,
    0x00, 0x00, 0x00, 0x00, 0x00, 0x00, 0x00, 0x00, 0x00, 0x00, 0x00, 0x00, 0x00, 0x00, 0x00, 0x00, 0x00, 0x00, 0x00, 0x00, 0x00, 0x00, 0x00, 0x00,
    0x00, 0x00, 0x00, 0x00, 0x00, 0x00, 0x00, 0x00, 0x00, 0x00, 0x00, 0x00, 0x00, 0x00, 0x00, 0x00, 0x00, 0x00, 0x00, 0x00, 0x00, 0x00, 0x00, 0x00,
    0x00, 0x00, 0x00, 0x00, 0x00, 0x00, 0x00, 0x00, 0x00, 0x00, 0x00, 0x00, 0x00, 0x00, 0x00, 0x00, 0x00, 0x00, 0x00, 0x00, 0x00, 0x00, 0x00, 0x00,
    0x00, 0x00, 0x00, 0x00, 0x00, 0x00, 0x00, 0x00, 0x00, 0x00, 0x00, 0x00, 0x00, 0x00, 0x00, 0x00, 0x00, 0x00, 0x00, 0x00, 0x00, 0x00, 0x00, 0x00,
    0x00, 0x00, 0x00, 0x00, 0x00, 0x00, 0x00, 0x00, 0x00, 0x00, 0x00, 0x00, 0x00, 0x00, 0x00, 0x00, 0x00, 0x00, 0x00, 0x00, 0x00, 0x00, 0x00, 0x00,
    0x00, 0x00, 0x00, 0x00, 0x00, 0x00, 0x00, 0x00, 0x00, 0x00, 0x00, 0x00, 0x00, 0x00, 0x00, 0x00, 0x00, 0x00, 0x00, 0x00, 0x00, 0x00, 0x00, 0x00,
    0x00, 0x00, 0x00, 0x00, 0x00, 0x00, 0x00, 0x00, 0x00, 0x00, 0x00, 0x00, 0x00, 0x00, 0x00, 0x00, 0x00, 0x00, 0x00, 0x00, 0x00, 0x00, 0x00, 0x00,
    0x00, 0x00, 0x00, 0x00, 0x00, 0x00, 0x00, 0x00, 0x00, 0x00, 0x00, 0x00, 0x00, 0x00, 0x00, 0x00, 0x00, 0x00, 0x00, 0x00, 0x00, 0x00, 0x00, 0x00,
    0x00, 0x00, 0x00, 0x00, 0x00, 0x00, 0x00, 0x00, 0x00, 0x00, 0x00, 0x00, 0x00, 0x00, 0x00, 0x00, 0x00, 0x00, 0x00, 0x00, 0x00, 0x00, 0x00, 0x00,
    0x00, 0x00, 0x00, 0x00, 0x00, 0x00, 0x00, 0x00, 0x00, 0x00, 0x00, 0x00, 0x00, 0x00, 0x00, 0x00, 0x00, 0x00, 0x00, 0x00, 0x00, 0x00, 0x00, 0x00,
    0x00, 0x00, 0x00, 0x00, 0x00, 0x00, 0x00, 0x00, 0x00, 0x00, 0x00, 0x00, 0x00, 0x00, 0x00, 0x00, 0x00, 0x00, 0x00, 0x00, 0x00, 0x00, 0x00, 0x00,
    0x00, 0x00, 0x00, 0x00, 0x00, 0x00, 0x00, 0x00, 0x00, 0x00, 0x00, 0x00, 0x00, 0x00, 0x00, 0x00, 0x00, 0x00, 0x00, 0x00, 0x00, 0x00, 0x00, 0x00,
    0x00, 0x00, 0x00, 0x00, 0x00, 0x00, 0x00, 0x00, 0x00, 0x00, 0x00, 0x00, 0x00, 0x00, 0x00, 0x00, 0x00, 0x00, 0x00, 0x00, 0x00, 0x00, 0x00, 0x00,
    0x00, 0x00, 0x00, 0x00, 0x00, 0x00, 0x00, 0x00, 0x00, 0x00, 0x00, 0x00, 0x00, 0x00, 0x00, 0x00, 0x00, 0x00, 0x00, 0x00, 0x00, 0x00, 0x00, 0x00,
    0x00, 0x00, 0x00, 0x00, 0x00, 0x00, 0x00, 0x00, 0x00, 0x00, 0x00, 0x00, 0x00, 0x00, 0x00, 0x00, 0x00, 0x00, 0x00, 0x00, 0x00, 0x00, 0x00, 0x00,
    0x00, 0x00, 0x00, 0x00, 0x00, 0x00, 0x00, 0x00, 0x00, 0x00, 0x00, 0x00, 0x00, 0x00, 0x00, 0x00, 0x00, 0x00, 0x00, 0x00, 0x00, 0x00, 0x00, 0x00,
    0x00, 0x00, 0x00, 0x00, 0x00, 0x00, 0x00, 0x00, 0x00, 0x00, 0x00, 0x00, 0x00, 0x00, 0x00, 0x00, 0x00, 0x00, 0x00, 0x00, 0x00, 0x00, 0x00, 0x00,
    0x00, 0x00, 0x00, 0x00, 0x00, 0x00, 0x00, 0x00, 0x00, 0x00, 0x00, 0x00, 0x00, 0x00, 0x00, 0x00, 0x00, 0x00, 0x00, 0x00, 0x00, 0x00, 0x00, 0x00,
    0x00, 0x00, 0x00, 0x00, 0x00, 0x00, 0x00, 0x00, 0x00, 0x00, 0x00, 0x00, 0x00, 0x00, 0x00, 0x00, 0x00, 0x00, 0x00, 0x00, 0x00, 0x00, 0x00, 0x00,
    0x00, 0x00, 0x00, 0x00, 0x00, 0x00, 0x00, 0x00, 0x00, 0x00, 0x00, 0x00, 0x00, 0x00, 0x00, 0x00, 0x00, 0x00, 0x00, 0x00, 0x00, 0x00, 0x00, 0x00,
    0x00, 0x00, 0x00, 0x00, 0x00, 0x00, 0x00, 0x00, 0x00, 0x00, 0x00, 0x00, 0x00, 0x00, 0x00, 0x00, 0x00, 0x00, 0x00, 0x00, 0x00, 0x00, 0x00, 0x00,
    0x00, 0x00, 0x00, 0x00, 0x00, 0x00, 0x00, 0x00, 0x00, 0x00, 0x00, 0x00, 0x00, 0x00, 0x00, 0x00, 0x00, 0x00, 0x00, 0x00, 0x00, 0x00, 0x00, 0x00,
    0x00, 0x00, 0x00, 0x00, 0x00, 0x00, 0x00, 0x00, 0x00, 0x00, 0x00, 0x00, 0x00, 0x00, 0x00, 0x00, 0x00, 0x00, 0x00, 0x00, 0x00, 0x00, 0x00, 0x00,
    0x00, 0x00, 0x00, 0x00, 0x00, 0x00, 0x00, 0x00, 0x00, 0x00, 0x00, 0x00, 0x00, 0x00, 0x00, 0x00, 0x00, 0x00, 0x00, 0x00, 0x00, 0x00, 0x00, 0x00,
    0x00, 0x00, 0x00, 0x00, 0x00, 0x00, 0x00, 0x00, 0x00, 0x00, 0x00, 0x00, 0x00, 0x00, 0x00, 0x00, 0x00, 0x00, 0x00, 0x00, 0x00, 0x00, 0x00, 0x00,
    0x00, 0x00, 0x00, 0x00, 0x00, 0x00, 0x00, 0x00, 0x00, 0x00, 0x00, 0x00, 0x00, 0x00, 0x00, 0x00, 0x00, 0x00, 0x00, 0x00, 0x00, 0x00, 0x00, 0x00,
    0x00, 0x00, 0x00, 0x00, 0x00, 0x00, 0x00, 0x00, 0x00, 0x00, 0x00, 0x00, 0x00, 0x00, 0x00, 0x00, 0x00, 0x00, 0x00, 0x00, 0x00, 0x00, 0x00, 0x00,
    0x00, 0x00, 0x00, 0x00, 0x00, 0x00, 0x00, 0x00, 0x00, 0x00, 0x00, 0x00, 0x00, 0x00, 0x00, 0x00, 0x00, 0x00, 0x00, 0x00, 0x00, 0x00, 0x00, 0x00,
    0x00, 0x00, 0x01, 0x00, 0x00, 0x00, 0xE6, 0x69, 0x18, 0xE6, 0x61, 0x4B, 0x00, 0x00, 0x00, 0x00, 0xF8, 0x01, 0x00, 0x00, 0x00, 0x00, 0x00, 0x00,
    0x00, 0x00, 0x00, 0x00, 0x00, 0x00, 0x00, 0x00, 0x00, 0x00, 0x00, 0x00, 0x00, 0x00, 0x00, 0x00, 0x00, 0x00, 0x00, 0x00, 0x00, 0x00, 0x00, 0x00,
    0x00, 0x00, 0x00, 0x00, 0x00, 0x00, 0x00, 0x00, 0x00, 0x00, 0x00, 0x00, 0x00, 0x00, 0x00, 0x00, 0x00, 0x00, 0x00, 0x00, 0x00, 0x00, 0x00, 0x00,
    0xA0, 0x52, 0x03, 0xA5, 0x69, 0x13, 0x00, 0x00, 0x00, 0x00, 0x00, 0x00, 0x00, 0x00, 0x00, 0x00, 0x00, 0x00, 0x00, 0x00, 0x00, 0x00, 0x00, 0x00,
    0x00, 0x00, 0x00, 0x00, 0x00, 0x00, 0x00, 0x00, 0x00, 0x00, 0x00, 0x00, 0x00, 0x00, 0x00, 0x00, 0x00, 0x00, 0x00, 0x00, 0x00, 0x00, 0x00, 0x00,
    0x00, 0x00, 0x00, 0x00, 0x00, 0x00, 0x00, 0x00, 0x00, 0x00, 0x00, 0x00, 0x00, 0x00, 0x00, 0x00, 0x00, 0x00, 0x00, 0x00, 0x00, 0x00, 0x00, 0x00,
    0x00, 0x00, 0x00, 0x00, 0x00, 0x00, 0x00, 0x00, 0x00, 0x00, 0x00, 0x00, 0x00, 0x00, 0x00, 0x00, 0x00, 0x00, 0x00, 0x00, 0x00, 0x00, 0x00, 0x00,
    0x00, 0x00, 0x00, 0x00, 0x00, 0x00, 0x00, 0x00, 0x00, 0x00, 0x00, 0x00, 0x00, 0x00, 0x00, 0x00, 0x00, 0x00, 0x00, 0x00, 0x00, 0x00, 0x00, 0x00,
    0x00, 0x00, 0x00, 0x00, 0x00, 0x00, 0x00, 0x00, 0x00, 0x00, 0x00, 0x00, 0x00, 0x00, 0x00, 0x00, 0x00, 0x00, 0x00, 0x00, 0x00, 0x00, 0x00, 0x00,
    0x00, 0x00, 0x00, 0xAA, 0xAA, 0x03, 0x00, 0x00, 0x00, 0xE5, 0x81, 0x53, 0x06, 0x92, 0xBD, 0x00, 0x00, 0x00, 0x00, 0x00, 0x01, 0x00, 0x00, 0x00,
    0x00, 0x00, 0x00, 0x00, 0x00, 0x00, 0x00, 0x00, 0x00, 0x00, 0x00, 0x00, 0x00, 0x00, 0x00, 0x00, 0x00, 0x00, 0x00, 0x00, 0x00, 0x00, 0x00, 0x00,
    0x00, 0x00, 0x00, 0x00, 0x00, 0x00, 0x00, 0x00, 0x00, 0x00, 0x00, 0x00, 0x00, 0x00, 0x00, 0x00, 0x00, 0x00, 0x00, 0x00, 0x00, 0x00, 0x00, 0x00,
    0x00, 0x00, 0x00, 0x00, 0x00, 0x00, 0x00, 0x00, 0x00, 0x00, 0x00, 0x00, 0x00, 0x00, 0x00, 0x00, 0x00, 0x00, 0x00, 0x00, 0x00, 0x00, 0x00, 0x00,
    0x00, 0x00, 0x00, 0x00, 0x00, 0x00, 0x00, 0x00, 0x00, 0x00, 0x00, 0x00, 0x00, 0x00, 0x00, 0x00, 0x00, 0x00, 0x00, 0x00, 0x00, 0x00, 0x00, 0x00,
    0x00, 0x00, 0x00, 0x00, 0x00, 0x00, 0x00, 0x00, 0x00, 0x00, 0x00, 0x00, 0x00, 0x00, 0x00, 0x00, 0x00, 0x00, 0x00, 0x00, 0x00, 0x00, 0x00, 0x00,
    0x00, 0x00, 0x00, 0x00, 0x00, 0x00, 0x00, 0x00, 0x00, 0x00, 0x00, 0x00, 0x00, 0x00, 0x00, 0x00, 0x00, 0x00, 0x00, 0x00, 0x00, 0x00, 0x00, 0x00,
    0x00, 0x00, 0x00, 0x00, 0x00, 0x00, 0x00, 0x00, 0x00, 0x00, 0x00, 0x00, 0x00, 0x00, 0x00, 0x00, 0x00, 0x00, 0x00, 0x00, 0x00, 0x00, 0x00, 0x00,
    0x00, 0x00, 0x00, 0x00, 0x00, 0x00, 0x00, 0x00, 0x00, 0x00, 0x00, 0x00, 0x00, 0x00, 0x00, 0x00, 0x00, 0x00, 0x00, 0x00, 0x00, 0x00, 0x00, 0x00,
    0x00, 0x00, 0x00, 0x00, 0x00, 0x00, 0x00, 0x00, 0x00, 0x00, 0x00, 0x00, 0x00, 0x00, 0x00, 0x00, 0x00, 0x00, 0x00, 0x00, 0x00, 0x00, 0x00, 0x00,
    0x00, 0x00, 0x00, 0x00, 0x00, 0x00, 0x00, 0x00, 0x00, 0x00, 0x00, 0x00, 0x00, 0x00, 0x00, 0x00, 0x00, 0x00, 0x00, 0x00, 0x00, 0x00, 0x00, 0x00,
    0x00, 0x00, 0x00, 0x00, 0x00, 0x00, 0x00, 0x00, 0x00, 0x00, 0x00, 0x00, 0x00, 0x00, 0x00, 0x00, 0x00, 0x00, 0x00, 0x00, 0x00, 0x00, 0x00, 0x00,
    0x00, 0x00, 0x00, 0x00, 0x00, 0x00, 0x00, 0x00, 0x00, 0x00, 0x00, 0x00, 0x00, 0x00, 0x00, 0x00, 0x00, 0x00, 0x00, 0x00, 0x00, 0x00, 0x00, 0x00,
    0x00, 0x00, 0x00, 0x00, 0x00, 0x00, 0x00, 0x00, 0x00, 0x00, 0x00, 0x00, 0x00, 0x00, 0x00, 0x00, 0x00, 0x00, 0x00, 0x00, 0x00, 0x00, 0x00, 0x00,
    0x00, 0x00, 0x00, 0x00, 0x00, 0x00, 0x00, 0x00, 0x00, 0x00, 0x00, 0x00, 0x00, 0x00, 0x00, 0x00, 0x00, 0x00, 0x00, 0x00, 0x00, 0x00, 0x00, 0x00,
    0x00, 0x00, 0x00, 0x00, 0x00, 0x00, 0x00, 0x00, 0x00, 0x00, 0x00, 0x00, 0x00, 0x00, 0x00, 0x00, 0x00, 0x00, 0x00, 0x00, 0x00, 0x00, 0x00, 0x00,
    0x00, 0x00, 0x00, 0x00, 0x00, 0x00, 0x00, 0x00, 0x00, 0x00, 0x00, 0x00, 0x00, 0x00, 0x00, 0x00, 0x00, 0x00, 0x00, 0x00, 0x00, 0x00, 0x00, 0x00,
    0x00, 0x00, 0x00, 0x00, 0x00, 0x00, 0x00, 0x00, 0x00, 0x00, 0x00, 0x00, 0x00, 0x00, 0x00, 0x00, 0x00, 0x00, 0x00, 0x00, 0x00, 0x00, 0x00, 0x00,
    0x00, 0x00, 0x00, 0x00, 0x00, 0x00, 0x00, 0x00, 0x00, 0x00, 0x00, 0x00, 0x00, 0x00, 0x00, 0x00, 0x00, 0x00, 0x00, 0x00, 0x00, 0x00, 0x00, 0x00,
    0x00, 0x00, 0x00, 0x00, 0x00, 0x00, 0x00, 0x00, 0x00, 0x00, 0x00, 0x00, 0x00, 0x00, 0x00, 0x00, 0x00, 0x00, 0x00, 0x00, 0x00, 0x00, 0x00, 0x00,
    0x00, 0x00, 0x00, 0x00, 0x00, 0x00, 0x00, 0x00, 0x00, 0x00, 0x00, 0x00, 0x00, 0x00, 0x00, 0x00, 0x00, 0x00, 0x00, 0x00, 0x00, 0x00, 0x00, 0x00,
    0x00, 0x00, 0x00, 0x00, 0x00, 0x00, 0x00, 0x00, 0x00, 0x00, 0x00, 0x00, 0x00, 0x00, 0x00, 0x00, 0x00, 0x00, 0x00, 0x00, 0x00, 0x00, 0x00, 0x00,
    0x00, 0x00, 0x00, 0x00, 0x00, 0x00, 0x00, 0x00, 0x00, 0x00, 0x00, 0x00, 0x00, 0x00, 0x00, 0x00, 0x00, 0x00, 0x00, 0x00, 0x00, 0x00, 0x00, 0x00,
    0x00, 0x00, 0x00, 0x00, 0x00, 0x00, 0x00, 0x00, 0x00, 0x00, 0x00, 0x00, 0x00, 0x00, 0x00, 0x00, 0x00, 0x00, 0x00, 0x00, 0x00, 0x00, 0x00, 0x00,
    0x00, 0x00, 0x00, 0x00, 0x00, 0x00, 0x00, 0x00, 0x00, 0x00, 0x00, 0x00, 0x00, 0x00, 0x00, 0x00, 0x00, 0x00, 0x00, 0x00, 0x00, 0x00, 0x00, 0x00,
    0x00, 0x00, 0x00, 0x00, 0x00, 0x00, 0x00, 0x00, 0x00, 0x00, 0x00, 0x00, 0x00, 0x00, 0x00, 0x00, 0x00, 0x00, 0x00, 0x00, 0x00, 0x00, 0x00, 0x00,
    0x00, 0x00, 0x00, 0x00, 0x00, 0x00, 0x00, 0x00, 0x00, 0x00, 0x00, 0x00, 0x00, 0x00, 0x00, 0x00, 0x00, 0x00, 0x00, 0x00, 0x00, 0x00, 0x00, 0x00,
    0x00, 0x00, 0x00, 0x00, 0x00, 0x00, 0x00, 0x00, 0x00, 0x00, 0x00, 0x00, 0x00, 0x00, 0x00, 0x00, 0x00, 0x00, 0x00, 0x00, 0x00, 0x00, 0x00, 0x00,
    0x00, 0x00, 0x00, 0x00, 0x00, 0x00, 0x00, 0x00, 0x00, 0x00, 0x00, 0x00, 0x00, 0x00, 0x00, 0x00, 0x00, 0x00, 0x00, 0x00, 0x00, 0x00, 0x00, 0x00,
    0x00, 0x00, 0x00, 0x00, 0x00, 0x00, 0x00, 0x00, 0x00, 0x00, 0x00, 0x00, 0x00, 0x00, 0x00, 0x00, 0x00, 0x00, 0x00, 0x00, 0x00, 0x00, 0x00, 0x00,
    0x00, 0x00, 0x00, 0x00, 0x00, 0x00, 0x00, 0x00, 0x00, 0x00, 0x00, 0x00, 0x00, 0x00, 0x00, 0x00, 0x00, 0x00, 0x00, 0x00, 0x00, 0x00, 0x00, 0x00,
    0x00, 0x00, 0x00, 0x00, 0x00, 0x00, 0x00, 0x00, 0x00, 0x00, 0x00, 0x00, 0x00, 0x00, 0x00, 0x00, 0x00, 0x00, 0x00, 0x00, 0x00, 0x00, 0x00, 0x00,
    0x00, 0x00, 0x00, 0x00, 0x00, 0x00, 0x00, 0x00, 0x00, 0x00, 0x00, 0x00, 0x00, 0x00, 0x00, 0x00, 0x00, 0x00, 0x00, 0x00, 0x00, 0x00, 0x00, 0x00,
    0x00, 0x00, 0x00, 0x00, 0x00, 0x00, 0x00, 0x00, 0x00, 0x00, 0x00, 0x00, 0x00, 0x00, 0x00, 0x00, 0x00, 0x00, 0x00, 0x00, 0x00, 0x00, 0x00, 0x00,
    0x00, 0x00, 0x00, 0x00, 0x00, 0x00, 0x00, 0x00, 0x00, 0x00, 0x00, 0x00, 0x00, 0x00, 0x00, 0x00, 0x00, 0x00, 0x00, 0x00, 0x00, 0x00, 0x00, 0x00,
    0x00, 0x00, 0x00, 0x00, 0x00, 0x00, 0x00, 0x00, 0x00, 0x00, 0x00, 0x00, 0x00, 0x00, 0x00, 0x00, 0x00, 0x00, 0x00, 0x00, 0x00, 0x00, 0x00, 0x00,
    0x00, 0x00, 0x00, 0x00, 0x00, 0x00, 0x00, 0x00, 0x00, 0x00, 0x00, 0x00, 0x00, 0x00, 0x00, 0x00, 0x00, 0x00, 0x00, 0x00, 0x00, 0x00, 0x00, 0x00,
    0x00, 0x00, 0x00, 0x00, 0x00, 0x00, 0x00, 0x00, 0x00, 0x00, 0x00, 0x00, 0x00, 0x00, 0x00, 0x00, 0x00, 0x00, 0x00, 0x00, 0x00, 0x00, 0x00, 0x00,
    0x00, 0x00, 0x00, 0x00, 0x00, 0x00, 0x00, 0x00, 0x00, 0x00, 0x00, 0x00, 0x00, 0x00, 0x00, 0x00, 0x00, 0x00, 0x46, 0x6A, 0x0E, 0xC6, 0x61, 0x2F,
    0x00, 0x00, 0x00, 0x00, 0x00, 0x01, 0x00, 0x00, 0x00, 0x00, 0x00, 0x00, 0x00, 0x00, 0x00, 0x00, 0x00, 0x00, 0x00, 0x00, 0x00, 0x00, 0x00, 0x00,
    0x00, 0x00, 0x00, 0x00, 0x00, 0x00, 0x00, 0x00, 0x00, 0x00, 0x00, 0x00, 0x00, 0x00, 0x00, 0x00, 0x00, 0x00, 0x00, 0x00, 0x00, 0x00, 0x00, 0x00,
    0x00, 0x00, 0x00, 0x00, 0x00, 0x00, 0x00, 0x00, 0x00, 0x00, 0x00, 0x00, 0xE3, 0x58, 0x08, 0x65, 0x59, 0x2B, 0x00, 0x00, 0x00, 0x00, 0x00, 0x00,
    0x00, 0x00, 0x00, 0x00, 0x00, 0x00, 0x00, 0x00, 0x00, 0x00, 0x00, 0x00, 0x00, 0x00, 0x00, 0x00, 0x00, 0x00, 0x00, 0x00, 0x00, 0x00, 0x00, 0x00,
    0x00, 0x00, 0x00, 0x00, 0x00, 0x00, 0x00, 0x00, 0x00, 0x00, 0x00, 0x00, 0x00, 0x00, 0x00, 0x00, 0x00, 0x00, 0x00, 0x00, 0x00, 0x00, 0x00, 0x00,
    0x00, 0x00, 0x00, 0x00, 0x00, 0x00, 0x00, 0x00, 0x00, 0x00, 0x00, 0x00, 0x00, 0x00, 0x00, 0x00, 0x00, 0x00, 0x00, 0x00, 0x00, 0x00, 0x00, 0x00,
    0x00, 0x00, 0x00, 0x00, 0x00, 0x00, 0x00, 0x00, 0x00, 0x00, 0x00, 0x00, 0x00, 0x00, 0x00, 0x00, 0x00, 0x00, 0x00, 0x00, 0x00, 0x00, 0x00, 0x00,
    0x00, 0x00, 0x00, 0x00, 0x00, 0x00, 0x00, 0x00, 0x00, 0x00, 0x00, 0x00, 0x00, 0x00, 0x00, 0x00, 0x00, 0x00, 0x00, 0x00, 0x00, 0x00, 0x00, 0x00,
    0x00, 0x00, 0x00, 0x00, 0x00, 0x00, 0x00, 0x00, 0x00, 0x00, 0x00, 0x00, 0x00, 0x00, 0x00, 0x00, 0x00, 0x01, 0x00, 0x00, 0x00, 0xC7, 0x89, 0x0D,
    0x06, 0x8A, 0x36, 0x00, 0x00, 0x00, 0x00, 0x00, 0x01, 0x00, 0x00, 0x00, 0x00, 0x00, 0x00, 0x00, 0x00, 0x00, 0x00, 0x00, 0x00, 0x00, 0x00, 0x00,
    0x00, 0x00, 0x00, 0x00, 0x00, 0x00, 0x00, 0x00, 0x00, 0x00, 0x00, 0x00, 0x00, 0x00, 0x00, 0x00, 0x00, 0x00, 0x00, 0x00, 0x00, 0x00, 0x00, 0x00,
    0x00, 0x00, 0x00, 0x00, 0x00, 0x00, 0x00, 0x00, 0x00, 0x00, 0x00, 0x00, 0x00, 0x00, 0x00, 0x00, 0x00, 0x00, 0x00, 0x00, 0x00, 0x00, 0x00, 0x00,
    0x00, 0x00, 0x00, 0x00, 0x00, 0x00, 0x00, 0x00, 0x00, 0x00, 0x00, 0x00, 0x00, 0x00, 0x00, 0x00, 0x00, 0x00, 0x00, 0x00, 0x00, 0x00, 0x00, 0x00,
    0x00, 0x00, 0x00, 0x00, 0x00, 0x00, 0x00, 0x00, 0x00, 0x00, 0x00, 0x00, 0x00, 0x00, 0x00, 0x00, 0x00, 0x00, 0x00, 0x00, 0x00, 0x00, 0x00, 0x00,
    0x00, 0x00, 0x00, 0x00, 0x00, 0x00, 0x00, 0x00, 0x00, 0x00, 0x00, 0x00, 0x00, 0x00, 0x00, 0x00, 0x00, 0x00, 0x00, 0x00, 0x00, 0x00, 0x00, 0x00,
    0x00, 0x00, 0x00, 0x00, 0x00, 0x00, 0x00, 0x00, 0x00, 0x00, 0x00, 0x00, 0x00, 0x00, 0x00, 0x00, 0x00, 0x00, 0x00, 0x00, 0x00, 0x00, 0x00, 0x00,
    0x00, 0x00, 0x00, 0x00, 0x00, 0x00, 0x00, 0x00, 0x00, 0x00, 0x00, 0x00, 0x00, 0x00, 0x00, 0x00, 0x00, 0x00, 0x00, 0x00, 0x00, 0x00, 0x00, 0x00,
    0x00, 0x00, 0x00, 0x00, 0x00, 0x00, 0x00, 0x00, 0x00, 0x00, 0x00, 0x00, 0x00, 0x00, 0x00, 0x00, 0x00, 0x00, 0x00, 0x00, 0x00, 0x00, 0x00, 0x00,
    0x00, 0x00, 0x00, 0x00, 0x00, 0x00, 0x00, 0x00, 0x00, 0x00, 0x00, 0x00, 0x00, 0x00, 0x00, 0x00, 0x00, 0x00, 0x00, 0x00, 0x00, 0x00, 0x00, 0x00,
    0x00, 0x00, 0x00, 0x00, 0x00, 0x00, 0x00, 0x00, 0x00, 0x00, 0x00, 0x00, 0x00, 0x00, 0x00, 0x00, 0x00, 0x00, 0x00, 0x00, 0x00, 0x00, 0x00, 0x00,
    0x00, 0x00, 0x00, 0x00, 0x00, 0x00, 0x00, 0x00, 0x00, 0x00, 0x00, 0x00, 0x00, 0x00, 0x00, 0x00, 0x00, 0x00, 0x00, 0x00, 0x00, 0x00, 0x00, 0x00,
    0x00, 0x00, 0x00, 0x00, 0x00, 0x00, 0x00, 0x00, 0x00, 0x00, 0x00, 0x00, 0x00, 0x00, 0x00, 0x00, 0x00, 0x00, 0x00, 0x00, 0x00, 0x00, 0x00, 0x00,
    0x00, 0x00, 0x00, 0x00, 0x00, 0x00, 0x00, 0x00, 0x00, 0x00, 0x00, 0x00, 0x00, 0x00, 0x00, 0x00, 0x00, 0x00, 0x00, 0x00, 0x00, 0x00, 0x00, 0x00,
    0x00, 0x00, 0x00, 0x00, 0x00, 0x00, 0x00, 0x00, 0x00, 0x00, 0x00, 0x00, 0x00, 0x00, 0x00, 0x00, 0x00, 0x00, 0x00, 0x00, 0x00, 0x00, 0x00, 0x00,
    0x00, 0x00, 0x00, 0x00, 0x00, 0x00, 0x00, 0x00, 0x00, 0x00, 0x00, 0x00, 0x00, 0x00, 0x00, 0x00, 0x00, 0x00, 0x00, 0x00, 0x00, 0x00, 0x00, 0x00,
    0x00, 0x00, 0x00, 0x00, 0x00, 0x00, 0x00, 0x00, 0x00, 0x00, 0x00, 0x00, 0x00, 0x00, 0x00, 0x00, 0x00, 0x00, 0x00, 0x00, 0x00, 0x00, 0x00, 0x00,
    0x00, 0x00, 0x00, 0x00, 0x00, 0x00, 0x00, 0x00, 0x00, 0x00, 0x00, 0x00, 0x00, 0x00, 0x00, 0x00, 0x00, 0x00, 0x00, 0x00, 0x00, 0x00, 0x00, 0x00,
    0x00, 0x00, 0x00, 0x00, 0x00, 0x00, 0x00, 0x00, 0x00, 0x00, 0x00, 0x00, 0x00, 0x00, 0x00, 0x00, 0x00, 0x00, 0x00, 0x00, 0x00, 0x00, 0x00, 0x00,
    0x00, 0x00, 0x00, 0x00, 0x00, 0x00, 0x00, 0x00, 0x00, 0x00, 0x00, 0x00, 0x00, 0x00, 0x00, 0x00, 0x00, 0x00, 0x00, 0x00, 0x00, 0x00, 0x00, 0x00,
    0x00, 0x00, 0x00, 0x00, 0x00, 0x00, 0x00, 0x00, 0x00, 0x00, 0x00, 0x00, 0x00, 0x00, 0x00, 0x00, 0x00, 0x00, 0x00, 0x00, 0x00, 0x00, 0x00, 0x00,
    0x00, 0x00, 0x00, 0x00, 0x00, 0x00, 0x00, 0x00, 0x00, 0x00, 0x00, 0x00, 0x00, 0x00, 0x00, 0x00, 0x00, 0x00, 0x00, 0x00, 0x00, 0x00, 0x00, 0x00,
    0x00, 0x00, 0x00, 0x00, 0x00, 0x00, 0x00, 0x00, 0x00, 0x00, 0x00, 0x00, 0x00, 0x00, 0x00, 0x00, 0x00, 0x00, 0x00, 0x00, 0x00, 0x00, 0x00, 0x00,
    0x00, 0x00, 0x00, 0x00, 0x00, 0x00, 0x00, 0x00, 0x00, 0x00, 0x00, 0x00, 0x00, 0x00, 0x00, 0x00, 0x00, 0x00, 0x00, 0x00, 0x00, 0x00, 0x00, 0x00,
    0x00, 0x00, 0x00, 0x00, 0x00, 0x00, 0x00, 0x00, 0x00, 0x00, 0x00, 0x00, 0x00, 0x00, 0x00, 0x00, 0x00, 0x00, 0x00, 0x00, 0x00, 0x00, 0x00, 0x00,
    0x00, 0x00, 0x00, 0x00, 0x00, 0x00, 0x00, 0x00, 0x00, 0x00, 0x00, 0x00, 0x00, 0x00, 0x00, 0x00, 0x00, 0x00, 0x00, 0x00, 0x00, 0x00, 0x00, 0x00,
    0x00, 0x00, 0x00, 0x00, 0x00, 0x00, 0x00, 0x00, 0x00, 0x00, 0x00, 0x00, 0x00, 0x00, 0x00, 0x00, 0x00, 0x00, 0x00, 0x00, 0x00, 0x00, 0x00, 0x00,
    0x00, 0x00, 0x00, 0x00, 0x00, 0x00, 0x00, 0x00, 0x00, 0x00, 0x00, 0x00, 0x00, 0x00, 0x00, 0x00, 0x00, 0x00, 0x00, 0x00, 0x00, 0x00, 0x00, 0x00,
    0x00, 0x00, 0x00, 0x00, 0x00, 0x00, 0x00, 0x00, 0x00, 0x00, 0x00, 0x00, 0x00, 0x00, 0x00, 0x00, 0x00, 0x00, 0x00, 0x00, 0x00, 0x00, 0x00, 0x00,
    0x00, 0x00, 0x00, 0x00, 0x00, 0x00, 0x00, 0x00, 0x00, 0x00, 0x00, 0x00, 0x00, 0x00, 0x00, 0x00, 0x00, 0x00, 0x00, 0x00, 0x00, 0x00, 0x00, 0x00,
    0x00, 0x00, 0x00, 0x00, 0x00, 0x00, 0x00, 0x00, 0x00, 0x00, 0x00, 0x00, 0x00, 0x00, 0x00, 0x00, 0x00, 0x00, 0x00, 0x00, 0x00, 0x00, 0x00, 0x00,
    0x00, 0x00, 0x00, 0x00, 0x00, 0x00, 0x00, 0x00, 0x00, 0x00, 0x00, 0x00, 0x00, 0x00, 0x00, 0x00, 0x00, 0x00, 0x00, 0x00, 0x00, 0x00, 0x00, 0x00,
    0x00, 0x00, 0x00, 0x00, 0x00, 0x00, 0x00, 0x00, 0x00, 0x00, 0x00, 0x00, 0x00, 0x00, 0x00, 0x00, 0x00, 0x00, 0x00, 0x00, 0x00, 0x00, 0x00, 0x00,
    0x00, 0x00, 0x00, 0x00, 0x00, 0x00, 0x00, 0x00, 0x00, 0x00, 0x00, 0x00, 0x00, 0x00, 0x00, 0x00, 0x00, 0x00, 0x00, 0x00, 0x00, 0x00, 0x00, 0x00,
    0x00, 0x00, 0x00, 0x00, 0x00, 0x00, 0x00, 0x00, 0x00, 0x00, 0x00, 0x00, 0x00, 0x00, 0x00, 0x00, 0x00, 0x00, 0x00, 0x00, 0x00, 0x00, 0x00, 0x00,
    0x00, 0x00, 0x00, 0x00, 0x00, 0x00, 0x00, 0x00, 0x00, 0x00, 0x00, 0x00, 0x00, 0x00, 0x00, 0x00, 0x00, 0x00, 0x00, 0x00, 0x00, 0x00, 0x00, 0x00,
    0x00, 0x00, 0x00, 0x00, 0x00, 0x00, 0x00, 0x00, 0x00, 0x00, 0x00, 0x00, 0x00, 0x00, 0x00, 0x00, 0x00, 0x00, 0x00, 0x00, 0x00, 0x00, 0x00, 0x00,
    0x00, 0x00, 0x00, 0x00, 0x00, 0x00, 0x00, 0x00, 0x00, 0x00, 0x00, 0x00, 0x00, 0x00, 0x00, 0x00, 0x00, 0x00, 0x00, 0x00, 0x00, 0x00, 0x00, 0x00,
    0x00, 0x00, 0x00, 0x00, 0x00, 0x00, 0x00, 0x00, 0x00, 0x00, 0x00, 0x00, 0x00, 0x00, 0x00, 0x00, 0x00, 0x00, 0x00, 0x00, 0x00, 0x00, 0x00, 0x00,
    0x00, 0x00, 0x00, 0x00, 0x00, 0x00, 0x00, 0x00, 0x00, 0x00, 0x00, 0x00, 0x00, 0x00, 0x00, 0x00, 0x00, 0x00, 0x00, 0x00, 0x00, 0x00, 0x00, 0x00,
    0x00, 0x00, 0x00, 0x00, 0x00, 0x00, 0x00, 0x00, 0x00, 0x00, 0x00, 0x00, 0x00, 0x00, 0x00, 0x00, 0x00, 0x00, 0x00, 0x00, 0x00, 0x00, 0x00, 0x00,
    0x00, 0x00, 0x00, 0x00, 0x00, 0x00, 0x00, 0x00, 0x00, 0x00, 0x00, 0x00, 0x00, 0x00, 0x00, 0x00, 0x00, 0x00, 0x00, 0x00, 0x00, 0x00, 0x00, 0x00,
    0x00, 0x00, 0x00, 0x00, 0x00, 0x00, 0x00, 0x00, 0x00, 0x00, 0x00, 0x00, 0x00, 0x00, 0x00, 0x00, 0x00, 0x00, 0x00, 0x00, 0x00, 0x00, 0x00, 0x00,
    0x00, 0x00, 0x00, 0x00, 0x00, 0x00, 0x00, 0x00, 0x00, 0x00, 0x00, 0x00, 0x00, 0x00, 0x00, 0x00, 0x00, 0x00, 0x00, 0x00, 0x00, 0x00, 0x00, 0x00,
    0x00, 0x00, 0x00, 0x00, 0x00, 0x00, 0x00, 0x00, 0x00, 0x00, 0x00, 0x00, 0x00, 0x00, 0x00, 0x00, 0x00, 0x00, 0x00, 0x00, 0x00, 0x00, 0x00, 0x00,
    0x00, 0x00, 0x00, 0x00, 0x00, 0x00, 0x00, 0x00, 0x00, 0x00, 0x00, 0x00, 0x00, 0x00, 0x00, 0x00, 0x00, 0x00, 0x00, 0x00, 0x00, 0x00, 0x00, 0x00,
    0x00, 0x00, 0x00, 0x00, 0x00, 0x00, 0x00, 0x00, 0x00, 0x00, 0x00, 0x00, 0x00, 0x00, 0x00, 0x00, 0x00, 0x00, 0x00, 0x00, 0x00, 0x00, 0x00, 0x00,
    0x00, 0x00, 0x00, 0x00, 0x00, 0x00, 0x00, 0x00, 0x00, 0x00, 0x00, 0x00, 0x00, 0x00, 0x00, 0x00, 0x00, 0x00, 0x00, 0x00, 0x00, 0x00, 0x00, 0x00,
    0x00, 0x00, 0x00, 0x00, 0x00, 0x00, 0x00, 0x00, 0x00, 0x00, 0x00, 0x00, 0x00, 0x00, 0x00, 0x00, 0x00, 0x00, 0x00, 0x00, 0x00, 0x00, 0x00, 0x00,
    0x00, 0x00, 0x00, 0x00, 0x00, 0x00, 0x00, 0x00, 0x00, 0x00, 0x00, 0x00, 0x00, 0x00, 0x00, 0x00, 0x00, 0x00, 0x00, 0x00, 0x00, 0x00, 0x00, 0x00,
    0x00, 0x00, 0x00, 0x00, 0x00, 0x00, 0x00, 0x00, 0x00, 0x00, 0x00, 0x00, 0x00, 0x00, 0x00, 0x00, 0x00, 0x00, 0x00, 0x00, 0x00, 0x00, 0x00, 0x00,
    0x00, 0x00, 0x00, 0x00, 0x00, 0x00, 0x00, 0x00, 0x00, 0x00, 0x00, 0x00, 0x00, 0x00, 0x00, 0x00, 0x00, 0x00, 0x00, 0x00, 0x00, 0x00, 0x00, 0x00,
    0x00, 0x00, 0x00, 0x00, 0x00, 0x00, 0x00, 0x00, 0x00, 0x00, 0x00, 0x00, 0x00, 0x00, 0x00, 0x00, 0x00, 0x00, 0x00, 0x00, 0x00, 0x00, 0x00, 0x00,
    0x00, 0x00, 0x00, 0x00, 0x00, 0x00, 0x00, 0x00, 0x00, 0x00, 0x00, 0x00, 0x00, 0x00, 0x00, 0x00, 0x00, 0x00, 0x00, 0x00, 0x00, 0x00, 0x00, 0x00,
    0x00, 0x00, 0x00, 0x00, 0x00, 0x00, 0x00, 0x00, 0x00, 0x00, 0x00, 0x00, 0x00, 0x00, 0x00, 0x00, 0x00, 0x00, 0x00, 0x00, 0x00, 0x00, 0x00, 0x00,
    0x00, 0x00, 0x00, 0x00, 0x00, 0x00, 0x00, 0x00, 0x00, 0x00, 0x00, 0x00, 0x00, 0x00, 0x00, 0x00, 0x00, 0x00, 0x00, 0x00, 0x00, 0x00, 0x00, 0x00,
    0x00, 0x00, 0x00, 0x00, 0x00, 0x00, 0x00, 0x00, 0x00, 0x00, 0x00, 0x00, 0x00, 0x00, 0x00, 0x00, 0x00, 0x00, 0x00, 0x00, 0x00, 0x00, 0x00, 0x00,
    0x00, 0x00, 0x00, 0x00, 0x00, 0x00, 0x00, 0x00, 0x00, 0x00, 0x00, 0x00, 0x00, 0x00, 0x00, 0x00, 0x00, 0x00, 0x00, 0x00, 0x00, 0x00, 0x00, 0x00,
    0x00, 0x00, 0x00, 0x00, 0x00, 0x00, 0x00, 0x00, 0x00, 0x00, 0x00, 0x00, 0x00, 0x00, 0x00, 0x00, 0x00, 0x00, 0x00, 0x00, 0x00, 0x00, 0x00, 0x00,
    0x00, 0x00, 0x00, 0x00, 0x00, 0x00, 0x00, 0x00, 0x00, 0x00, 0x00, 0x00, 0x00, 0x00, 0x00, 0x00, 0x00, 0x00, 0x00, 0x00, 0x00, 0x00, 0x00, 0x00,
    0x00, 0x00, 0x00, 0x00, 0x00, 0x00, 0x00, 0x00, 0x00, 0x00, 0x00, 0x00, 0x00, 0x00, 0x00, 0x00, 0x00, 0x00, 0x00, 0x00, 0x00, 0x00, 0x00, 0x00,
    0x00, 0x00, 0x00, 0x00, 0x00, 0x00, 0x00, 0x00, 0x00, 0x00, 0x00, 0x00, 0x00, 0x00, 0x00, 0x00, 0x00, 0x00, 0x00, 0x00, 0x00, 0x00, 0x00, 0x00,
    0x00, 0x00, 0x00, 0x00, 0x00, 0x00, 0x00, 0x00, 0x00, 0x00, 0x00, 0x00, 0x00, 0x00, 0x00, 0x00, 0x00, 0x00, 0x00, 0x00, 0x00, 0x00, 0x00, 0x00,
    0x00, 0x00, 0x00, 0x00, 0x00, 0x00, 0x00, 0x00, 0x00, 0x00, 0x00, 0x00, 0x00, 0x00, 0x00, 0x00, 0x00, 0x00, 0x00, 0x00, 0x00, 0x00, 0x00, 0x00,
    0x00, 0x00, 0x00, 0x00, 0x00, 0x00, 0x00, 0x00, 0x00, 0x00, 0x00, 0x00, 0x00, 0x00, 0x00, 0x00, 0x00, 0x00, 0x00, 0x00, 0x00, 0x00, 0x00, 0x00,
    0x00, 0x00, 0x00, 0x00, 0x00, 0x00, 0x00, 0x00, 0x00, 0x00, 0x00, 0x00, 0x00, 0x00, 0x00, 0x00, 0x00, 0x00, 0x00, 0x00, 0x00, 0x00, 0x00, 0x00,
    0x00, 0x00, 0x00, 0x00, 0x00, 0x00, 0x00, 0x00, 0x00, 0x00, 0x00, 0x00, 0x00, 0x00, 0x00, 0x00, 0x00, 0x00, 0x00, 0x00, 0x00, 0x00, 0x00, 0x00,
    0x00, 0x00, 0x00, 0x00, 0x00, 0x00, 0x00, 0x00, 0x00, 0x00, 0x00, 0x00, 0x00, 0x00, 0x00, 0x00, 0x00, 0x00, 0x00, 0x00, 0x00, 0x00, 0x00, 0x00,
    0x00, 0x00, 0x00, 0x00, 0x00, 0x00, 0x00, 0x00, 0x00, 0x00, 0x00, 0x00, 0x00, 0x00, 0x00, 0x00, 0x00, 0x00, 0x00, 0x00, 0x00, 0x00, 0x00, 0x00,
    0x00, 0x00, 0x00, 0x00, 0x00, 0x00, 0x00, 0x00, 0x00, 0x00, 0x00, 0x00, 0x00, 0x00, 0x00, 0x00, 0x00, 0x00, 0x00, 0x00, 0x00, 0x00, 0x00, 0x00,
    0x00, 0x00, 0x00, 0x00, 0x00, 0x00, 0x00, 0x00, 0x00, 0x00, 0x00, 0x00, 0x00, 0x00, 0x00, 0x00, 0x00, 0x00, 0x00, 0x00, 0x00, 0x00, 0x00, 0x00,
    0x00, 0x00, 0x00, 0x00, 0x00, 0x00, 0x00, 0x00, 0x00, 0x00, 0x00, 0x00, 0x00, 0x00, 0x00, 0x00, 0x00, 0x00, 0x00, 0x00, 0x00, 0x00, 0x00, 0x00,
    0x00, 0x00, 0x00, 0x00, 0x00, 0x00, 0x00, 0x00, 0x00, 0x00, 0x00, 0x00, 0x00, 0x00, 0x00, 0x00, 0x00, 0x00, 0x00, 0x00, 0x00, 0x00, 0x00, 0x00,
    0x00, 0x00, 0x00, 0x00, 0x00, 0x00, 0x00, 0x00, 0x00, 0x00, 0x00, 0x00, 0x00, 0x00, 0x00, 0x00, 0x00, 0x00, 0x00, 0x00, 0x00, 0x00, 0x00, 0x00,
    0x00, 0x00, 0x00, 0x00, 0x00, 0x00, 0x00, 0x00, 0x00, 0x00, 0x00, 0x00, 0x00, 0x00, 0x00, 0x00, 0x00, 0x00, 0x00, 0x00, 0x00, 0x00, 0x00, 0x00,
    0x00, 0x00, 0x00, 0x00, 0x00, 0x00, 0x00, 0x00, 0x00, 0x00, 0x00, 0x00, 0x00, 0x00, 0x00, 0x00, 0x00, 0x00, 0x00, 0x00, 0x00, 0x00, 0x00, 0x00,
    0x00, 0x00, 0x00, 0x00, 0x00, 0x00, 0x00, 0x00, 0x00, 0x00, 0x00, 0x00, 0x00, 0x00, 0x00, 0x00, 0x00, 0x00, 0x00, 0x00, 0x00, 0x00, 0x00, 0x00,
    0x00, 0x00, 0x00, 0x00, 0x00, 0x00, 0x00, 0x00, 0x00, 0x00, 0x00, 0x00, 0x00, 0x00, 0x00, 0x00, 0x00, 0x00, 0x00, 0x00, 0x00, 0x00, 0x00, 0x00,
    0x00, 0x00, 0x00, 0x00, 0x00, 0x00, 0x00, 0x00, 0x00, 0x00, 0x00, 0x00, 0x00, 0x00, 0x00, 0x00, 0x00, 0x00, 0x00, 0x00, 0x00, 0x00, 0x00, 0x00,
    0x00, 0x00, 0x00, 0x00, 0x00, 0x00, 0x00, 0x00, 0x00, 0x00, 0x00, 0x00, 0x00, 0x00, 0x00, 0x00, 0x00, 0x00, 0x00, 0x00, 0x00, 0x00, 0x00, 0x00,
    0x00, 0x00, 0x00, 0x00, 0x00, 0x00, 0x00, 0x00, 0x00, 0x00, 0x00, 0x00, 0x00, 0x00, 0x00, 0x00, 0x00, 0x00, 0x00, 0x00, 0x00, 0x00, 0x00, 0x00,
    0x00, 0x00, 0x00, 0x00, 0x00, 0x00, 0x00, 0x00, 0x00, 0x00, 0x00, 0x00, 0x00, 0x00, 0x00, 0x00, 0x00, 0x00, 0x00, 0x00, 0x00, 0x00, 0x00, 0x00,
    0x00, 0x00, 0x00, 0x00, 0x00, 0x00, 0x00, 0x00, 0x00, 0x00, 0x00, 0x00, 0x00, 0x00, 0x00, 0x00, 0x00, 0x00, 0x00, 0x00, 0x00, 0x00, 0x00, 0x00,
    0x00, 0x00, 0x00, 0x00, 0x00, 0x00, 0x00, 0x00, 0x00, 0x00, 0x00, 0x00, 0x00, 0x00, 0x00, 0x00, 0x00, 0x00, 0x00, 0x00, 0x00, 0x00, 0x00, 0x00,
    0x00, 0x00, 0x00, 0x00, 0x00, 0x00, 0x00, 0x00, 0x00, 0x00, 0x00, 0x00, 0x00, 0x00, 0x00, 0x00, 0x00, 0x00, 0x00, 0x00, 0x00, 0x00, 0x00, 0x00,
    0x00, 0x00, 0x00, 0x00, 0x00, 0x00, 0x00, 0x00, 0x00, 0x00, 0x00, 0x00, 0x00, 0x00, 0x00, 0x00, 0x00, 0x00, 0x00, 0x00, 0x00, 0x00, 0xF8, 0x01,
    0x00, 0x00, 0x00, 0x00, 0x00, 0x00, 0x00, 0x00, 0x00, 0x00, 0x00, 0x00, 0x00, 0x00, 0x00, 0x00, 0x00, 0x00, 0x00, 0x00, 0x00, 0x00, 0x00, 0x00,
    0x00, 0x00, 0x00, 0x00, 0x00, 0x00, 0x00, 0x00, 0x00, 0x00, 0x00, 0x00, 0x00, 0x00, 0x00, 0x00, 0x00, 0x00, 0x00, 0x00, 0x00, 0x00, 0x00, 0x00,
    0x00, 0x00, 0x00, 0x00, 0x00, 0x00, 0x00, 0x00, 0x00, 0x00, 0x00, 0x00, 0x00, 0x00, 0x00, 0x00, 0x00, 0x01, 0x00, 0x00, 0x00, 0x00, 0x00, 0x00,
    0x00, 0x00, 0x00, 0x00, 0x00, 0x00, 0x00, 0x00, 0x00, 0x00, 0x00, 0x00, 0x00, 0x00, 0x00, 0x00, 0x00, 0x00, 0x00, 0x00, 0x00, 0x00, 0x00, 0x00,
    0x00, 0x00, 0x00, 0x00, 0x00, 0x00, 0x00, 0x00, 0x00, 0x00, 0x00, 0x00, 0x00, 0x00, 0x00, 0x00, 0x00, 0x00, 0x00, 0x00, 0x00, 0x00, 0x00, 0x00,
    0x00, 0x00, 0x00, 0x00, 0x00, 0x00, 0x00, 0x00, 0x00, 0x00, 0x00, 0x00, 0x00, 0x00, 0x00, 0x00, 0x00, 0x00, 0x00, 0x00, 0x00, 0x00, 0x00, 0x00,
    0x00, 0x00, 0x00, 0x00, 0x00, 0x00, 0x00, 0x00, 0x00, 0x00, 0x00, 0x00, 0x00, 0x00, 0x00, 0x00, 0x00, 0x00, 0x00, 0x00, 0x00, 0x00, 0x00, 0x00,
    0x00, 0x00, 0x00, 0x00, 0x00, 0x00, 0x00, 0x00, 0x00, 0x00, 0x00, 0x00, 0x00, 0x00, 0x00, 0x00, 0x00, 0x00, 0x00, 0x00, 0x00, 0x00, 0x00, 0x00,
    0x00, 0x00, 0x00, 0x00, 0x00, 0x00, 0x00, 0x00, 0x00, 0x00, 0x00, 0x00, 0x00, 0x00, 0x00, 0x00, 0x00, 0x00, 0x00, 0x00, 0x00, 0x00, 0x00, 0x01,
    0xE0, 0x7B, 0x02, 0x00, 0x00, 0x00, 0x00, 0x00, 0x00, 0x00, 0x00, 0x00, 0x00, 0x00, 0x00, 0x00, 0x00, 0x00, 0x00, 0x00, 0x00, 0x00, 0x00, 0x00,
    0x00, 0x00, 0x00, 0x00, 0x00, 0x00, 0x00, 0x00, 0x00, 0x00, 0x00, 0x00, 0x00, 0x00, 0x00, 0x00, 0x00, 0x00, 0x00, 0x00, 0x00, 0x00, 0x00, 0x00,
    0x00, 0x00, 0x00, 0x00, 0x00, 0x00, 0x00, 0x00, 0x00, 0x00, 0x00, 0x00, 0x00, 0x00, 0x00, 0x00, 0x00, 0x00, 0x00, 0x00, 0x00, 0x00, 0x00, 0x00,
    0x00, 0x00, 0x00, 0x00, 0x00, 0x00, 0x00, 0x00, 0x00, 0x00, 0x00, 0x00, 0x00, 0x00, 0x00, 0x00, 0x00, 0x00, 0x00, 0x00, 0x00, 0x00, 0x00, 0x00,
    0x00, 0x00, 0x00, 0x00, 0x00, 0x00, 0x00, 0x00, 0x00, 0x00, 0x00, 0x00, 0x00, 0x00, 0x00, 0x00, 0x00, 0x00, 0x00, 0x00, 0x00, 0x00, 0x00, 0x00,
    0x00, 0x00, 0x00, 0x00, 0x00, 0x00, 0x00, 0x00, 0x00, 0x00, 0x00, 0x00, 0x00, 0x00, 0x00, 0x00, 0x00, 0x00, 0x00, 0x00, 0x00, 0x00, 0x00, 0x00,
    0x00, 0x00, 0x00, 0x00, 0x00, 0x00, 0x00, 0x00, 0x00, 0x00, 0x00, 0x00, 0x00, 0x00, 0x00, 0x00, 0x00, 0x00, 0x00, 0x00, 0x00, 0x00, 0x00, 0x00,
    0x00, 0x00, 0x00, 0x00, 0x00, 0x00, 0x00, 0x00, 0x00, 0x00, 0x00, 0x00, 0x00, 0x00, 0x00, 0x00, 0x00, 0x00, 0x00, 0x00, 0x00, 0x00, 0x00, 0x00,
    0x00, 0x00, 0x00, 0x00, 0x00, 0x00, 0x00, 0x00, 0x00, 0x00, 0x00, 0x00, 0x00, 0x00, 0x00, 0x00, 0x00, 0x00, 0x00, 0x00, 0x00, 0x00, 0x00, 0x00,
    0x00, 0x00, 0x00, 0x00, 0x00, 0x00, 0x00, 0x00, 0x00, 0x00, 0x00, 0x00, 0x00, 0x00, 0x00, 0x00, 0x00, 0x00, 0x00, 0x00, 0x00, 0x00, 0x00, 0x00,
    0x00, 0x00, 0x00, 0x00, 0x00, 0x00, 0x00, 0x00, 0x00, 0x00, 0x00, 0x00, 0x00, 0x00, 0x00, 0x00, 0x00, 0x00, 0x00, 0x00, 0x00, 0x00, 0x00, 0x00,
    0x00, 0x00, 0x00, 0x00, 0x00, 0x00, 0x00, 0x00, 0x00, 0x00, 0x00, 0x00, 0x00, 0x00, 0x00, 0x00, 0x00, 0x00, 0x00, 0x00, 0x00, 0x00, 0x00, 0x00,
    0x00, 0x00, 0x00, 0x00, 0x00, 0x00, 0x00, 0x00, 0x00, 0x00, 0x00, 0x00, 0x00, 0x00, 0x00, 0x00, 0x00, 0x00, 0x00, 0x00, 0x00, 0x00, 0x00, 0x00,
    0x00, 0x00, 0x00, 0x00, 0x00, 0x00, 0x00, 0x00, 0x00, 0x00, 0x00, 0x00, 0x00, 0x00, 0x00, 0x00, 0x00, 0x00, 0x00, 0x00, 0x00, 0x00, 0x00, 0x00,
    0x00, 0x00, 0x00, 0x00, 0x00, 0x00, 0x00, 0x00, 0x00, 0x00, 0x00, 0x00, 0x00, 0x00, 0x00, 0x00, 0x00, 0x00, 0x00, 0x00, 0x00, 0x00, 0x00, 0x00,
    0x00, 0x00, 0x00, 0x00, 0x00, 0x00, 0x00, 0x00, 0x00, 0x00, 0x00, 0x00, 0x00, 0x00, 0x00, 0x00, 0x00, 0x00, 0x00, 0x00, 0x00, 0x00, 0x00, 0x00,
    0x00, 0x00, 0x00, 0x00, 0x00, 0x00, 0x00, 0x00, 0x00, 0x00, 0x00, 0x00, 0x00, 0x00, 0x00, 0x00, 0x00, 0x00, 0x00, 0x00, 0x00, 0x00, 0x00, 0x00,
    0x00, 0x00, 0x00, 0x00, 0x00, 0x00, 0x00, 0x00, 0x00, 0x00, 0x00, 0x00, 0x00, 0x00, 0x00, 0x00, 0x00, 0x00, 0x00, 0x00, 0x00, 0x00, 0x00, 0x00,
    0x00, 0x00, 0x00, 0x00, 0x00, 0x00, 0x00, 0x00, 0x00, 0x00, 0x00, 0x00, 0x00, 0x00, 0x00, 0x00, 0x00, 0x00, 0x00, 0x00, 0x00, 0x00, 0x00, 0x00,
    0x00, 0x00, 0x00, 0x00, 0x00, 0x00, 0x00, 0x00, 0x00, 0x00, 0x00, 0x00, 0x00, 0x00, 0x00, 0x00, 0x00, 0x00, 0x00, 0x00, 0x00, 0x00, 0x00, 0x00,
    0x00, 0x00, 0x00, 0x00, 0x00, 0x00, 0x00, 0x00, 0x00, 0x00, 0x00, 0x00, 0x00, 0x00, 0x00, 0x00, 0x00, 0x00, 0x00, 0x00, 0x00, 0x00, 0x00, 0x00,
    0x00, 0x00, 0x00, 0x00, 0x00, 0x00, 0x00, 0x00, 0x00, 0x00, 0x00, 0x00, 0x00, 0x00, 0x00, 0x00, 0x00, 0x00, 0x00, 0x00, 0x00, 0x00, 0x00, 0x00,
    0x00, 0x00, 0x00, 0x00, 0x00, 0x00, 0x00, 0x00, 0x00, 0x00, 0x00, 0x00, 0x00, 0x00, 0x00, 0x00, 0x00, 0x00, 0x00, 0x00, 0x00, 0x00, 0x00, 0x00,
    0x00, 0x00, 0x00, 0x00, 0x00, 0x00, 0x00, 0x00, 0x00, 0x00, 0x00, 0x00, 0x00, 0x00, 0x00, 0x00, 0x00, 0x00, 0x00, 0x00, 0x00, 0x00, 0x00, 0x00,
    0x00, 0x00, 0x00, 0x00, 0x00, 0x00, 0x00, 0x00, 0x00, 0x00, 0x00, 0x00, 0x00, 0x00, 0x00, 0x00, 0x00, 0x00, 0x00, 0x00, 0x00, 0x00, 0x00, 0x00,
    0x00, 0x00, 0x00, 0x00, 0x00, 0x00, 0x00, 0x00, 0x00, 0x00, 0x00, 0x00, 0x00, 0x00, 0x00, 0x00, 0x00, 0x00, 0x00, 0x00, 0x00, 0x00, 0x00, 0x00,
    0x00, 0x00, 0x00, 0x00, 0x00, 0x00, 0x00, 0x00, 0x00, 0x00, 0x00, 0x00, 0x00, 0x00, 0x00, 0x00, 0x00, 0x00, 0x00, 0x00, 0x00, 0x00, 0x00, 0x00,
    0x00, 0x00, 0x00, 0x00, 0x00, 0x00, 0x00, 0x00, 0x00, 0x00, 0x00, 0x00, 0x00, 0x00, 0x00, 0x00, 0x00, 0x00, 0x00, 0x00, 0x00, 0x00, 0x00, 0x00,
    0x00, 0x00, 0x00, 0x00, 0x00, 0x00, 0x00, 0x00, 0x00, 0x00, 0x00, 0x00, 0x00, 0x00, 0x00, 0x00, 0x00, 0x00, 0x00, 0x00, 0x00, 0x00, 0x00, 0x00,
    0x00, 0x00, 0x00, 0x00, 0x00, 0x00, 0x00, 0x00, 0x00, 0x00, 0x00, 0x00, 0x00, 0x00, 0x00, 0x00, 0x00, 0x00, 0x00, 0x00, 0x00, 0x00, 0x00, 0x00,
    0x00, 0x00, 0x00, 0x00, 0x00, 0x00, 0x00, 0x00, 0x00, 0x00, 0x00, 0x00, 0x00, 0x00, 0x00, 0x00, 0x00, 0x00, 0x00, 0x00, 0x00, 0x00, 0x00, 0x00,
    0x00, 0x00, 0x00, 0x00, 0x00, 0x00, 0x00, 0x00, 0x00, 0x00, 0x00, 0x00, 0x00, 0x00, 0x00, 0x00, 0x00, 0x00, 0x00, 0x00, 0x00, 0x00, 0x00, 0x00,
    0x00, 0x00, 0x00, 0x00, 0x00, 0x00, 0x00, 0x00, 0x00, 0x00, 0x00, 0x00, 0x00, 0x00, 0x00, 0x00, 0x00, 0x00, 0x00, 0x00, 0x00, 0x00, 0x00, 0x00,
    0x00, 0x00, 0x00, 0x00, 0x00, 0x00, 0x00, 0x00, 0x00, 0x00, 0x00, 0x00, 0x00, 0x00, 0x00, 0x00, 0x00, 0x00, 0x00, 0x00, 0x00, 0x00, 0x00, 0x00,
    0x00, 0x00, 0x00, 0x00, 0x00, 0x00, 0x00, 0x00, 0x00, 0x00, 0x00, 0x00, 0x00, 0x00, 0x00, 0x00, 0x00, 0x00, 0x00, 0x00, 0x00, 0x00, 0x00, 0x00,
    0x00, 0x00, 0x00, 0x00, 0x00, 0x00, 0x00, 0x00, 0x00, 0x00, 0x00, 0x00, 0x00, 0x00, 0x00, 0x00, 0x00, 0x00, 0x00, 0x00, 0x00, 0x00, 0x00, 0x00,
    0x00, 0x00, 0x00, 0x00, 0x00, 0x00, 0x00, 0x00, 0x00, 0x00, 0x00, 0x00, 0x00, 0x00, 0x00, 0x00, 0x00, 0x00, 0x00, 0x00, 0x00, 0x00, 0x00, 0x00,
    0x00, 0x00, 0x00, 0x00, 0x00, 0x00, 0x00, 0x00, 0x00, 0x00, 0x00, 0x00, 0x00, 0x00, 0x00, 0x00, 0x00, 0x00, 0x00, 0x00, 0x00, 0x00, 0x00, 0x00,
    0x00, 0x00, 0x00, 0x00, 0x00, 0x00, 0x00, 0x00, 0x00, 0x00, 0x00, 0x00, 0x00, 0x00, 0x00, 0x00, 0x00, 0x00, 0x00, 0x00, 0x00, 0x00, 0x00, 0x00,
    0x00, 0x00, 0x00, 0x00, 0x00, 0x00, 0x00, 0x00, 0x00, 0x00, 0x00, 0x00, 0x00, 0x00, 0x00, 0x00, 0x00, 0x00, 0x00, 0x00, 0x00, 0x00, 0x00, 0x00,
    0x00, 0x00, 0x00, 0x00, 0x00, 0x00, 0x00, 0x00, 0x00, 0x00, 0x00, 0x00, 0x00, 0x00, 0x00, 0x00, 0x00, 0x00, 0x00, 0x00, 0x00, 0x00, 0x00, 0x00,
    0x00, 0x00, 0x00, 0x00, 0x00, 0x00, 0x00, 0x00, 0x00, 0x00, 0x00, 0x00, 0x00, 0x00, 0x00, 0x00, 0x00, 0x00, 0x00, 0x00, 0x00, 0x00, 0x00, 0x00,
    0x00, 0x00, 0x00, 0x00, 0x00, 0x00, 0x00, 0x00, 0x00, 0x00, 0x00, 0x00, 0x00, 0x00, 0x00, 0x00, 0x00, 0x00, 0x00, 0x00, 0x00, 0x00, 0x00, 0x00,
    0x00, 0x00, 0x00, 0x00, 0x00, 0x00, 0x00, 0x00, 0x00, 0x00, 0x00, 0x00, 0x00, 0x00, 0x00, 0x00, 0x00, 0x00, 0x00, 0x00, 0x00, 0x00, 0x00, 0x00,
    0x00, 0x00, 0x00, 0x00, 0x00, 0x00, 0x00, 0x00, 0x00, 0x00, 0x00, 0x00, 0x00, 0x00, 0x00, 0x00, 0x00, 0x00, 0x00, 0x00, 0x00, 0x00, 0x00, 0x00,
    0x00, 0x00, 0x00, 0x00, 0x00, 0x00, 0x00, 0x00, 0x00, 0x00, 0x00, 0x00, 0x00, 0x00, 0x00, 0x00, 0x00, 0x00, 0x00, 0x00, 0x00, 0x00, 0x00, 0x00,
    0x00, 0x00, 0x00, 0x00, 0x00, 0x00, 0x00, 0x00, 0x00, 0x00, 0x00, 0x00, 0x00, 0x00, 0x00, 0x00, 0x00, 0x00, 0x00, 0x00, 0x00, 0x00, 0x00, 0x00,
    0x00, 0x00, 0x00, 0x00, 0x00, 0x00, 0x00, 0x00, 0x00, 0x00, 0x00, 0x00, 0x00, 0x00, 0x00, 0x00, 0x00, 0x00, 0x00, 0x00, 0x00, 0x00, 0x00, 0x00,
    0x00, 0x00, 0x00, 0x00, 0x00, 0x00, 0x00, 0x00, 0x00, 0x00, 0x00, 0x00, 0x00, 0x00, 0x00, 0x00, 0x00, 0x00, 0x00, 0x00, 0x00, 0x00, 0x00, 0x00,
    0x00, 0x00, 0x00, 0x00, 0x00, 0x00, 0x00, 0x00, 0x00, 0x00, 0x00, 0x00, 0x00, 0x00, 0x00, 0x00, 0x00, 0x00, 0x00, 0x00, 0x00, 0x00, 0x00, 0x00,
    0x00, 0x00, 0x00, 0x00, 0x00, 0x00, 0x00, 0x00, 0x00, 0x00, 0x00, 0x00, 0x00, 0x00, 0x00, 0x00, 0x00, 0x00, 0x00, 0x00, 0x00, 0x00, 0x00, 0x00,
    0x00, 0x00, 0x00, 0x00, 0x00, 0x00, 0x00, 0x00, 0x00, 0x00, 0x00, 0x00, 0x00, 0x00, 0x00, 0x00, 0x00, 0x00, 0x00, 0x00, 0x00, 0x00, 0x00, 0x00,
    0x00, 0x00, 0x00, 0x00, 0x00, 0x00, 0x00, 0x00, 0x00, 0x00, 0x00, 0x00, 0x00, 0x00, 0x00, 0x00, 0x00, 0x00, 0x00, 0x00, 0x00, 0x00, 0x00, 0x00,
    0x00, 0x00, 0x00, 0x00, 0x00, 0x00, 0x00, 0x00, 0x00, 0x00, 0x00, 0x00, 0x00, 0x00, 0x00, 0x00, 0x00, 0x00, 0x00, 0x00, 0x00, 0x00, 0x00, 0x00,
    0x00, 0x00, 0x00, 0x00, 0x00, 0x00, 0x00, 0x00, 0x00, 0x00, 0x00, 0x00, 0x00, 0x00, 0x00, 0x00, 0x00, 0x00, 0x00, 0x00, 0x00, 0x00, 0x00, 0x00,
    0x00, 0x00, 0x00, 0x00, 0x00, 0x00, 0x00, 0x00, 0x00, 0x00, 0x00, 0x00, 0x00, 0x00, 0x00, 0x00, 0x00, 0x00, 0x00, 0x00, 0x00, 0x00, 0x00, 0x00,
    0x00, 0x00, 0x00, 0x00, 0x00, 0x00, 0x00, 0x00, 0x00, 0x00, 0x00, 0x00, 0x00, 0x00, 0x00, 0x00, 0x00, 0x00, 0x00, 0x00, 0x00, 0x00, 0x00, 0x00,
    0x00, 0x00, 0x00, 0x00, 0x00, 0x00, 0x00, 0x00, 0x00, 0x00, 0x00, 0x00,
};

const lv_img_dsc_t img_logo = {
    .header.cf = LV_IMG_CF_TRUE_COLOR_ALPHA,
    .header.always_zero = 0,
    .header.reserved = 0,
    .header.w = 380,
    .header.h = 117,
    .data_size = 133380,
    .data = img_logo_map,
};
